module	top_n	rank_within_module	gene_symbol	native_signed_weight	weight_sign	absolute_weight	mapped_to_gene_network	positive_restart_channel	negative_restart_channel
NTM1_ASD_up	50	1	PGAM2	7.20971851829502	1	7.20971851829502	False	False	False
NTM1_ASD_up	50	2	PCDHGA6	6.01412271071827	1	6.01412271071827	False	False	False
NTM1_ASD_up	50	3	PIRT	5.05062106677198	1	5.05062106677198	False	False	False
NTM1_ASD_up	50	4	ARHGAP6	5.01938156206294	1	5.01938156206294	False	False	False
NTM1_ASD_up	50	5	PITPNA-AS1	4.87958528763785	1	4.87958528763785	False	False	False
NTM1_ASD_up	50	6	H1-2	4.84856990719471	1	4.84856990719471	False	False	False
NTM1_ASD_up	50	7	FAH	4.75124265057912	1	4.75124265057912	True	True	False
NTM1_ASD_up	50	8	BTG1	4.70597123337315	1	4.70597123337315	True	True	False
NTM1_ASD_up	50	9	CXCL5	4.70202457051339	1	4.70202457051339	False	False	False
NTM1_ASD_up	50	10	FTL	4.67509714484616	1	4.67509714484616	False	False	False
NTM1_ASD_up	50	11	GADD45G	4.63056622604224	1	4.63056622604224	False	False	False
NTM1_ASD_up	50	12	MTMR11	4.57292011111706	1	4.57292011111706	False	False	False
NTM1_ASD_up	50	13	H4C14	4.55987022516043	1	4.55987022516043	False	False	False
NTM1_ASD_up	50	14	PLEKHA4	4.55023103057427	1	4.55023103057427	False	False	False
NTM1_ASD_up	50	15	HNRNPH1	4.54444093479356	1	4.54444093479356	True	True	False
NTM1_ASD_up	50	16	BCCIP	4.53898953614708	1	4.53898953614708	True	True	False
NTM1_ASD_up	50	17	ABCA1	4.51075268234858	1	4.51075268234858	False	False	False
NTM1_ASD_up	50	18	CSTB	4.50543993966292	1	4.50543993966292	False	False	False
NTM1_ASD_up	50	19	ARMCX6	4.49773909292779	1	4.49773909292779	False	False	False
NTM1_ASD_up	50	20	IGFBP5	4.48773048332092	1	4.48773048332092	False	False	False
NTM1_ASD_up	50	21	TMEM176A	4.44560789496208	1	4.44560789496208	False	False	False
NTM1_ASD_up	50	22	HMGN1	4.41438035214001	1	4.41438035214001	True	True	False
NTM1_ASD_up	50	23	SLC2A4RG	4.36586526979047	1	4.36586526979047	False	False	False
NTM1_ASD_up	50	24	UXT-AS1	4.35895711628577	1	4.35895711628577	False	False	False
NTM1_ASD_up	50	25	EMP3	4.35891209592947	1	4.35891209592947	False	False	False
NTM1_ASD_up	50	26	FOXJ1	4.35077776535989	1	4.35077776535989	False	False	False
NTM1_ASD_up	50	27	RPS3	4.34432605971197	1	4.34432605971197	True	True	False
NTM1_ASD_up	50	28	SNHG19	4.33245991305077	1	4.33245991305077	False	False	False
NTM1_ASD_up	50	29	GTF2A1L	4.29489688255692	1	4.29489688255692	False	False	False
NTM1_ASD_up	50	30	DDR2	4.25581641962911	1	4.25581641962911	False	False	False
NTM1_ASD_up	50	31	NABP1	4.2327175690044	1	4.2327175690044	False	False	False
NTM1_ASD_up	50	32	PABPC1	4.18268487204014	1	4.18268487204014	True	True	False
NTM1_ASD_up	50	33	GHRHR	4.16103189753518	1	4.16103189753518	False	False	False
NTM1_ASD_up	50	34	DZIP1L	4.14734839405979	1	4.14734839405979	False	False	False
NTM1_ASD_up	50	35	UBE2L6	4.09636713253115	1	4.09636713253115	True	True	False
NTM1_ASD_up	50	36	LONRF3	4.09586529067049	1	4.09586529067049	False	False	False
NTM1_ASD_up	50	37	GFPT2	4.08154082031066	1	4.08154082031066	False	False	False
NTM1_ASD_up	50	38	ZNF217	4.07197000536311	1	4.07197000536311	True	True	False
NTM1_ASD_up	50	39	CD99	4.04092295329309	1	4.04092295329309	False	False	False
NTM1_ASD_up	50	40	TGIF1	4.03372049260923	1	4.03372049260923	False	False	False
NTM1_ASD_up	50	41	CHI3L2	4.02488209421331	1	4.02488209421331	False	False	False
NTM1_ASD_up	50	42	DDAH2	4.01525259993605	1	4.01525259993605	True	True	False
NTM1_ASD_up	50	43	RAB20	4.00359439238769	1	4.00359439238769	False	False	False
NTM1_ASD_up	50	44	MDK	3.99980525018311	1	3.99980525018311	True	True	False
NTM1_ASD_up	50	45	TMEM176B	3.98693579140637	1	3.98693579140637	True	True	False
NTM1_ASD_up	50	46	GDPD2	3.97583184533899	1	3.97583184533899	False	False	False
NTM1_ASD_up	50	47	SMAD1	3.9726439599843	1	3.9726439599843	True	True	False
NTM1_ASD_up	50	48	LRAT	3.94902302919565	1	3.94902302919565	False	False	False
NTM1_ASD_up	50	49	RPL18A	3.94595963527571	1	3.94595963527571	True	True	False
NTM1_ASD_up	50	50	EIF4EBP1	3.93977277863401	1	3.93977277863401	False	False	False
NTM2_ASD_down	50	1	ZNF804B	-6.00204416930744	-1	6.00204416930744	False	False	False
NTM2_ASD_down	50	2	SUSD5	-4.89335536098251	-1	4.89335536098251	True	False	True
NTM2_ASD_down	50	3	NOS2	-4.82139570628448	-1	4.82139570628448	True	False	True
NTM2_ASD_down	50	4	IRGQ	-4.76627462450893	-1	4.76627462450893	True	False	True
NTM2_ASD_down	50	5	TMEM151B	-4.75439472156047	-1	4.75439472156047	False	False	False
NTM2_ASD_down	50	6	OVOL2	-4.72035155775408	-1	4.72035155775408	False	False	False
NTM2_ASD_down	50	7	COL10A1	-4.64040114822016	-1	4.64040114822016	True	False	True
NTM2_ASD_down	50	8	WNT10A	-4.60749518513366	-1	4.60749518513366	False	False	False
NTM2_ASD_down	50	9	TPBG	-4.49961714888502	-1	4.49961714888502	False	False	False
NTM2_ASD_down	50	10	APOOL	-4.4902150855277	-1	4.4902150855277	False	False	False
NTM2_ASD_down	50	11	ATP2B2	-4.37978008568899	-1	4.37978008568899	True	False	True
NTM2_ASD_down	50	12	SYT3	-4.35771917587339	-1	4.35771917587339	False	False	False
NTM2_ASD_down	50	13	BASP1	-4.25043917932904	-1	4.25043917932904	True	False	True
NTM2_ASD_down	50	14	LYNX1	-4.19515521994107	-1	4.19515521994107	True	False	True
NTM2_ASD_down	50	15	CENPS-CORT	-4.18228216882888	-1	4.18228216882888	False	False	False
NTM2_ASD_down	50	16	HR	-4.15442329006094	-1	4.15442329006094	True	False	True
NTM2_ASD_down	50	17	RNF157	-4.14629829441838	-1	4.14629829441838	True	False	True
NTM2_ASD_down	50	18	LZTS1	-4.14161297378831	-1	4.14161297378831	True	False	True
NTM2_ASD_down	50	19	CACNG2	-4.07613308461322	-1	4.07613308461322	False	False	False
NTM2_ASD_down	50	20	ZSCAN1	-4.04228833533272	-1	4.04228833533272	False	False	False
NTM2_ASD_down	50	21	CELSR2	-4.01401276163347	-1	4.01401276163347	False	False	False
NTM2_ASD_down	50	22	CYP2E1	-3.98729269375799	-1	3.98729269375799	False	False	False
NTM2_ASD_down	50	23	IQSEC1	-3.96536990397371	-1	3.96536990397371	True	False	True
NTM2_ASD_down	50	24	RPH3A	-3.96440789507353	-1	3.96440789507353	True	False	True
NTM2_ASD_down	50	25	FBLN7	-3.94999790784626	-1	3.94999790784626	True	False	True
NTM2_ASD_down	50	26	TANGO2	-3.94383213493093	-1	3.94383213493093	False	False	False
NTM2_ASD_down	50	27	IL17REL	-3.90973956081033	-1	3.90973956081033	False	False	False
NTM2_ASD_down	50	28	PCDHA3	-3.90258554108698	-1	3.90258554108698	False	False	False
NTM2_ASD_down	50	29	OTUD7A	-3.90174228832616	-1	3.90174228832616	True	False	True
NTM2_ASD_down	50	30	JCAD	-3.85483506812587	-1	3.85483506812587	False	False	False
NTM2_ASD_down	50	31	ADGRL1	-3.85233508705342	-1	3.85233508705342	False	False	False
NTM2_ASD_down	50	32	ADRA1D	-3.84226965772106	-1	3.84226965772106	False	False	False
NTM2_ASD_down	50	33	SERTAD4	-3.80931364122228	-1	3.80931364122228	False	False	False
NTM2_ASD_down	50	34	LINC01844	-3.7997998356648	-1	3.7997998356648	False	False	False
NTM2_ASD_down	50	35	CDK5R2	-3.79337610007523	-1	3.79337610007523	True	False	True
NTM2_ASD_down	50	36	KCNA2	-3.7862697120283	-1	3.7862697120283	True	False	True
NTM2_ASD_down	50	37	SLC36A1	-3.78242449677066	-1	3.78242449677066	False	False	False
NTM2_ASD_down	50	38	RHOBTB2	-3.77857289838518	-1	3.77857289838518	False	False	False
NTM2_ASD_down	50	39	LIMK1	-3.74177248899971	-1	3.74177248899971	True	False	True
NTM2_ASD_down	50	40	ARHGEF11	-3.73676868272424	-1	3.73676868272424	False	False	False
NTM2_ASD_down	50	41	CLEC2L	-3.71072568993876	-1	3.71072568993876	True	False	True
NTM2_ASD_down	50	42	CABP1	-3.70697547436262	-1	3.70697547436262	True	False	True
NTM2_ASD_down	50	43	MIR3677HG	-3.68725110984757	-1	3.68725110984757	False	False	False
NTM2_ASD_down	50	44	IQSEC3	-3.68016766523167	-1	3.68016766523167	True	False	True
NTM2_ASD_down	50	45	RIMKLA	-3.67787346373641	-1	3.67787346373641	False	False	False
NTM2_ASD_down	50	46	MAP1A	-3.67487030453126	-1	3.67487030453126	True	False	True
NTM2_ASD_down	50	47	MARCHF10	-3.67257803807993	-1	3.67257803807993	False	False	False
NTM2_ASD_down	50	48	CFAP410	-3.60888105438887	-1	3.60888105438887	False	False	False
NTM2_ASD_down	50	49	CPLX1	-3.60289792831945	-1	3.60289792831945	True	False	True
NTM2_ASD_down	50	50	PARD6A	-3.59819926888217	-1	3.59819926888217	True	False	True
NTM3_ASD_signed	50	1	PGAM2	7.20971851829502	1	7.20971851829502	False	False	False
NTM3_ASD_signed	50	2	PCDHGA6	6.01412271071827	1	6.01412271071827	False	False	False
NTM3_ASD_signed	50	3	ZNF804B	-6.00204416930744	-1	6.00204416930744	False	False	False
NTM3_ASD_signed	50	4	PIRT	5.05062106677198	1	5.05062106677198	False	False	False
NTM3_ASD_signed	50	5	ARHGAP6	5.01938156206294	1	5.01938156206294	False	False	False
NTM3_ASD_signed	50	6	SUSD5	-4.89335536098251	-1	4.89335536098251	True	False	True
NTM3_ASD_signed	50	7	PITPNA-AS1	4.87958528763785	1	4.87958528763785	False	False	False
NTM3_ASD_signed	50	8	H1-2	4.84856990719471	1	4.84856990719471	False	False	False
NTM3_ASD_signed	50	9	NOS2	-4.82139570628448	-1	4.82139570628448	True	False	True
NTM3_ASD_signed	50	10	IRGQ	-4.76627462450893	-1	4.76627462450893	True	False	True
NTM3_ASD_signed	50	11	TMEM151B	-4.75439472156047	-1	4.75439472156047	False	False	False
NTM3_ASD_signed	50	12	FAH	4.75124265057912	1	4.75124265057912	True	True	False
NTM3_ASD_signed	50	13	OVOL2	-4.72035155775408	-1	4.72035155775408	False	False	False
NTM3_ASD_signed	50	14	BTG1	4.70597123337315	1	4.70597123337315	True	True	False
NTM3_ASD_signed	50	15	CXCL5	4.70202457051339	1	4.70202457051339	False	False	False
NTM3_ASD_signed	50	16	FTL	4.67509714484616	1	4.67509714484616	False	False	False
NTM3_ASD_signed	50	17	COL10A1	-4.64040114822016	-1	4.64040114822016	True	False	True
NTM3_ASD_signed	50	18	GADD45G	4.63056622604224	1	4.63056622604224	False	False	False
NTM3_ASD_signed	50	19	WNT10A	-4.60749518513366	-1	4.60749518513366	False	False	False
NTM3_ASD_signed	50	20	MTMR11	4.57292011111706	1	4.57292011111706	False	False	False
NTM3_ASD_signed	50	21	H4C14	4.55987022516043	1	4.55987022516043	False	False	False
NTM3_ASD_signed	50	22	PLEKHA4	4.55023103057427	1	4.55023103057427	False	False	False
NTM3_ASD_signed	50	23	HNRNPH1	4.54444093479356	1	4.54444093479356	True	True	False
NTM3_ASD_signed	50	24	BCCIP	4.53898953614708	1	4.53898953614708	True	True	False
NTM3_ASD_signed	50	25	ABCA1	4.51075268234858	1	4.51075268234858	False	False	False
NTM3_ASD_signed	50	26	CSTB	4.50543993966292	1	4.50543993966292	False	False	False
NTM3_ASD_signed	50	27	TPBG	-4.49961714888502	-1	4.49961714888502	False	False	False
NTM3_ASD_signed	50	28	ARMCX6	4.49773909292779	1	4.49773909292779	False	False	False
NTM3_ASD_signed	50	29	APOOL	-4.4902150855277	-1	4.4902150855277	False	False	False
NTM3_ASD_signed	50	30	IGFBP5	4.48773048332092	1	4.48773048332092	False	False	False
NTM3_ASD_signed	50	31	TMEM176A	4.44560789496208	1	4.44560789496208	False	False	False
NTM3_ASD_signed	50	32	HMGN1	4.41438035214001	1	4.41438035214001	True	True	False
NTM3_ASD_signed	50	33	ATP2B2	-4.37978008568899	-1	4.37978008568899	True	False	True
NTM3_ASD_signed	50	34	SLC2A4RG	4.36586526979047	1	4.36586526979047	False	False	False
NTM3_ASD_signed	50	35	UXT-AS1	4.35895711628577	1	4.35895711628577	False	False	False
NTM3_ASD_signed	50	36	EMP3	4.35891209592947	1	4.35891209592947	False	False	False
NTM3_ASD_signed	50	37	SYT3	-4.35771917587339	-1	4.35771917587339	False	False	False
NTM3_ASD_signed	50	38	FOXJ1	4.35077776535989	1	4.35077776535989	False	False	False
NTM3_ASD_signed	50	39	RPS3	4.34432605971197	1	4.34432605971197	True	True	False
NTM3_ASD_signed	50	40	SNHG19	4.33245991305077	1	4.33245991305077	False	False	False
NTM3_ASD_signed	50	41	GTF2A1L	4.29489688255692	1	4.29489688255692	False	False	False
NTM3_ASD_signed	50	42	DDR2	4.25581641962911	1	4.25581641962911	False	False	False
NTM3_ASD_signed	50	43	BASP1	-4.25043917932904	-1	4.25043917932904	True	False	True
NTM3_ASD_signed	50	44	NABP1	4.2327175690044	1	4.2327175690044	False	False	False
NTM3_ASD_signed	50	45	LYNX1	-4.19515521994107	-1	4.19515521994107	True	False	True
NTM3_ASD_signed	50	46	PABPC1	4.18268487204014	1	4.18268487204014	True	True	False
NTM3_ASD_signed	50	47	CENPS-CORT	-4.18228216882888	-1	4.18228216882888	False	False	False
NTM3_ASD_signed	50	48	GHRHR	4.16103189753518	1	4.16103189753518	False	False	False
NTM3_ASD_signed	50	49	HR	-4.15442329006094	-1	4.15442329006094	True	False	True
NTM3_ASD_signed	50	50	DZIP1L	4.14734839405979	1	4.14734839405979	False	False	False
NTM1_ASD_up	100	1	PGAM2	7.20971851829502	1	7.20971851829502	False	False	False
NTM1_ASD_up	100	2	PCDHGA6	6.01412271071827	1	6.01412271071827	False	False	False
NTM1_ASD_up	100	3	PIRT	5.05062106677198	1	5.05062106677198	False	False	False
NTM1_ASD_up	100	4	ARHGAP6	5.01938156206294	1	5.01938156206294	False	False	False
NTM1_ASD_up	100	5	PITPNA-AS1	4.87958528763785	1	4.87958528763785	False	False	False
NTM1_ASD_up	100	6	H1-2	4.84856990719471	1	4.84856990719471	False	False	False
NTM1_ASD_up	100	7	FAH	4.75124265057912	1	4.75124265057912	True	True	False
NTM1_ASD_up	100	8	BTG1	4.70597123337315	1	4.70597123337315	True	True	False
NTM1_ASD_up	100	9	CXCL5	4.70202457051339	1	4.70202457051339	False	False	False
NTM1_ASD_up	100	10	FTL	4.67509714484616	1	4.67509714484616	False	False	False
NTM1_ASD_up	100	11	GADD45G	4.63056622604224	1	4.63056622604224	False	False	False
NTM1_ASD_up	100	12	MTMR11	4.57292011111706	1	4.57292011111706	False	False	False
NTM1_ASD_up	100	13	H4C14	4.55987022516043	1	4.55987022516043	False	False	False
NTM1_ASD_up	100	14	PLEKHA4	4.55023103057427	1	4.55023103057427	False	False	False
NTM1_ASD_up	100	15	HNRNPH1	4.54444093479356	1	4.54444093479356	True	True	False
NTM1_ASD_up	100	16	BCCIP	4.53898953614708	1	4.53898953614708	True	True	False
NTM1_ASD_up	100	17	ABCA1	4.51075268234858	1	4.51075268234858	False	False	False
NTM1_ASD_up	100	18	CSTB	4.50543993966292	1	4.50543993966292	False	False	False
NTM1_ASD_up	100	19	ARMCX6	4.49773909292779	1	4.49773909292779	False	False	False
NTM1_ASD_up	100	20	IGFBP5	4.48773048332092	1	4.48773048332092	False	False	False
NTM1_ASD_up	100	21	TMEM176A	4.44560789496208	1	4.44560789496208	False	False	False
NTM1_ASD_up	100	22	HMGN1	4.41438035214001	1	4.41438035214001	True	True	False
NTM1_ASD_up	100	23	SLC2A4RG	4.36586526979047	1	4.36586526979047	False	False	False
NTM1_ASD_up	100	24	UXT-AS1	4.35895711628577	1	4.35895711628577	False	False	False
NTM1_ASD_up	100	25	EMP3	4.35891209592947	1	4.35891209592947	False	False	False
NTM1_ASD_up	100	26	FOXJ1	4.35077776535989	1	4.35077776535989	False	False	False
NTM1_ASD_up	100	27	RPS3	4.34432605971197	1	4.34432605971197	True	True	False
NTM1_ASD_up	100	28	SNHG19	4.33245991305077	1	4.33245991305077	False	False	False
NTM1_ASD_up	100	29	GTF2A1L	4.29489688255692	1	4.29489688255692	False	False	False
NTM1_ASD_up	100	30	DDR2	4.25581641962911	1	4.25581641962911	False	False	False
NTM1_ASD_up	100	31	NABP1	4.2327175690044	1	4.2327175690044	False	False	False
NTM1_ASD_up	100	32	PABPC1	4.18268487204014	1	4.18268487204014	True	True	False
NTM1_ASD_up	100	33	GHRHR	4.16103189753518	1	4.16103189753518	False	False	False
NTM1_ASD_up	100	34	DZIP1L	4.14734839405979	1	4.14734839405979	False	False	False
NTM1_ASD_up	100	35	UBE2L6	4.09636713253115	1	4.09636713253115	True	True	False
NTM1_ASD_up	100	36	LONRF3	4.09586529067049	1	4.09586529067049	False	False	False
NTM1_ASD_up	100	37	GFPT2	4.08154082031066	1	4.08154082031066	False	False	False
NTM1_ASD_up	100	38	ZNF217	4.07197000536311	1	4.07197000536311	True	True	False
NTM1_ASD_up	100	39	CD99	4.04092295329309	1	4.04092295329309	False	False	False
NTM1_ASD_up	100	40	TGIF1	4.03372049260923	1	4.03372049260923	False	False	False
NTM1_ASD_up	100	41	CHI3L2	4.02488209421331	1	4.02488209421331	False	False	False
NTM1_ASD_up	100	42	DDAH2	4.01525259993605	1	4.01525259993605	True	True	False
NTM1_ASD_up	100	43	RAB20	4.00359439238769	1	4.00359439238769	False	False	False
NTM1_ASD_up	100	44	MDK	3.99980525018311	1	3.99980525018311	True	True	False
NTM1_ASD_up	100	45	TMEM176B	3.98693579140637	1	3.98693579140637	True	True	False
NTM1_ASD_up	100	46	GDPD2	3.97583184533899	1	3.97583184533899	False	False	False
NTM1_ASD_up	100	47	SMAD1	3.9726439599843	1	3.9726439599843	True	True	False
NTM1_ASD_up	100	48	LRAT	3.94902302919565	1	3.94902302919565	False	False	False
NTM1_ASD_up	100	49	RPL18A	3.94595963527571	1	3.94595963527571	True	True	False
NTM1_ASD_up	100	50	EIF4EBP1	3.93977277863401	1	3.93977277863401	False	False	False
NTM1_ASD_up	100	51	NT5C2	3.92455628271224	1	3.92455628271224	True	True	False
NTM1_ASD_up	100	52	RPS27L	3.88131043466562	1	3.88131043466562	False	False	False
NTM1_ASD_up	100	53	LINC01354	3.84929218893059	1	3.84929218893059	False	False	False
NTM1_ASD_up	100	54	C10orf105	3.84742043174694	1	3.84742043174694	False	False	False
NTM1_ASD_up	100	55	H2AC6	3.84058470352856	1	3.84058470352856	False	False	False
NTM1_ASD_up	100	56	INTS4	3.83570222826705	1	3.83570222826705	True	True	False
NTM1_ASD_up	100	57	MARCHF3	3.83225933588053	1	3.83225933588053	False	False	False
NTM1_ASD_up	100	58	H2AJ	3.83118709002056	1	3.83118709002056	False	False	False
NTM1_ASD_up	100	59	TNFRSF11B	3.8115604507069	1	3.8115604507069	False	False	False
NTM1_ASD_up	100	60	WEE1	3.80965726943861	1	3.80965726943861	False	False	False
NTM1_ASD_up	100	61	ADIRF	3.80619456135892	1	3.80619456135892	False	False	False
NTM1_ASD_up	100	62	ZC3HAV1	3.80390067831273	1	3.80390067831273	True	True	False
NTM1_ASD_up	100	63	ALPK1	3.79968757090355	1	3.79968757090355	True	True	False
NTM1_ASD_up	100	64	OST4	3.79860328355859	1	3.79860328355859	False	False	False
NTM1_ASD_up	100	65	SYNC	3.77403983331961	1	3.77403983331961	True	True	False
NTM1_ASD_up	100	66	H2BC18	3.7729787401893	1	3.7729787401893	False	False	False
NTM1_ASD_up	100	67	MOB3C	3.76289742094555	1	3.76289742094555	False	False	False
NTM1_ASD_up	100	68	RPS19	3.75600958749704	1	3.75600958749704	True	True	False
NTM1_ASD_up	100	69	INTS12	3.75332111291757	1	3.75332111291757	True	True	False
NTM1_ASD_up	100	70	GLIS3	3.72741520190745	1	3.72741520190745	False	False	False
NTM1_ASD_up	100	71	ROM1	3.71908518737016	1	3.71908518737016	True	True	False
NTM1_ASD_up	100	72	H4C15	3.71586232841559	1	3.71586232841559	False	False	False
NTM1_ASD_up	100	73	NQO1	3.71394455929174	1	3.71394455929174	True	True	False
NTM1_ASD_up	100	74	KIFC1	3.70909724606816	1	3.70909724606816	False	False	False
NTM1_ASD_up	100	75	HMOX1	3.70239104088511	1	3.70239104088511	False	False	False
NTM1_ASD_up	100	76	MICA	3.69482416074067	1	3.69482416074067	False	False	False
NTM1_ASD_up	100	77	POLR2J	3.68162805578246	1	3.68162805578246	False	False	False
NTM1_ASD_up	100	78	VIM-AS1	3.68003236524138	1	3.68003236524138	False	False	False
NTM1_ASD_up	100	79	CRTC3-AS1	3.67942236667132	1	3.67942236667132	False	False	False
NTM1_ASD_up	100	80	SRGAP1	3.6732660751797	1	3.6732660751797	True	True	False
NTM1_ASD_up	100	81	SFMBT2	3.65644549800314	1	3.65644549800314	False	False	False
NTM1_ASD_up	100	82	RPL13A	3.6557983365219	1	3.6557983365219	True	True	False
NTM1_ASD_up	100	83	HSPB1	3.65177222669989	1	3.65177222669989	False	False	False
NTM1_ASD_up	100	84	DYNLT1	3.65032439099228	1	3.65032439099228	True	True	False
NTM1_ASD_up	100	85	CAPG	3.6457295239143	1	3.6457295239143	False	False	False
NTM1_ASD_up	100	86	RPS16	3.64036472136277	1	3.64036472136277	True	True	False
NTM1_ASD_up	100	87	PDLIM3	3.63364084042349	1	3.63364084042349	False	False	False
NTM1_ASD_up	100	88	C4A	3.63154623058816	1	3.63154623058816	False	False	False
NTM1_ASD_up	100	89	SLC44A3	3.62607545774037	1	3.62607545774037	False	False	False
NTM1_ASD_up	100	90	RAD51B	3.6208483334971	1	3.6208483334971	False	False	False
NTM1_ASD_up	100	91	ARRDC4	3.60733665557234	1	3.60733665557234	True	True	False
NTM1_ASD_up	100	92	SUGCT	3.60202309465504	1	3.60202309465504	False	False	False
NTM1_ASD_up	100	93	KIF18A	3.59993919251804	1	3.59993919251804	False	False	False
NTM1_ASD_up	100	94	AGTRAP	3.59591037716023	1	3.59591037716023	False	False	False
NTM1_ASD_up	100	95	HMGN2	3.59418538617666	1	3.59418538617666	True	True	False
NTM1_ASD_up	100	96	PSD4	3.58660484526475	1	3.58660484526475	False	False	False
NTM1_ASD_up	100	97	NFKB2	3.5734041710986	1	3.5734041710986	False	False	False
NTM1_ASD_up	100	98	HAL	3.56366051918942	1	3.56366051918942	False	False	False
NTM1_ASD_up	100	99	ANGPT1	3.56079118149372	1	3.56079118149372	False	False	False
NTM1_ASD_up	100	100	SLC2A9	3.55248540853681	1	3.55248540853681	False	False	False
NTM2_ASD_down	100	1	ZNF804B	-6.00204416930744	-1	6.00204416930744	False	False	False
NTM2_ASD_down	100	2	SUSD5	-4.89335536098251	-1	4.89335536098251	True	False	True
NTM2_ASD_down	100	3	NOS2	-4.82139570628448	-1	4.82139570628448	True	False	True
NTM2_ASD_down	100	4	IRGQ	-4.76627462450893	-1	4.76627462450893	True	False	True
NTM2_ASD_down	100	5	TMEM151B	-4.75439472156047	-1	4.75439472156047	False	False	False
NTM2_ASD_down	100	6	OVOL2	-4.72035155775408	-1	4.72035155775408	False	False	False
NTM2_ASD_down	100	7	COL10A1	-4.64040114822016	-1	4.64040114822016	True	False	True
NTM2_ASD_down	100	8	WNT10A	-4.60749518513366	-1	4.60749518513366	False	False	False
NTM2_ASD_down	100	9	TPBG	-4.49961714888502	-1	4.49961714888502	False	False	False
NTM2_ASD_down	100	10	APOOL	-4.4902150855277	-1	4.4902150855277	False	False	False
NTM2_ASD_down	100	11	ATP2B2	-4.37978008568899	-1	4.37978008568899	True	False	True
NTM2_ASD_down	100	12	SYT3	-4.35771917587339	-1	4.35771917587339	False	False	False
NTM2_ASD_down	100	13	BASP1	-4.25043917932904	-1	4.25043917932904	True	False	True
NTM2_ASD_down	100	14	LYNX1	-4.19515521994107	-1	4.19515521994107	True	False	True
NTM2_ASD_down	100	15	CENPS-CORT	-4.18228216882888	-1	4.18228216882888	False	False	False
NTM2_ASD_down	100	16	HR	-4.15442329006094	-1	4.15442329006094	True	False	True
NTM2_ASD_down	100	17	RNF157	-4.14629829441838	-1	4.14629829441838	True	False	True
NTM2_ASD_down	100	18	LZTS1	-4.14161297378831	-1	4.14161297378831	True	False	True
NTM2_ASD_down	100	19	CACNG2	-4.07613308461322	-1	4.07613308461322	False	False	False
NTM2_ASD_down	100	20	ZSCAN1	-4.04228833533272	-1	4.04228833533272	False	False	False
NTM2_ASD_down	100	21	CELSR2	-4.01401276163347	-1	4.01401276163347	False	False	False
NTM2_ASD_down	100	22	CYP2E1	-3.98729269375799	-1	3.98729269375799	False	False	False
NTM2_ASD_down	100	23	IQSEC1	-3.96536990397371	-1	3.96536990397371	True	False	True
NTM2_ASD_down	100	24	RPH3A	-3.96440789507353	-1	3.96440789507353	True	False	True
NTM2_ASD_down	100	25	FBLN7	-3.94999790784626	-1	3.94999790784626	True	False	True
NTM2_ASD_down	100	26	TANGO2	-3.94383213493093	-1	3.94383213493093	False	False	False
NTM2_ASD_down	100	27	IL17REL	-3.90973956081033	-1	3.90973956081033	False	False	False
NTM2_ASD_down	100	28	PCDHA3	-3.90258554108698	-1	3.90258554108698	False	False	False
NTM2_ASD_down	100	29	OTUD7A	-3.90174228832616	-1	3.90174228832616	True	False	True
NTM2_ASD_down	100	30	JCAD	-3.85483506812587	-1	3.85483506812587	False	False	False
NTM2_ASD_down	100	31	ADGRL1	-3.85233508705342	-1	3.85233508705342	False	False	False
NTM2_ASD_down	100	32	ADRA1D	-3.84226965772106	-1	3.84226965772106	False	False	False
NTM2_ASD_down	100	33	SERTAD4	-3.80931364122228	-1	3.80931364122228	False	False	False
NTM2_ASD_down	100	34	LINC01844	-3.7997998356648	-1	3.7997998356648	False	False	False
NTM2_ASD_down	100	35	CDK5R2	-3.79337610007523	-1	3.79337610007523	True	False	True
NTM2_ASD_down	100	36	KCNA2	-3.7862697120283	-1	3.7862697120283	True	False	True
NTM2_ASD_down	100	37	SLC36A1	-3.78242449677066	-1	3.78242449677066	False	False	False
NTM2_ASD_down	100	38	RHOBTB2	-3.77857289838518	-1	3.77857289838518	False	False	False
NTM2_ASD_down	100	39	LIMK1	-3.74177248899971	-1	3.74177248899971	True	False	True
NTM2_ASD_down	100	40	ARHGEF11	-3.73676868272424	-1	3.73676868272424	False	False	False
NTM2_ASD_down	100	41	CLEC2L	-3.71072568993876	-1	3.71072568993876	True	False	True
NTM2_ASD_down	100	42	CABP1	-3.70697547436262	-1	3.70697547436262	True	False	True
NTM2_ASD_down	100	43	MIR3677HG	-3.68725110984757	-1	3.68725110984757	False	False	False
NTM2_ASD_down	100	44	IQSEC3	-3.68016766523167	-1	3.68016766523167	True	False	True
NTM2_ASD_down	100	45	RIMKLA	-3.67787346373641	-1	3.67787346373641	False	False	False
NTM2_ASD_down	100	46	MAP1A	-3.67487030453126	-1	3.67487030453126	True	False	True
NTM2_ASD_down	100	47	MARCHF10	-3.67257803807993	-1	3.67257803807993	False	False	False
NTM2_ASD_down	100	48	CFAP410	-3.60888105438887	-1	3.60888105438887	False	False	False
NTM2_ASD_down	100	49	CPLX1	-3.60289792831945	-1	3.60289792831945	True	False	True
NTM2_ASD_down	100	50	PARD6A	-3.59819926888217	-1	3.59819926888217	True	False	True
NTM2_ASD_down	100	51	ABCA3	-3.5940180035995	-1	3.5940180035995	False	False	False
NTM2_ASD_down	100	52	TECPR1	-3.58266489487352	-1	3.58266489487352	False	False	False
NTM2_ASD_down	100	53	EVI5L	-3.58122506102895	-1	3.58122506102895	False	False	False
NTM2_ASD_down	100	54	ST8SIA5	-3.56380328102081	-1	3.56380328102081	True	False	True
NTM2_ASD_down	100	55	TMEM121B	-3.56371700868177	-1	3.56371700868177	False	False	False
NTM2_ASD_down	100	56	NUP93	-3.55688952055928	-1	3.55688952055928	True	False	True
NTM2_ASD_down	100	57	POU3F1	-3.55591932915285	-1	3.55591932915285	False	False	False
NTM2_ASD_down	100	58	SETD4	-3.55136748949434	-1	3.55136748949434	False	False	False
NTM2_ASD_down	100	59	SPDEF	-3.5457528102404	-1	3.5457528102404	False	False	False
NTM2_ASD_down	100	60	FAM86HP	-3.53605191903366	-1	3.53605191903366	False	False	False
NTM2_ASD_down	100	61	PANX2	-3.53306625888345	-1	3.53306625888345	True	False	True
NTM2_ASD_down	100	62	LINC02192	-3.52383279524289	-1	3.52383279524289	False	False	False
NTM2_ASD_down	100	63	ADGRB2	-3.50938857561023	-1	3.50938857561023	False	False	False
NTM2_ASD_down	100	64	N4BP3	-3.50454542725897	-1	3.50454542725897	False	False	False
NTM2_ASD_down	100	65	LOC153910	-3.50216799074943	-1	3.50216799074943	False	False	False
NTM2_ASD_down	100	66	NGEF	-3.49955670975169	-1	3.49955670975169	True	False	True
NTM2_ASD_down	100	67	PRRT3	-3.49731009797539	-1	3.49731009797539	True	False	True
NTM2_ASD_down	100	68	CACNB1	-3.47161258955423	-1	3.47161258955423	False	False	False
NTM2_ASD_down	100	69	BCL11B	-3.46962817893975	-1	3.46962817893975	True	False	True
NTM2_ASD_down	100	70	KLF13	-3.46890176256176	-1	3.46890176256176	False	False	False
NTM2_ASD_down	100	71	KCNF1	-3.46274379623636	-1	3.46274379623636	False	False	False
NTM2_ASD_down	100	72	CHGA	-3.44278448125473	-1	3.44278448125473	False	False	False
NTM2_ASD_down	100	73	MAP3K9	-3.43834150703	-1	3.43834150703	False	False	False
NTM2_ASD_down	100	74	LOC101927588	-3.43654102360364	-1	3.43654102360364	False	False	False
NTM2_ASD_down	100	75	PEX5L	-3.42546754570567	-1	3.42546754570567	True	False	True
NTM2_ASD_down	100	76	DAGLA	-3.42275976985864	-1	3.42275976985864	False	False	False
NTM2_ASD_down	100	77	TESC	-3.41264044081996	-1	3.41264044081996	True	False	True
NTM2_ASD_down	100	78	SFTPD	-3.40961996127914	-1	3.40961996127914	False	False	False
NTM2_ASD_down	100	79	FAM43B	-3.40660386600902	-1	3.40660386600902	True	False	True
NTM2_ASD_down	100	80	DIRAS1	-3.39655317807332	-1	3.39655317807332	False	False	False
NTM2_ASD_down	100	81	DGCR5	-3.39409679521988	-1	3.39409679521988	False	False	False
NTM2_ASD_down	100	82	RAB11FIP5	-3.39366435868832	-1	3.39366435868832	True	False	True
NTM2_ASD_down	100	83	PHF24	-3.39086086941949	-1	3.39086086941949	False	False	False
NTM2_ASD_down	100	84	INKA2	-3.3859253836118	-1	3.3859253836118	False	False	False
NTM2_ASD_down	100	85	ARIH2	-3.38510495434062	-1	3.38510495434062	False	False	False
NTM2_ASD_down	100	86	INF2	-3.37768521892548	-1	3.37768521892548	True	False	True
NTM2_ASD_down	100	87	ATXN1	-3.3758842283766	-1	3.3758842283766	False	False	False
NTM2_ASD_down	100	88	ROCK2	-3.37161949569335	-1	3.37161949569335	False	False	False
NTM2_ASD_down	100	89	ANKRD52	-3.37036411151274	-1	3.37036411151274	False	False	False
NTM2_ASD_down	100	90	KCNB1	-3.35672516541186	-1	3.35672516541186	True	False	True
NTM2_ASD_down	100	91	KCNA1	-3.35506995293236	-1	3.35506995293236	True	False	True
NTM2_ASD_down	100	92	R3HDM2	-3.35290936809116	-1	3.35290936809116	False	False	False
NTM2_ASD_down	100	93	BRSK1	-3.35207227842145	-1	3.35207227842145	False	False	False
NTM2_ASD_down	100	94	NEFH	-3.351392488155	-1	3.351392488155	True	False	True
NTM2_ASD_down	100	95	TAOK2	-3.33567711176275	-1	3.33567711176275	False	False	False
NTM2_ASD_down	100	96	PLCB1	-3.32047835526877	-1	3.32047835526877	True	False	True
NTM2_ASD_down	100	97	TESPA1	-3.31014591703913	-1	3.31014591703913	False	False	False
NTM2_ASD_down	100	98	KAZALD1	-3.30082086517707	-1	3.30082086517707	False	False	False
NTM2_ASD_down	100	99	DNAJC28	-3.28537762297503	-1	3.28537762297503	False	False	False
NTM2_ASD_down	100	100	CYP24A1	-3.28314469298598	-1	3.28314469298598	False	False	False
NTM3_ASD_signed	100	1	PGAM2	7.20971851829502	1	7.20971851829502	False	False	False
NTM3_ASD_signed	100	2	PCDHGA6	6.01412271071827	1	6.01412271071827	False	False	False
NTM3_ASD_signed	100	3	ZNF804B	-6.00204416930744	-1	6.00204416930744	False	False	False
NTM3_ASD_signed	100	4	PIRT	5.05062106677198	1	5.05062106677198	False	False	False
NTM3_ASD_signed	100	5	ARHGAP6	5.01938156206294	1	5.01938156206294	False	False	False
NTM3_ASD_signed	100	6	SUSD5	-4.89335536098251	-1	4.89335536098251	True	False	True
NTM3_ASD_signed	100	7	PITPNA-AS1	4.87958528763785	1	4.87958528763785	False	False	False
NTM3_ASD_signed	100	8	H1-2	4.84856990719471	1	4.84856990719471	False	False	False
NTM3_ASD_signed	100	9	NOS2	-4.82139570628448	-1	4.82139570628448	True	False	True
NTM3_ASD_signed	100	10	IRGQ	-4.76627462450893	-1	4.76627462450893	True	False	True
NTM3_ASD_signed	100	11	TMEM151B	-4.75439472156047	-1	4.75439472156047	False	False	False
NTM3_ASD_signed	100	12	FAH	4.75124265057912	1	4.75124265057912	True	True	False
NTM3_ASD_signed	100	13	OVOL2	-4.72035155775408	-1	4.72035155775408	False	False	False
NTM3_ASD_signed	100	14	BTG1	4.70597123337315	1	4.70597123337315	True	True	False
NTM3_ASD_signed	100	15	CXCL5	4.70202457051339	1	4.70202457051339	False	False	False
NTM3_ASD_signed	100	16	FTL	4.67509714484616	1	4.67509714484616	False	False	False
NTM3_ASD_signed	100	17	COL10A1	-4.64040114822016	-1	4.64040114822016	True	False	True
NTM3_ASD_signed	100	18	GADD45G	4.63056622604224	1	4.63056622604224	False	False	False
NTM3_ASD_signed	100	19	WNT10A	-4.60749518513366	-1	4.60749518513366	False	False	False
NTM3_ASD_signed	100	20	MTMR11	4.57292011111706	1	4.57292011111706	False	False	False
NTM3_ASD_signed	100	21	H4C14	4.55987022516043	1	4.55987022516043	False	False	False
NTM3_ASD_signed	100	22	PLEKHA4	4.55023103057427	1	4.55023103057427	False	False	False
NTM3_ASD_signed	100	23	HNRNPH1	4.54444093479356	1	4.54444093479356	True	True	False
NTM3_ASD_signed	100	24	BCCIP	4.53898953614708	1	4.53898953614708	True	True	False
NTM3_ASD_signed	100	25	ABCA1	4.51075268234858	1	4.51075268234858	False	False	False
NTM3_ASD_signed	100	26	CSTB	4.50543993966292	1	4.50543993966292	False	False	False
NTM3_ASD_signed	100	27	TPBG	-4.49961714888502	-1	4.49961714888502	False	False	False
NTM3_ASD_signed	100	28	ARMCX6	4.49773909292779	1	4.49773909292779	False	False	False
NTM3_ASD_signed	100	29	APOOL	-4.4902150855277	-1	4.4902150855277	False	False	False
NTM3_ASD_signed	100	30	IGFBP5	4.48773048332092	1	4.48773048332092	False	False	False
NTM3_ASD_signed	100	31	TMEM176A	4.44560789496208	1	4.44560789496208	False	False	False
NTM3_ASD_signed	100	32	HMGN1	4.41438035214001	1	4.41438035214001	True	True	False
NTM3_ASD_signed	100	33	ATP2B2	-4.37978008568899	-1	4.37978008568899	True	False	True
NTM3_ASD_signed	100	34	SLC2A4RG	4.36586526979047	1	4.36586526979047	False	False	False
NTM3_ASD_signed	100	35	UXT-AS1	4.35895711628577	1	4.35895711628577	False	False	False
NTM3_ASD_signed	100	36	EMP3	4.35891209592947	1	4.35891209592947	False	False	False
NTM3_ASD_signed	100	37	SYT3	-4.35771917587339	-1	4.35771917587339	False	False	False
NTM3_ASD_signed	100	38	FOXJ1	4.35077776535989	1	4.35077776535989	False	False	False
NTM3_ASD_signed	100	39	RPS3	4.34432605971197	1	4.34432605971197	True	True	False
NTM3_ASD_signed	100	40	SNHG19	4.33245991305077	1	4.33245991305077	False	False	False
NTM3_ASD_signed	100	41	GTF2A1L	4.29489688255692	1	4.29489688255692	False	False	False
NTM3_ASD_signed	100	42	DDR2	4.25581641962911	1	4.25581641962911	False	False	False
NTM3_ASD_signed	100	43	BASP1	-4.25043917932904	-1	4.25043917932904	True	False	True
NTM3_ASD_signed	100	44	NABP1	4.2327175690044	1	4.2327175690044	False	False	False
NTM3_ASD_signed	100	45	LYNX1	-4.19515521994107	-1	4.19515521994107	True	False	True
NTM3_ASD_signed	100	46	PABPC1	4.18268487204014	1	4.18268487204014	True	True	False
NTM3_ASD_signed	100	47	CENPS-CORT	-4.18228216882888	-1	4.18228216882888	False	False	False
NTM3_ASD_signed	100	48	GHRHR	4.16103189753518	1	4.16103189753518	False	False	False
NTM3_ASD_signed	100	49	HR	-4.15442329006094	-1	4.15442329006094	True	False	True
NTM3_ASD_signed	100	50	DZIP1L	4.14734839405979	1	4.14734839405979	False	False	False
NTM3_ASD_signed	100	51	RNF157	-4.14629829441838	-1	4.14629829441838	True	False	True
NTM3_ASD_signed	100	52	LZTS1	-4.14161297378831	-1	4.14161297378831	True	False	True
NTM3_ASD_signed	100	53	UBE2L6	4.09636713253115	1	4.09636713253115	True	True	False
NTM3_ASD_signed	100	54	LONRF3	4.09586529067049	1	4.09586529067049	False	False	False
NTM3_ASD_signed	100	55	GFPT2	4.08154082031066	1	4.08154082031066	False	False	False
NTM3_ASD_signed	100	56	CACNG2	-4.07613308461322	-1	4.07613308461322	False	False	False
NTM3_ASD_signed	100	57	ZNF217	4.07197000536311	1	4.07197000536311	True	True	False
NTM3_ASD_signed	100	58	ZSCAN1	-4.04228833533272	-1	4.04228833533272	False	False	False
NTM3_ASD_signed	100	59	CD99	4.04092295329309	1	4.04092295329309	False	False	False
NTM3_ASD_signed	100	60	TGIF1	4.03372049260923	1	4.03372049260923	False	False	False
NTM3_ASD_signed	100	61	CHI3L2	4.02488209421331	1	4.02488209421331	False	False	False
NTM3_ASD_signed	100	62	DDAH2	4.01525259993605	1	4.01525259993605	True	True	False
NTM3_ASD_signed	100	63	CELSR2	-4.01401276163347	-1	4.01401276163347	False	False	False
NTM3_ASD_signed	100	64	RAB20	4.00359439238769	1	4.00359439238769	False	False	False
NTM3_ASD_signed	100	65	MDK	3.99980525018311	1	3.99980525018311	True	True	False
NTM3_ASD_signed	100	66	CYP2E1	-3.98729269375799	-1	3.98729269375799	False	False	False
NTM3_ASD_signed	100	67	TMEM176B	3.98693579140637	1	3.98693579140637	True	True	False
NTM3_ASD_signed	100	68	GDPD2	3.97583184533899	1	3.97583184533899	False	False	False
NTM3_ASD_signed	100	69	SMAD1	3.9726439599843	1	3.9726439599843	True	True	False
NTM3_ASD_signed	100	70	IQSEC1	-3.96536990397371	-1	3.96536990397371	True	False	True
NTM3_ASD_signed	100	71	RPH3A	-3.96440789507353	-1	3.96440789507353	True	False	True
NTM3_ASD_signed	100	72	FBLN7	-3.94999790784626	-1	3.94999790784626	True	False	True
NTM3_ASD_signed	100	73	LRAT	3.94902302919565	1	3.94902302919565	False	False	False
NTM3_ASD_signed	100	74	RPL18A	3.94595963527571	1	3.94595963527571	True	True	False
NTM3_ASD_signed	100	75	TANGO2	-3.94383213493093	-1	3.94383213493093	False	False	False
NTM3_ASD_signed	100	76	EIF4EBP1	3.93977277863401	1	3.93977277863401	False	False	False
NTM3_ASD_signed	100	77	NT5C2	3.92455628271224	1	3.92455628271224	True	True	False
NTM3_ASD_signed	100	78	IL17REL	-3.90973956081033	-1	3.90973956081033	False	False	False
NTM3_ASD_signed	100	79	PCDHA3	-3.90258554108698	-1	3.90258554108698	False	False	False
NTM3_ASD_signed	100	80	OTUD7A	-3.90174228832616	-1	3.90174228832616	True	False	True
NTM3_ASD_signed	100	81	RPS27L	3.88131043466562	1	3.88131043466562	False	False	False
NTM3_ASD_signed	100	82	JCAD	-3.85483506812587	-1	3.85483506812587	False	False	False
NTM3_ASD_signed	100	83	ADGRL1	-3.85233508705342	-1	3.85233508705342	False	False	False
NTM3_ASD_signed	100	84	LINC01354	3.84929218893059	1	3.84929218893059	False	False	False
NTM3_ASD_signed	100	85	C10orf105	3.84742043174694	1	3.84742043174694	False	False	False
NTM3_ASD_signed	100	86	ADRA1D	-3.84226965772106	-1	3.84226965772106	False	False	False
NTM3_ASD_signed	100	87	H2AC6	3.84058470352856	1	3.84058470352856	False	False	False
NTM3_ASD_signed	100	88	INTS4	3.83570222826705	1	3.83570222826705	True	True	False
NTM3_ASD_signed	100	89	MARCHF3	3.83225933588053	1	3.83225933588053	False	False	False
NTM3_ASD_signed	100	90	H2AJ	3.83118709002056	1	3.83118709002056	False	False	False
NTM3_ASD_signed	100	91	TNFRSF11B	3.8115604507069	1	3.8115604507069	False	False	False
NTM3_ASD_signed	100	92	WEE1	3.80965726943861	1	3.80965726943861	False	False	False
NTM3_ASD_signed	100	93	SERTAD4	-3.80931364122228	-1	3.80931364122228	False	False	False
NTM3_ASD_signed	100	94	ADIRF	3.80619456135892	1	3.80619456135892	False	False	False
NTM3_ASD_signed	100	95	ZC3HAV1	3.80390067831273	1	3.80390067831273	True	True	False
NTM3_ASD_signed	100	96	LINC01844	-3.7997998356648	-1	3.7997998356648	False	False	False
NTM3_ASD_signed	100	97	ALPK1	3.79968757090355	1	3.79968757090355	True	True	False
NTM3_ASD_signed	100	98	OST4	3.79860328355859	1	3.79860328355859	False	False	False
NTM3_ASD_signed	100	99	CDK5R2	-3.79337610007523	-1	3.79337610007523	True	False	True
NTM3_ASD_signed	100	100	KCNA2	-3.7862697120283	-1	3.7862697120283	True	False	True
NTM1_ASD_up	200	1	PGAM2	7.20971851829502	1	7.20971851829502	False	False	False
NTM1_ASD_up	200	2	PCDHGA6	6.01412271071827	1	6.01412271071827	False	False	False
NTM1_ASD_up	200	3	PIRT	5.05062106677198	1	5.05062106677198	False	False	False
NTM1_ASD_up	200	4	ARHGAP6	5.01938156206294	1	5.01938156206294	False	False	False
NTM1_ASD_up	200	5	PITPNA-AS1	4.87958528763785	1	4.87958528763785	False	False	False
NTM1_ASD_up	200	6	H1-2	4.84856990719471	1	4.84856990719471	False	False	False
NTM1_ASD_up	200	7	FAH	4.75124265057912	1	4.75124265057912	True	True	False
NTM1_ASD_up	200	8	BTG1	4.70597123337315	1	4.70597123337315	True	True	False
NTM1_ASD_up	200	9	CXCL5	4.70202457051339	1	4.70202457051339	False	False	False
NTM1_ASD_up	200	10	FTL	4.67509714484616	1	4.67509714484616	False	False	False
NTM1_ASD_up	200	11	GADD45G	4.63056622604224	1	4.63056622604224	False	False	False
NTM1_ASD_up	200	12	MTMR11	4.57292011111706	1	4.57292011111706	False	False	False
NTM1_ASD_up	200	13	H4C14	4.55987022516043	1	4.55987022516043	False	False	False
NTM1_ASD_up	200	14	PLEKHA4	4.55023103057427	1	4.55023103057427	False	False	False
NTM1_ASD_up	200	15	HNRNPH1	4.54444093479356	1	4.54444093479356	True	True	False
NTM1_ASD_up	200	16	BCCIP	4.53898953614708	1	4.53898953614708	True	True	False
NTM1_ASD_up	200	17	ABCA1	4.51075268234858	1	4.51075268234858	False	False	False
NTM1_ASD_up	200	18	CSTB	4.50543993966292	1	4.50543993966292	False	False	False
NTM1_ASD_up	200	19	ARMCX6	4.49773909292779	1	4.49773909292779	False	False	False
NTM1_ASD_up	200	20	IGFBP5	4.48773048332092	1	4.48773048332092	False	False	False
NTM1_ASD_up	200	21	TMEM176A	4.44560789496208	1	4.44560789496208	False	False	False
NTM1_ASD_up	200	22	HMGN1	4.41438035214001	1	4.41438035214001	True	True	False
NTM1_ASD_up	200	23	SLC2A4RG	4.36586526979047	1	4.36586526979047	False	False	False
NTM1_ASD_up	200	24	UXT-AS1	4.35895711628577	1	4.35895711628577	False	False	False
NTM1_ASD_up	200	25	EMP3	4.35891209592947	1	4.35891209592947	False	False	False
NTM1_ASD_up	200	26	FOXJ1	4.35077776535989	1	4.35077776535989	False	False	False
NTM1_ASD_up	200	27	RPS3	4.34432605971197	1	4.34432605971197	True	True	False
NTM1_ASD_up	200	28	SNHG19	4.33245991305077	1	4.33245991305077	False	False	False
NTM1_ASD_up	200	29	GTF2A1L	4.29489688255692	1	4.29489688255692	False	False	False
NTM1_ASD_up	200	30	DDR2	4.25581641962911	1	4.25581641962911	False	False	False
NTM1_ASD_up	200	31	NABP1	4.2327175690044	1	4.2327175690044	False	False	False
NTM1_ASD_up	200	32	PABPC1	4.18268487204014	1	4.18268487204014	True	True	False
NTM1_ASD_up	200	33	GHRHR	4.16103189753518	1	4.16103189753518	False	False	False
NTM1_ASD_up	200	34	DZIP1L	4.14734839405979	1	4.14734839405979	False	False	False
NTM1_ASD_up	200	35	UBE2L6	4.09636713253115	1	4.09636713253115	True	True	False
NTM1_ASD_up	200	36	LONRF3	4.09586529067049	1	4.09586529067049	False	False	False
NTM1_ASD_up	200	37	GFPT2	4.08154082031066	1	4.08154082031066	False	False	False
NTM1_ASD_up	200	38	ZNF217	4.07197000536311	1	4.07197000536311	True	True	False
NTM1_ASD_up	200	39	CD99	4.04092295329309	1	4.04092295329309	False	False	False
NTM1_ASD_up	200	40	TGIF1	4.03372049260923	1	4.03372049260923	False	False	False
NTM1_ASD_up	200	41	CHI3L2	4.02488209421331	1	4.02488209421331	False	False	False
NTM1_ASD_up	200	42	DDAH2	4.01525259993605	1	4.01525259993605	True	True	False
NTM1_ASD_up	200	43	RAB20	4.00359439238769	1	4.00359439238769	False	False	False
NTM1_ASD_up	200	44	MDK	3.99980525018311	1	3.99980525018311	True	True	False
NTM1_ASD_up	200	45	TMEM176B	3.98693579140637	1	3.98693579140637	True	True	False
NTM1_ASD_up	200	46	GDPD2	3.97583184533899	1	3.97583184533899	False	False	False
NTM1_ASD_up	200	47	SMAD1	3.9726439599843	1	3.9726439599843	True	True	False
NTM1_ASD_up	200	48	LRAT	3.94902302919565	1	3.94902302919565	False	False	False
NTM1_ASD_up	200	49	RPL18A	3.94595963527571	1	3.94595963527571	True	True	False
NTM1_ASD_up	200	50	EIF4EBP1	3.93977277863401	1	3.93977277863401	False	False	False
NTM1_ASD_up	200	51	NT5C2	3.92455628271224	1	3.92455628271224	True	True	False
NTM1_ASD_up	200	52	RPS27L	3.88131043466562	1	3.88131043466562	False	False	False
NTM1_ASD_up	200	53	LINC01354	3.84929218893059	1	3.84929218893059	False	False	False
NTM1_ASD_up	200	54	C10orf105	3.84742043174694	1	3.84742043174694	False	False	False
NTM1_ASD_up	200	55	H2AC6	3.84058470352856	1	3.84058470352856	False	False	False
NTM1_ASD_up	200	56	INTS4	3.83570222826705	1	3.83570222826705	True	True	False
NTM1_ASD_up	200	57	MARCHF3	3.83225933588053	1	3.83225933588053	False	False	False
NTM1_ASD_up	200	58	H2AJ	3.83118709002056	1	3.83118709002056	False	False	False
NTM1_ASD_up	200	59	TNFRSF11B	3.8115604507069	1	3.8115604507069	False	False	False
NTM1_ASD_up	200	60	WEE1	3.80965726943861	1	3.80965726943861	False	False	False
NTM1_ASD_up	200	61	ADIRF	3.80619456135892	1	3.80619456135892	False	False	False
NTM1_ASD_up	200	62	ZC3HAV1	3.80390067831273	1	3.80390067831273	True	True	False
NTM1_ASD_up	200	63	ALPK1	3.79968757090355	1	3.79968757090355	True	True	False
NTM1_ASD_up	200	64	OST4	3.79860328355859	1	3.79860328355859	False	False	False
NTM1_ASD_up	200	65	SYNC	3.77403983331961	1	3.77403983331961	True	True	False
NTM1_ASD_up	200	66	H2BC18	3.7729787401893	1	3.7729787401893	False	False	False
NTM1_ASD_up	200	67	MOB3C	3.76289742094555	1	3.76289742094555	False	False	False
NTM1_ASD_up	200	68	RPS19	3.75600958749704	1	3.75600958749704	True	True	False
NTM1_ASD_up	200	69	INTS12	3.75332111291757	1	3.75332111291757	True	True	False
NTM1_ASD_up	200	70	GLIS3	3.72741520190745	1	3.72741520190745	False	False	False
NTM1_ASD_up	200	71	ROM1	3.71908518737016	1	3.71908518737016	True	True	False
NTM1_ASD_up	200	72	H4C15	3.71586232841559	1	3.71586232841559	False	False	False
NTM1_ASD_up	200	73	NQO1	3.71394455929174	1	3.71394455929174	True	True	False
NTM1_ASD_up	200	74	KIFC1	3.70909724606816	1	3.70909724606816	False	False	False
NTM1_ASD_up	200	75	HMOX1	3.70239104088511	1	3.70239104088511	False	False	False
NTM1_ASD_up	200	76	MICA	3.69482416074067	1	3.69482416074067	False	False	False
NTM1_ASD_up	200	77	POLR2J	3.68162805578246	1	3.68162805578246	False	False	False
NTM1_ASD_up	200	78	VIM-AS1	3.68003236524138	1	3.68003236524138	False	False	False
NTM1_ASD_up	200	79	CRTC3-AS1	3.67942236667132	1	3.67942236667132	False	False	False
NTM1_ASD_up	200	80	SRGAP1	3.6732660751797	1	3.6732660751797	True	True	False
NTM1_ASD_up	200	81	SFMBT2	3.65644549800314	1	3.65644549800314	False	False	False
NTM1_ASD_up	200	82	RPL13A	3.6557983365219	1	3.6557983365219	True	True	False
NTM1_ASD_up	200	83	HSPB1	3.65177222669989	1	3.65177222669989	False	False	False
NTM1_ASD_up	200	84	DYNLT1	3.65032439099228	1	3.65032439099228	True	True	False
NTM1_ASD_up	200	85	CAPG	3.6457295239143	1	3.6457295239143	False	False	False
NTM1_ASD_up	200	86	RPS16	3.64036472136277	1	3.64036472136277	True	True	False
NTM1_ASD_up	200	87	PDLIM3	3.63364084042349	1	3.63364084042349	False	False	False
NTM1_ASD_up	200	88	C4A	3.63154623058816	1	3.63154623058816	False	False	False
NTM1_ASD_up	200	89	SLC44A3	3.62607545774037	1	3.62607545774037	False	False	False
NTM1_ASD_up	200	90	RAD51B	3.6208483334971	1	3.6208483334971	False	False	False
NTM1_ASD_up	200	91	ARRDC4	3.60733665557234	1	3.60733665557234	True	True	False
NTM1_ASD_up	200	92	SUGCT	3.60202309465504	1	3.60202309465504	False	False	False
NTM1_ASD_up	200	93	KIF18A	3.59993919251804	1	3.59993919251804	False	False	False
NTM1_ASD_up	200	94	AGTRAP	3.59591037716023	1	3.59591037716023	False	False	False
NTM1_ASD_up	200	95	HMGN2	3.59418538617666	1	3.59418538617666	True	True	False
NTM1_ASD_up	200	96	PSD4	3.58660484526475	1	3.58660484526475	False	False	False
NTM1_ASD_up	200	97	NFKB2	3.5734041710986	1	3.5734041710986	False	False	False
NTM1_ASD_up	200	98	HAL	3.56366051918942	1	3.56366051918942	False	False	False
NTM1_ASD_up	200	99	ANGPT1	3.56079118149372	1	3.56079118149372	False	False	False
NTM1_ASD_up	200	100	SLC2A9	3.55248540853681	1	3.55248540853681	False	False	False
NTM1_ASD_up	200	101	P4HA1	3.55030896187596	1	3.55030896187596	False	False	False
NTM1_ASD_up	200	102	EVC2	3.53572295543524	1	3.53572295543524	False	False	False
NTM1_ASD_up	200	103	H2BC21	3.52904005485231	1	3.52904005485231	False	False	False
NTM1_ASD_up	200	104	LCTL	3.5202019620474	1	3.5202019620474	False	False	False
NTM1_ASD_up	200	105	ELL3	3.51906529696569	1	3.51906529696569	False	False	False
NTM1_ASD_up	200	106	LHFPL1	3.51852635751975	1	3.51852635751975	False	False	False
NTM1_ASD_up	200	107	MAML2	3.5151711828091	1	3.5151711828091	False	False	False
NTM1_ASD_up	200	108	EEF1A1	3.50515097230627	1	3.50515097230627	True	True	False
NTM1_ASD_up	200	109	FNDC3B	3.50231578382987	1	3.50231578382987	False	False	False
NTM1_ASD_up	200	110	PYCR1	3.50041061690305	1	3.50041061690305	False	False	False
NTM1_ASD_up	200	111	SLC16A9	3.49675533939778	1	3.49675533939778	False	False	False
NTM1_ASD_up	200	112	PCDHGB6	3.48911941149687	1	3.48911941149687	False	False	False
NTM1_ASD_up	200	113	ZFAS1	3.48827364234565	1	3.48827364234565	False	False	False
NTM1_ASD_up	200	114	RPS11	3.48485269496908	1	3.48485269496908	True	True	False
NTM1_ASD_up	200	115	DDIT4L	3.4845941930119	1	3.4845941930119	False	False	False
NTM1_ASD_up	200	116	LYPLAL1-DT	3.48084563378832	1	3.48084563378832	False	False	False
NTM1_ASD_up	200	117	PNP	3.47911374691331	1	3.47911374691331	False	False	False
NTM1_ASD_up	200	118	CAPN8	3.46750166028192	1	3.46750166028192	False	False	False
NTM1_ASD_up	200	119	RIPK2	3.46485809292967	1	3.46485809292967	True	True	False
NTM1_ASD_up	200	120	ENO3	3.46211433818887	1	3.46211433818887	False	False	False
NTM1_ASD_up	200	121	NUPR1	3.46040253172887	1	3.46040253172887	True	True	False
NTM1_ASD_up	200	122	C4B	3.45793567959398	1	3.45793567959398	False	False	False
NTM1_ASD_up	200	123	MGST1	3.45555374496255	1	3.45555374496255	False	False	False
NTM1_ASD_up	200	124	H3-3A	3.45287427814487	1	3.45287427814487	False	False	False
NTM1_ASD_up	200	125	SLC25A43	3.44768609884499	1	3.44768609884499	False	False	False
NTM1_ASD_up	200	126	PCDHGB7	3.44765391182497	1	3.44765391182497	False	False	False
NTM1_ASD_up	200	127	GNG12	3.44756447097343	1	3.44756447097343	False	False	False
NTM1_ASD_up	200	128	CNN3	3.44212426536059	1	3.44212426536059	False	False	False
NTM1_ASD_up	200	129	WDR49	3.43743533252677	1	3.43743533252677	False	False	False
NTM1_ASD_up	200	130	PCDHGB3	3.43552966948157	1	3.43552966948157	False	False	False
NTM1_ASD_up	200	131	PPBP	3.43435788324216	1	3.43435788324216	False	False	False
NTM1_ASD_up	200	132	FZD7	3.43395983736755	1	3.43395983736755	True	True	False
NTM1_ASD_up	200	133	MR1	3.42823303530704	1	3.42823303530704	True	True	False
NTM1_ASD_up	200	134	ZNF274	3.42480286455692	1	3.42480286455692	True	True	False
NTM1_ASD_up	200	135	GALNT4	3.42234854493874	1	3.42234854493874	False	False	False
NTM1_ASD_up	200	136	SERP1	3.40433559135836	1	3.40433559135836	False	False	False
NTM1_ASD_up	200	137	PCDHGB2	3.39950978530903	1	3.39950978530903	False	False	False
NTM1_ASD_up	200	138	RNF114	3.39851381834001	1	3.39851381834001	False	False	False
NTM1_ASD_up	200	139	AKR1C3	3.39240390366122	1	3.39240390366122	True	True	False
NTM1_ASD_up	200	140	IFI16	3.39033209452995	1	3.39033209452995	False	False	False
NTM1_ASD_up	200	141	GNA13	3.38940828890438	1	3.38940828890438	True	True	False
NTM1_ASD_up	200	142	GEM	3.3892816716573	1	3.3892816716573	False	False	False
NTM1_ASD_up	200	143	LTBR	3.38223801985956	1	3.38223801985956	False	False	False
NTM1_ASD_up	200	144	CD109-AS1	3.37816582235212	1	3.37816582235212	False	False	False
NTM1_ASD_up	200	145	ABHD3	3.36787247027769	1	3.36787247027769	True	True	False
NTM1_ASD_up	200	146	SWI5	3.34290315717444	1	3.34290315717444	True	True	False
NTM1_ASD_up	200	147	ASAP3	3.34090670427579	1	3.34090670427579	False	False	False
NTM1_ASD_up	200	148	LPP-AS2	3.34003887810913	1	3.34003887810913	False	False	False
NTM1_ASD_up	200	149	PCDHGB8P	3.33626197966249	1	3.33626197966249	False	False	False
NTM1_ASD_up	200	150	TGDS	3.33513172436888	1	3.33513172436888	False	False	False
NTM1_ASD_up	200	151	DDX31	3.33420685414319	1	3.33420685414319	True	True	False
NTM1_ASD_up	200	152	SLC44A3-AS1	3.33117921164163	1	3.33117921164163	False	False	False
NTM1_ASD_up	200	153	MT2A	3.32880767382884	1	3.32880767382884	True	True	False
NTM1_ASD_up	200	154	CAPN2	3.32092362370177	1	3.32092362370177	False	False	False
NTM1_ASD_up	200	155	RAB13	3.3113018423827	1	3.3113018423827	False	False	False
NTM1_ASD_up	200	156	LMNB1	3.30815570909612	1	3.30815570909612	True	True	False
NTM1_ASD_up	200	157	RHOD	3.30645805198657	1	3.30645805198657	False	False	False
NTM1_ASD_up	200	158	PLAUR	3.29858382759002	1	3.29858382759002	False	False	False
NTM1_ASD_up	200	159	SEC11A	3.29572482742625	1	3.29572482742625	True	True	False
NTM1_ASD_up	200	160	ATP6V0E1	3.29390668089891	1	3.29390668089891	False	False	False
NTM1_ASD_up	200	161	S100A11	3.29381590071067	1	3.29381590071067	False	False	False
NTM1_ASD_up	200	162	TAF1A-AS1	3.29133957399187	1	3.29133957399187	False	False	False
NTM1_ASD_up	200	163	PLP2	3.29088250008456	1	3.29088250008456	False	False	False
NTM1_ASD_up	200	164	PLCB3	3.28205607494575	1	3.28205607494575	False	False	False
NTM1_ASD_up	200	165	TMEM216	3.28001814309097	1	3.28001814309097	False	False	False
NTM1_ASD_up	200	166	LIX1	3.27723135135709	1	3.27723135135709	True	True	False
NTM1_ASD_up	200	167	NUP98	3.2756149923817	1	3.2756149923817	True	True	False
NTM1_ASD_up	200	168	FAM107A	3.27022045724846	1	3.27022045724846	True	True	False
NTM1_ASD_up	200	169	XPO1	3.26960958487376	1	3.26960958487376	True	True	False
NTM1_ASD_up	200	170	CBFB	3.26795763732878	1	3.26795763732878	True	True	False
NTM1_ASD_up	200	171	PXN	3.26202129357124	1	3.26202129357124	False	False	False
NTM1_ASD_up	200	172	PLTP	3.26047175899106	1	3.26047175899106	False	False	False
NTM1_ASD_up	200	173	RPL13	3.25859299304341	1	3.25859299304341	True	True	False
NTM1_ASD_up	200	174	LIMS4	3.2459487896433	1	3.2459487896433	False	False	False
NTM1_ASD_up	200	175	HPS5	3.24554100799242	1	3.24554100799242	False	False	False
NTM1_ASD_up	200	176	ST7-OT4	3.23583827511466	1	3.23583827511466	False	False	False
NTM1_ASD_up	200	177	MYC	3.23561681019418	1	3.23561681019418	True	True	False
NTM1_ASD_up	200	178	NPL	3.23178728127474	1	3.23178728127474	True	True	False
NTM1_ASD_up	200	179	EZH2	3.22869760577928	1	3.22869760577928	True	True	False
NTM1_ASD_up	200	180	EMILIN1	3.22808955016484	1	3.22808955016484	False	False	False
NTM1_ASD_up	200	181	LOC105379362	3.20504197824997	1	3.20504197824997	False	False	False
NTM1_ASD_up	200	182	DANCR	3.20503733325836	1	3.20503733325836	False	False	False
NTM1_ASD_up	200	183	IFITM2	3.20421394123029	1	3.20421394123029	False	False	False
NTM1_ASD_up	200	184	RPL11	3.19960881701924	1	3.19960881701924	True	True	False
NTM1_ASD_up	200	185	IFITM3	3.19581984291415	1	3.19581984291415	True	True	False
NTM1_ASD_up	200	186	CD44	3.19175588393058	1	3.19175588393058	False	False	False
NTM1_ASD_up	200	187	H2AC11	3.18929011653717	1	3.18929011653717	False	False	False
NTM1_ASD_up	200	188	PEA15	3.18741891809434	1	3.18741891809434	True	True	False
NTM1_ASD_up	200	189	ANG	3.18465983722871	1	3.18465983722871	False	False	False
NTM1_ASD_up	200	190	SNTG2	3.18442952263871	1	3.18442952263871	False	False	False
NTM1_ASD_up	200	191	TNFRSF10C	3.18427075157883	1	3.18427075157883	False	False	False
NTM1_ASD_up	200	192	ADAM17	3.18265490525544	1	3.18265490525544	False	False	False
NTM1_ASD_up	200	193	RNF122	3.18226252999712	1	3.18226252999712	False	False	False
NTM1_ASD_up	200	194	VASP	3.18018013072608	1	3.18018013072608	False	False	False
NTM1_ASD_up	200	195	ROBO3	3.17803815199825	1	3.17803815199825	False	False	False
NTM1_ASD_up	200	196	ZNF442	3.17708938765945	1	3.17708938765945	True	True	False
NTM1_ASD_up	200	197	CASP1	3.17149820850231	1	3.17149820850231	False	False	False
NTM1_ASD_up	200	198	IGDCC4	3.16798495082577	1	3.16798495082577	True	True	False
NTM1_ASD_up	200	199	RAB38	3.16758414736567	1	3.16758414736567	False	False	False
NTM1_ASD_up	200	200	PKNOX1	3.16066762413923	1	3.16066762413923	True	True	False
NTM2_ASD_down	200	1	ZNF804B	-6.00204416930744	-1	6.00204416930744	False	False	False
NTM2_ASD_down	200	2	SUSD5	-4.89335536098251	-1	4.89335536098251	True	False	True
NTM2_ASD_down	200	3	NOS2	-4.82139570628448	-1	4.82139570628448	True	False	True
NTM2_ASD_down	200	4	IRGQ	-4.76627462450893	-1	4.76627462450893	True	False	True
NTM2_ASD_down	200	5	TMEM151B	-4.75439472156047	-1	4.75439472156047	False	False	False
NTM2_ASD_down	200	6	OVOL2	-4.72035155775408	-1	4.72035155775408	False	False	False
NTM2_ASD_down	200	7	COL10A1	-4.64040114822016	-1	4.64040114822016	True	False	True
NTM2_ASD_down	200	8	WNT10A	-4.60749518513366	-1	4.60749518513366	False	False	False
NTM2_ASD_down	200	9	TPBG	-4.49961714888502	-1	4.49961714888502	False	False	False
NTM2_ASD_down	200	10	APOOL	-4.4902150855277	-1	4.4902150855277	False	False	False
NTM2_ASD_down	200	11	ATP2B2	-4.37978008568899	-1	4.37978008568899	True	False	True
NTM2_ASD_down	200	12	SYT3	-4.35771917587339	-1	4.35771917587339	False	False	False
NTM2_ASD_down	200	13	BASP1	-4.25043917932904	-1	4.25043917932904	True	False	True
NTM2_ASD_down	200	14	LYNX1	-4.19515521994107	-1	4.19515521994107	True	False	True
NTM2_ASD_down	200	15	CENPS-CORT	-4.18228216882888	-1	4.18228216882888	False	False	False
NTM2_ASD_down	200	16	HR	-4.15442329006094	-1	4.15442329006094	True	False	True
NTM2_ASD_down	200	17	RNF157	-4.14629829441838	-1	4.14629829441838	True	False	True
NTM2_ASD_down	200	18	LZTS1	-4.14161297378831	-1	4.14161297378831	True	False	True
NTM2_ASD_down	200	19	CACNG2	-4.07613308461322	-1	4.07613308461322	False	False	False
NTM2_ASD_down	200	20	ZSCAN1	-4.04228833533272	-1	4.04228833533272	False	False	False
NTM2_ASD_down	200	21	CELSR2	-4.01401276163347	-1	4.01401276163347	False	False	False
NTM2_ASD_down	200	22	CYP2E1	-3.98729269375799	-1	3.98729269375799	False	False	False
NTM2_ASD_down	200	23	IQSEC1	-3.96536990397371	-1	3.96536990397371	True	False	True
NTM2_ASD_down	200	24	RPH3A	-3.96440789507353	-1	3.96440789507353	True	False	True
NTM2_ASD_down	200	25	FBLN7	-3.94999790784626	-1	3.94999790784626	True	False	True
NTM2_ASD_down	200	26	TANGO2	-3.94383213493093	-1	3.94383213493093	False	False	False
NTM2_ASD_down	200	27	IL17REL	-3.90973956081033	-1	3.90973956081033	False	False	False
NTM2_ASD_down	200	28	PCDHA3	-3.90258554108698	-1	3.90258554108698	False	False	False
NTM2_ASD_down	200	29	OTUD7A	-3.90174228832616	-1	3.90174228832616	True	False	True
NTM2_ASD_down	200	30	JCAD	-3.85483506812587	-1	3.85483506812587	False	False	False
NTM2_ASD_down	200	31	ADGRL1	-3.85233508705342	-1	3.85233508705342	False	False	False
NTM2_ASD_down	200	32	ADRA1D	-3.84226965772106	-1	3.84226965772106	False	False	False
NTM2_ASD_down	200	33	SERTAD4	-3.80931364122228	-1	3.80931364122228	False	False	False
NTM2_ASD_down	200	34	LINC01844	-3.7997998356648	-1	3.7997998356648	False	False	False
NTM2_ASD_down	200	35	CDK5R2	-3.79337610007523	-1	3.79337610007523	True	False	True
NTM2_ASD_down	200	36	KCNA2	-3.7862697120283	-1	3.7862697120283	True	False	True
NTM2_ASD_down	200	37	SLC36A1	-3.78242449677066	-1	3.78242449677066	False	False	False
NTM2_ASD_down	200	38	RHOBTB2	-3.77857289838518	-1	3.77857289838518	False	False	False
NTM2_ASD_down	200	39	LIMK1	-3.74177248899971	-1	3.74177248899971	True	False	True
NTM2_ASD_down	200	40	ARHGEF11	-3.73676868272424	-1	3.73676868272424	False	False	False
NTM2_ASD_down	200	41	CLEC2L	-3.71072568993876	-1	3.71072568993876	True	False	True
NTM2_ASD_down	200	42	CABP1	-3.70697547436262	-1	3.70697547436262	True	False	True
NTM2_ASD_down	200	43	MIR3677HG	-3.68725110984757	-1	3.68725110984757	False	False	False
NTM2_ASD_down	200	44	IQSEC3	-3.68016766523167	-1	3.68016766523167	True	False	True
NTM2_ASD_down	200	45	RIMKLA	-3.67787346373641	-1	3.67787346373641	False	False	False
NTM2_ASD_down	200	46	MAP1A	-3.67487030453126	-1	3.67487030453126	True	False	True
NTM2_ASD_down	200	47	MARCHF10	-3.67257803807993	-1	3.67257803807993	False	False	False
NTM2_ASD_down	200	48	CFAP410	-3.60888105438887	-1	3.60888105438887	False	False	False
NTM2_ASD_down	200	49	CPLX1	-3.60289792831945	-1	3.60289792831945	True	False	True
NTM2_ASD_down	200	50	PARD6A	-3.59819926888217	-1	3.59819926888217	True	False	True
NTM2_ASD_down	200	51	ABCA3	-3.5940180035995	-1	3.5940180035995	False	False	False
NTM2_ASD_down	200	52	TECPR1	-3.58266489487352	-1	3.58266489487352	False	False	False
NTM2_ASD_down	200	53	EVI5L	-3.58122506102895	-1	3.58122506102895	False	False	False
NTM2_ASD_down	200	54	ST8SIA5	-3.56380328102081	-1	3.56380328102081	True	False	True
NTM2_ASD_down	200	55	TMEM121B	-3.56371700868177	-1	3.56371700868177	False	False	False
NTM2_ASD_down	200	56	NUP93	-3.55688952055928	-1	3.55688952055928	True	False	True
NTM2_ASD_down	200	57	POU3F1	-3.55591932915285	-1	3.55591932915285	False	False	False
NTM2_ASD_down	200	58	SETD4	-3.55136748949434	-1	3.55136748949434	False	False	False
NTM2_ASD_down	200	59	SPDEF	-3.5457528102404	-1	3.5457528102404	False	False	False
NTM2_ASD_down	200	60	FAM86HP	-3.53605191903366	-1	3.53605191903366	False	False	False
NTM2_ASD_down	200	61	PANX2	-3.53306625888345	-1	3.53306625888345	True	False	True
NTM2_ASD_down	200	62	LINC02192	-3.52383279524289	-1	3.52383279524289	False	False	False
NTM2_ASD_down	200	63	ADGRB2	-3.50938857561023	-1	3.50938857561023	False	False	False
NTM2_ASD_down	200	64	N4BP3	-3.50454542725897	-1	3.50454542725897	False	False	False
NTM2_ASD_down	200	65	LOC153910	-3.50216799074943	-1	3.50216799074943	False	False	False
NTM2_ASD_down	200	66	NGEF	-3.49955670975169	-1	3.49955670975169	True	False	True
NTM2_ASD_down	200	67	PRRT3	-3.49731009797539	-1	3.49731009797539	True	False	True
NTM2_ASD_down	200	68	CACNB1	-3.47161258955423	-1	3.47161258955423	False	False	False
NTM2_ASD_down	200	69	BCL11B	-3.46962817893975	-1	3.46962817893975	True	False	True
NTM2_ASD_down	200	70	KLF13	-3.46890176256176	-1	3.46890176256176	False	False	False
NTM2_ASD_down	200	71	KCNF1	-3.46274379623636	-1	3.46274379623636	False	False	False
NTM2_ASD_down	200	72	CHGA	-3.44278448125473	-1	3.44278448125473	False	False	False
NTM2_ASD_down	200	73	MAP3K9	-3.43834150703	-1	3.43834150703	False	False	False
NTM2_ASD_down	200	74	LOC101927588	-3.43654102360364	-1	3.43654102360364	False	False	False
NTM2_ASD_down	200	75	PEX5L	-3.42546754570567	-1	3.42546754570567	True	False	True
NTM2_ASD_down	200	76	DAGLA	-3.42275976985864	-1	3.42275976985864	False	False	False
NTM2_ASD_down	200	77	TESC	-3.41264044081996	-1	3.41264044081996	True	False	True
NTM2_ASD_down	200	78	SFTPD	-3.40961996127914	-1	3.40961996127914	False	False	False
NTM2_ASD_down	200	79	FAM43B	-3.40660386600902	-1	3.40660386600902	True	False	True
NTM2_ASD_down	200	80	DIRAS1	-3.39655317807332	-1	3.39655317807332	False	False	False
NTM2_ASD_down	200	81	DGCR5	-3.39409679521988	-1	3.39409679521988	False	False	False
NTM2_ASD_down	200	82	RAB11FIP5	-3.39366435868832	-1	3.39366435868832	True	False	True
NTM2_ASD_down	200	83	PHF24	-3.39086086941949	-1	3.39086086941949	False	False	False
NTM2_ASD_down	200	84	INKA2	-3.3859253836118	-1	3.3859253836118	False	False	False
NTM2_ASD_down	200	85	ARIH2	-3.38510495434062	-1	3.38510495434062	False	False	False
NTM2_ASD_down	200	86	INF2	-3.37768521892548	-1	3.37768521892548	True	False	True
NTM2_ASD_down	200	87	ATXN1	-3.3758842283766	-1	3.3758842283766	False	False	False
NTM2_ASD_down	200	88	ROCK2	-3.37161949569335	-1	3.37161949569335	False	False	False
NTM2_ASD_down	200	89	ANKRD52	-3.37036411151274	-1	3.37036411151274	False	False	False
NTM2_ASD_down	200	90	KCNB1	-3.35672516541186	-1	3.35672516541186	True	False	True
NTM2_ASD_down	200	91	KCNA1	-3.35506995293236	-1	3.35506995293236	True	False	True
NTM2_ASD_down	200	92	R3HDM2	-3.35290936809116	-1	3.35290936809116	False	False	False
NTM2_ASD_down	200	93	BRSK1	-3.35207227842145	-1	3.35207227842145	False	False	False
NTM2_ASD_down	200	94	NEFH	-3.351392488155	-1	3.351392488155	True	False	True
NTM2_ASD_down	200	95	TAOK2	-3.33567711176275	-1	3.33567711176275	False	False	False
NTM2_ASD_down	200	96	PLCB1	-3.32047835526877	-1	3.32047835526877	True	False	True
NTM2_ASD_down	200	97	TESPA1	-3.31014591703913	-1	3.31014591703913	False	False	False
NTM2_ASD_down	200	98	KAZALD1	-3.30082086517707	-1	3.30082086517707	False	False	False
NTM2_ASD_down	200	99	DNAJC28	-3.28537762297503	-1	3.28537762297503	False	False	False
NTM2_ASD_down	200	100	CYP24A1	-3.28314469298598	-1	3.28314469298598	False	False	False
NTM2_ASD_down	200	101	SMPD3	-3.28119721655224	-1	3.28119721655224	True	False	True
NTM2_ASD_down	200	102	CORO2B	-3.27940371073112	-1	3.27940371073112	False	False	False
NTM2_ASD_down	200	103	GSK3B	-3.27499771090141	-1	3.27499771090141	False	False	False
NTM2_ASD_down	200	104	ADGRA1	-3.24831482673612	-1	3.24831482673612	False	False	False
NTM2_ASD_down	200	105	FGF13	-3.23698201091079	-1	3.23698201091079	False	False	False
NTM2_ASD_down	200	106	GP1BB	-3.21650388209592	-1	3.21650388209592	False	False	False
NTM2_ASD_down	200	107	DACT2	-3.20490382588692	-1	3.20490382588692	False	False	False
NTM2_ASD_down	200	108	NEFM	-3.20149587728076	-1	3.20149587728076	False	False	False
NTM2_ASD_down	200	109	BRD3OS	-3.19761242420433	-1	3.19761242420433	False	False	False
NTM2_ASD_down	200	110	LINC02133	-3.19167273789865	-1	3.19167273789865	False	False	False
NTM2_ASD_down	200	111	SYNGR1	-3.19087299487208	-1	3.19087299487208	True	False	True
NTM2_ASD_down	200	112	TMEM179	-3.18759600720507	-1	3.18759600720507	False	False	False
NTM2_ASD_down	200	113	INPP5J	-3.18520587734968	-1	3.18520587734968	True	False	True
NTM2_ASD_down	200	114	PDE10A	-3.18378790230577	-1	3.18378790230577	True	False	True
NTM2_ASD_down	200	115	JAKMIP1	-3.18022884673963	-1	3.18022884673963	False	False	False
NTM2_ASD_down	200	116	SYT5	-3.15341249921284	-1	3.15341249921284	False	False	False
NTM2_ASD_down	200	117	PTGFRN	-3.15101868975551	-1	3.15101868975551	True	False	True
NTM2_ASD_down	200	118	PHACTR1	-3.14448661155936	-1	3.14448661155936	False	False	False
NTM2_ASD_down	200	119	PLXDC1	-3.13241440808007	-1	3.13241440808007	True	False	True
NTM2_ASD_down	200	120	LOC103344931	-3.12967943417907	-1	3.12967943417907	False	False	False
NTM2_ASD_down	200	121	LRTM2	-3.12807354204816	-1	3.12807354204816	True	False	True
NTM2_ASD_down	200	122	SREBF2	-3.11398142556512	-1	3.11398142556512	True	False	True
NTM2_ASD_down	200	123	PCSK1	-3.11287132961694	-1	3.11287132961694	True	False	True
NTM2_ASD_down	200	124	SYT12	-3.11170444546484	-1	3.11170444546484	True	False	True
NTM2_ASD_down	200	125	ATG4D	-3.10999197063381	-1	3.10999197063381	False	False	False
NTM2_ASD_down	200	126	ANK3	-3.10991472053875	-1	3.10991472053875	False	False	False
NTM2_ASD_down	200	127	PART1	-3.10967546277738	-1	3.10967546277738	True	False	True
NTM2_ASD_down	200	128	EDN3	-3.10155135357774	-1	3.10155135357774	False	False	False
NTM2_ASD_down	200	129	C17orf100	-3.09672548512913	-1	3.09672548512913	False	False	False
NTM2_ASD_down	200	130	MORN3	-3.08827028462836	-1	3.08827028462836	False	False	False
NTM2_ASD_down	200	131	TMEFF1	-3.08575525393784	-1	3.08575525393784	True	False	True
NTM2_ASD_down	200	132	SCN8A	-3.07351395199421	-1	3.07351395199421	False	False	False
NTM2_ASD_down	200	133	ABCG4	-3.06918530161027	-1	3.06918530161027	True	False	True
NTM2_ASD_down	200	134	FRMPD2B	-3.06899542643329	-1	3.06899542643329	False	False	False
NTM2_ASD_down	200	135	NTN4	-3.05345173835301	-1	3.05345173835301	False	False	False
NTM2_ASD_down	200	136	COL26A1	-3.05204234505528	-1	3.05204234505528	False	False	False
NTM2_ASD_down	200	137	TMEM250	-3.05073772021372	-1	3.05073772021372	False	False	False
NTM2_ASD_down	200	138	ADCY1	-3.0457678024276	-1	3.0457678024276	False	False	False
NTM2_ASD_down	200	139	RHOBTB1	-3.04535214793416	-1	3.04535214793416	False	False	False
NTM2_ASD_down	200	140	SYNPO2	-3.04503090992872	-1	3.04503090992872	True	False	True
NTM2_ASD_down	200	141	EPHB6	-3.03999642654012	-1	3.03999642654012	False	False	False
NTM2_ASD_down	200	142	REEP2	-3.0340002335414	-1	3.0340002335414	False	False	False
NTM2_ASD_down	200	143	TBC1D10B	-3.02669169046449	-1	3.02669169046449	False	False	False
NTM2_ASD_down	200	144	CBLN2	-3.02659315167104	-1	3.02659315167104	False	False	False
NTM2_ASD_down	200	145	LRRC8B	-3.02426055903806	-1	3.02426055903806	False	False	False
NTM2_ASD_down	200	146	PRKCB	-3.02323653951301	-1	3.02323653951301	True	False	True
NTM2_ASD_down	200	147	CCDC184	-3.01988584140213	-1	3.01988584140213	False	False	False
NTM2_ASD_down	200	148	KIF17	-3.01500268030148	-1	3.01500268030148	True	False	True
NTM2_ASD_down	200	149	TRABD2A	-3.01481414553417	-1	3.01481414553417	False	False	False
NTM2_ASD_down	200	150	PCSK2	-3.01043711029012	-1	3.01043711029012	False	False	False
NTM2_ASD_down	200	151	NDRG4	-3.00562013646297	-1	3.00562013646297	True	False	True
NTM2_ASD_down	200	152	NCR3LG1	-2.98354554627299	-1	2.98354554627299	False	False	False
NTM2_ASD_down	200	153	MARK2	-2.98046411235412	-1	2.98046411235412	False	False	False
NTM2_ASD_down	200	154	STX1B	-2.97735135824163	-1	2.97735135824163	True	False	True
NTM2_ASD_down	200	155	PTGES3L	-2.95977003030337	-1	2.95977003030337	False	False	False
NTM2_ASD_down	200	156	HCN2	-2.95641705796594	-1	2.95641705796594	True	False	True
NTM2_ASD_down	200	157	CORO2A	-2.95495921625826	-1	2.95495921625826	False	False	False
NTM2_ASD_down	200	158	KCNN1	-2.9544218524457	-1	2.9544218524457	True	False	True
NTM2_ASD_down	200	159	KCNJ4	-2.94732715886252	-1	2.94732715886252	True	False	True
NTM2_ASD_down	200	160	RNFT2	-2.94584030703743	-1	2.94584030703743	False	False	False
NTM2_ASD_down	200	161	LRRTM1	-2.94332014093755	-1	2.94332014093755	False	False	False
NTM2_ASD_down	200	162	GRID1	-2.9391565141941	-1	2.9391565141941	False	False	False
NTM2_ASD_down	200	163	TTC23L	-2.93859556039601	-1	2.93859556039601	False	False	False
NTM2_ASD_down	200	164	CCDC68	-2.92954869951242	-1	2.92954869951242	True	False	True
NTM2_ASD_down	200	165	CTXN3	-2.92913244778467	-1	2.92913244778467	False	False	False
NTM2_ASD_down	200	166	LOC105378231	-2.92886063161261	-1	2.92886063161261	False	False	False
NTM2_ASD_down	200	167	PCDHA7	-2.92648543254012	-1	2.92648543254012	False	False	False
NTM2_ASD_down	200	168	PLBD2	-2.91982573493689	-1	2.91982573493689	False	False	False
NTM2_ASD_down	200	169	TRAPPC10	-2.91598726336959	-1	2.91598726336959	False	False	False
NTM2_ASD_down	200	170	PCDHA2	-2.91284707697828	-1	2.91284707697828	False	False	False
NTM2_ASD_down	200	171	PACSIN1	-2.90642066173718	-1	2.90642066173718	True	False	True
NTM2_ASD_down	200	172	PPP6R2	-2.90616083247274	-1	2.90616083247274	False	False	False
NTM2_ASD_down	200	173	SLC9A1	-2.90132601044653	-1	2.90132601044653	True	False	True
NTM2_ASD_down	200	174	CHRNA2	-2.89846216989233	-1	2.89846216989233	True	False	True
NTM2_ASD_down	200	175	KRBOX5	-2.89802598527444	-1	2.89802598527444	False	False	False
NTM2_ASD_down	200	176	PPP2R2C	-2.89715836079709	-1	2.89715836079709	True	False	True
NTM2_ASD_down	200	177	FBXO41	-2.88974143482191	-1	2.88974143482191	True	False	True
NTM2_ASD_down	200	178	RAPGEF4-AS1	-2.88735146976517	-1	2.88735146976517	False	False	False
NTM2_ASD_down	200	179	FBXL20	-2.88698735994108	-1	2.88698735994108	False	False	False
NTM2_ASD_down	200	180	WDR13	-2.88607992171151	-1	2.88607992171151	False	False	False
NTM2_ASD_down	200	181	UBE3A	-2.88196799257543	-1	2.88196799257543	True	False	True
NTM2_ASD_down	200	182	SPOCK2	-2.88038200346026	-1	2.88038200346026	True	False	True
NTM2_ASD_down	200	183	SYT15	-2.87964126636584	-1	2.87964126636584	True	False	True
NTM2_ASD_down	200	184	OPA3	-2.87906062311374	-1	2.87906062311374	False	False	False
NTM2_ASD_down	200	185	TMEM178B	-2.87679430928602	-1	2.87679430928602	False	False	False
NTM2_ASD_down	200	186	PIK3R2	-2.86724731068098	-1	2.86724731068098	False	False	False
NTM2_ASD_down	200	187	CHRNB2	-2.86706681785884	-1	2.86706681785884	False	False	False
NTM2_ASD_down	200	188	RMND5B	-2.86495038136878	-1	2.86495038136878	False	False	False
NTM2_ASD_down	200	189	ADCY5	-2.86042119836676	-1	2.86042119836676	False	False	False
NTM2_ASD_down	200	190	ADCK1	-2.86023846039294	-1	2.86023846039294	False	False	False
NTM2_ASD_down	200	191	RAPGEF5	-2.85998706203962	-1	2.85998706203962	True	False	True
NTM2_ASD_down	200	192	LINC01470	-2.85858882777239	-1	2.85858882777239	False	False	False
NTM2_ASD_down	200	193	HCRTR1	-2.85815595342089	-1	2.85815595342089	False	False	False
NTM2_ASD_down	200	194	SLC45A1	-2.85716026484753	-1	2.85716026484753	False	False	False
NTM2_ASD_down	200	195	KLF9	-2.85669443464454	-1	2.85669443464454	True	False	True
NTM2_ASD_down	200	196	KIAA0513	-2.85653578360892	-1	2.85653578360892	True	False	True
NTM2_ASD_down	200	197	LOC119746555	-2.85467319966769	-1	2.85467319966769	False	False	False
NTM2_ASD_down	200	198	ARHGAP44	-2.85189936793361	-1	2.85189936793361	True	False	True
NTM2_ASD_down	200	199	MARCHF4	-2.8516013472232	-1	2.8516013472232	False	False	False
NTM2_ASD_down	200	200	UNC5A	-2.85077665739101	-1	2.85077665739101	False	False	False
NTM3_ASD_signed	200	1	PGAM2	7.20971851829502	1	7.20971851829502	False	False	False
NTM3_ASD_signed	200	2	PCDHGA6	6.01412271071827	1	6.01412271071827	False	False	False
NTM3_ASD_signed	200	3	ZNF804B	-6.00204416930744	-1	6.00204416930744	False	False	False
NTM3_ASD_signed	200	4	PIRT	5.05062106677198	1	5.05062106677198	False	False	False
NTM3_ASD_signed	200	5	ARHGAP6	5.01938156206294	1	5.01938156206294	False	False	False
NTM3_ASD_signed	200	6	SUSD5	-4.89335536098251	-1	4.89335536098251	True	False	True
NTM3_ASD_signed	200	7	PITPNA-AS1	4.87958528763785	1	4.87958528763785	False	False	False
NTM3_ASD_signed	200	8	H1-2	4.84856990719471	1	4.84856990719471	False	False	False
NTM3_ASD_signed	200	9	NOS2	-4.82139570628448	-1	4.82139570628448	True	False	True
NTM3_ASD_signed	200	10	IRGQ	-4.76627462450893	-1	4.76627462450893	True	False	True
NTM3_ASD_signed	200	11	TMEM151B	-4.75439472156047	-1	4.75439472156047	False	False	False
NTM3_ASD_signed	200	12	FAH	4.75124265057912	1	4.75124265057912	True	True	False
NTM3_ASD_signed	200	13	OVOL2	-4.72035155775408	-1	4.72035155775408	False	False	False
NTM3_ASD_signed	200	14	BTG1	4.70597123337315	1	4.70597123337315	True	True	False
NTM3_ASD_signed	200	15	CXCL5	4.70202457051339	1	4.70202457051339	False	False	False
NTM3_ASD_signed	200	16	FTL	4.67509714484616	1	4.67509714484616	False	False	False
NTM3_ASD_signed	200	17	COL10A1	-4.64040114822016	-1	4.64040114822016	True	False	True
NTM3_ASD_signed	200	18	GADD45G	4.63056622604224	1	4.63056622604224	False	False	False
NTM3_ASD_signed	200	19	WNT10A	-4.60749518513366	-1	4.60749518513366	False	False	False
NTM3_ASD_signed	200	20	MTMR11	4.57292011111706	1	4.57292011111706	False	False	False
NTM3_ASD_signed	200	21	H4C14	4.55987022516043	1	4.55987022516043	False	False	False
NTM3_ASD_signed	200	22	PLEKHA4	4.55023103057427	1	4.55023103057427	False	False	False
NTM3_ASD_signed	200	23	HNRNPH1	4.54444093479356	1	4.54444093479356	True	True	False
NTM3_ASD_signed	200	24	BCCIP	4.53898953614708	1	4.53898953614708	True	True	False
NTM3_ASD_signed	200	25	ABCA1	4.51075268234858	1	4.51075268234858	False	False	False
NTM3_ASD_signed	200	26	CSTB	4.50543993966292	1	4.50543993966292	False	False	False
NTM3_ASD_signed	200	27	TPBG	-4.49961714888502	-1	4.49961714888502	False	False	False
NTM3_ASD_signed	200	28	ARMCX6	4.49773909292779	1	4.49773909292779	False	False	False
NTM3_ASD_signed	200	29	APOOL	-4.4902150855277	-1	4.4902150855277	False	False	False
NTM3_ASD_signed	200	30	IGFBP5	4.48773048332092	1	4.48773048332092	False	False	False
NTM3_ASD_signed	200	31	TMEM176A	4.44560789496208	1	4.44560789496208	False	False	False
NTM3_ASD_signed	200	32	HMGN1	4.41438035214001	1	4.41438035214001	True	True	False
NTM3_ASD_signed	200	33	ATP2B2	-4.37978008568899	-1	4.37978008568899	True	False	True
NTM3_ASD_signed	200	34	SLC2A4RG	4.36586526979047	1	4.36586526979047	False	False	False
NTM3_ASD_signed	200	35	UXT-AS1	4.35895711628577	1	4.35895711628577	False	False	False
NTM3_ASD_signed	200	36	EMP3	4.35891209592947	1	4.35891209592947	False	False	False
NTM3_ASD_signed	200	37	SYT3	-4.35771917587339	-1	4.35771917587339	False	False	False
NTM3_ASD_signed	200	38	FOXJ1	4.35077776535989	1	4.35077776535989	False	False	False
NTM3_ASD_signed	200	39	RPS3	4.34432605971197	1	4.34432605971197	True	True	False
NTM3_ASD_signed	200	40	SNHG19	4.33245991305077	1	4.33245991305077	False	False	False
NTM3_ASD_signed	200	41	GTF2A1L	4.29489688255692	1	4.29489688255692	False	False	False
NTM3_ASD_signed	200	42	DDR2	4.25581641962911	1	4.25581641962911	False	False	False
NTM3_ASD_signed	200	43	BASP1	-4.25043917932904	-1	4.25043917932904	True	False	True
NTM3_ASD_signed	200	44	NABP1	4.2327175690044	1	4.2327175690044	False	False	False
NTM3_ASD_signed	200	45	LYNX1	-4.19515521994107	-1	4.19515521994107	True	False	True
NTM3_ASD_signed	200	46	PABPC1	4.18268487204014	1	4.18268487204014	True	True	False
NTM3_ASD_signed	200	47	CENPS-CORT	-4.18228216882888	-1	4.18228216882888	False	False	False
NTM3_ASD_signed	200	48	GHRHR	4.16103189753518	1	4.16103189753518	False	False	False
NTM3_ASD_signed	200	49	HR	-4.15442329006094	-1	4.15442329006094	True	False	True
NTM3_ASD_signed	200	50	DZIP1L	4.14734839405979	1	4.14734839405979	False	False	False
NTM3_ASD_signed	200	51	RNF157	-4.14629829441838	-1	4.14629829441838	True	False	True
NTM3_ASD_signed	200	52	LZTS1	-4.14161297378831	-1	4.14161297378831	True	False	True
NTM3_ASD_signed	200	53	UBE2L6	4.09636713253115	1	4.09636713253115	True	True	False
NTM3_ASD_signed	200	54	LONRF3	4.09586529067049	1	4.09586529067049	False	False	False
NTM3_ASD_signed	200	55	GFPT2	4.08154082031066	1	4.08154082031066	False	False	False
NTM3_ASD_signed	200	56	CACNG2	-4.07613308461322	-1	4.07613308461322	False	False	False
NTM3_ASD_signed	200	57	ZNF217	4.07197000536311	1	4.07197000536311	True	True	False
NTM3_ASD_signed	200	58	ZSCAN1	-4.04228833533272	-1	4.04228833533272	False	False	False
NTM3_ASD_signed	200	59	CD99	4.04092295329309	1	4.04092295329309	False	False	False
NTM3_ASD_signed	200	60	TGIF1	4.03372049260923	1	4.03372049260923	False	False	False
NTM3_ASD_signed	200	61	CHI3L2	4.02488209421331	1	4.02488209421331	False	False	False
NTM3_ASD_signed	200	62	DDAH2	4.01525259993605	1	4.01525259993605	True	True	False
NTM3_ASD_signed	200	63	CELSR2	-4.01401276163347	-1	4.01401276163347	False	False	False
NTM3_ASD_signed	200	64	RAB20	4.00359439238769	1	4.00359439238769	False	False	False
NTM3_ASD_signed	200	65	MDK	3.99980525018311	1	3.99980525018311	True	True	False
NTM3_ASD_signed	200	66	CYP2E1	-3.98729269375799	-1	3.98729269375799	False	False	False
NTM3_ASD_signed	200	67	TMEM176B	3.98693579140637	1	3.98693579140637	True	True	False
NTM3_ASD_signed	200	68	GDPD2	3.97583184533899	1	3.97583184533899	False	False	False
NTM3_ASD_signed	200	69	SMAD1	3.9726439599843	1	3.9726439599843	True	True	False
NTM3_ASD_signed	200	70	IQSEC1	-3.96536990397371	-1	3.96536990397371	True	False	True
NTM3_ASD_signed	200	71	RPH3A	-3.96440789507353	-1	3.96440789507353	True	False	True
NTM3_ASD_signed	200	72	FBLN7	-3.94999790784626	-1	3.94999790784626	True	False	True
NTM3_ASD_signed	200	73	LRAT	3.94902302919565	1	3.94902302919565	False	False	False
NTM3_ASD_signed	200	74	RPL18A	3.94595963527571	1	3.94595963527571	True	True	False
NTM3_ASD_signed	200	75	TANGO2	-3.94383213493093	-1	3.94383213493093	False	False	False
NTM3_ASD_signed	200	76	EIF4EBP1	3.93977277863401	1	3.93977277863401	False	False	False
NTM3_ASD_signed	200	77	NT5C2	3.92455628271224	1	3.92455628271224	True	True	False
NTM3_ASD_signed	200	78	IL17REL	-3.90973956081033	-1	3.90973956081033	False	False	False
NTM3_ASD_signed	200	79	PCDHA3	-3.90258554108698	-1	3.90258554108698	False	False	False
NTM3_ASD_signed	200	80	OTUD7A	-3.90174228832616	-1	3.90174228832616	True	False	True
NTM3_ASD_signed	200	81	RPS27L	3.88131043466562	1	3.88131043466562	False	False	False
NTM3_ASD_signed	200	82	JCAD	-3.85483506812587	-1	3.85483506812587	False	False	False
NTM3_ASD_signed	200	83	ADGRL1	-3.85233508705342	-1	3.85233508705342	False	False	False
NTM3_ASD_signed	200	84	LINC01354	3.84929218893059	1	3.84929218893059	False	False	False
NTM3_ASD_signed	200	85	C10orf105	3.84742043174694	1	3.84742043174694	False	False	False
NTM3_ASD_signed	200	86	ADRA1D	-3.84226965772106	-1	3.84226965772106	False	False	False
NTM3_ASD_signed	200	87	H2AC6	3.84058470352856	1	3.84058470352856	False	False	False
NTM3_ASD_signed	200	88	INTS4	3.83570222826705	1	3.83570222826705	True	True	False
NTM3_ASD_signed	200	89	MARCHF3	3.83225933588053	1	3.83225933588053	False	False	False
NTM3_ASD_signed	200	90	H2AJ	3.83118709002056	1	3.83118709002056	False	False	False
NTM3_ASD_signed	200	91	TNFRSF11B	3.8115604507069	1	3.8115604507069	False	False	False
NTM3_ASD_signed	200	92	WEE1	3.80965726943861	1	3.80965726943861	False	False	False
NTM3_ASD_signed	200	93	SERTAD4	-3.80931364122228	-1	3.80931364122228	False	False	False
NTM3_ASD_signed	200	94	ADIRF	3.80619456135892	1	3.80619456135892	False	False	False
NTM3_ASD_signed	200	95	ZC3HAV1	3.80390067831273	1	3.80390067831273	True	True	False
NTM3_ASD_signed	200	96	LINC01844	-3.7997998356648	-1	3.7997998356648	False	False	False
NTM3_ASD_signed	200	97	ALPK1	3.79968757090355	1	3.79968757090355	True	True	False
NTM3_ASD_signed	200	98	OST4	3.79860328355859	1	3.79860328355859	False	False	False
NTM3_ASD_signed	200	99	CDK5R2	-3.79337610007523	-1	3.79337610007523	True	False	True
NTM3_ASD_signed	200	100	KCNA2	-3.7862697120283	-1	3.7862697120283	True	False	True
NTM3_ASD_signed	200	101	SLC36A1	-3.78242449677066	-1	3.78242449677066	False	False	False
NTM3_ASD_signed	200	102	RHOBTB2	-3.77857289838518	-1	3.77857289838518	False	False	False
NTM3_ASD_signed	200	103	SYNC	3.77403983331961	1	3.77403983331961	True	True	False
NTM3_ASD_signed	200	104	H2BC18	3.7729787401893	1	3.7729787401893	False	False	False
NTM3_ASD_signed	200	105	MOB3C	3.76289742094555	1	3.76289742094555	False	False	False
NTM3_ASD_signed	200	106	RPS19	3.75600958749704	1	3.75600958749704	True	True	False
NTM3_ASD_signed	200	107	INTS12	3.75332111291757	1	3.75332111291757	True	True	False
NTM3_ASD_signed	200	108	LIMK1	-3.74177248899971	-1	3.74177248899971	True	False	True
NTM3_ASD_signed	200	109	ARHGEF11	-3.73676868272424	-1	3.73676868272424	False	False	False
NTM3_ASD_signed	200	110	GLIS3	3.72741520190745	1	3.72741520190745	False	False	False
NTM3_ASD_signed	200	111	ROM1	3.71908518737016	1	3.71908518737016	True	True	False
NTM3_ASD_signed	200	112	H4C15	3.71586232841559	1	3.71586232841559	False	False	False
NTM3_ASD_signed	200	113	NQO1	3.71394455929174	1	3.71394455929174	True	True	False
NTM3_ASD_signed	200	114	CLEC2L	-3.71072568993876	-1	3.71072568993876	True	False	True
NTM3_ASD_signed	200	115	KIFC1	3.70909724606816	1	3.70909724606816	False	False	False
NTM3_ASD_signed	200	116	CABP1	-3.70697547436262	-1	3.70697547436262	True	False	True
NTM3_ASD_signed	200	117	HMOX1	3.70239104088511	1	3.70239104088511	False	False	False
NTM3_ASD_signed	200	118	MICA	3.69482416074067	1	3.69482416074067	False	False	False
NTM3_ASD_signed	200	119	MIR3677HG	-3.68725110984757	-1	3.68725110984757	False	False	False
NTM3_ASD_signed	200	120	POLR2J	3.68162805578246	1	3.68162805578246	False	False	False
NTM3_ASD_signed	200	121	IQSEC3	-3.68016766523167	-1	3.68016766523167	True	False	True
NTM3_ASD_signed	200	122	VIM-AS1	3.68003236524138	1	3.68003236524138	False	False	False
NTM3_ASD_signed	200	123	CRTC3-AS1	3.67942236667132	1	3.67942236667132	False	False	False
NTM3_ASD_signed	200	124	RIMKLA	-3.67787346373641	-1	3.67787346373641	False	False	False
NTM3_ASD_signed	200	125	MAP1A	-3.67487030453126	-1	3.67487030453126	True	False	True
NTM3_ASD_signed	200	126	SRGAP1	3.6732660751797	1	3.6732660751797	True	True	False
NTM3_ASD_signed	200	127	MARCHF10	-3.67257803807993	-1	3.67257803807993	False	False	False
NTM3_ASD_signed	200	128	SFMBT2	3.65644549800314	1	3.65644549800314	False	False	False
NTM3_ASD_signed	200	129	RPL13A	3.6557983365219	1	3.6557983365219	True	True	False
NTM3_ASD_signed	200	130	HSPB1	3.65177222669989	1	3.65177222669989	False	False	False
NTM3_ASD_signed	200	131	DYNLT1	3.65032439099228	1	3.65032439099228	True	True	False
NTM3_ASD_signed	200	132	CAPG	3.6457295239143	1	3.6457295239143	False	False	False
NTM3_ASD_signed	200	133	RPS16	3.64036472136277	1	3.64036472136277	True	True	False
NTM3_ASD_signed	200	134	PDLIM3	3.63364084042349	1	3.63364084042349	False	False	False
NTM3_ASD_signed	200	135	C4A	3.63154623058816	1	3.63154623058816	False	False	False
NTM3_ASD_signed	200	136	SLC44A3	3.62607545774037	1	3.62607545774037	False	False	False
NTM3_ASD_signed	200	137	RAD51B	3.6208483334971	1	3.6208483334971	False	False	False
NTM3_ASD_signed	200	138	CFAP410	-3.60888105438887	-1	3.60888105438887	False	False	False
NTM3_ASD_signed	200	139	ARRDC4	3.60733665557234	1	3.60733665557234	True	True	False
NTM3_ASD_signed	200	140	CPLX1	-3.60289792831945	-1	3.60289792831945	True	False	True
NTM3_ASD_signed	200	141	SUGCT	3.60202309465504	1	3.60202309465504	False	False	False
NTM3_ASD_signed	200	142	KIF18A	3.59993919251804	1	3.59993919251804	False	False	False
NTM3_ASD_signed	200	143	PARD6A	-3.59819926888217	-1	3.59819926888217	True	False	True
NTM3_ASD_signed	200	144	AGTRAP	3.59591037716023	1	3.59591037716023	False	False	False
NTM3_ASD_signed	200	145	HMGN2	3.59418538617666	1	3.59418538617666	True	True	False
NTM3_ASD_signed	200	146	ABCA3	-3.5940180035995	-1	3.5940180035995	False	False	False
NTM3_ASD_signed	200	147	PSD4	3.58660484526475	1	3.58660484526475	False	False	False
NTM3_ASD_signed	200	148	TECPR1	-3.58266489487352	-1	3.58266489487352	False	False	False
NTM3_ASD_signed	200	149	EVI5L	-3.58122506102895	-1	3.58122506102895	False	False	False
NTM3_ASD_signed	200	150	NFKB2	3.5734041710986	1	3.5734041710986	False	False	False
NTM3_ASD_signed	200	151	ST8SIA5	-3.56380328102081	-1	3.56380328102081	True	False	True
NTM3_ASD_signed	200	152	TMEM121B	-3.56371700868177	-1	3.56371700868177	False	False	False
NTM3_ASD_signed	200	153	HAL	3.56366051918942	1	3.56366051918942	False	False	False
NTM3_ASD_signed	200	154	ANGPT1	3.56079118149372	1	3.56079118149372	False	False	False
NTM3_ASD_signed	200	155	NUP93	-3.55688952055928	-1	3.55688952055928	True	False	True
NTM3_ASD_signed	200	156	POU3F1	-3.55591932915285	-1	3.55591932915285	False	False	False
NTM3_ASD_signed	200	157	SLC2A9	3.55248540853681	1	3.55248540853681	False	False	False
NTM3_ASD_signed	200	158	SETD4	-3.55136748949434	-1	3.55136748949434	False	False	False
NTM3_ASD_signed	200	159	P4HA1	3.55030896187596	1	3.55030896187596	False	False	False
NTM3_ASD_signed	200	160	SPDEF	-3.5457528102404	-1	3.5457528102404	False	False	False
NTM3_ASD_signed	200	161	FAM86HP	-3.53605191903366	-1	3.53605191903366	False	False	False
NTM3_ASD_signed	200	162	EVC2	3.53572295543524	1	3.53572295543524	False	False	False
NTM3_ASD_signed	200	163	PANX2	-3.53306625888345	-1	3.53306625888345	True	False	True
NTM3_ASD_signed	200	164	H2BC21	3.52904005485231	1	3.52904005485231	False	False	False
NTM3_ASD_signed	200	165	LINC02192	-3.52383279524289	-1	3.52383279524289	False	False	False
NTM3_ASD_signed	200	166	LCTL	3.5202019620474	1	3.5202019620474	False	False	False
NTM3_ASD_signed	200	167	ELL3	3.51906529696569	1	3.51906529696569	False	False	False
NTM3_ASD_signed	200	168	LHFPL1	3.51852635751975	1	3.51852635751975	False	False	False
NTM3_ASD_signed	200	169	MAML2	3.5151711828091	1	3.5151711828091	False	False	False
NTM3_ASD_signed	200	170	ADGRB2	-3.50938857561023	-1	3.50938857561023	False	False	False
NTM3_ASD_signed	200	171	EEF1A1	3.50515097230627	1	3.50515097230627	True	True	False
NTM3_ASD_signed	200	172	N4BP3	-3.50454542725897	-1	3.50454542725897	False	False	False
NTM3_ASD_signed	200	173	FNDC3B	3.50231578382987	1	3.50231578382987	False	False	False
NTM3_ASD_signed	200	174	LOC153910	-3.50216799074943	-1	3.50216799074943	False	False	False
NTM3_ASD_signed	200	175	PYCR1	3.50041061690305	1	3.50041061690305	False	False	False
NTM3_ASD_signed	200	176	NGEF	-3.49955670975169	-1	3.49955670975169	True	False	True
NTM3_ASD_signed	200	177	PRRT3	-3.49731009797539	-1	3.49731009797539	True	False	True
NTM3_ASD_signed	200	178	SLC16A9	3.49675533939778	1	3.49675533939778	False	False	False
NTM3_ASD_signed	200	179	PCDHGB6	3.48911941149687	1	3.48911941149687	False	False	False
NTM3_ASD_signed	200	180	ZFAS1	3.48827364234565	1	3.48827364234565	False	False	False
NTM3_ASD_signed	200	181	RPS11	3.48485269496908	1	3.48485269496908	True	True	False
NTM3_ASD_signed	200	182	DDIT4L	3.4845941930119	1	3.4845941930119	False	False	False
NTM3_ASD_signed	200	183	LYPLAL1-DT	3.48084563378832	1	3.48084563378832	False	False	False
NTM3_ASD_signed	200	184	PNP	3.47911374691331	1	3.47911374691331	False	False	False
NTM3_ASD_signed	200	185	CACNB1	-3.47161258955423	-1	3.47161258955423	False	False	False
NTM3_ASD_signed	200	186	BCL11B	-3.46962817893975	-1	3.46962817893975	True	False	True
NTM3_ASD_signed	200	187	KLF13	-3.46890176256176	-1	3.46890176256176	False	False	False
NTM3_ASD_signed	200	188	CAPN8	3.46750166028192	1	3.46750166028192	False	False	False
NTM3_ASD_signed	200	189	RIPK2	3.46485809292967	1	3.46485809292967	True	True	False
NTM3_ASD_signed	200	190	KCNF1	-3.46274379623636	-1	3.46274379623636	False	False	False
NTM3_ASD_signed	200	191	ENO3	3.46211433818887	1	3.46211433818887	False	False	False
NTM3_ASD_signed	200	192	NUPR1	3.46040253172887	1	3.46040253172887	True	True	False
NTM3_ASD_signed	200	193	C4B	3.45793567959398	1	3.45793567959398	False	False	False
NTM3_ASD_signed	200	194	MGST1	3.45555374496255	1	3.45555374496255	False	False	False
NTM3_ASD_signed	200	195	H3-3A	3.45287427814487	1	3.45287427814487	False	False	False
NTM3_ASD_signed	200	196	SLC25A43	3.44768609884499	1	3.44768609884499	False	False	False
NTM3_ASD_signed	200	197	PCDHGB7	3.44765391182497	1	3.44765391182497	False	False	False
NTM3_ASD_signed	200	198	GNG12	3.44756447097343	1	3.44756447097343	False	False	False
NTM3_ASD_signed	200	199	CHGA	-3.44278448125473	-1	3.44278448125473	False	False	False
NTM3_ASD_signed	200	200	CNN3	3.44212426536059	1	3.44212426536059	False	False	False
NTM1_ASD_up	500	1	PGAM2	7.20971851829502	1	7.20971851829502	False	False	False
NTM1_ASD_up	500	2	PCDHGA6	6.01412271071827	1	6.01412271071827	False	False	False
NTM1_ASD_up	500	3	PIRT	5.05062106677198	1	5.05062106677198	False	False	False
NTM1_ASD_up	500	4	ARHGAP6	5.01938156206294	1	5.01938156206294	False	False	False
NTM1_ASD_up	500	5	PITPNA-AS1	4.87958528763785	1	4.87958528763785	False	False	False
NTM1_ASD_up	500	6	H1-2	4.84856990719471	1	4.84856990719471	False	False	False
NTM1_ASD_up	500	7	FAH	4.75124265057912	1	4.75124265057912	True	True	False
NTM1_ASD_up	500	8	BTG1	4.70597123337315	1	4.70597123337315	True	True	False
NTM1_ASD_up	500	9	CXCL5	4.70202457051339	1	4.70202457051339	False	False	False
NTM1_ASD_up	500	10	FTL	4.67509714484616	1	4.67509714484616	False	False	False
NTM1_ASD_up	500	11	GADD45G	4.63056622604224	1	4.63056622604224	False	False	False
NTM1_ASD_up	500	12	MTMR11	4.57292011111706	1	4.57292011111706	False	False	False
NTM1_ASD_up	500	13	H4C14	4.55987022516043	1	4.55987022516043	False	False	False
NTM1_ASD_up	500	14	PLEKHA4	4.55023103057427	1	4.55023103057427	False	False	False
NTM1_ASD_up	500	15	HNRNPH1	4.54444093479356	1	4.54444093479356	True	True	False
NTM1_ASD_up	500	16	BCCIP	4.53898953614708	1	4.53898953614708	True	True	False
NTM1_ASD_up	500	17	ABCA1	4.51075268234858	1	4.51075268234858	False	False	False
NTM1_ASD_up	500	18	CSTB	4.50543993966292	1	4.50543993966292	False	False	False
NTM1_ASD_up	500	19	ARMCX6	4.49773909292779	1	4.49773909292779	False	False	False
NTM1_ASD_up	500	20	IGFBP5	4.48773048332092	1	4.48773048332092	False	False	False
NTM1_ASD_up	500	21	TMEM176A	4.44560789496208	1	4.44560789496208	False	False	False
NTM1_ASD_up	500	22	HMGN1	4.41438035214001	1	4.41438035214001	True	True	False
NTM1_ASD_up	500	23	SLC2A4RG	4.36586526979047	1	4.36586526979047	False	False	False
NTM1_ASD_up	500	24	UXT-AS1	4.35895711628577	1	4.35895711628577	False	False	False
NTM1_ASD_up	500	25	EMP3	4.35891209592947	1	4.35891209592947	False	False	False
NTM1_ASD_up	500	26	FOXJ1	4.35077776535989	1	4.35077776535989	False	False	False
NTM1_ASD_up	500	27	RPS3	4.34432605971197	1	4.34432605971197	True	True	False
NTM1_ASD_up	500	28	SNHG19	4.33245991305077	1	4.33245991305077	False	False	False
NTM1_ASD_up	500	29	GTF2A1L	4.29489688255692	1	4.29489688255692	False	False	False
NTM1_ASD_up	500	30	DDR2	4.25581641962911	1	4.25581641962911	False	False	False
NTM1_ASD_up	500	31	NABP1	4.2327175690044	1	4.2327175690044	False	False	False
NTM1_ASD_up	500	32	PABPC1	4.18268487204014	1	4.18268487204014	True	True	False
NTM1_ASD_up	500	33	GHRHR	4.16103189753518	1	4.16103189753518	False	False	False
NTM1_ASD_up	500	34	DZIP1L	4.14734839405979	1	4.14734839405979	False	False	False
NTM1_ASD_up	500	35	UBE2L6	4.09636713253115	1	4.09636713253115	True	True	False
NTM1_ASD_up	500	36	LONRF3	4.09586529067049	1	4.09586529067049	False	False	False
NTM1_ASD_up	500	37	GFPT2	4.08154082031066	1	4.08154082031066	False	False	False
NTM1_ASD_up	500	38	ZNF217	4.07197000536311	1	4.07197000536311	True	True	False
NTM1_ASD_up	500	39	CD99	4.04092295329309	1	4.04092295329309	False	False	False
NTM1_ASD_up	500	40	TGIF1	4.03372049260923	1	4.03372049260923	False	False	False
NTM1_ASD_up	500	41	CHI3L2	4.02488209421331	1	4.02488209421331	False	False	False
NTM1_ASD_up	500	42	DDAH2	4.01525259993605	1	4.01525259993605	True	True	False
NTM1_ASD_up	500	43	RAB20	4.00359439238769	1	4.00359439238769	False	False	False
NTM1_ASD_up	500	44	MDK	3.99980525018311	1	3.99980525018311	True	True	False
NTM1_ASD_up	500	45	TMEM176B	3.98693579140637	1	3.98693579140637	True	True	False
NTM1_ASD_up	500	46	GDPD2	3.97583184533899	1	3.97583184533899	False	False	False
NTM1_ASD_up	500	47	SMAD1	3.9726439599843	1	3.9726439599843	True	True	False
NTM1_ASD_up	500	48	LRAT	3.94902302919565	1	3.94902302919565	False	False	False
NTM1_ASD_up	500	49	RPL18A	3.94595963527571	1	3.94595963527571	True	True	False
NTM1_ASD_up	500	50	EIF4EBP1	3.93977277863401	1	3.93977277863401	False	False	False
NTM1_ASD_up	500	51	NT5C2	3.92455628271224	1	3.92455628271224	True	True	False
NTM1_ASD_up	500	52	RPS27L	3.88131043466562	1	3.88131043466562	False	False	False
NTM1_ASD_up	500	53	LINC01354	3.84929218893059	1	3.84929218893059	False	False	False
NTM1_ASD_up	500	54	C10orf105	3.84742043174694	1	3.84742043174694	False	False	False
NTM1_ASD_up	500	55	H2AC6	3.84058470352856	1	3.84058470352856	False	False	False
NTM1_ASD_up	500	56	INTS4	3.83570222826705	1	3.83570222826705	True	True	False
NTM1_ASD_up	500	57	MARCHF3	3.83225933588053	1	3.83225933588053	False	False	False
NTM1_ASD_up	500	58	H2AJ	3.83118709002056	1	3.83118709002056	False	False	False
NTM1_ASD_up	500	59	TNFRSF11B	3.8115604507069	1	3.8115604507069	False	False	False
NTM1_ASD_up	500	60	WEE1	3.80965726943861	1	3.80965726943861	False	False	False
NTM1_ASD_up	500	61	ADIRF	3.80619456135892	1	3.80619456135892	False	False	False
NTM1_ASD_up	500	62	ZC3HAV1	3.80390067831273	1	3.80390067831273	True	True	False
NTM1_ASD_up	500	63	ALPK1	3.79968757090355	1	3.79968757090355	True	True	False
NTM1_ASD_up	500	64	OST4	3.79860328355859	1	3.79860328355859	False	False	False
NTM1_ASD_up	500	65	SYNC	3.77403983331961	1	3.77403983331961	True	True	False
NTM1_ASD_up	500	66	H2BC18	3.7729787401893	1	3.7729787401893	False	False	False
NTM1_ASD_up	500	67	MOB3C	3.76289742094555	1	3.76289742094555	False	False	False
NTM1_ASD_up	500	68	RPS19	3.75600958749704	1	3.75600958749704	True	True	False
NTM1_ASD_up	500	69	INTS12	3.75332111291757	1	3.75332111291757	True	True	False
NTM1_ASD_up	500	70	GLIS3	3.72741520190745	1	3.72741520190745	False	False	False
NTM1_ASD_up	500	71	ROM1	3.71908518737016	1	3.71908518737016	True	True	False
NTM1_ASD_up	500	72	H4C15	3.71586232841559	1	3.71586232841559	False	False	False
NTM1_ASD_up	500	73	NQO1	3.71394455929174	1	3.71394455929174	True	True	False
NTM1_ASD_up	500	74	KIFC1	3.70909724606816	1	3.70909724606816	False	False	False
NTM1_ASD_up	500	75	HMOX1	3.70239104088511	1	3.70239104088511	False	False	False
NTM1_ASD_up	500	76	MICA	3.69482416074067	1	3.69482416074067	False	False	False
NTM1_ASD_up	500	77	POLR2J	3.68162805578246	1	3.68162805578246	False	False	False
NTM1_ASD_up	500	78	VIM-AS1	3.68003236524138	1	3.68003236524138	False	False	False
NTM1_ASD_up	500	79	CRTC3-AS1	3.67942236667132	1	3.67942236667132	False	False	False
NTM1_ASD_up	500	80	SRGAP1	3.6732660751797	1	3.6732660751797	True	True	False
NTM1_ASD_up	500	81	SFMBT2	3.65644549800314	1	3.65644549800314	False	False	False
NTM1_ASD_up	500	82	RPL13A	3.6557983365219	1	3.6557983365219	True	True	False
NTM1_ASD_up	500	83	HSPB1	3.65177222669989	1	3.65177222669989	False	False	False
NTM1_ASD_up	500	84	DYNLT1	3.65032439099228	1	3.65032439099228	True	True	False
NTM1_ASD_up	500	85	CAPG	3.6457295239143	1	3.6457295239143	False	False	False
NTM1_ASD_up	500	86	RPS16	3.64036472136277	1	3.64036472136277	True	True	False
NTM1_ASD_up	500	87	PDLIM3	3.63364084042349	1	3.63364084042349	False	False	False
NTM1_ASD_up	500	88	C4A	3.63154623058816	1	3.63154623058816	False	False	False
NTM1_ASD_up	500	89	SLC44A3	3.62607545774037	1	3.62607545774037	False	False	False
NTM1_ASD_up	500	90	RAD51B	3.6208483334971	1	3.6208483334971	False	False	False
NTM1_ASD_up	500	91	ARRDC4	3.60733665557234	1	3.60733665557234	True	True	False
NTM1_ASD_up	500	92	SUGCT	3.60202309465504	1	3.60202309465504	False	False	False
NTM1_ASD_up	500	93	KIF18A	3.59993919251804	1	3.59993919251804	False	False	False
NTM1_ASD_up	500	94	AGTRAP	3.59591037716023	1	3.59591037716023	False	False	False
NTM1_ASD_up	500	95	HMGN2	3.59418538617666	1	3.59418538617666	True	True	False
NTM1_ASD_up	500	96	PSD4	3.58660484526475	1	3.58660484526475	False	False	False
NTM1_ASD_up	500	97	NFKB2	3.5734041710986	1	3.5734041710986	False	False	False
NTM1_ASD_up	500	98	HAL	3.56366051918942	1	3.56366051918942	False	False	False
NTM1_ASD_up	500	99	ANGPT1	3.56079118149372	1	3.56079118149372	False	False	False
NTM1_ASD_up	500	100	SLC2A9	3.55248540853681	1	3.55248540853681	False	False	False
NTM1_ASD_up	500	101	P4HA1	3.55030896187596	1	3.55030896187596	False	False	False
NTM1_ASD_up	500	102	EVC2	3.53572295543524	1	3.53572295543524	False	False	False
NTM1_ASD_up	500	103	H2BC21	3.52904005485231	1	3.52904005485231	False	False	False
NTM1_ASD_up	500	104	LCTL	3.5202019620474	1	3.5202019620474	False	False	False
NTM1_ASD_up	500	105	ELL3	3.51906529696569	1	3.51906529696569	False	False	False
NTM1_ASD_up	500	106	LHFPL1	3.51852635751975	1	3.51852635751975	False	False	False
NTM1_ASD_up	500	107	MAML2	3.5151711828091	1	3.5151711828091	False	False	False
NTM1_ASD_up	500	108	EEF1A1	3.50515097230627	1	3.50515097230627	True	True	False
NTM1_ASD_up	500	109	FNDC3B	3.50231578382987	1	3.50231578382987	False	False	False
NTM1_ASD_up	500	110	PYCR1	3.50041061690305	1	3.50041061690305	False	False	False
NTM1_ASD_up	500	111	SLC16A9	3.49675533939778	1	3.49675533939778	False	False	False
NTM1_ASD_up	500	112	PCDHGB6	3.48911941149687	1	3.48911941149687	False	False	False
NTM1_ASD_up	500	113	ZFAS1	3.48827364234565	1	3.48827364234565	False	False	False
NTM1_ASD_up	500	114	RPS11	3.48485269496908	1	3.48485269496908	True	True	False
NTM1_ASD_up	500	115	DDIT4L	3.4845941930119	1	3.4845941930119	False	False	False
NTM1_ASD_up	500	116	LYPLAL1-DT	3.48084563378832	1	3.48084563378832	False	False	False
NTM1_ASD_up	500	117	PNP	3.47911374691331	1	3.47911374691331	False	False	False
NTM1_ASD_up	500	118	CAPN8	3.46750166028192	1	3.46750166028192	False	False	False
NTM1_ASD_up	500	119	RIPK2	3.46485809292967	1	3.46485809292967	True	True	False
NTM1_ASD_up	500	120	ENO3	3.46211433818887	1	3.46211433818887	False	False	False
NTM1_ASD_up	500	121	NUPR1	3.46040253172887	1	3.46040253172887	True	True	False
NTM1_ASD_up	500	122	C4B	3.45793567959398	1	3.45793567959398	False	False	False
NTM1_ASD_up	500	123	MGST1	3.45555374496255	1	3.45555374496255	False	False	False
NTM1_ASD_up	500	124	H3-3A	3.45287427814487	1	3.45287427814487	False	False	False
NTM1_ASD_up	500	125	SLC25A43	3.44768609884499	1	3.44768609884499	False	False	False
NTM1_ASD_up	500	126	PCDHGB7	3.44765391182497	1	3.44765391182497	False	False	False
NTM1_ASD_up	500	127	GNG12	3.44756447097343	1	3.44756447097343	False	False	False
NTM1_ASD_up	500	128	CNN3	3.44212426536059	1	3.44212426536059	False	False	False
NTM1_ASD_up	500	129	WDR49	3.43743533252677	1	3.43743533252677	False	False	False
NTM1_ASD_up	500	130	PCDHGB3	3.43552966948157	1	3.43552966948157	False	False	False
NTM1_ASD_up	500	131	PPBP	3.43435788324216	1	3.43435788324216	False	False	False
NTM1_ASD_up	500	132	FZD7	3.43395983736755	1	3.43395983736755	True	True	False
NTM1_ASD_up	500	133	MR1	3.42823303530704	1	3.42823303530704	True	True	False
NTM1_ASD_up	500	134	ZNF274	3.42480286455692	1	3.42480286455692	True	True	False
NTM1_ASD_up	500	135	GALNT4	3.42234854493874	1	3.42234854493874	False	False	False
NTM1_ASD_up	500	136	SERP1	3.40433559135836	1	3.40433559135836	False	False	False
NTM1_ASD_up	500	137	PCDHGB2	3.39950978530903	1	3.39950978530903	False	False	False
NTM1_ASD_up	500	138	RNF114	3.39851381834001	1	3.39851381834001	False	False	False
NTM1_ASD_up	500	139	AKR1C3	3.39240390366122	1	3.39240390366122	True	True	False
NTM1_ASD_up	500	140	IFI16	3.39033209452995	1	3.39033209452995	False	False	False
NTM1_ASD_up	500	141	GNA13	3.38940828890438	1	3.38940828890438	True	True	False
NTM1_ASD_up	500	142	GEM	3.3892816716573	1	3.3892816716573	False	False	False
NTM1_ASD_up	500	143	LTBR	3.38223801985956	1	3.38223801985956	False	False	False
NTM1_ASD_up	500	144	CD109-AS1	3.37816582235212	1	3.37816582235212	False	False	False
NTM1_ASD_up	500	145	ABHD3	3.36787247027769	1	3.36787247027769	True	True	False
NTM1_ASD_up	500	146	SWI5	3.34290315717444	1	3.34290315717444	True	True	False
NTM1_ASD_up	500	147	ASAP3	3.34090670427579	1	3.34090670427579	False	False	False
NTM1_ASD_up	500	148	LPP-AS2	3.34003887810913	1	3.34003887810913	False	False	False
NTM1_ASD_up	500	149	PCDHGB8P	3.33626197966249	1	3.33626197966249	False	False	False
NTM1_ASD_up	500	150	TGDS	3.33513172436888	1	3.33513172436888	False	False	False
NTM1_ASD_up	500	151	DDX31	3.33420685414319	1	3.33420685414319	True	True	False
NTM1_ASD_up	500	152	SLC44A3-AS1	3.33117921164163	1	3.33117921164163	False	False	False
NTM1_ASD_up	500	153	MT2A	3.32880767382884	1	3.32880767382884	True	True	False
NTM1_ASD_up	500	154	CAPN2	3.32092362370177	1	3.32092362370177	False	False	False
NTM1_ASD_up	500	155	RAB13	3.3113018423827	1	3.3113018423827	False	False	False
NTM1_ASD_up	500	156	LMNB1	3.30815570909612	1	3.30815570909612	True	True	False
NTM1_ASD_up	500	157	RHOD	3.30645805198657	1	3.30645805198657	False	False	False
NTM1_ASD_up	500	158	PLAUR	3.29858382759002	1	3.29858382759002	False	False	False
NTM1_ASD_up	500	159	SEC11A	3.29572482742625	1	3.29572482742625	True	True	False
NTM1_ASD_up	500	160	ATP6V0E1	3.29390668089891	1	3.29390668089891	False	False	False
NTM1_ASD_up	500	161	S100A11	3.29381590071067	1	3.29381590071067	False	False	False
NTM1_ASD_up	500	162	TAF1A-AS1	3.29133957399187	1	3.29133957399187	False	False	False
NTM1_ASD_up	500	163	PLP2	3.29088250008456	1	3.29088250008456	False	False	False
NTM1_ASD_up	500	164	PLCB3	3.28205607494575	1	3.28205607494575	False	False	False
NTM1_ASD_up	500	165	TMEM216	3.28001814309097	1	3.28001814309097	False	False	False
NTM1_ASD_up	500	166	LIX1	3.27723135135709	1	3.27723135135709	True	True	False
NTM1_ASD_up	500	167	NUP98	3.2756149923817	1	3.2756149923817	True	True	False
NTM1_ASD_up	500	168	FAM107A	3.27022045724846	1	3.27022045724846	True	True	False
NTM1_ASD_up	500	169	XPO1	3.26960958487376	1	3.26960958487376	True	True	False
NTM1_ASD_up	500	170	CBFB	3.26795763732878	1	3.26795763732878	True	True	False
NTM1_ASD_up	500	171	PXN	3.26202129357124	1	3.26202129357124	False	False	False
NTM1_ASD_up	500	172	PLTP	3.26047175899106	1	3.26047175899106	False	False	False
NTM1_ASD_up	500	173	RPL13	3.25859299304341	1	3.25859299304341	True	True	False
NTM1_ASD_up	500	174	LIMS4	3.2459487896433	1	3.2459487896433	False	False	False
NTM1_ASD_up	500	175	HPS5	3.24554100799242	1	3.24554100799242	False	False	False
NTM1_ASD_up	500	176	ST7-OT4	3.23583827511466	1	3.23583827511466	False	False	False
NTM1_ASD_up	500	177	MYC	3.23561681019418	1	3.23561681019418	True	True	False
NTM1_ASD_up	500	178	NPL	3.23178728127474	1	3.23178728127474	True	True	False
NTM1_ASD_up	500	179	EZH2	3.22869760577928	1	3.22869760577928	True	True	False
NTM1_ASD_up	500	180	EMILIN1	3.22808955016484	1	3.22808955016484	False	False	False
NTM1_ASD_up	500	181	LOC105379362	3.20504197824997	1	3.20504197824997	False	False	False
NTM1_ASD_up	500	182	DANCR	3.20503733325836	1	3.20503733325836	False	False	False
NTM1_ASD_up	500	183	IFITM2	3.20421394123029	1	3.20421394123029	False	False	False
NTM1_ASD_up	500	184	RPL11	3.19960881701924	1	3.19960881701924	True	True	False
NTM1_ASD_up	500	185	IFITM3	3.19581984291415	1	3.19581984291415	True	True	False
NTM1_ASD_up	500	186	CD44	3.19175588393058	1	3.19175588393058	False	False	False
NTM1_ASD_up	500	187	H2AC11	3.18929011653717	1	3.18929011653717	False	False	False
NTM1_ASD_up	500	188	PEA15	3.18741891809434	1	3.18741891809434	True	True	False
NTM1_ASD_up	500	189	ANG	3.18465983722871	1	3.18465983722871	False	False	False
NTM1_ASD_up	500	190	SNTG2	3.18442952263871	1	3.18442952263871	False	False	False
NTM1_ASD_up	500	191	TNFRSF10C	3.18427075157883	1	3.18427075157883	False	False	False
NTM1_ASD_up	500	192	ADAM17	3.18265490525544	1	3.18265490525544	False	False	False
NTM1_ASD_up	500	193	RNF122	3.18226252999712	1	3.18226252999712	False	False	False
NTM1_ASD_up	500	194	VASP	3.18018013072608	1	3.18018013072608	False	False	False
NTM1_ASD_up	500	195	ROBO3	3.17803815199825	1	3.17803815199825	False	False	False
NTM1_ASD_up	500	196	ZNF442	3.17708938765945	1	3.17708938765945	True	True	False
NTM1_ASD_up	500	197	CASP1	3.17149820850231	1	3.17149820850231	False	False	False
NTM1_ASD_up	500	198	IGDCC4	3.16798495082577	1	3.16798495082577	True	True	False
NTM1_ASD_up	500	199	RAB38	3.16758414736567	1	3.16758414736567	False	False	False
NTM1_ASD_up	500	200	PKNOX1	3.16066762413923	1	3.16066762413923	True	True	False
NTM1_ASD_up	500	201	ACRBP	3.15945101007169	1	3.15945101007169	False	False	False
NTM1_ASD_up	500	202	PLAAT4	3.15894312480519	1	3.15894312480519	False	False	False
NTM1_ASD_up	500	203	H2AC20	3.15447913750132	1	3.15447913750132	False	False	False
NTM1_ASD_up	500	204	CCNJL	3.15098913300119	1	3.15098913300119	False	False	False
NTM1_ASD_up	500	205	STYXL1	3.15078720108554	1	3.15078720108554	False	False	False
NTM1_ASD_up	500	206	AIM2	3.15024573610285	1	3.15024573610285	False	False	False
NTM1_ASD_up	500	207	TRIP6	3.1500708401973	1	3.1500708401973	False	False	False
NTM1_ASD_up	500	208	LRG1	3.14946794830974	1	3.14946794830974	False	False	False
NTM1_ASD_up	500	209	C1R	3.14838947021254	1	3.14838947021254	True	True	False
NTM1_ASD_up	500	210	APLNR	3.14603517376047	1	3.14603517376047	False	False	False
NTM1_ASD_up	500	211	PPP1R18	3.14449150383839	1	3.14449150383839	True	True	False
NTM1_ASD_up	500	212	VIM	3.14306902486247	1	3.14306902486247	True	True	False
NTM1_ASD_up	500	213	SMAD9	3.14306053889818	1	3.14306053889818	True	True	False
NTM1_ASD_up	500	214	CA12	3.14255468003576	1	3.14255468003576	False	False	False
NTM1_ASD_up	500	215	RPL28	3.14171081326257	1	3.14171081326257	True	True	False
NTM1_ASD_up	500	216	CDKAL1	3.1404873625686	1	3.1404873625686	True	True	False
NTM1_ASD_up	500	217	FPR2	3.14036056680214	1	3.14036056680214	False	False	False
NTM1_ASD_up	500	218	ALDH7A1	3.13314641260928	1	3.13314641260928	False	False	False
NTM1_ASD_up	500	219	LINC01819	3.12869173959156	1	3.12869173959156	False	False	False
NTM1_ASD_up	500	220	TIMP1	3.12719990137572	1	3.12719990137572	False	False	False
NTM1_ASD_up	500	221	RPLP1	3.12525268941349	1	3.12525268941349	True	True	False
NTM1_ASD_up	500	222	BTN3A1	3.12500825136869	1	3.12500825136869	True	True	False
NTM1_ASD_up	500	223	RPS26P23	3.12220325930303	1	3.12220325930303	False	False	False
NTM1_ASD_up	500	224	HNRNPF	3.12145406138615	1	3.12145406138615	True	True	False
NTM1_ASD_up	500	225	BTN2A3P	3.12073442664697	1	3.12073442664697	False	False	False
NTM1_ASD_up	500	226	DOK1	3.11994439786707	1	3.11994439786707	False	False	False
NTM1_ASD_up	500	227	PTPN13	3.11722495048501	1	3.11722495048501	False	False	False
NTM1_ASD_up	500	228	RPS8	3.10667924166072	1	3.10667924166072	True	True	False
NTM1_ASD_up	500	229	ALDH9A1	3.10550837483421	1	3.10550837483421	False	False	False
NTM1_ASD_up	500	230	H3C13	3.09871235176379	1	3.09871235176379	False	False	False
NTM1_ASD_up	500	231	C17orf114	3.09625001573135	1	3.09625001573135	False	False	False
NTM1_ASD_up	500	232	H2BC5	3.09502301064682	1	3.09502301064682	False	False	False
NTM1_ASD_up	500	233	RPS27	3.09057657820176	1	3.09057657820176	True	True	False
NTM1_ASD_up	500	234	DSE	3.08935585370273	1	3.08935585370273	True	True	False
NTM1_ASD_up	500	235	GSTP1	3.08557155769658	1	3.08557155769658	False	False	False
NTM1_ASD_up	500	236	MIR4453HG	3.08431073843542	1	3.08431073843542	False	False	False
NTM1_ASD_up	500	237	NFIL3	3.08158080272522	1	3.08158080272522	True	True	False
NTM1_ASD_up	500	238	RREB1	3.08156975168952	1	3.08156975168952	False	False	False
NTM1_ASD_up	500	239	CD40	3.08088597100425	1	3.08088597100425	False	False	False
NTM1_ASD_up	500	240	TNFRSF1A	3.0736347912027	1	3.0736347912027	False	False	False
NTM1_ASD_up	500	241	RPLP0	3.0707651178576	1	3.0707651178576	True	True	False
NTM1_ASD_up	500	242	UHRF2	3.06906466566665	1	3.06906466566665	True	True	False
NTM1_ASD_up	500	243	BCL6	3.0690125287425	1	3.0690125287425	False	False	False
NTM1_ASD_up	500	244	C1orf87	3.06819912448322	1	3.06819912448322	False	False	False
NTM1_ASD_up	500	245	PLXNB2	3.06651137355554	1	3.06651137355554	True	True	False
NTM1_ASD_up	500	246	RPL36	3.06617564579708	1	3.06617564579708	True	True	False
NTM1_ASD_up	500	247	EFNB1	3.06250731580273	1	3.06250731580273	False	False	False
NTM1_ASD_up	500	248	PCSK5	3.06154568001121	1	3.06154568001121	True	True	False
NTM1_ASD_up	500	249	FCGR2A	3.06005947920018	1	3.06005947920018	False	False	False
NTM1_ASD_up	500	250	FCGR3B	3.058691206612	1	3.058691206612	False	False	False
NTM1_ASD_up	500	251	PLEK	3.05448482868382	1	3.05448482868382	False	False	False
NTM1_ASD_up	500	252	EPS8	3.04983582710523	1	3.04983582710523	True	True	False
NTM1_ASD_up	500	253	EML4	3.04939492907519	1	3.04939492907519	True	True	False
NTM1_ASD_up	500	254	FGL1	3.04751433768332	1	3.04751433768332	False	False	False
NTM1_ASD_up	500	255	GAB3	3.04739477821596	1	3.04739477821596	False	False	False
NTM1_ASD_up	500	256	PLSCR1	3.03836825457937	1	3.03836825457937	False	False	False
NTM1_ASD_up	500	257	SERPINA3	3.03826444463592	1	3.03826444463592	False	False	False
NTM1_ASD_up	500	258	ABHD4	3.03808953190693	1	3.03808953190693	False	False	False
NTM1_ASD_up	500	259	AGTR1	3.03557697129073	1	3.03557697129073	False	False	False
NTM1_ASD_up	500	260	ELOA	3.03366200873004	1	3.03366200873004	False	False	False
NTM1_ASD_up	500	261	PCBD1	3.03186087131327	1	3.03186087131327	True	True	False
NTM1_ASD_up	500	262	CD58	3.03088605706229	1	3.03088605706229	False	False	False
NTM1_ASD_up	500	263	HDAC1	3.02904174376277	1	3.02904174376277	False	False	False
NTM1_ASD_up	500	264	SMO	3.02016763281827	1	3.02016763281827	False	False	False
NTM1_ASD_up	500	265	NEK6	3.01831731360963	1	3.01831731360963	False	False	False
NTM1_ASD_up	500	266	CPNE3	3.01530216078288	1	3.01530216078288	True	True	False
NTM1_ASD_up	500	267	ARRDC3	3.01372110245785	1	3.01372110245785	True	True	False
NTM1_ASD_up	500	268	BAG3	3.01305385315059	1	3.01305385315059	True	True	False
NTM1_ASD_up	500	269	SMIM30	3.00928975186564	1	3.00928975186564	False	False	False
NTM1_ASD_up	500	270	ZNF438	3.00881224649207	1	3.00881224649207	False	False	False
NTM1_ASD_up	500	271	MAP3K8	3.00799653659674	1	3.00799653659674	False	False	False
NTM1_ASD_up	500	272	RPS15A	2.99744519865202	1	2.99744519865202	True	True	False
NTM1_ASD_up	500	273	KLHL6	2.99635964808759	1	2.99635964808759	False	False	False
NTM1_ASD_up	500	274	ZFP36L1	2.99528143497299	1	2.99528143497299	False	False	False
NTM1_ASD_up	500	275	YBX1	2.99208107479796	1	2.99208107479796	True	True	False
NTM1_ASD_up	500	276	PPP1R42	2.98485169636208	1	2.98485169636208	False	False	False
NTM1_ASD_up	500	277	PLOD2	2.98417964263718	1	2.98417964263718	False	False	False
NTM1_ASD_up	500	278	ZNF823	2.98176491873701	1	2.98176491873701	True	True	False
NTM1_ASD_up	500	279	C19orf38	2.98139410195823	1	2.98139410195823	False	False	False
NTM1_ASD_up	500	280	RPL23A	2.97493034619002	1	2.97493034619002	True	True	False
NTM1_ASD_up	500	281	STEAP3	2.96745684606191	1	2.96745684606191	False	False	False
NTM1_ASD_up	500	282	RFX2	2.96404627344626	1	2.96404627344626	False	False	False
NTM1_ASD_up	500	283	ELF4	2.96117253368904	1	2.96117253368904	False	False	False
NTM1_ASD_up	500	284	LTBP1	2.96104074845955	1	2.96104074845955	False	False	False
NTM1_ASD_up	500	285	NFAM1	2.96098044549895	1	2.96098044549895	False	False	False
NTM1_ASD_up	500	286	TCEAL9	2.95988010311943	1	2.95988010311943	False	False	False
NTM1_ASD_up	500	287	TNFRSF10D	2.95227688928406	1	2.95227688928406	False	False	False
NTM1_ASD_up	500	288	PARD3	2.9519420323712	1	2.9519420323712	False	False	False
NTM1_ASD_up	500	289	NANOS1	2.95187626217643	1	2.95187626217643	True	True	False
NTM1_ASD_up	500	290	SQOR	2.94814463459199	1	2.94814463459199	False	False	False
NTM1_ASD_up	500	291	CFAP54	2.94261546717549	1	2.94261546717549	False	False	False
NTM1_ASD_up	500	292	GALM	2.93811165841275	1	2.93811165841275	False	False	False
NTM1_ASD_up	500	293	ACAA2	2.93339408024326	1	2.93339408024326	False	False	False
NTM1_ASD_up	500	294	CAPN10-DT	2.92995455860774	1	2.92995455860774	False	False	False
NTM1_ASD_up	500	295	ZNF600	2.92609410281482	1	2.92609410281482	False	False	False
NTM1_ASD_up	500	296	ECHDC3	2.92302806509935	1	2.92302806509935	False	False	False
NTM1_ASD_up	500	297	CYP19A1	2.91972842957164	1	2.91972842957164	False	False	False
NTM1_ASD_up	500	298	ARAF	2.91968049310003	1	2.91968049310003	False	False	False
NTM1_ASD_up	500	299	FERMT2	2.91923762862967	1	2.91923762862967	False	False	False
NTM1_ASD_up	500	300	PLIN2	2.91874787668558	1	2.91874787668558	True	True	False
NTM1_ASD_up	500	301	CYP4F3	2.91806919913421	1	2.91806919913421	False	False	False
NTM1_ASD_up	500	302	C6orf118	2.91743801889685	1	2.91743801889685	False	False	False
NTM1_ASD_up	500	303	BCL2A1	2.91734738354822	1	2.91734738354822	False	False	False
NTM1_ASD_up	500	304	ABHD5	2.91621607570477	1	2.91621607570477	False	False	False
NTM1_ASD_up	500	305	CD7	2.91552251111259	1	2.91552251111259	False	False	False
NTM1_ASD_up	500	306	BST2	2.91413279586565	1	2.91413279586565	True	True	False
NTM1_ASD_up	500	307	CASP4	2.90939810169544	1	2.90939810169544	False	False	False
NTM1_ASD_up	500	308	ZBTB11-AS1	2.90679741387829	1	2.90679741387829	False	False	False
NTM1_ASD_up	500	309	NTSR2	2.90348869379877	1	2.90348869379877	True	True	False
NTM1_ASD_up	500	310	TPT1	2.90106105981257	1	2.90106105981257	True	True	False
NTM1_ASD_up	500	311	HADH	2.89904513247416	1	2.89904513247416	False	False	False
NTM1_ASD_up	500	312	DCST2	2.89235042837235	1	2.89235042837235	False	False	False
NTM1_ASD_up	500	313	TRIM25	2.88684568711436	1	2.88684568711436	True	True	False
NTM1_ASD_up	500	314	MCL1	2.88465505521667	1	2.88465505521667	False	False	False
NTM1_ASD_up	500	315	UCP2	2.87874707903044	1	2.87874707903044	False	False	False
NTM1_ASD_up	500	316	ZNF578	2.87744988275231	1	2.87744988275231	False	False	False
NTM1_ASD_up	500	317	DPYSL3	2.87622952730052	1	2.87622952730052	True	True	False
NTM1_ASD_up	500	318	EEF1AKMT3	2.87336360988105	1	2.87336360988105	False	False	False
NTM1_ASD_up	500	319	ANXA5	2.87309295318557	1	2.87309295318557	True	True	False
NTM1_ASD_up	500	320	FAM181A-AS1	2.87200620233052	1	2.87200620233052	False	False	False
NTM1_ASD_up	500	321	NFE2	2.86972539867794	1	2.86972539867794	False	False	False
NTM1_ASD_up	500	322	KCTD11	2.86855193966784	1	2.86855193966784	False	False	False
NTM1_ASD_up	500	323	ZC3H12A	2.86724256880472	1	2.86724256880472	False	False	False
NTM1_ASD_up	500	324	ERBB2	2.86463032697975	1	2.86463032697975	False	False	False
NTM1_ASD_up	500	325	TAB2	2.86442680643539	1	2.86442680643539	False	False	False
NTM1_ASD_up	500	326	LOC101927551	2.86301555437988	1	2.86301555437988	False	False	False
NTM1_ASD_up	500	327	CARS2	2.86080085888841	1	2.86080085888841	False	False	False
NTM1_ASD_up	500	328	RHBDD1	2.85976105485972	1	2.85976105485972	False	False	False
NTM1_ASD_up	500	329	ANKRD22	2.85787060130406	1	2.85787060130406	False	False	False
NTM1_ASD_up	500	330	MYH6	2.85773320827722	1	2.85773320827722	False	False	False
NTM1_ASD_up	500	331	DNMT3B	2.85769084220548	1	2.85769084220548	False	False	False
NTM1_ASD_up	500	332	BATF	2.8573631986384	1	2.8573631986384	False	False	False
NTM1_ASD_up	500	333	PLCD1	2.85681713870055	1	2.85681713870055	False	False	False
NTM1_ASD_up	500	334	PALLD	2.85578350703977	1	2.85578350703977	False	False	False
NTM1_ASD_up	500	335	SRPX	2.8521677514651	1	2.8521677514651	False	False	False
NTM1_ASD_up	500	336	CD99P1	2.85120447728073	1	2.85120447728073	False	False	False
NTM1_ASD_up	500	337	HMGB2	2.84988837768818	1	2.84988837768818	False	False	False
NTM1_ASD_up	500	338	MAP7D3	2.84957913934361	1	2.84957913934361	False	False	False
NTM1_ASD_up	500	339	NFATC2	2.84910812021592	1	2.84910812021592	False	False	False
NTM1_ASD_up	500	340	LRCH1	2.84707505659389	1	2.84707505659389	True	True	False
NTM1_ASD_up	500	341	FABP5	2.84110929366594	1	2.84110929366594	True	True	False
NTM1_ASD_up	500	342	TBC1D2B	2.8410688608896	1	2.8410688608896	False	False	False
NTM1_ASD_up	500	343	VWA3B	2.84014176723107	1	2.84014176723107	False	False	False
NTM1_ASD_up	500	344	RPL36A	2.83898198947372	1	2.83898198947372	False	False	False
NTM1_ASD_up	500	345	LY96	2.83330462957576	1	2.83330462957576	False	False	False
NTM1_ASD_up	500	346	PHF19	2.83294298855862	1	2.83294298855862	False	False	False
NTM1_ASD_up	500	347	APOBEC3F	2.83104537432187	1	2.83104537432187	False	False	False
NTM1_ASD_up	500	348	ERI1	2.83103848986967	1	2.83103848986967	True	True	False
NTM1_ASD_up	500	349	SLC8B1	2.83007149374626	1	2.83007149374626	False	False	False
NTM1_ASD_up	500	350	TNFSF14	2.82616595016998	1	2.82616595016998	False	False	False
NTM1_ASD_up	500	351	MSN	2.82390716845156	1	2.82390716845156	False	False	False
NTM1_ASD_up	500	352	MMP11	2.82231581977748	1	2.82231581977748	False	False	False
NTM1_ASD_up	500	353	SYTL3	2.81880390542708	1	2.81880390542708	False	False	False
NTM1_ASD_up	500	354	MYCL	2.81758990232307	1	2.81758990232307	False	False	False
NTM1_ASD_up	500	355	SPTLC3	2.81221336454774	1	2.81221336454774	False	False	False
NTM1_ASD_up	500	356	YAP1	2.80745421050797	1	2.80745421050797	False	False	False
NTM1_ASD_up	500	357	SLC25A1	2.80581076563562	1	2.80581076563562	False	False	False
NTM1_ASD_up	500	358	LRRIQ3	2.800554163503	1	2.800554163503	False	False	False
NTM1_ASD_up	500	359	PHPT1	2.80052331450577	1	2.80052331450577	False	False	False
NTM1_ASD_up	500	360	RPL27A	2.79957866414655	1	2.79957866414655	True	True	False
NTM1_ASD_up	500	361	DHTKD1	2.79951438189794	1	2.79951438189794	False	False	False
NTM1_ASD_up	500	362	THBS1	2.79823546415288	1	2.79823546415288	True	True	False
NTM1_ASD_up	500	363	CXCL3	2.79814462353797	1	2.79814462353797	False	False	False
NTM1_ASD_up	500	364	DNALI1	2.79731504429175	1	2.79731504429175	True	True	False
NTM1_ASD_up	500	365	RPL12	2.79519631000178	1	2.79519631000178	True	True	False
NTM1_ASD_up	500	366	RPL30	2.7951809873518	1	2.7951809873518	True	True	False
NTM1_ASD_up	500	367	AHNAK	2.79432049172411	1	2.79432049172411	True	True	False
NTM1_ASD_up	500	368	TEP1	2.7939072537073	1	2.7939072537073	False	False	False
NTM1_ASD_up	500	369	KIF7	2.79302751661411	1	2.79302751661411	True	True	False
NTM1_ASD_up	500	370	NECAP2	2.79173566213456	1	2.79173566213456	False	False	False
NTM1_ASD_up	500	371	MYD88	2.79145898524292	1	2.79145898524292	False	False	False
NTM1_ASD_up	500	372	RUFY4	2.78892870390618	1	2.78892870390618	False	False	False
NTM1_ASD_up	500	373	SIGLEC9	2.78837662358271	1	2.78837662358271	False	False	False
NTM1_ASD_up	500	374	CHSY1	2.78551187294367	1	2.78551187294367	True	True	False
NTM1_ASD_up	500	375	STON2	2.77961943870206	1	2.77961943870206	True	True	False
NTM1_ASD_up	500	376	TMC1	2.77851962567108	1	2.77851962567108	False	False	False
NTM1_ASD_up	500	377	NFATC1	2.77684608507166	1	2.77684608507166	False	False	False
NTM1_ASD_up	500	378	RHOC	2.77643604979307	1	2.77643604979307	False	False	False
NTM1_ASD_up	500	379	NXT2	2.77470538334772	1	2.77470538334772	False	False	False
NTM1_ASD_up	500	380	CTSH	2.77287640915184	1	2.77287640915184	True	True	False
NTM1_ASD_up	500	381	MZB1	2.77120580184268	1	2.77120580184268	False	False	False
NTM1_ASD_up	500	382	HSPB2-C11orf52	2.76916087926655	1	2.76916087926655	False	False	False
NTM1_ASD_up	500	383	CNBD2	2.76846306189007	1	2.76846306189007	False	False	False
NTM1_ASD_up	500	384	EYA2	2.76681793820063	1	2.76681793820063	False	False	False
NTM1_ASD_up	500	385	DLEU2	2.76360833003416	1	2.76360833003416	False	False	False
NTM1_ASD_up	500	386	EMP1	2.76239926006571	1	2.76239926006571	False	False	False
NTM1_ASD_up	500	387	MTHFD2	2.76193283205275	1	2.76193283205275	False	False	False
NTM1_ASD_up	500	388	CD180	2.76147188774676	1	2.76147188774676	False	False	False
NTM1_ASD_up	500	389	TSPO	2.76047222620545	1	2.76047222620545	False	False	False
NTM1_ASD_up	500	390	ST20	2.75946085613553	1	2.75946085613553	False	False	False
NTM1_ASD_up	500	391	RYK	2.75713764312738	1	2.75713764312738	True	True	False
NTM1_ASD_up	500	392	CFLAR	2.75391976091908	1	2.75391976091908	False	False	False
NTM1_ASD_up	500	393	EDA2R	2.75323102012826	1	2.75323102012826	False	False	False
NTM1_ASD_up	500	394	RBM47	2.74898632647152	1	2.74898632647152	False	False	False
NTM1_ASD_up	500	395	MAT2A	2.74815124085533	1	2.74815124085533	False	False	False
NTM1_ASD_up	500	396	FKBP14	2.74803639538346	1	2.74803639538346	False	False	False
NTM1_ASD_up	500	397	SLC16A3	2.74606181592714	1	2.74606181592714	False	False	False
NTM1_ASD_up	500	398	TCF12	2.74587052279965	1	2.74587052279965	True	True	False
NTM1_ASD_up	500	399	RPS2	2.74585218615849	1	2.74585218615849	True	True	False
NTM1_ASD_up	500	400	UBTD1	2.74571918125556	1	2.74571918125556	True	True	False
NTM1_ASD_up	500	401	PTTG1IP	2.74436854158258	1	2.74436854158258	False	False	False
NTM1_ASD_up	500	402	PPP1R14B	2.74367992262396	1	2.74367992262396	True	True	False
NTM1_ASD_up	500	403	DSC2	2.74249462335197	1	2.74249462335197	False	False	False
NTM1_ASD_up	500	404	SIX5	2.74240789596994	1	2.74240789596994	False	False	False
NTM1_ASD_up	500	405	RPS25	2.74180840180301	1	2.74180840180301	True	True	False
NTM1_ASD_up	500	406	AFF1	2.73904723204705	1	2.73904723204705	True	True	False
NTM1_ASD_up	500	407	DHRSX	2.73747407366682	1	2.73747407366682	False	False	False
NTM1_ASD_up	500	408	OTOS	2.73452332515038	1	2.73452332515038	False	False	False
NTM1_ASD_up	500	409	ITPRIP	2.73383569386559	1	2.73383569386559	False	False	False
NTM1_ASD_up	500	410	SLC16A10	2.73288847061052	1	2.73288847061052	False	False	False
NTM1_ASD_up	500	411	FPR1	2.73091023302464	1	2.73091023302464	False	False	False
NTM1_ASD_up	500	412	BTN2A2	2.73066312589798	1	2.73066312589798	False	False	False
NTM1_ASD_up	500	413	RP2	2.72877669976765	1	2.72877669976765	False	False	False
NTM1_ASD_up	500	414	MESD	2.72820906589776	1	2.72820906589776	False	False	False
NTM1_ASD_up	500	415	ZNF561	2.7270778828538	1	2.7270778828538	True	True	False
NTM1_ASD_up	500	416	SBNO2	2.72680984088396	1	2.72680984088396	False	False	False
NTM1_ASD_up	500	417	SLC9A9	2.72581003830354	1	2.72581003830354	True	True	False
NTM1_ASD_up	500	418	LENG8-AS1	2.72550894211246	1	2.72550894211246	False	False	False
NTM1_ASD_up	500	419	NR1H3	2.72061041320498	1	2.72061041320498	False	False	False
NTM1_ASD_up	500	420	H3-3B	2.72041800909148	1	2.72041800909148	False	False	False
NTM1_ASD_up	500	421	NFE2L1-DT	2.71852515895575	1	2.71852515895575	False	False	False
NTM1_ASD_up	500	422	STK17B	2.71732148251966	1	2.71732148251966	False	False	False
NTM1_ASD_up	500	423	CDKN1A	2.71717100235447	1	2.71717100235447	True	True	False
NTM1_ASD_up	500	424	RIPK1	2.71610897006178	1	2.71610897006178	False	False	False
NTM1_ASD_up	500	425	NPC2	2.71540296085852	1	2.71540296085852	True	True	False
NTM1_ASD_up	500	426	CT45A11P	2.71365185409833	1	2.71365185409833	False	False	False
NTM1_ASD_up	500	427	GNG5	2.71094383989237	1	2.71094383989237	False	False	False
NTM1_ASD_up	500	428	RPL10	2.71016035078062	1	2.71016035078062	False	False	False
NTM1_ASD_up	500	429	TNFAIP3	2.70893459251616	1	2.70893459251616	False	False	False
NTM1_ASD_up	500	430	GTF3C6	2.70713498940557	1	2.70713498940557	False	False	False
NTM1_ASD_up	500	431	IL4I1	2.70393725029139	1	2.70393725029139	False	False	False
NTM1_ASD_up	500	432	BMP2K	2.70268162737714	1	2.70268162737714	False	False	False
NTM1_ASD_up	500	433	DENND2B	2.70085784706793	1	2.70085784706793	False	False	False
NTM1_ASD_up	500	434	SERPINA1	2.69908938123127	1	2.69908938123127	False	False	False
NTM1_ASD_up	500	435	PTPN2	2.69654435131652	1	2.69654435131652	True	True	False
NTM1_ASD_up	500	436	SOCS1	2.6957061492181	1	2.6957061492181	False	False	False
NTM1_ASD_up	500	437	KDM5A	2.69292283963198	1	2.69292283963198	True	True	False
NTM1_ASD_up	500	438	BIRC7	2.69024704447395	1	2.69024704447395	False	False	False
NTM1_ASD_up	500	439	EEF1G	2.68961650179328	1	2.68961650179328	False	False	False
NTM1_ASD_up	500	440	PIM1	2.6888579717924	1	2.6888579717924	True	True	False
NTM1_ASD_up	500	441	HYPK	2.68478686326233	1	2.68478686326233	False	False	False
NTM1_ASD_up	500	442	SLX4IP	2.68425991602052	1	2.68425991602052	False	False	False
NTM1_ASD_up	500	443	EFEMP2	2.68134721933318	1	2.68134721933318	False	False	False
NTM1_ASD_up	500	444	METTL7B	2.68037768176827	1	2.68037768176827	False	False	False
NTM1_ASD_up	500	445	SIGLEC5	2.67970635805825	1	2.67970635805825	False	False	False
NTM1_ASD_up	500	446	NOTCH2NLA	2.67773152316133	1	2.67773152316133	False	False	False
NTM1_ASD_up	500	447	APOC2	2.67759309178773	1	2.67759309178773	False	False	False
NTM1_ASD_up	500	448	DPH5	2.67750352626544	1	2.67750352626544	True	True	False
NTM1_ASD_up	500	449	TENT5A	2.67673044287421	1	2.67673044287421	False	False	False
NTM1_ASD_up	500	450	FXYD1	2.676198538288	1	2.676198538288	False	False	False
NTM1_ASD_up	500	451	RPL39	2.67131659359484	1	2.67131659359484	False	False	False
NTM1_ASD_up	500	452	PCF11	2.67092734333111	1	2.67092734333111	True	True	False
NTM1_ASD_up	500	453	RUNX1	2.66499639067694	1	2.66499639067694	False	False	False
NTM1_ASD_up	500	454	MSR1	2.66381764478075	1	2.66381764478075	False	False	False
NTM1_ASD_up	500	455	ZNF701	2.66093838531003	1	2.66093838531003	True	True	False
NTM1_ASD_up	500	456	POLA1	2.66071882626588	1	2.66071882626588	False	False	False
NTM1_ASD_up	500	457	RPL17	2.65815126227303	1	2.65815126227303	False	False	False
NTM1_ASD_up	500	458	MANBA	2.65772790959483	1	2.65772790959483	False	False	False
NTM1_ASD_up	500	459	RPL37	2.65537972759655	1	2.65537972759655	True	True	False
NTM1_ASD_up	500	460	RPL29	2.64899791153059	1	2.64899791153059	True	True	False
NTM1_ASD_up	500	461	RALGAPA2	2.64640065626601	1	2.64640065626601	True	True	False
NTM1_ASD_up	500	462	S100A10	2.64359609174198	1	2.64359609174198	False	False	False
NTM1_ASD_up	500	463	RGS16	2.64241911641562	1	2.64241911641562	False	False	False
NTM1_ASD_up	500	464	RPL23	2.64045010037692	1	2.64045010037692	True	True	False
NTM1_ASD_up	500	465	STAT3	2.63494432813673	1	2.63494432813673	True	True	False
NTM1_ASD_up	500	466	ZNF460	2.63373421517609	1	2.63373421517609	True	True	False
NTM1_ASD_up	500	467	ECI2-DT	2.63280865432905	1	2.63280865432905	False	False	False
NTM1_ASD_up	500	468	UNG	2.63028022853427	1	2.63028022853427	False	False	False
NTM1_ASD_up	500	469	UNC93B1	2.62973348170112	1	2.62973348170112	True	True	False
NTM1_ASD_up	500	470	FLNA	2.62841725911343	1	2.62841725911343	False	False	False
NTM1_ASD_up	500	471	CASP7	2.62740724572891	1	2.62740724572891	False	False	False
NTM1_ASD_up	500	472	RASSF8	2.62739474538281	1	2.62739474538281	True	True	False
NTM1_ASD_up	500	473	FCGR1A	2.6268385823515	1	2.6268385823515	False	False	False
NTM1_ASD_up	500	474	PARVG	2.62465174165826	1	2.62465174165826	False	False	False
NTM1_ASD_up	500	475	GPR137B	2.62317639378409	1	2.62317639378409	True	True	False
NTM1_ASD_up	500	476	N4BP2	2.62154409202014	1	2.62154409202014	True	True	False
NTM1_ASD_up	500	477	NAIPP3	2.62082603017293	1	2.62082603017293	False	False	False
NTM1_ASD_up	500	478	TMCO4	2.61858272049158	1	2.61858272049158	True	True	False
NTM1_ASD_up	500	479	MTM1	2.61835668085484	1	2.61835668085484	False	False	False
NTM1_ASD_up	500	480	MAPKAPK2	2.61830899748847	1	2.61830899748847	False	False	False
NTM1_ASD_up	500	481	RPS17	2.61585050792123	1	2.61585050792123	False	False	False
NTM1_ASD_up	500	482	CTSC	2.61553587777633	1	2.61553587777633	False	False	False
NTM1_ASD_up	500	483	ZNF844	2.6140248679318	1	2.6140248679318	False	False	False
NTM1_ASD_up	500	484	XBP1	2.61259425801171	1	2.61259425801171	False	False	False
NTM1_ASD_up	500	485	BAZ2B-AS1	2.61128243300341	1	2.61128243300341	False	False	False
NTM1_ASD_up	500	486	ZNF79	2.60932583330958	1	2.60932583330958	True	True	False
NTM1_ASD_up	500	487	FGD4	2.60691842508923	1	2.60691842508923	True	True	False
NTM1_ASD_up	500	488	CCDC8	2.60395808261123	1	2.60395808261123	False	False	False
NTM1_ASD_up	500	489	SERPINE1	2.6030709003084	1	2.6030709003084	False	False	False
NTM1_ASD_up	500	490	GMNN	2.60238378836057	1	2.60238378836057	False	False	False
NTM1_ASD_up	500	491	RPS6	2.59995126828858	1	2.59995126828858	True	True	False
NTM1_ASD_up	500	492	CYP4F11	2.5991496237236	1	2.5991496237236	True	True	False
NTM1_ASD_up	500	493	PPP1R3B	2.59844155682697	1	2.59844155682697	False	False	False
NTM1_ASD_up	500	494	SPTSSA	2.59712710292892	1	2.59712710292892	False	False	False
NTM1_ASD_up	500	495	TRIM5	2.59706282739885	1	2.59706282739885	False	False	False
NTM1_ASD_up	500	496	RAP1B	2.59663648854739	1	2.59663648854739	False	False	False
NTM1_ASD_up	500	497	PBXIP1	2.59653530842987	1	2.59653530842987	True	True	False
NTM1_ASD_up	500	498	GNA12	2.59590828882873	1	2.59590828882873	False	False	False
NTM1_ASD_up	500	499	CLU	2.59524886163579	1	2.59524886163579	True	True	False
NTM1_ASD_up	500	500	ANO6	2.5934128886292	1	2.5934128886292	False	False	False
NTM2_ASD_down	500	1	ZNF804B	-6.00204416930744	-1	6.00204416930744	False	False	False
NTM2_ASD_down	500	2	SUSD5	-4.89335536098251	-1	4.89335536098251	True	False	True
NTM2_ASD_down	500	3	NOS2	-4.82139570628448	-1	4.82139570628448	True	False	True
NTM2_ASD_down	500	4	IRGQ	-4.76627462450893	-1	4.76627462450893	True	False	True
NTM2_ASD_down	500	5	TMEM151B	-4.75439472156047	-1	4.75439472156047	False	False	False
NTM2_ASD_down	500	6	OVOL2	-4.72035155775408	-1	4.72035155775408	False	False	False
NTM2_ASD_down	500	7	COL10A1	-4.64040114822016	-1	4.64040114822016	True	False	True
NTM2_ASD_down	500	8	WNT10A	-4.60749518513366	-1	4.60749518513366	False	False	False
NTM2_ASD_down	500	9	TPBG	-4.49961714888502	-1	4.49961714888502	False	False	False
NTM2_ASD_down	500	10	APOOL	-4.4902150855277	-1	4.4902150855277	False	False	False
NTM2_ASD_down	500	11	ATP2B2	-4.37978008568899	-1	4.37978008568899	True	False	True
NTM2_ASD_down	500	12	SYT3	-4.35771917587339	-1	4.35771917587339	False	False	False
NTM2_ASD_down	500	13	BASP1	-4.25043917932904	-1	4.25043917932904	True	False	True
NTM2_ASD_down	500	14	LYNX1	-4.19515521994107	-1	4.19515521994107	True	False	True
NTM2_ASD_down	500	15	CENPS-CORT	-4.18228216882888	-1	4.18228216882888	False	False	False
NTM2_ASD_down	500	16	HR	-4.15442329006094	-1	4.15442329006094	True	False	True
NTM2_ASD_down	500	17	RNF157	-4.14629829441838	-1	4.14629829441838	True	False	True
NTM2_ASD_down	500	18	LZTS1	-4.14161297378831	-1	4.14161297378831	True	False	True
NTM2_ASD_down	500	19	CACNG2	-4.07613308461322	-1	4.07613308461322	False	False	False
NTM2_ASD_down	500	20	ZSCAN1	-4.04228833533272	-1	4.04228833533272	False	False	False
NTM2_ASD_down	500	21	CELSR2	-4.01401276163347	-1	4.01401276163347	False	False	False
NTM2_ASD_down	500	22	CYP2E1	-3.98729269375799	-1	3.98729269375799	False	False	False
NTM2_ASD_down	500	23	IQSEC1	-3.96536990397371	-1	3.96536990397371	True	False	True
NTM2_ASD_down	500	24	RPH3A	-3.96440789507353	-1	3.96440789507353	True	False	True
NTM2_ASD_down	500	25	FBLN7	-3.94999790784626	-1	3.94999790784626	True	False	True
NTM2_ASD_down	500	26	TANGO2	-3.94383213493093	-1	3.94383213493093	False	False	False
NTM2_ASD_down	500	27	IL17REL	-3.90973956081033	-1	3.90973956081033	False	False	False
NTM2_ASD_down	500	28	PCDHA3	-3.90258554108698	-1	3.90258554108698	False	False	False
NTM2_ASD_down	500	29	OTUD7A	-3.90174228832616	-1	3.90174228832616	True	False	True
NTM2_ASD_down	500	30	JCAD	-3.85483506812587	-1	3.85483506812587	False	False	False
NTM2_ASD_down	500	31	ADGRL1	-3.85233508705342	-1	3.85233508705342	False	False	False
NTM2_ASD_down	500	32	ADRA1D	-3.84226965772106	-1	3.84226965772106	False	False	False
NTM2_ASD_down	500	33	SERTAD4	-3.80931364122228	-1	3.80931364122228	False	False	False
NTM2_ASD_down	500	34	LINC01844	-3.7997998356648	-1	3.7997998356648	False	False	False
NTM2_ASD_down	500	35	CDK5R2	-3.79337610007523	-1	3.79337610007523	True	False	True
NTM2_ASD_down	500	36	KCNA2	-3.7862697120283	-1	3.7862697120283	True	False	True
NTM2_ASD_down	500	37	SLC36A1	-3.78242449677066	-1	3.78242449677066	False	False	False
NTM2_ASD_down	500	38	RHOBTB2	-3.77857289838518	-1	3.77857289838518	False	False	False
NTM2_ASD_down	500	39	LIMK1	-3.74177248899971	-1	3.74177248899971	True	False	True
NTM2_ASD_down	500	40	ARHGEF11	-3.73676868272424	-1	3.73676868272424	False	False	False
NTM2_ASD_down	500	41	CLEC2L	-3.71072568993876	-1	3.71072568993876	True	False	True
NTM2_ASD_down	500	42	CABP1	-3.70697547436262	-1	3.70697547436262	True	False	True
NTM2_ASD_down	500	43	MIR3677HG	-3.68725110984757	-1	3.68725110984757	False	False	False
NTM2_ASD_down	500	44	IQSEC3	-3.68016766523167	-1	3.68016766523167	True	False	True
NTM2_ASD_down	500	45	RIMKLA	-3.67787346373641	-1	3.67787346373641	False	False	False
NTM2_ASD_down	500	46	MAP1A	-3.67487030453126	-1	3.67487030453126	True	False	True
NTM2_ASD_down	500	47	MARCHF10	-3.67257803807993	-1	3.67257803807993	False	False	False
NTM2_ASD_down	500	48	CFAP410	-3.60888105438887	-1	3.60888105438887	False	False	False
NTM2_ASD_down	500	49	CPLX1	-3.60289792831945	-1	3.60289792831945	True	False	True
NTM2_ASD_down	500	50	PARD6A	-3.59819926888217	-1	3.59819926888217	True	False	True
NTM2_ASD_down	500	51	ABCA3	-3.5940180035995	-1	3.5940180035995	False	False	False
NTM2_ASD_down	500	52	TECPR1	-3.58266489487352	-1	3.58266489487352	False	False	False
NTM2_ASD_down	500	53	EVI5L	-3.58122506102895	-1	3.58122506102895	False	False	False
NTM2_ASD_down	500	54	ST8SIA5	-3.56380328102081	-1	3.56380328102081	True	False	True
NTM2_ASD_down	500	55	TMEM121B	-3.56371700868177	-1	3.56371700868177	False	False	False
NTM2_ASD_down	500	56	NUP93	-3.55688952055928	-1	3.55688952055928	True	False	True
NTM2_ASD_down	500	57	POU3F1	-3.55591932915285	-1	3.55591932915285	False	False	False
NTM2_ASD_down	500	58	SETD4	-3.55136748949434	-1	3.55136748949434	False	False	False
NTM2_ASD_down	500	59	SPDEF	-3.5457528102404	-1	3.5457528102404	False	False	False
NTM2_ASD_down	500	60	FAM86HP	-3.53605191903366	-1	3.53605191903366	False	False	False
NTM2_ASD_down	500	61	PANX2	-3.53306625888345	-1	3.53306625888345	True	False	True
NTM2_ASD_down	500	62	LINC02192	-3.52383279524289	-1	3.52383279524289	False	False	False
NTM2_ASD_down	500	63	ADGRB2	-3.50938857561023	-1	3.50938857561023	False	False	False
NTM2_ASD_down	500	64	N4BP3	-3.50454542725897	-1	3.50454542725897	False	False	False
NTM2_ASD_down	500	65	LOC153910	-3.50216799074943	-1	3.50216799074943	False	False	False
NTM2_ASD_down	500	66	NGEF	-3.49955670975169	-1	3.49955670975169	True	False	True
NTM2_ASD_down	500	67	PRRT3	-3.49731009797539	-1	3.49731009797539	True	False	True
NTM2_ASD_down	500	68	CACNB1	-3.47161258955423	-1	3.47161258955423	False	False	False
NTM2_ASD_down	500	69	BCL11B	-3.46962817893975	-1	3.46962817893975	True	False	True
NTM2_ASD_down	500	70	KLF13	-3.46890176256176	-1	3.46890176256176	False	False	False
NTM2_ASD_down	500	71	KCNF1	-3.46274379623636	-1	3.46274379623636	False	False	False
NTM2_ASD_down	500	72	CHGA	-3.44278448125473	-1	3.44278448125473	False	False	False
NTM2_ASD_down	500	73	MAP3K9	-3.43834150703	-1	3.43834150703	False	False	False
NTM2_ASD_down	500	74	LOC101927588	-3.43654102360364	-1	3.43654102360364	False	False	False
NTM2_ASD_down	500	75	PEX5L	-3.42546754570567	-1	3.42546754570567	True	False	True
NTM2_ASD_down	500	76	DAGLA	-3.42275976985864	-1	3.42275976985864	False	False	False
NTM2_ASD_down	500	77	TESC	-3.41264044081996	-1	3.41264044081996	True	False	True
NTM2_ASD_down	500	78	SFTPD	-3.40961996127914	-1	3.40961996127914	False	False	False
NTM2_ASD_down	500	79	FAM43B	-3.40660386600902	-1	3.40660386600902	True	False	True
NTM2_ASD_down	500	80	DIRAS1	-3.39655317807332	-1	3.39655317807332	False	False	False
NTM2_ASD_down	500	81	DGCR5	-3.39409679521988	-1	3.39409679521988	False	False	False
NTM2_ASD_down	500	82	RAB11FIP5	-3.39366435868832	-1	3.39366435868832	True	False	True
NTM2_ASD_down	500	83	PHF24	-3.39086086941949	-1	3.39086086941949	False	False	False
NTM2_ASD_down	500	84	INKA2	-3.3859253836118	-1	3.3859253836118	False	False	False
NTM2_ASD_down	500	85	ARIH2	-3.38510495434062	-1	3.38510495434062	False	False	False
NTM2_ASD_down	500	86	INF2	-3.37768521892548	-1	3.37768521892548	True	False	True
NTM2_ASD_down	500	87	ATXN1	-3.3758842283766	-1	3.3758842283766	False	False	False
NTM2_ASD_down	500	88	ROCK2	-3.37161949569335	-1	3.37161949569335	False	False	False
NTM2_ASD_down	500	89	ANKRD52	-3.37036411151274	-1	3.37036411151274	False	False	False
NTM2_ASD_down	500	90	KCNB1	-3.35672516541186	-1	3.35672516541186	True	False	True
NTM2_ASD_down	500	91	KCNA1	-3.35506995293236	-1	3.35506995293236	True	False	True
NTM2_ASD_down	500	92	R3HDM2	-3.35290936809116	-1	3.35290936809116	False	False	False
NTM2_ASD_down	500	93	BRSK1	-3.35207227842145	-1	3.35207227842145	False	False	False
NTM2_ASD_down	500	94	NEFH	-3.351392488155	-1	3.351392488155	True	False	True
NTM2_ASD_down	500	95	TAOK2	-3.33567711176275	-1	3.33567711176275	False	False	False
NTM2_ASD_down	500	96	PLCB1	-3.32047835526877	-1	3.32047835526877	True	False	True
NTM2_ASD_down	500	97	TESPA1	-3.31014591703913	-1	3.31014591703913	False	False	False
NTM2_ASD_down	500	98	KAZALD1	-3.30082086517707	-1	3.30082086517707	False	False	False
NTM2_ASD_down	500	99	DNAJC28	-3.28537762297503	-1	3.28537762297503	False	False	False
NTM2_ASD_down	500	100	CYP24A1	-3.28314469298598	-1	3.28314469298598	False	False	False
NTM2_ASD_down	500	101	SMPD3	-3.28119721655224	-1	3.28119721655224	True	False	True
NTM2_ASD_down	500	102	CORO2B	-3.27940371073112	-1	3.27940371073112	False	False	False
NTM2_ASD_down	500	103	GSK3B	-3.27499771090141	-1	3.27499771090141	False	False	False
NTM2_ASD_down	500	104	ADGRA1	-3.24831482673612	-1	3.24831482673612	False	False	False
NTM2_ASD_down	500	105	FGF13	-3.23698201091079	-1	3.23698201091079	False	False	False
NTM2_ASD_down	500	106	GP1BB	-3.21650388209592	-1	3.21650388209592	False	False	False
NTM2_ASD_down	500	107	DACT2	-3.20490382588692	-1	3.20490382588692	False	False	False
NTM2_ASD_down	500	108	NEFM	-3.20149587728076	-1	3.20149587728076	False	False	False
NTM2_ASD_down	500	109	BRD3OS	-3.19761242420433	-1	3.19761242420433	False	False	False
NTM2_ASD_down	500	110	LINC02133	-3.19167273789865	-1	3.19167273789865	False	False	False
NTM2_ASD_down	500	111	SYNGR1	-3.19087299487208	-1	3.19087299487208	True	False	True
NTM2_ASD_down	500	112	TMEM179	-3.18759600720507	-1	3.18759600720507	False	False	False
NTM2_ASD_down	500	113	INPP5J	-3.18520587734968	-1	3.18520587734968	True	False	True
NTM2_ASD_down	500	114	PDE10A	-3.18378790230577	-1	3.18378790230577	True	False	True
NTM2_ASD_down	500	115	JAKMIP1	-3.18022884673963	-1	3.18022884673963	False	False	False
NTM2_ASD_down	500	116	SYT5	-3.15341249921284	-1	3.15341249921284	False	False	False
NTM2_ASD_down	500	117	PTGFRN	-3.15101868975551	-1	3.15101868975551	True	False	True
NTM2_ASD_down	500	118	PHACTR1	-3.14448661155936	-1	3.14448661155936	False	False	False
NTM2_ASD_down	500	119	PLXDC1	-3.13241440808007	-1	3.13241440808007	True	False	True
NTM2_ASD_down	500	120	LOC103344931	-3.12967943417907	-1	3.12967943417907	False	False	False
NTM2_ASD_down	500	121	LRTM2	-3.12807354204816	-1	3.12807354204816	True	False	True
NTM2_ASD_down	500	122	SREBF2	-3.11398142556512	-1	3.11398142556512	True	False	True
NTM2_ASD_down	500	123	PCSK1	-3.11287132961694	-1	3.11287132961694	True	False	True
NTM2_ASD_down	500	124	SYT12	-3.11170444546484	-1	3.11170444546484	True	False	True
NTM2_ASD_down	500	125	ATG4D	-3.10999197063381	-1	3.10999197063381	False	False	False
NTM2_ASD_down	500	126	ANK3	-3.10991472053875	-1	3.10991472053875	False	False	False
NTM2_ASD_down	500	127	PART1	-3.10967546277738	-1	3.10967546277738	True	False	True
NTM2_ASD_down	500	128	EDN3	-3.10155135357774	-1	3.10155135357774	False	False	False
NTM2_ASD_down	500	129	C17orf100	-3.09672548512913	-1	3.09672548512913	False	False	False
NTM2_ASD_down	500	130	MORN3	-3.08827028462836	-1	3.08827028462836	False	False	False
NTM2_ASD_down	500	131	TMEFF1	-3.08575525393784	-1	3.08575525393784	True	False	True
NTM2_ASD_down	500	132	SCN8A	-3.07351395199421	-1	3.07351395199421	False	False	False
NTM2_ASD_down	500	133	ABCG4	-3.06918530161027	-1	3.06918530161027	True	False	True
NTM2_ASD_down	500	134	FRMPD2B	-3.06899542643329	-1	3.06899542643329	False	False	False
NTM2_ASD_down	500	135	NTN4	-3.05345173835301	-1	3.05345173835301	False	False	False
NTM2_ASD_down	500	136	COL26A1	-3.05204234505528	-1	3.05204234505528	False	False	False
NTM2_ASD_down	500	137	TMEM250	-3.05073772021372	-1	3.05073772021372	False	False	False
NTM2_ASD_down	500	138	ADCY1	-3.0457678024276	-1	3.0457678024276	False	False	False
NTM2_ASD_down	500	139	RHOBTB1	-3.04535214793416	-1	3.04535214793416	False	False	False
NTM2_ASD_down	500	140	SYNPO2	-3.04503090992872	-1	3.04503090992872	True	False	True
NTM2_ASD_down	500	141	EPHB6	-3.03999642654012	-1	3.03999642654012	False	False	False
NTM2_ASD_down	500	142	REEP2	-3.0340002335414	-1	3.0340002335414	False	False	False
NTM2_ASD_down	500	143	TBC1D10B	-3.02669169046449	-1	3.02669169046449	False	False	False
NTM2_ASD_down	500	144	CBLN2	-3.02659315167104	-1	3.02659315167104	False	False	False
NTM2_ASD_down	500	145	LRRC8B	-3.02426055903806	-1	3.02426055903806	False	False	False
NTM2_ASD_down	500	146	PRKCB	-3.02323653951301	-1	3.02323653951301	True	False	True
NTM2_ASD_down	500	147	CCDC184	-3.01988584140213	-1	3.01988584140213	False	False	False
NTM2_ASD_down	500	148	KIF17	-3.01500268030148	-1	3.01500268030148	True	False	True
NTM2_ASD_down	500	149	TRABD2A	-3.01481414553417	-1	3.01481414553417	False	False	False
NTM2_ASD_down	500	150	PCSK2	-3.01043711029012	-1	3.01043711029012	False	False	False
NTM2_ASD_down	500	151	NDRG4	-3.00562013646297	-1	3.00562013646297	True	False	True
NTM2_ASD_down	500	152	NCR3LG1	-2.98354554627299	-1	2.98354554627299	False	False	False
NTM2_ASD_down	500	153	MARK2	-2.98046411235412	-1	2.98046411235412	False	False	False
NTM2_ASD_down	500	154	STX1B	-2.97735135824163	-1	2.97735135824163	True	False	True
NTM2_ASD_down	500	155	PTGES3L	-2.95977003030337	-1	2.95977003030337	False	False	False
NTM2_ASD_down	500	156	HCN2	-2.95641705796594	-1	2.95641705796594	True	False	True
NTM2_ASD_down	500	157	CORO2A	-2.95495921625826	-1	2.95495921625826	False	False	False
NTM2_ASD_down	500	158	KCNN1	-2.9544218524457	-1	2.9544218524457	True	False	True
NTM2_ASD_down	500	159	KCNJ4	-2.94732715886252	-1	2.94732715886252	True	False	True
NTM2_ASD_down	500	160	RNFT2	-2.94584030703743	-1	2.94584030703743	False	False	False
NTM2_ASD_down	500	161	LRRTM1	-2.94332014093755	-1	2.94332014093755	False	False	False
NTM2_ASD_down	500	162	GRID1	-2.9391565141941	-1	2.9391565141941	False	False	False
NTM2_ASD_down	500	163	TTC23L	-2.93859556039601	-1	2.93859556039601	False	False	False
NTM2_ASD_down	500	164	CCDC68	-2.92954869951242	-1	2.92954869951242	True	False	True
NTM2_ASD_down	500	165	CTXN3	-2.92913244778467	-1	2.92913244778467	False	False	False
NTM2_ASD_down	500	166	LOC105378231	-2.92886063161261	-1	2.92886063161261	False	False	False
NTM2_ASD_down	500	167	PCDHA7	-2.92648543254012	-1	2.92648543254012	False	False	False
NTM2_ASD_down	500	168	PLBD2	-2.91982573493689	-1	2.91982573493689	False	False	False
NTM2_ASD_down	500	169	TRAPPC10	-2.91598726336959	-1	2.91598726336959	False	False	False
NTM2_ASD_down	500	170	PCDHA2	-2.91284707697828	-1	2.91284707697828	False	False	False
NTM2_ASD_down	500	171	PACSIN1	-2.90642066173718	-1	2.90642066173718	True	False	True
NTM2_ASD_down	500	172	PPP6R2	-2.90616083247274	-1	2.90616083247274	False	False	False
NTM2_ASD_down	500	173	SLC9A1	-2.90132601044653	-1	2.90132601044653	True	False	True
NTM2_ASD_down	500	174	CHRNA2	-2.89846216989233	-1	2.89846216989233	True	False	True
NTM2_ASD_down	500	175	KRBOX5	-2.89802598527444	-1	2.89802598527444	False	False	False
NTM2_ASD_down	500	176	PPP2R2C	-2.89715836079709	-1	2.89715836079709	True	False	True
NTM2_ASD_down	500	177	FBXO41	-2.88974143482191	-1	2.88974143482191	True	False	True
NTM2_ASD_down	500	178	RAPGEF4-AS1	-2.88735146976517	-1	2.88735146976517	False	False	False
NTM2_ASD_down	500	179	FBXL20	-2.88698735994108	-1	2.88698735994108	False	False	False
NTM2_ASD_down	500	180	WDR13	-2.88607992171151	-1	2.88607992171151	False	False	False
NTM2_ASD_down	500	181	UBE3A	-2.88196799257543	-1	2.88196799257543	True	False	True
NTM2_ASD_down	500	182	SPOCK2	-2.88038200346026	-1	2.88038200346026	True	False	True
NTM2_ASD_down	500	183	SYT15	-2.87964126636584	-1	2.87964126636584	True	False	True
NTM2_ASD_down	500	184	OPA3	-2.87906062311374	-1	2.87906062311374	False	False	False
NTM2_ASD_down	500	185	TMEM178B	-2.87679430928602	-1	2.87679430928602	False	False	False
NTM2_ASD_down	500	186	PIK3R2	-2.86724731068098	-1	2.86724731068098	False	False	False
NTM2_ASD_down	500	187	CHRNB2	-2.86706681785884	-1	2.86706681785884	False	False	False
NTM2_ASD_down	500	188	RMND5B	-2.86495038136878	-1	2.86495038136878	False	False	False
NTM2_ASD_down	500	189	ADCY5	-2.86042119836676	-1	2.86042119836676	False	False	False
NTM2_ASD_down	500	190	ADCK1	-2.86023846039294	-1	2.86023846039294	False	False	False
NTM2_ASD_down	500	191	RAPGEF5	-2.85998706203962	-1	2.85998706203962	True	False	True
NTM2_ASD_down	500	192	LINC01470	-2.85858882777239	-1	2.85858882777239	False	False	False
NTM2_ASD_down	500	193	HCRTR1	-2.85815595342089	-1	2.85815595342089	False	False	False
NTM2_ASD_down	500	194	SLC45A1	-2.85716026484753	-1	2.85716026484753	False	False	False
NTM2_ASD_down	500	195	KLF9	-2.85669443464454	-1	2.85669443464454	True	False	True
NTM2_ASD_down	500	196	KIAA0513	-2.85653578360892	-1	2.85653578360892	True	False	True
NTM2_ASD_down	500	197	LOC119746555	-2.85467319966769	-1	2.85467319966769	False	False	False
NTM2_ASD_down	500	198	ARHGAP44	-2.85189936793361	-1	2.85189936793361	True	False	True
NTM2_ASD_down	500	199	MARCHF4	-2.8516013472232	-1	2.8516013472232	False	False	False
NTM2_ASD_down	500	200	UNC5A	-2.85077665739101	-1	2.85077665739101	False	False	False
NTM2_ASD_down	500	201	ATP13A2	-2.84958842348029	-1	2.84958842348029	False	False	False
NTM2_ASD_down	500	202	SCN1A-AS1	-2.84955938000651	-1	2.84955938000651	False	False	False
NTM2_ASD_down	500	203	DUTP6	-2.84160952699589	-1	2.84160952699589	False	False	False
NTM2_ASD_down	500	204	FLJ33534	-2.83886303367317	-1	2.83886303367317	False	False	False
NTM2_ASD_down	500	205	SHISAL1	-2.83836874333988	-1	2.83836874333988	False	False	False
NTM2_ASD_down	500	206	TMEM150C	-2.83292129284957	-1	2.83292129284957	False	False	False
NTM2_ASD_down	500	207	SLC38A5	-2.8278885449385	-1	2.8278885449385	False	False	False
NTM2_ASD_down	500	208	EXTL1	-2.82259868022439	-1	2.82259868022439	True	False	True
NTM2_ASD_down	500	209	GBA2	-2.82203806538599	-1	2.82203806538599	False	False	False
NTM2_ASD_down	500	210	PGBD5	-2.82059660911432	-1	2.82059660911432	False	False	False
NTM2_ASD_down	500	211	LOC645485	-2.81476334506893	-1	2.81476334506893	False	False	False
NTM2_ASD_down	500	212	NECTIN1	-2.81150941565157	-1	2.81150941565157	False	False	False
NTM2_ASD_down	500	213	ALKBH6	-2.80795405996229	-1	2.80795405996229	True	False	True
NTM2_ASD_down	500	214	PLXNA2	-2.80549880229741	-1	2.80549880229741	True	False	True
NTM2_ASD_down	500	215	KCNH3	-2.80379773869915	-1	2.80379773869915	True	False	True
NTM2_ASD_down	500	216	CBX6	-2.80261215237709	-1	2.80261215237709	True	False	True
NTM2_ASD_down	500	217	TTC19	-2.79400511764269	-1	2.79400511764269	False	False	False
NTM2_ASD_down	500	218	POU6F1	-2.79207273919736	-1	2.79207273919736	False	False	False
NTM2_ASD_down	500	219	POMGNT2	-2.79001095397754	-1	2.79001095397754	False	False	False
NTM2_ASD_down	500	220	RNF165	-2.78889311203446	-1	2.78889311203446	True	False	True
NTM2_ASD_down	500	221	CCR10	-2.78812071825092	-1	2.78812071825092	False	False	False
NTM2_ASD_down	500	222	GIT1	-2.78697599186086	-1	2.78697599186086	False	False	False
NTM2_ASD_down	500	223	DCAF8	-2.78562346842746	-1	2.78562346842746	True	False	True
NTM2_ASD_down	500	224	TMEM38A	-2.78501442747469	-1	2.78501442747469	True	False	True
NTM2_ASD_down	500	225	RUSC2	-2.7844123671405	-1	2.7844123671405	False	False	False
NTM2_ASD_down	500	226	SCRT1	-2.78145419371467	-1	2.78145419371467	False	False	False
NTM2_ASD_down	500	227	MEGF8	-2.78000156297277	-1	2.78000156297277	False	False	False
NTM2_ASD_down	500	228	FASN	-2.77827799218621	-1	2.77827799218621	False	False	False
NTM2_ASD_down	500	229	SEZ6L2	-2.77199674530712	-1	2.77199674530712	False	False	False
NTM2_ASD_down	500	230	MPPED1	-2.77142322326586	-1	2.77142322326586	True	False	True
NTM2_ASD_down	500	231	SNPH	-2.7713270892958	-1	2.7713270892958	True	False	True
NTM2_ASD_down	500	232	LINC02433	-2.76699327209852	-1	2.76699327209852	False	False	False
NTM2_ASD_down	500	233	TSHR	-2.76602271915825	-1	2.76602271915825	False	False	False
NTM2_ASD_down	500	234	IGLON5	-2.76481275311137	-1	2.76481275311137	True	False	True
NTM2_ASD_down	500	235	RAB15	-2.76395938099467	-1	2.76395938099467	False	False	False
NTM2_ASD_down	500	236	HECW1	-2.76342313890602	-1	2.76342313890602	False	False	False
NTM2_ASD_down	500	237	PLPP6	-2.75676349912565	-1	2.75676349912565	False	False	False
NTM2_ASD_down	500	238	CYP1A1	-2.75405746946144	-1	2.75405746946144	False	False	False
NTM2_ASD_down	500	239	OPRD1	-2.7489066880416	-1	2.7489066880416	True	False	True
NTM2_ASD_down	500	240	GABBR2	-2.74814091393126	-1	2.74814091393126	False	False	False
NTM2_ASD_down	500	241	TMEM132B	-2.74612185641588	-1	2.74612185641588	False	False	False
NTM2_ASD_down	500	242	HSD11B1L	-2.7406766947858	-1	2.7406766947858	True	False	True
NTM2_ASD_down	500	243	DLG4	-2.73677206137629	-1	2.73677206137629	False	False	False
NTM2_ASD_down	500	244	ACTR1B	-2.73667241357487	-1	2.73667241357487	True	False	True
NTM2_ASD_down	500	245	DCC	-2.72944797001328	-1	2.72944797001328	True	False	True
NTM2_ASD_down	500	246	OBSCN-AS1	-2.72731971646835	-1	2.72731971646835	False	False	False
NTM2_ASD_down	500	247	SEC14L5	-2.72567570645	-1	2.72567570645	True	False	True
NTM2_ASD_down	500	248	SYT2	-2.72199307733855	-1	2.72199307733855	True	False	True
NTM2_ASD_down	500	249	EPHA10	-2.72008461579299	-1	2.72008461579299	False	False	False
NTM2_ASD_down	500	250	PNMA8B	-2.71979509883726	-1	2.71979509883726	False	False	False
NTM2_ASD_down	500	251	VAMP2	-2.7163503007371	-1	2.7163503007371	True	False	True
NTM2_ASD_down	500	252	TMEM241	-2.71581780987691	-1	2.71581780987691	False	False	False
NTM2_ASD_down	500	253	MAP1B	-2.71460858675751	-1	2.71460858675751	True	False	True
NTM2_ASD_down	500	254	SPATA2L	-2.70844278599258	-1	2.70844278599258	False	False	False
NTM2_ASD_down	500	255	CAMK2A	-2.70796203392399	-1	2.70796203392399	True	False	True
NTM2_ASD_down	500	256	EFNA5	-2.70794524888768	-1	2.70794524888768	False	False	False
NTM2_ASD_down	500	257	OLFM1	-2.70739545672433	-1	2.70739545672433	True	False	True
NTM2_ASD_down	500	258	IL1RL2	-2.70736768112102	-1	2.70736768112102	False	False	False
NTM2_ASD_down	500	259	RAB40C	-2.70334272156866	-1	2.70334272156866	False	False	False
NTM2_ASD_down	500	260	PCGF3	-2.7032975648066	-1	2.7032975648066	True	False	True
NTM2_ASD_down	500	261	ANKRD24	-2.70135775781088	-1	2.70135775781088	True	False	True
NTM2_ASD_down	500	262	FHL2	-2.69931870775213	-1	2.69931870775213	True	False	True
NTM2_ASD_down	500	263	SLC28A2	-2.6985880892467	-1	2.6985880892467	False	False	False
NTM2_ASD_down	500	264	NALCN-AS1	-2.69776441341928	-1	2.69776441341928	False	False	False
NTM2_ASD_down	500	265	ZNRF1	-2.69619568361853	-1	2.69619568361853	True	False	True
NTM2_ASD_down	500	266	MAP2K7	-2.69454542184942	-1	2.69454542184942	False	False	False
NTM2_ASD_down	500	267	SNAI3-AS1	-2.6931880390249	-1	2.6931880390249	False	False	False
NTM2_ASD_down	500	268	FAM163A	-2.69304222817884	-1	2.69304222817884	False	False	False
NTM2_ASD_down	500	269	ZNF165	-2.69098607471393	-1	2.69098607471393	False	False	False
NTM2_ASD_down	500	270	HTR6	-2.69019054802966	-1	2.69019054802966	False	False	False
NTM2_ASD_down	500	271	SHD	-2.68727326273581	-1	2.68727326273581	True	False	True
NTM2_ASD_down	500	272	TMEM132C	-2.68724316061926	-1	2.68724316061926	False	False	False
NTM2_ASD_down	500	273	KCNIP3	-2.68624247883109	-1	2.68624247883109	True	False	True
NTM2_ASD_down	500	274	SNX27	-2.68468490222435	-1	2.68468490222435	False	False	False
NTM2_ASD_down	500	275	RAB40A	-2.68156777330609	-1	2.68156777330609	False	False	False
NTM2_ASD_down	500	276	DHRS7C	-2.68039939474215	-1	2.68039939474215	False	False	False
NTM2_ASD_down	500	277	FAM131B	-2.67270802603035	-1	2.67270802603035	False	False	False
NTM2_ASD_down	500	278	SPTBN2	-2.671971037854	-1	2.671971037854	False	False	False
NTM2_ASD_down	500	279	DIPK1B	-2.67143101882582	-1	2.67143101882582	False	False	False
NTM2_ASD_down	500	280	VSTM2L	-2.67093516547732	-1	2.67093516547732	True	False	True
NTM2_ASD_down	500	281	PAFAH1B2P2	-2.66626533506363	-1	2.66626533506363	False	False	False
NTM2_ASD_down	500	282	WSB2	-2.6661836326378	-1	2.6661836326378	False	False	False
NTM2_ASD_down	500	283	CALML3	-2.66342488757651	-1	2.66342488757651	False	False	False
NTM2_ASD_down	500	284	EPB41L1	-2.65897186326415	-1	2.65897186326415	False	False	False
NTM2_ASD_down	500	285	FLRT1	-2.65402538653823	-1	2.65402538653823	False	False	False
NTM2_ASD_down	500	286	ATP6V0A1	-2.65193190198336	-1	2.65193190198336	True	False	True
NTM2_ASD_down	500	287	CASKIN1	-2.65119733253558	-1	2.65119733253558	True	False	True
NTM2_ASD_down	500	288	SPRN	-2.64865942210841	-1	2.64865942210841	False	False	False
NTM2_ASD_down	500	289	BCL11A	-2.64479358219564	-1	2.64479358219564	True	False	True
NTM2_ASD_down	500	290	SLC27A4	-2.64451816972997	-1	2.64451816972997	False	False	False
NTM2_ASD_down	500	291	LRRC75A	-2.64048556174279	-1	2.64048556174279	False	False	False
NTM2_ASD_down	500	292	ARFGEF2	-2.63952348383071	-1	2.63952348383071	True	False	True
NTM2_ASD_down	500	293	ITPK1	-2.63740824381947	-1	2.63740824381947	True	False	True
NTM2_ASD_down	500	294	ADAM11	-2.63709498941709	-1	2.63709498941709	True	False	True
NTM2_ASD_down	500	295	RNF103-CHMP3	-2.63491665727563	-1	2.63491665727563	False	False	False
NTM2_ASD_down	500	296	CNTNAP1	-2.6327087482457	-1	2.6327087482457	True	False	True
NTM2_ASD_down	500	297	ACOT4	-2.63202522852987	-1	2.63202522852987	True	False	True
NTM2_ASD_down	500	298	FAM174B	-2.63194930526179	-1	2.63194930526179	False	False	False
NTM2_ASD_down	500	299	MYSM1	-2.63073642737838	-1	2.63073642737838	False	False	False
NTM2_ASD_down	500	300	PITPNM3	-2.6300052230359	-1	2.6300052230359	True	False	True
NTM2_ASD_down	500	301	RELL2	-2.62974747704104	-1	2.62974747704104	True	False	True
NTM2_ASD_down	500	302	LINC02857	-2.62886816313289	-1	2.62886816313289	False	False	False
NTM2_ASD_down	500	303	TOM1L2	-2.6243012427729	-1	2.6243012427729	True	False	True
NTM2_ASD_down	500	304	NIT2	-2.62286366073395	-1	2.62286366073395	False	False	False
NTM2_ASD_down	500	305	RASGRF1	-2.62013969990105	-1	2.62013969990105	True	False	True
NTM2_ASD_down	500	306	KCNH5	-2.61959906423706	-1	2.61959906423706	False	False	False
NTM2_ASD_down	500	307	PCYT2	-2.61801020472392	-1	2.61801020472392	False	False	False
NTM2_ASD_down	500	308	CACNA1G	-2.61255351794186	-1	2.61255351794186	True	False	True
NTM2_ASD_down	500	309	CORT	-2.61163809696955	-1	2.61163809696955	False	False	False
NTM2_ASD_down	500	310	STRN4	-2.61098234402053	-1	2.61098234402053	True	False	True
NTM2_ASD_down	500	311	PDZD4	-2.61020774435107	-1	2.61020774435107	False	False	False
NTM2_ASD_down	500	312	ATXN7L3	-2.60428827826307	-1	2.60428827826307	False	False	False
NTM2_ASD_down	500	313	CCM2	-2.60143829133032	-1	2.60143829133032	True	False	True
NTM2_ASD_down	500	314	MFSD3	-2.60044667554982	-1	2.60044667554982	True	False	True
NTM2_ASD_down	500	315	SLC7A1	-2.59926816280371	-1	2.59926816280371	False	False	False
NTM2_ASD_down	500	316	TCERG1L	-2.59890927664073	-1	2.59890927664073	False	False	False
NTM2_ASD_down	500	317	SLC6A17	-2.59723408365134	-1	2.59723408365134	True	False	True
NTM2_ASD_down	500	318	POLDIP2	-2.59713387096846	-1	2.59713387096846	False	False	False
NTM2_ASD_down	500	319	HS3ST5	-2.59576950675968	-1	2.59576950675968	False	False	False
NTM2_ASD_down	500	320	TATDN2	-2.59514935440345	-1	2.59514935440345	False	False	False
NTM2_ASD_down	500	321	DOCK3	-2.59286963353928	-1	2.59286963353928	False	False	False
NTM2_ASD_down	500	322	CFC1B	-2.59032631732219	-1	2.59032631732219	False	False	False
NTM2_ASD_down	500	323	RNF215	-2.58689095610567	-1	2.58689095610567	False	False	False
NTM2_ASD_down	500	324	C2orf50	-2.58587628093645	-1	2.58587628093645	True	False	True
NTM2_ASD_down	500	325	ILRUN	-2.58523042350152	-1	2.58523042350152	False	False	False
NTM2_ASD_down	500	326	RPS6KL1	-2.58425028589063	-1	2.58425028589063	False	False	False
NTM2_ASD_down	500	327	ARMC7	-2.58419093146516	-1	2.58419093146516	False	False	False
NTM2_ASD_down	500	328	CNNM1	-2.5816768951879	-1	2.5816768951879	True	False	True
NTM2_ASD_down	500	329	STXBP5-AS1	-2.58004915778745	-1	2.58004915778745	False	False	False
NTM2_ASD_down	500	330	CENPBD2P	-2.57750227810645	-1	2.57750227810645	False	False	False
NTM2_ASD_down	500	331	C4orf50	-2.57215815100735	-1	2.57215815100735	False	False	False
NTM2_ASD_down	500	332	MFSD6	-2.57181200374643	-1	2.57181200374643	True	False	True
NTM2_ASD_down	500	333	KCNQ3	-2.56033774396263	-1	2.56033774396263	False	False	False
NTM2_ASD_down	500	334	DCTN1	-2.56007503781435	-1	2.56007503781435	False	False	False
NTM2_ASD_down	500	335	GPR26	-2.5595541747078	-1	2.5595541747078	True	False	True
NTM2_ASD_down	500	336	KCNV1	-2.55917286456559	-1	2.55917286456559	False	False	False
NTM2_ASD_down	500	337	AP3D1	-2.55891391400298	-1	2.55891391400298	False	False	False
NTM2_ASD_down	500	338	RAP1GAP2	-2.55837430956451	-1	2.55837430956451	True	False	True
NTM2_ASD_down	500	339	CPNE9	-2.55747703328371	-1	2.55747703328371	True	False	True
NTM2_ASD_down	500	340	FADS6	-2.55731377841501	-1	2.55731377841501	True	False	True
NTM2_ASD_down	500	341	GRM8	-2.55442448906614	-1	2.55442448906614	True	False	True
NTM2_ASD_down	500	342	CPLX2	-2.55351285394233	-1	2.55351285394233	True	False	True
NTM2_ASD_down	500	343	INA	-2.55192653185265	-1	2.55192653185265	True	False	True
NTM2_ASD_down	500	344	ABCC12	-2.55171541852759	-1	2.55171541852759	True	False	True
NTM2_ASD_down	500	345	TGFBRAP1	-2.55045278325208	-1	2.55045278325208	True	False	True
NTM2_ASD_down	500	346	PGP	-2.54929658964392	-1	2.54929658964392	True	False	True
NTM2_ASD_down	500	347	FSD1	-2.5487312308278	-1	2.5487312308278	False	False	False
NTM2_ASD_down	500	348	CLDN4	-2.54865708707386	-1	2.54865708707386	False	False	False
NTM2_ASD_down	500	349	F7	-2.54838302141173	-1	2.54838302141173	False	False	False
NTM2_ASD_down	500	350	GDF7	-2.54741515624541	-1	2.54741515624541	True	False	True
NTM2_ASD_down	500	351	TRAF3	-2.54710869489459	-1	2.54710869489459	False	False	False
NTM2_ASD_down	500	352	TMEM8B	-2.54578468658023	-1	2.54578468658023	False	False	False
NTM2_ASD_down	500	353	SPRY4-AS1	-2.53840350296593	-1	2.53840350296593	False	False	False
NTM2_ASD_down	500	354	GATAD2B	-2.53442371274326	-1	2.53442371274326	True	False	True
NTM2_ASD_down	500	355	BICDL1	-2.53177916612342	-1	2.53177916612342	False	False	False
NTM2_ASD_down	500	356	SOHLH1	-2.53069762017525	-1	2.53069762017525	True	False	True
NTM2_ASD_down	500	357	C1QTNF4	-2.52957741692405	-1	2.52957741692405	False	False	False
NTM2_ASD_down	500	358	TATDN2P1	-2.52805889429501	-1	2.52805889429501	False	False	False
NTM2_ASD_down	500	359	MRPL42	-2.52761839090453	-1	2.52761839090453	False	False	False
NTM2_ASD_down	500	360	KCNK4	-2.52569763595879	-1	2.52569763595879	False	False	False
NTM2_ASD_down	500	361	THEM5	-2.52536074397751	-1	2.52536074397751	False	False	False
NTM2_ASD_down	500	362	AGAP2	-2.5234979956836	-1	2.5234979956836	True	False	True
NTM2_ASD_down	500	363	PELI3	-2.52316056078469	-1	2.52316056078469	True	False	True
NTM2_ASD_down	500	364	SLC35B4	-2.51947434298905	-1	2.51947434298905	False	False	False
NTM2_ASD_down	500	365	NRXN2	-2.51401912871381	-1	2.51401912871381	False	False	False
NTM2_ASD_down	500	366	C12orf42	-2.5132523226884	-1	2.5132523226884	False	False	False
NTM2_ASD_down	500	367	RARB	-2.51238329323436	-1	2.51238329323436	True	False	True
NTM2_ASD_down	500	368	FRK	-2.51227012461174	-1	2.51227012461174	False	False	False
NTM2_ASD_down	500	369	NAPEPLD	-2.51219810535973	-1	2.51219810535973	True	False	True
NTM2_ASD_down	500	370	NACC1	-2.50948521707455	-1	2.50948521707455	True	False	True
NTM2_ASD_down	500	371	PRXL2B	-2.50712993497824	-1	2.50712993497824	False	False	False
NTM2_ASD_down	500	372	CLSTN3	-2.5070453742353	-1	2.5070453742353	False	False	False
NTM2_ASD_down	500	373	GPR85	-2.50688995263924	-1	2.50688995263924	True	False	True
NTM2_ASD_down	500	374	ADAM23	-2.50566406540529	-1	2.50566406540529	False	False	False
NTM2_ASD_down	500	375	SLC4A8	-2.50525404735459	-1	2.50525404735459	False	False	False
NTM2_ASD_down	500	376	LRRC73	-2.50190771897903	-1	2.50190771897903	False	False	False
NTM2_ASD_down	500	377	NUTM2E	-2.50142820448052	-1	2.50142820448052	False	False	False
NTM2_ASD_down	500	378	ANXA6	-2.50094089355256	-1	2.50094089355256	True	False	True
NTM2_ASD_down	500	379	AREL1	-2.4994952938177	-1	2.4994952938177	False	False	False
NTM2_ASD_down	500	380	TMEM127	-2.49757976497279	-1	2.49757976497279	False	False	False
NTM2_ASD_down	500	381	SUV39H1	-2.49677053663741	-1	2.49677053663741	False	False	False
NTM2_ASD_down	500	382	OPN3	-2.49608902407763	-1	2.49608902407763	True	False	True
NTM2_ASD_down	500	383	TAMALIN	-2.49605116020508	-1	2.49605116020508	False	False	False
NTM2_ASD_down	500	384	SRD5A1	-2.49560349921356	-1	2.49560349921356	True	False	True
NTM2_ASD_down	500	385	SLC24A2	-2.49432032371245	-1	2.49432032371245	True	False	True
NTM2_ASD_down	500	386	FKBP11	-2.49366312283338	-1	2.49366312283338	True	False	True
NTM2_ASD_down	500	387	EXTL3	-2.49258596040682	-1	2.49258596040682	False	False	False
NTM2_ASD_down	500	388	BAP1	-2.49172464338795	-1	2.49172464338795	False	False	False
NTM2_ASD_down	500	389	FAM171A2	-2.48842997123223	-1	2.48842997123223	True	False	True
NTM2_ASD_down	500	390	PPARGC1B	-2.48828398641306	-1	2.48828398641306	True	False	True
NTM2_ASD_down	500	391	CACNA1I	-2.4868426645198	-1	2.4868426645198	True	False	True
NTM2_ASD_down	500	392	LYRM4	-2.48396887527666	-1	2.48396887527666	False	False	False
NTM2_ASD_down	500	393	SLC66A2	-2.48385192239866	-1	2.48385192239866	False	False	False
NTM2_ASD_down	500	394	LGI3	-2.48342707434377	-1	2.48342707434377	True	False	True
NTM2_ASD_down	500	395	CAMK1D	-2.48308989147437	-1	2.48308989147437	False	False	False
NTM2_ASD_down	500	396	RGS4	-2.4818585947505	-1	2.4818585947505	True	False	True
NTM2_ASD_down	500	397	TBC1D24	-2.48168818514005	-1	2.48168818514005	False	False	False
NTM2_ASD_down	500	398	CFC1	-2.48049702281972	-1	2.48049702281972	False	False	False
NTM2_ASD_down	500	399	TPPP	-2.47834198321771	-1	2.47834198321771	True	False	True
NTM2_ASD_down	500	400	BCDIN3D-AS1	-2.47663900684483	-1	2.47663900684483	False	False	False
NTM2_ASD_down	500	401	MIR600HG	-2.47557581575974	-1	2.47557581575974	False	False	False
NTM2_ASD_down	500	402	PPP3R1	-2.47485996054958	-1	2.47485996054958	False	False	False
NTM2_ASD_down	500	403	GRIN2A	-2.4726894341523	-1	2.4726894341523	True	False	True
NTM2_ASD_down	500	404	LRP8	-2.4722756103215	-1	2.4722756103215	True	False	True
NTM2_ASD_down	500	405	ZNF385B	-2.47169405149153	-1	2.47169405149153	True	False	True
NTM2_ASD_down	500	406	KCNH2	-2.47035385020782	-1	2.47035385020782	False	False	False
NTM2_ASD_down	500	407	CAMK2B	-2.468614022138	-1	2.468614022138	True	False	True
NTM2_ASD_down	500	408	TCTE1	-2.46241186400311	-1	2.46241186400311	False	False	False
NTM2_ASD_down	500	409	DHCR24	-2.46186536604536	-1	2.46186536604536	False	False	False
NTM2_ASD_down	500	410	GFRA2	-2.45648385356694	-1	2.45648385356694	False	False	False
NTM2_ASD_down	500	411	NLK	-2.45570951424199	-1	2.45570951424199	True	False	True
NTM2_ASD_down	500	412	DNAJC11	-2.45489020731961	-1	2.45489020731961	False	False	False
NTM2_ASD_down	500	413	FNDC5	-2.45320929429496	-1	2.45320929429496	True	False	True
NTM2_ASD_down	500	414	NRXN3	-2.45266969312422	-1	2.45266969312422	True	False	True
NTM2_ASD_down	500	415	MAPK8IP2	-2.45145184519806	-1	2.45145184519806	False	False	False
NTM2_ASD_down	500	416	TUBG1	-2.45119870944653	-1	2.45119870944653	False	False	False
NTM2_ASD_down	500	417	GRASLND	-2.45051482093003	-1	2.45051482093003	False	False	False
NTM2_ASD_down	500	418	FRMPD2	-2.44930867441387	-1	2.44930867441387	True	False	True
NTM2_ASD_down	500	419	SLC6A17-AS1	-2.44728156677924	-1	2.44728156677924	False	False	False
NTM2_ASD_down	500	420	PRKAR1B	-2.44721531165063	-1	2.44721531165063	True	False	True
NTM2_ASD_down	500	421	RASL10B	-2.44708268048927	-1	2.44708268048927	True	False	True
NTM2_ASD_down	500	422	PDE4A	-2.44566118886628	-1	2.44566118886628	True	False	True
NTM2_ASD_down	500	423	GALNT9	-2.44484896644454	-1	2.44484896644454	True	False	True
NTM2_ASD_down	500	424	SYT7	-2.4444331831456	-1	2.4444331831456	False	False	False
NTM2_ASD_down	500	425	CEP170B	-2.44399832409505	-1	2.44399832409505	False	False	False
NTM2_ASD_down	500	426	DGCR2	-2.44312106466761	-1	2.44312106466761	False	False	False
NTM2_ASD_down	500	427	CIDEA	-2.44020699416849	-1	2.44020699416849	False	False	False
NTM2_ASD_down	500	428	UNC13A	-2.43939720416665	-1	2.43939720416665	True	False	True
NTM2_ASD_down	500	429	MYPOP	-2.4378098422215	-1	2.4378098422215	True	False	True
NTM2_ASD_down	500	430	CCAR2	-2.43663077460717	-1	2.43663077460717	False	False	False
NTM2_ASD_down	500	431	CHRM4	-2.43481586149305	-1	2.43481586149305	True	False	True
NTM2_ASD_down	500	432	SBK1	-2.43285501244696	-1	2.43285501244696	True	False	True
NTM2_ASD_down	500	433	NEURL1	-2.43265878926503	-1	2.43265878926503	False	False	False
NTM2_ASD_down	500	434	RANGAP1	-2.43206497800483	-1	2.43206497800483	False	False	False
NTM2_ASD_down	500	435	USP32	-2.43172614072538	-1	2.43172614072538	False	False	False
NTM2_ASD_down	500	436	KCNAB1	-2.42908754785853	-1	2.42908754785853	True	False	True
NTM2_ASD_down	500	437	KRT5	-2.42823076498565	-1	2.42823076498565	False	False	False
NTM2_ASD_down	500	438	PRKCE	-2.42805385810907	-1	2.42805385810907	False	False	False
NTM2_ASD_down	500	439	CLSTN1	-2.42604947785693	-1	2.42604947785693	True	False	True
NTM2_ASD_down	500	440	BAG6	-2.42511524396807	-1	2.42511524396807	True	False	True
NTM2_ASD_down	500	441	MYH10	-2.42461647651084	-1	2.42461647651084	False	False	False
NTM2_ASD_down	500	442	KIF3A	-2.42366762555275	-1	2.42366762555275	False	False	False
NTM2_ASD_down	500	443	LOC100506551	-2.42364952320091	-1	2.42364952320091	False	False	False
NTM2_ASD_down	500	444	BICDL2	-2.42299388562774	-1	2.42299388562774	False	False	False
NTM2_ASD_down	500	445	CALHM1	-2.42253437684309	-1	2.42253437684309	True	False	True
NTM2_ASD_down	500	446	NECAB1	-2.4217828238828	-1	2.4217828238828	True	False	True
NTM2_ASD_down	500	447	NCALD	-2.41908769249267	-1	2.41908769249267	False	False	False
NTM2_ASD_down	500	448	BRSK2	-2.41830411081133	-1	2.41830411081133	False	False	False
NTM2_ASD_down	500	449	SCN1A	-2.41823291949265	-1	2.41823291949265	True	False	True
NTM2_ASD_down	500	450	LUZP1	-2.41677196744802	-1	2.41677196744802	True	False	True
NTM2_ASD_down	500	451	LHFPL4	-2.41608197064485	-1	2.41608197064485	False	False	False
NTM2_ASD_down	500	452	FBXW5	-2.41512151296206	-1	2.41512151296206	False	False	False
NTM2_ASD_down	500	453	TMEM221	-2.41443310765676	-1	2.41443310765676	False	False	False
NTM2_ASD_down	500	454	PRKACA	-2.41347758591645	-1	2.41347758591645	False	False	False
NTM2_ASD_down	500	455	BSN	-2.41345085215128	-1	2.41345085215128	True	False	True
NTM2_ASD_down	500	456	SLC39A10	-2.41065444677604	-1	2.41065444677604	False	False	False
NTM2_ASD_down	500	457	IQSEC2	-2.41024342737726	-1	2.41024342737726	False	False	False
NTM2_ASD_down	500	458	JPH3	-2.4095455587121	-1	2.4095455587121	False	False	False
NTM2_ASD_down	500	459	NPLOC4	-2.40877131257656	-1	2.40877131257656	False	False	False
NTM2_ASD_down	500	460	LMTK2	-2.40805310894583	-1	2.40805310894583	False	False	False
NTM2_ASD_down	500	461	SPNS2	-2.40712704362894	-1	2.40712704362894	True	False	True
NTM2_ASD_down	500	462	CDH6	-2.40691595472964	-1	2.40691595472964	True	False	True
NTM2_ASD_down	500	463	ABR	-2.40648516831692	-1	2.40648516831692	False	False	False
NTM2_ASD_down	500	464	MAGEE1	-2.40483318880401	-1	2.40483318880401	False	False	False
NTM2_ASD_down	500	465	TPBGL	-2.40378222570814	-1	2.40378222570814	False	False	False
NTM2_ASD_down	500	466	LMOD3	-2.40348048017488	-1	2.40348048017488	False	False	False
NTM2_ASD_down	500	467	NAPA	-2.40015457098591	-1	2.40015457098591	True	False	True
NTM2_ASD_down	500	468	SYNPO	-2.40011888773023	-1	2.40011888773023	True	False	True
NTM2_ASD_down	500	469	DGKZ	-2.3995128834961	-1	2.3995128834961	True	False	True
NTM2_ASD_down	500	470	NBL1	-2.39875841097172	-1	2.39875841097172	True	False	True
NTM2_ASD_down	500	471	SLC2A6	-2.39762582104479	-1	2.39762582104479	False	False	False
NTM2_ASD_down	500	472	NOVA1	-2.39631070563876	-1	2.39631070563876	False	False	False
NTM2_ASD_down	500	473	DGKQ	-2.39591038853311	-1	2.39591038853311	True	False	True
NTM2_ASD_down	500	474	MICAL2	-2.39513865928436	-1	2.39513865928436	True	False	True
NTM2_ASD_down	500	475	HIVEP2	-2.39379523305435	-1	2.39379523305435	False	False	False
NTM2_ASD_down	500	476	TTLL7	-2.39165542263554	-1	2.39165542263554	False	False	False
NTM2_ASD_down	500	477	HCN1	-2.39055643358241	-1	2.39055643358241	False	False	False
NTM2_ASD_down	500	478	KCNB2	-2.38946035735109	-1	2.38946035735109	False	False	False
NTM2_ASD_down	500	479	MAFG	-2.38906686807043	-1	2.38906686807043	True	False	True
NTM2_ASD_down	500	480	CAMKK2	-2.38871624349	-1	2.38871624349	False	False	False
NTM2_ASD_down	500	481	SCAI	-2.38861303226999	-1	2.38861303226999	False	False	False
NTM2_ASD_down	500	482	FNDC10	-2.38746044715685	-1	2.38746044715685	False	False	False
NTM2_ASD_down	500	483	PPFIA3	-2.3840692542422	-1	2.3840692542422	False	False	False
NTM2_ASD_down	500	484	C3orf80	-2.38043157114829	-1	2.38043157114829	True	False	True
NTM2_ASD_down	500	485	ADARB1	-2.38004998009706	-1	2.38004998009706	False	False	False
NTM2_ASD_down	500	486	RBP5	-2.37949563799208	-1	2.37949563799208	False	False	False
NTM2_ASD_down	500	487	MARK1	-2.3783755201943	-1	2.3783755201943	True	False	True
NTM2_ASD_down	500	488	NF2	-2.3773015657939	-1	2.3773015657939	False	False	False
NTM2_ASD_down	500	489	CRH	-2.37711128802494	-1	2.37711128802494	False	False	False
NTM2_ASD_down	500	490	DNAJC24	-2.37641301822869	-1	2.37641301822869	True	False	True
NTM2_ASD_down	500	491	KIF1A	-2.3761531053909	-1	2.3761531053909	False	False	False
NTM2_ASD_down	500	492	NRIP2	-2.37468232779126	-1	2.37468232779126	True	False	True
NTM2_ASD_down	500	493	DLGAP1	-2.37255448089866	-1	2.37255448089866	False	False	False
NTM2_ASD_down	500	494	ZBTB7A	-2.37162919999827	-1	2.37162919999827	True	False	True
NTM2_ASD_down	500	495	KIFC2	-2.37119198789211	-1	2.37119198789211	True	False	True
NTM2_ASD_down	500	496	FBXL18	-2.3706945642923	-1	2.3706945642923	False	False	False
NTM2_ASD_down	500	497	RUSC1	-2.36799373888148	-1	2.36799373888148	True	False	True
NTM2_ASD_down	500	498	OTOGL	-2.36519187276971	-1	2.36519187276971	True	False	True
NTM2_ASD_down	500	499	LOC101927745	-2.36514824153746	-1	2.36514824153746	False	False	False
NTM2_ASD_down	500	500	TMEM132D	-2.36467596375546	-1	2.36467596375546	True	False	True
NTM3_ASD_signed	500	1	PGAM2	7.20971851829502	1	7.20971851829502	False	False	False
NTM3_ASD_signed	500	2	PCDHGA6	6.01412271071827	1	6.01412271071827	False	False	False
NTM3_ASD_signed	500	3	ZNF804B	-6.00204416930744	-1	6.00204416930744	False	False	False
NTM3_ASD_signed	500	4	PIRT	5.05062106677198	1	5.05062106677198	False	False	False
NTM3_ASD_signed	500	5	ARHGAP6	5.01938156206294	1	5.01938156206294	False	False	False
NTM3_ASD_signed	500	6	SUSD5	-4.89335536098251	-1	4.89335536098251	True	False	True
NTM3_ASD_signed	500	7	PITPNA-AS1	4.87958528763785	1	4.87958528763785	False	False	False
NTM3_ASD_signed	500	8	H1-2	4.84856990719471	1	4.84856990719471	False	False	False
NTM3_ASD_signed	500	9	NOS2	-4.82139570628448	-1	4.82139570628448	True	False	True
NTM3_ASD_signed	500	10	IRGQ	-4.76627462450893	-1	4.76627462450893	True	False	True
NTM3_ASD_signed	500	11	TMEM151B	-4.75439472156047	-1	4.75439472156047	False	False	False
NTM3_ASD_signed	500	12	FAH	4.75124265057912	1	4.75124265057912	True	True	False
NTM3_ASD_signed	500	13	OVOL2	-4.72035155775408	-1	4.72035155775408	False	False	False
NTM3_ASD_signed	500	14	BTG1	4.70597123337315	1	4.70597123337315	True	True	False
NTM3_ASD_signed	500	15	CXCL5	4.70202457051339	1	4.70202457051339	False	False	False
NTM3_ASD_signed	500	16	FTL	4.67509714484616	1	4.67509714484616	False	False	False
NTM3_ASD_signed	500	17	COL10A1	-4.64040114822016	-1	4.64040114822016	True	False	True
NTM3_ASD_signed	500	18	GADD45G	4.63056622604224	1	4.63056622604224	False	False	False
NTM3_ASD_signed	500	19	WNT10A	-4.60749518513366	-1	4.60749518513366	False	False	False
NTM3_ASD_signed	500	20	MTMR11	4.57292011111706	1	4.57292011111706	False	False	False
NTM3_ASD_signed	500	21	H4C14	4.55987022516043	1	4.55987022516043	False	False	False
NTM3_ASD_signed	500	22	PLEKHA4	4.55023103057427	1	4.55023103057427	False	False	False
NTM3_ASD_signed	500	23	HNRNPH1	4.54444093479356	1	4.54444093479356	True	True	False
NTM3_ASD_signed	500	24	BCCIP	4.53898953614708	1	4.53898953614708	True	True	False
NTM3_ASD_signed	500	25	ABCA1	4.51075268234858	1	4.51075268234858	False	False	False
NTM3_ASD_signed	500	26	CSTB	4.50543993966292	1	4.50543993966292	False	False	False
NTM3_ASD_signed	500	27	TPBG	-4.49961714888502	-1	4.49961714888502	False	False	False
NTM3_ASD_signed	500	28	ARMCX6	4.49773909292779	1	4.49773909292779	False	False	False
NTM3_ASD_signed	500	29	APOOL	-4.4902150855277	-1	4.4902150855277	False	False	False
NTM3_ASD_signed	500	30	IGFBP5	4.48773048332092	1	4.48773048332092	False	False	False
NTM3_ASD_signed	500	31	TMEM176A	4.44560789496208	1	4.44560789496208	False	False	False
NTM3_ASD_signed	500	32	HMGN1	4.41438035214001	1	4.41438035214001	True	True	False
NTM3_ASD_signed	500	33	ATP2B2	-4.37978008568899	-1	4.37978008568899	True	False	True
NTM3_ASD_signed	500	34	SLC2A4RG	4.36586526979047	1	4.36586526979047	False	False	False
NTM3_ASD_signed	500	35	UXT-AS1	4.35895711628577	1	4.35895711628577	False	False	False
NTM3_ASD_signed	500	36	EMP3	4.35891209592947	1	4.35891209592947	False	False	False
NTM3_ASD_signed	500	37	SYT3	-4.35771917587339	-1	4.35771917587339	False	False	False
NTM3_ASD_signed	500	38	FOXJ1	4.35077776535989	1	4.35077776535989	False	False	False
NTM3_ASD_signed	500	39	RPS3	4.34432605971197	1	4.34432605971197	True	True	False
NTM3_ASD_signed	500	40	SNHG19	4.33245991305077	1	4.33245991305077	False	False	False
NTM3_ASD_signed	500	41	GTF2A1L	4.29489688255692	1	4.29489688255692	False	False	False
NTM3_ASD_signed	500	42	DDR2	4.25581641962911	1	4.25581641962911	False	False	False
NTM3_ASD_signed	500	43	BASP1	-4.25043917932904	-1	4.25043917932904	True	False	True
NTM3_ASD_signed	500	44	NABP1	4.2327175690044	1	4.2327175690044	False	False	False
NTM3_ASD_signed	500	45	LYNX1	-4.19515521994107	-1	4.19515521994107	True	False	True
NTM3_ASD_signed	500	46	PABPC1	4.18268487204014	1	4.18268487204014	True	True	False
NTM3_ASD_signed	500	47	CENPS-CORT	-4.18228216882888	-1	4.18228216882888	False	False	False
NTM3_ASD_signed	500	48	GHRHR	4.16103189753518	1	4.16103189753518	False	False	False
NTM3_ASD_signed	500	49	HR	-4.15442329006094	-1	4.15442329006094	True	False	True
NTM3_ASD_signed	500	50	DZIP1L	4.14734839405979	1	4.14734839405979	False	False	False
NTM3_ASD_signed	500	51	RNF157	-4.14629829441838	-1	4.14629829441838	True	False	True
NTM3_ASD_signed	500	52	LZTS1	-4.14161297378831	-1	4.14161297378831	True	False	True
NTM3_ASD_signed	500	53	UBE2L6	4.09636713253115	1	4.09636713253115	True	True	False
NTM3_ASD_signed	500	54	LONRF3	4.09586529067049	1	4.09586529067049	False	False	False
NTM3_ASD_signed	500	55	GFPT2	4.08154082031066	1	4.08154082031066	False	False	False
NTM3_ASD_signed	500	56	CACNG2	-4.07613308461322	-1	4.07613308461322	False	False	False
NTM3_ASD_signed	500	57	ZNF217	4.07197000536311	1	4.07197000536311	True	True	False
NTM3_ASD_signed	500	58	ZSCAN1	-4.04228833533272	-1	4.04228833533272	False	False	False
NTM3_ASD_signed	500	59	CD99	4.04092295329309	1	4.04092295329309	False	False	False
NTM3_ASD_signed	500	60	TGIF1	4.03372049260923	1	4.03372049260923	False	False	False
NTM3_ASD_signed	500	61	CHI3L2	4.02488209421331	1	4.02488209421331	False	False	False
NTM3_ASD_signed	500	62	DDAH2	4.01525259993605	1	4.01525259993605	True	True	False
NTM3_ASD_signed	500	63	CELSR2	-4.01401276163347	-1	4.01401276163347	False	False	False
NTM3_ASD_signed	500	64	RAB20	4.00359439238769	1	4.00359439238769	False	False	False
NTM3_ASD_signed	500	65	MDK	3.99980525018311	1	3.99980525018311	True	True	False
NTM3_ASD_signed	500	66	CYP2E1	-3.98729269375799	-1	3.98729269375799	False	False	False
NTM3_ASD_signed	500	67	TMEM176B	3.98693579140637	1	3.98693579140637	True	True	False
NTM3_ASD_signed	500	68	GDPD2	3.97583184533899	1	3.97583184533899	False	False	False
NTM3_ASD_signed	500	69	SMAD1	3.9726439599843	1	3.9726439599843	True	True	False
NTM3_ASD_signed	500	70	IQSEC1	-3.96536990397371	-1	3.96536990397371	True	False	True
NTM3_ASD_signed	500	71	RPH3A	-3.96440789507353	-1	3.96440789507353	True	False	True
NTM3_ASD_signed	500	72	FBLN7	-3.94999790784626	-1	3.94999790784626	True	False	True
NTM3_ASD_signed	500	73	LRAT	3.94902302919565	1	3.94902302919565	False	False	False
NTM3_ASD_signed	500	74	RPL18A	3.94595963527571	1	3.94595963527571	True	True	False
NTM3_ASD_signed	500	75	TANGO2	-3.94383213493093	-1	3.94383213493093	False	False	False
NTM3_ASD_signed	500	76	EIF4EBP1	3.93977277863401	1	3.93977277863401	False	False	False
NTM3_ASD_signed	500	77	NT5C2	3.92455628271224	1	3.92455628271224	True	True	False
NTM3_ASD_signed	500	78	IL17REL	-3.90973956081033	-1	3.90973956081033	False	False	False
NTM3_ASD_signed	500	79	PCDHA3	-3.90258554108698	-1	3.90258554108698	False	False	False
NTM3_ASD_signed	500	80	OTUD7A	-3.90174228832616	-1	3.90174228832616	True	False	True
NTM3_ASD_signed	500	81	RPS27L	3.88131043466562	1	3.88131043466562	False	False	False
NTM3_ASD_signed	500	82	JCAD	-3.85483506812587	-1	3.85483506812587	False	False	False
NTM3_ASD_signed	500	83	ADGRL1	-3.85233508705342	-1	3.85233508705342	False	False	False
NTM3_ASD_signed	500	84	LINC01354	3.84929218893059	1	3.84929218893059	False	False	False
NTM3_ASD_signed	500	85	C10orf105	3.84742043174694	1	3.84742043174694	False	False	False
NTM3_ASD_signed	500	86	ADRA1D	-3.84226965772106	-1	3.84226965772106	False	False	False
NTM3_ASD_signed	500	87	H2AC6	3.84058470352856	1	3.84058470352856	False	False	False
NTM3_ASD_signed	500	88	INTS4	3.83570222826705	1	3.83570222826705	True	True	False
NTM3_ASD_signed	500	89	MARCHF3	3.83225933588053	1	3.83225933588053	False	False	False
NTM3_ASD_signed	500	90	H2AJ	3.83118709002056	1	3.83118709002056	False	False	False
NTM3_ASD_signed	500	91	TNFRSF11B	3.8115604507069	1	3.8115604507069	False	False	False
NTM3_ASD_signed	500	92	WEE1	3.80965726943861	1	3.80965726943861	False	False	False
NTM3_ASD_signed	500	93	SERTAD4	-3.80931364122228	-1	3.80931364122228	False	False	False
NTM3_ASD_signed	500	94	ADIRF	3.80619456135892	1	3.80619456135892	False	False	False
NTM3_ASD_signed	500	95	ZC3HAV1	3.80390067831273	1	3.80390067831273	True	True	False
NTM3_ASD_signed	500	96	LINC01844	-3.7997998356648	-1	3.7997998356648	False	False	False
NTM3_ASD_signed	500	97	ALPK1	3.79968757090355	1	3.79968757090355	True	True	False
NTM3_ASD_signed	500	98	OST4	3.79860328355859	1	3.79860328355859	False	False	False
NTM3_ASD_signed	500	99	CDK5R2	-3.79337610007523	-1	3.79337610007523	True	False	True
NTM3_ASD_signed	500	100	KCNA2	-3.7862697120283	-1	3.7862697120283	True	False	True
NTM3_ASD_signed	500	101	SLC36A1	-3.78242449677066	-1	3.78242449677066	False	False	False
NTM3_ASD_signed	500	102	RHOBTB2	-3.77857289838518	-1	3.77857289838518	False	False	False
NTM3_ASD_signed	500	103	SYNC	3.77403983331961	1	3.77403983331961	True	True	False
NTM3_ASD_signed	500	104	H2BC18	3.7729787401893	1	3.7729787401893	False	False	False
NTM3_ASD_signed	500	105	MOB3C	3.76289742094555	1	3.76289742094555	False	False	False
NTM3_ASD_signed	500	106	RPS19	3.75600958749704	1	3.75600958749704	True	True	False
NTM3_ASD_signed	500	107	INTS12	3.75332111291757	1	3.75332111291757	True	True	False
NTM3_ASD_signed	500	108	LIMK1	-3.74177248899971	-1	3.74177248899971	True	False	True
NTM3_ASD_signed	500	109	ARHGEF11	-3.73676868272424	-1	3.73676868272424	False	False	False
NTM3_ASD_signed	500	110	GLIS3	3.72741520190745	1	3.72741520190745	False	False	False
NTM3_ASD_signed	500	111	ROM1	3.71908518737016	1	3.71908518737016	True	True	False
NTM3_ASD_signed	500	112	H4C15	3.71586232841559	1	3.71586232841559	False	False	False
NTM3_ASD_signed	500	113	NQO1	3.71394455929174	1	3.71394455929174	True	True	False
NTM3_ASD_signed	500	114	CLEC2L	-3.71072568993876	-1	3.71072568993876	True	False	True
NTM3_ASD_signed	500	115	KIFC1	3.70909724606816	1	3.70909724606816	False	False	False
NTM3_ASD_signed	500	116	CABP1	-3.70697547436262	-1	3.70697547436262	True	False	True
NTM3_ASD_signed	500	117	HMOX1	3.70239104088511	1	3.70239104088511	False	False	False
NTM3_ASD_signed	500	118	MICA	3.69482416074067	1	3.69482416074067	False	False	False
NTM3_ASD_signed	500	119	MIR3677HG	-3.68725110984757	-1	3.68725110984757	False	False	False
NTM3_ASD_signed	500	120	POLR2J	3.68162805578246	1	3.68162805578246	False	False	False
NTM3_ASD_signed	500	121	IQSEC3	-3.68016766523167	-1	3.68016766523167	True	False	True
NTM3_ASD_signed	500	122	VIM-AS1	3.68003236524138	1	3.68003236524138	False	False	False
NTM3_ASD_signed	500	123	CRTC3-AS1	3.67942236667132	1	3.67942236667132	False	False	False
NTM3_ASD_signed	500	124	RIMKLA	-3.67787346373641	-1	3.67787346373641	False	False	False
NTM3_ASD_signed	500	125	MAP1A	-3.67487030453126	-1	3.67487030453126	True	False	True
NTM3_ASD_signed	500	126	SRGAP1	3.6732660751797	1	3.6732660751797	True	True	False
NTM3_ASD_signed	500	127	MARCHF10	-3.67257803807993	-1	3.67257803807993	False	False	False
NTM3_ASD_signed	500	128	SFMBT2	3.65644549800314	1	3.65644549800314	False	False	False
NTM3_ASD_signed	500	129	RPL13A	3.6557983365219	1	3.6557983365219	True	True	False
NTM3_ASD_signed	500	130	HSPB1	3.65177222669989	1	3.65177222669989	False	False	False
NTM3_ASD_signed	500	131	DYNLT1	3.65032439099228	1	3.65032439099228	True	True	False
NTM3_ASD_signed	500	132	CAPG	3.6457295239143	1	3.6457295239143	False	False	False
NTM3_ASD_signed	500	133	RPS16	3.64036472136277	1	3.64036472136277	True	True	False
NTM3_ASD_signed	500	134	PDLIM3	3.63364084042349	1	3.63364084042349	False	False	False
NTM3_ASD_signed	500	135	C4A	3.63154623058816	1	3.63154623058816	False	False	False
NTM3_ASD_signed	500	136	SLC44A3	3.62607545774037	1	3.62607545774037	False	False	False
NTM3_ASD_signed	500	137	RAD51B	3.6208483334971	1	3.6208483334971	False	False	False
NTM3_ASD_signed	500	138	CFAP410	-3.60888105438887	-1	3.60888105438887	False	False	False
NTM3_ASD_signed	500	139	ARRDC4	3.60733665557234	1	3.60733665557234	True	True	False
NTM3_ASD_signed	500	140	CPLX1	-3.60289792831945	-1	3.60289792831945	True	False	True
NTM3_ASD_signed	500	141	SUGCT	3.60202309465504	1	3.60202309465504	False	False	False
NTM3_ASD_signed	500	142	KIF18A	3.59993919251804	1	3.59993919251804	False	False	False
NTM3_ASD_signed	500	143	PARD6A	-3.59819926888217	-1	3.59819926888217	True	False	True
NTM3_ASD_signed	500	144	AGTRAP	3.59591037716023	1	3.59591037716023	False	False	False
NTM3_ASD_signed	500	145	HMGN2	3.59418538617666	1	3.59418538617666	True	True	False
NTM3_ASD_signed	500	146	ABCA3	-3.5940180035995	-1	3.5940180035995	False	False	False
NTM3_ASD_signed	500	147	PSD4	3.58660484526475	1	3.58660484526475	False	False	False
NTM3_ASD_signed	500	148	TECPR1	-3.58266489487352	-1	3.58266489487352	False	False	False
NTM3_ASD_signed	500	149	EVI5L	-3.58122506102895	-1	3.58122506102895	False	False	False
NTM3_ASD_signed	500	150	NFKB2	3.5734041710986	1	3.5734041710986	False	False	False
NTM3_ASD_signed	500	151	ST8SIA5	-3.56380328102081	-1	3.56380328102081	True	False	True
NTM3_ASD_signed	500	152	TMEM121B	-3.56371700868177	-1	3.56371700868177	False	False	False
NTM3_ASD_signed	500	153	HAL	3.56366051918942	1	3.56366051918942	False	False	False
NTM3_ASD_signed	500	154	ANGPT1	3.56079118149372	1	3.56079118149372	False	False	False
NTM3_ASD_signed	500	155	NUP93	-3.55688952055928	-1	3.55688952055928	True	False	True
NTM3_ASD_signed	500	156	POU3F1	-3.55591932915285	-1	3.55591932915285	False	False	False
NTM3_ASD_signed	500	157	SLC2A9	3.55248540853681	1	3.55248540853681	False	False	False
NTM3_ASD_signed	500	158	SETD4	-3.55136748949434	-1	3.55136748949434	False	False	False
NTM3_ASD_signed	500	159	P4HA1	3.55030896187596	1	3.55030896187596	False	False	False
NTM3_ASD_signed	500	160	SPDEF	-3.5457528102404	-1	3.5457528102404	False	False	False
NTM3_ASD_signed	500	161	FAM86HP	-3.53605191903366	-1	3.53605191903366	False	False	False
NTM3_ASD_signed	500	162	EVC2	3.53572295543524	1	3.53572295543524	False	False	False
NTM3_ASD_signed	500	163	PANX2	-3.53306625888345	-1	3.53306625888345	True	False	True
NTM3_ASD_signed	500	164	H2BC21	3.52904005485231	1	3.52904005485231	False	False	False
NTM3_ASD_signed	500	165	LINC02192	-3.52383279524289	-1	3.52383279524289	False	False	False
NTM3_ASD_signed	500	166	LCTL	3.5202019620474	1	3.5202019620474	False	False	False
NTM3_ASD_signed	500	167	ELL3	3.51906529696569	1	3.51906529696569	False	False	False
NTM3_ASD_signed	500	168	LHFPL1	3.51852635751975	1	3.51852635751975	False	False	False
NTM3_ASD_signed	500	169	MAML2	3.5151711828091	1	3.5151711828091	False	False	False
NTM3_ASD_signed	500	170	ADGRB2	-3.50938857561023	-1	3.50938857561023	False	False	False
NTM3_ASD_signed	500	171	EEF1A1	3.50515097230627	1	3.50515097230627	True	True	False
NTM3_ASD_signed	500	172	N4BP3	-3.50454542725897	-1	3.50454542725897	False	False	False
NTM3_ASD_signed	500	173	FNDC3B	3.50231578382987	1	3.50231578382987	False	False	False
NTM3_ASD_signed	500	174	LOC153910	-3.50216799074943	-1	3.50216799074943	False	False	False
NTM3_ASD_signed	500	175	PYCR1	3.50041061690305	1	3.50041061690305	False	False	False
NTM3_ASD_signed	500	176	NGEF	-3.49955670975169	-1	3.49955670975169	True	False	True
NTM3_ASD_signed	500	177	PRRT3	-3.49731009797539	-1	3.49731009797539	True	False	True
NTM3_ASD_signed	500	178	SLC16A9	3.49675533939778	1	3.49675533939778	False	False	False
NTM3_ASD_signed	500	179	PCDHGB6	3.48911941149687	1	3.48911941149687	False	False	False
NTM3_ASD_signed	500	180	ZFAS1	3.48827364234565	1	3.48827364234565	False	False	False
NTM3_ASD_signed	500	181	RPS11	3.48485269496908	1	3.48485269496908	True	True	False
NTM3_ASD_signed	500	182	DDIT4L	3.4845941930119	1	3.4845941930119	False	False	False
NTM3_ASD_signed	500	183	LYPLAL1-DT	3.48084563378832	1	3.48084563378832	False	False	False
NTM3_ASD_signed	500	184	PNP	3.47911374691331	1	3.47911374691331	False	False	False
NTM3_ASD_signed	500	185	CACNB1	-3.47161258955423	-1	3.47161258955423	False	False	False
NTM3_ASD_signed	500	186	BCL11B	-3.46962817893975	-1	3.46962817893975	True	False	True
NTM3_ASD_signed	500	187	KLF13	-3.46890176256176	-1	3.46890176256176	False	False	False
NTM3_ASD_signed	500	188	CAPN8	3.46750166028192	1	3.46750166028192	False	False	False
NTM3_ASD_signed	500	189	RIPK2	3.46485809292967	1	3.46485809292967	True	True	False
NTM3_ASD_signed	500	190	KCNF1	-3.46274379623636	-1	3.46274379623636	False	False	False
NTM3_ASD_signed	500	191	ENO3	3.46211433818887	1	3.46211433818887	False	False	False
NTM3_ASD_signed	500	192	NUPR1	3.46040253172887	1	3.46040253172887	True	True	False
NTM3_ASD_signed	500	193	C4B	3.45793567959398	1	3.45793567959398	False	False	False
NTM3_ASD_signed	500	194	MGST1	3.45555374496255	1	3.45555374496255	False	False	False
NTM3_ASD_signed	500	195	H3-3A	3.45287427814487	1	3.45287427814487	False	False	False
NTM3_ASD_signed	500	196	SLC25A43	3.44768609884499	1	3.44768609884499	False	False	False
NTM3_ASD_signed	500	197	PCDHGB7	3.44765391182497	1	3.44765391182497	False	False	False
NTM3_ASD_signed	500	198	GNG12	3.44756447097343	1	3.44756447097343	False	False	False
NTM3_ASD_signed	500	199	CHGA	-3.44278448125473	-1	3.44278448125473	False	False	False
NTM3_ASD_signed	500	200	CNN3	3.44212426536059	1	3.44212426536059	False	False	False
NTM3_ASD_signed	500	201	MAP3K9	-3.43834150703	-1	3.43834150703	False	False	False
NTM3_ASD_signed	500	202	WDR49	3.43743533252677	1	3.43743533252677	False	False	False
NTM3_ASD_signed	500	203	LOC101927588	-3.43654102360364	-1	3.43654102360364	False	False	False
NTM3_ASD_signed	500	204	PCDHGB3	3.43552966948157	1	3.43552966948157	False	False	False
NTM3_ASD_signed	500	205	PPBP	3.43435788324216	1	3.43435788324216	False	False	False
NTM3_ASD_signed	500	206	FZD7	3.43395983736755	1	3.43395983736755	True	True	False
NTM3_ASD_signed	500	207	MR1	3.42823303530704	1	3.42823303530704	True	True	False
NTM3_ASD_signed	500	208	PEX5L	-3.42546754570567	-1	3.42546754570567	True	False	True
NTM3_ASD_signed	500	209	ZNF274	3.42480286455692	1	3.42480286455692	True	True	False
NTM3_ASD_signed	500	210	DAGLA	-3.42275976985864	-1	3.42275976985864	False	False	False
NTM3_ASD_signed	500	211	GALNT4	3.42234854493874	1	3.42234854493874	False	False	False
NTM3_ASD_signed	500	212	TESC	-3.41264044081996	-1	3.41264044081996	True	False	True
NTM3_ASD_signed	500	213	SFTPD	-3.40961996127914	-1	3.40961996127914	False	False	False
NTM3_ASD_signed	500	214	FAM43B	-3.40660386600902	-1	3.40660386600902	True	False	True
NTM3_ASD_signed	500	215	SERP1	3.40433559135836	1	3.40433559135836	False	False	False
NTM3_ASD_signed	500	216	PCDHGB2	3.39950978530903	1	3.39950978530903	False	False	False
NTM3_ASD_signed	500	217	RNF114	3.39851381834001	1	3.39851381834001	False	False	False
NTM3_ASD_signed	500	218	DIRAS1	-3.39655317807332	-1	3.39655317807332	False	False	False
NTM3_ASD_signed	500	219	DGCR5	-3.39409679521988	-1	3.39409679521988	False	False	False
NTM3_ASD_signed	500	220	RAB11FIP5	-3.39366435868832	-1	3.39366435868832	True	False	True
NTM3_ASD_signed	500	221	AKR1C3	3.39240390366122	1	3.39240390366122	True	True	False
NTM3_ASD_signed	500	222	PHF24	-3.39086086941949	-1	3.39086086941949	False	False	False
NTM3_ASD_signed	500	223	IFI16	3.39033209452995	1	3.39033209452995	False	False	False
NTM3_ASD_signed	500	224	GNA13	3.38940828890438	1	3.38940828890438	True	True	False
NTM3_ASD_signed	500	225	GEM	3.3892816716573	1	3.3892816716573	False	False	False
NTM3_ASD_signed	500	226	INKA2	-3.3859253836118	-1	3.3859253836118	False	False	False
NTM3_ASD_signed	500	227	ARIH2	-3.38510495434062	-1	3.38510495434062	False	False	False
NTM3_ASD_signed	500	228	LTBR	3.38223801985956	1	3.38223801985956	False	False	False
NTM3_ASD_signed	500	229	CD109-AS1	3.37816582235212	1	3.37816582235212	False	False	False
NTM3_ASD_signed	500	230	INF2	-3.37768521892548	-1	3.37768521892548	True	False	True
NTM3_ASD_signed	500	231	ATXN1	-3.3758842283766	-1	3.3758842283766	False	False	False
NTM3_ASD_signed	500	232	ROCK2	-3.37161949569335	-1	3.37161949569335	False	False	False
NTM3_ASD_signed	500	233	ANKRD52	-3.37036411151274	-1	3.37036411151274	False	False	False
NTM3_ASD_signed	500	234	ABHD3	3.36787247027769	1	3.36787247027769	True	True	False
NTM3_ASD_signed	500	235	KCNB1	-3.35672516541186	-1	3.35672516541186	True	False	True
NTM3_ASD_signed	500	236	KCNA1	-3.35506995293236	-1	3.35506995293236	True	False	True
NTM3_ASD_signed	500	237	R3HDM2	-3.35290936809116	-1	3.35290936809116	False	False	False
NTM3_ASD_signed	500	238	BRSK1	-3.35207227842145	-1	3.35207227842145	False	False	False
NTM3_ASD_signed	500	239	NEFH	-3.351392488155	-1	3.351392488155	True	False	True
NTM3_ASD_signed	500	240	SWI5	3.34290315717444	1	3.34290315717444	True	True	False
NTM3_ASD_signed	500	241	ASAP3	3.34090670427579	1	3.34090670427579	False	False	False
NTM3_ASD_signed	500	242	LPP-AS2	3.34003887810913	1	3.34003887810913	False	False	False
NTM3_ASD_signed	500	243	PCDHGB8P	3.33626197966249	1	3.33626197966249	False	False	False
NTM3_ASD_signed	500	244	TAOK2	-3.33567711176275	-1	3.33567711176275	False	False	False
NTM3_ASD_signed	500	245	TGDS	3.33513172436888	1	3.33513172436888	False	False	False
NTM3_ASD_signed	500	246	DDX31	3.33420685414319	1	3.33420685414319	True	True	False
NTM3_ASD_signed	500	247	SLC44A3-AS1	3.33117921164163	1	3.33117921164163	False	False	False
NTM3_ASD_signed	500	248	MT2A	3.32880767382884	1	3.32880767382884	True	True	False
NTM3_ASD_signed	500	249	CAPN2	3.32092362370177	1	3.32092362370177	False	False	False
NTM3_ASD_signed	500	250	PLCB1	-3.32047835526877	-1	3.32047835526877	True	False	True
NTM3_ASD_signed	500	251	RAB13	3.3113018423827	1	3.3113018423827	False	False	False
NTM3_ASD_signed	500	252	TESPA1	-3.31014591703913	-1	3.31014591703913	False	False	False
NTM3_ASD_signed	500	253	LMNB1	3.30815570909612	1	3.30815570909612	True	True	False
NTM3_ASD_signed	500	254	RHOD	3.30645805198657	1	3.30645805198657	False	False	False
NTM3_ASD_signed	500	255	KAZALD1	-3.30082086517707	-1	3.30082086517707	False	False	False
NTM3_ASD_signed	500	256	PLAUR	3.29858382759002	1	3.29858382759002	False	False	False
NTM3_ASD_signed	500	257	SEC11A	3.29572482742625	1	3.29572482742625	True	True	False
NTM3_ASD_signed	500	258	ATP6V0E1	3.29390668089891	1	3.29390668089891	False	False	False
NTM3_ASD_signed	500	259	S100A11	3.29381590071067	1	3.29381590071067	False	False	False
NTM3_ASD_signed	500	260	TAF1A-AS1	3.29133957399187	1	3.29133957399187	False	False	False
NTM3_ASD_signed	500	261	PLP2	3.29088250008456	1	3.29088250008456	False	False	False
NTM3_ASD_signed	500	262	DNAJC28	-3.28537762297503	-1	3.28537762297503	False	False	False
NTM3_ASD_signed	500	263	CYP24A1	-3.28314469298598	-1	3.28314469298598	False	False	False
NTM3_ASD_signed	500	264	PLCB3	3.28205607494575	1	3.28205607494575	False	False	False
NTM3_ASD_signed	500	265	SMPD3	-3.28119721655224	-1	3.28119721655224	True	False	True
NTM3_ASD_signed	500	266	TMEM216	3.28001814309097	1	3.28001814309097	False	False	False
NTM3_ASD_signed	500	267	CORO2B	-3.27940371073112	-1	3.27940371073112	False	False	False
NTM3_ASD_signed	500	268	LIX1	3.27723135135709	1	3.27723135135709	True	True	False
NTM3_ASD_signed	500	269	NUP98	3.2756149923817	1	3.2756149923817	True	True	False
NTM3_ASD_signed	500	270	GSK3B	-3.27499771090141	-1	3.27499771090141	False	False	False
NTM3_ASD_signed	500	271	FAM107A	3.27022045724846	1	3.27022045724846	True	True	False
NTM3_ASD_signed	500	272	XPO1	3.26960958487376	1	3.26960958487376	True	True	False
NTM3_ASD_signed	500	273	CBFB	3.26795763732878	1	3.26795763732878	True	True	False
NTM3_ASD_signed	500	274	PXN	3.26202129357124	1	3.26202129357124	False	False	False
NTM3_ASD_signed	500	275	PLTP	3.26047175899106	1	3.26047175899106	False	False	False
NTM3_ASD_signed	500	276	RPL13	3.25859299304341	1	3.25859299304341	True	True	False
NTM3_ASD_signed	500	277	ADGRA1	-3.24831482673612	-1	3.24831482673612	False	False	False
NTM3_ASD_signed	500	278	LIMS4	3.2459487896433	1	3.2459487896433	False	False	False
NTM3_ASD_signed	500	279	HPS5	3.24554100799242	1	3.24554100799242	False	False	False
NTM3_ASD_signed	500	280	FGF13	-3.23698201091079	-1	3.23698201091079	False	False	False
NTM3_ASD_signed	500	281	ST7-OT4	3.23583827511466	1	3.23583827511466	False	False	False
NTM3_ASD_signed	500	282	MYC	3.23561681019418	1	3.23561681019418	True	True	False
NTM3_ASD_signed	500	283	NPL	3.23178728127474	1	3.23178728127474	True	True	False
NTM3_ASD_signed	500	284	EZH2	3.22869760577928	1	3.22869760577928	True	True	False
NTM3_ASD_signed	500	285	EMILIN1	3.22808955016484	1	3.22808955016484	False	False	False
NTM3_ASD_signed	500	286	GP1BB	-3.21650388209592	-1	3.21650388209592	False	False	False
NTM3_ASD_signed	500	287	LOC105379362	3.20504197824997	1	3.20504197824997	False	False	False
NTM3_ASD_signed	500	288	DANCR	3.20503733325836	1	3.20503733325836	False	False	False
NTM3_ASD_signed	500	289	DACT2	-3.20490382588692	-1	3.20490382588692	False	False	False
NTM3_ASD_signed	500	290	IFITM2	3.20421394123029	1	3.20421394123029	False	False	False
NTM3_ASD_signed	500	291	NEFM	-3.20149587728076	-1	3.20149587728076	False	False	False
NTM3_ASD_signed	500	292	RPL11	3.19960881701924	1	3.19960881701924	True	True	False
NTM3_ASD_signed	500	293	BRD3OS	-3.19761242420433	-1	3.19761242420433	False	False	False
NTM3_ASD_signed	500	294	IFITM3	3.19581984291415	1	3.19581984291415	True	True	False
NTM3_ASD_signed	500	295	CD44	3.19175588393058	1	3.19175588393058	False	False	False
NTM3_ASD_signed	500	296	LINC02133	-3.19167273789865	-1	3.19167273789865	False	False	False
NTM3_ASD_signed	500	297	SYNGR1	-3.19087299487208	-1	3.19087299487208	True	False	True
NTM3_ASD_signed	500	298	H2AC11	3.18929011653717	1	3.18929011653717	False	False	False
NTM3_ASD_signed	500	299	TMEM179	-3.18759600720507	-1	3.18759600720507	False	False	False
NTM3_ASD_signed	500	300	PEA15	3.18741891809434	1	3.18741891809434	True	True	False
NTM3_ASD_signed	500	301	INPP5J	-3.18520587734968	-1	3.18520587734968	True	False	True
NTM3_ASD_signed	500	302	ANG	3.18465983722871	1	3.18465983722871	False	False	False
NTM3_ASD_signed	500	303	SNTG2	3.18442952263871	1	3.18442952263871	False	False	False
NTM3_ASD_signed	500	304	TNFRSF10C	3.18427075157883	1	3.18427075157883	False	False	False
NTM3_ASD_signed	500	305	PDE10A	-3.18378790230577	-1	3.18378790230577	True	False	True
NTM3_ASD_signed	500	306	ADAM17	3.18265490525544	1	3.18265490525544	False	False	False
NTM3_ASD_signed	500	307	RNF122	3.18226252999712	1	3.18226252999712	False	False	False
NTM3_ASD_signed	500	308	JAKMIP1	-3.18022884673963	-1	3.18022884673963	False	False	False
NTM3_ASD_signed	500	309	VASP	3.18018013072608	1	3.18018013072608	False	False	False
NTM3_ASD_signed	500	310	ROBO3	3.17803815199825	1	3.17803815199825	False	False	False
NTM3_ASD_signed	500	311	ZNF442	3.17708938765945	1	3.17708938765945	True	True	False
NTM3_ASD_signed	500	312	CASP1	3.17149820850231	1	3.17149820850231	False	False	False
NTM3_ASD_signed	500	313	IGDCC4	3.16798495082577	1	3.16798495082577	True	True	False
NTM3_ASD_signed	500	314	RAB38	3.16758414736567	1	3.16758414736567	False	False	False
NTM3_ASD_signed	500	315	PKNOX1	3.16066762413923	1	3.16066762413923	True	True	False
NTM3_ASD_signed	500	316	ACRBP	3.15945101007169	1	3.15945101007169	False	False	False
NTM3_ASD_signed	500	317	PLAAT4	3.15894312480519	1	3.15894312480519	False	False	False
NTM3_ASD_signed	500	318	H2AC20	3.15447913750132	1	3.15447913750132	False	False	False
NTM3_ASD_signed	500	319	SYT5	-3.15341249921284	-1	3.15341249921284	False	False	False
NTM3_ASD_signed	500	320	PTGFRN	-3.15101868975551	-1	3.15101868975551	True	False	True
NTM3_ASD_signed	500	321	CCNJL	3.15098913300119	1	3.15098913300119	False	False	False
NTM3_ASD_signed	500	322	STYXL1	3.15078720108554	1	3.15078720108554	False	False	False
NTM3_ASD_signed	500	323	AIM2	3.15024573610285	1	3.15024573610285	False	False	False
NTM3_ASD_signed	500	324	TRIP6	3.1500708401973	1	3.1500708401973	False	False	False
NTM3_ASD_signed	500	325	LRG1	3.14946794830974	1	3.14946794830974	False	False	False
NTM3_ASD_signed	500	326	C1R	3.14838947021254	1	3.14838947021254	True	True	False
NTM3_ASD_signed	500	327	APLNR	3.14603517376047	1	3.14603517376047	False	False	False
NTM3_ASD_signed	500	328	PPP1R18	3.14449150383839	1	3.14449150383839	True	True	False
NTM3_ASD_signed	500	329	PHACTR1	-3.14448661155936	-1	3.14448661155936	False	False	False
NTM3_ASD_signed	500	330	VIM	3.14306902486247	1	3.14306902486247	True	True	False
NTM3_ASD_signed	500	331	SMAD9	3.14306053889818	1	3.14306053889818	True	True	False
NTM3_ASD_signed	500	332	CA12	3.14255468003576	1	3.14255468003576	False	False	False
NTM3_ASD_signed	500	333	RPL28	3.14171081326257	1	3.14171081326257	True	True	False
NTM3_ASD_signed	500	334	CDKAL1	3.1404873625686	1	3.1404873625686	True	True	False
NTM3_ASD_signed	500	335	FPR2	3.14036056680214	1	3.14036056680214	False	False	False
NTM3_ASD_signed	500	336	ALDH7A1	3.13314641260928	1	3.13314641260928	False	False	False
NTM3_ASD_signed	500	337	PLXDC1	-3.13241440808007	-1	3.13241440808007	True	False	True
NTM3_ASD_signed	500	338	LOC103344931	-3.12967943417907	-1	3.12967943417907	False	False	False
NTM3_ASD_signed	500	339	LINC01819	3.12869173959156	1	3.12869173959156	False	False	False
NTM3_ASD_signed	500	340	LRTM2	-3.12807354204816	-1	3.12807354204816	True	False	True
NTM3_ASD_signed	500	341	TIMP1	3.12719990137572	1	3.12719990137572	False	False	False
NTM3_ASD_signed	500	342	RPLP1	3.12525268941349	1	3.12525268941349	True	True	False
NTM3_ASD_signed	500	343	BTN3A1	3.12500825136869	1	3.12500825136869	True	True	False
NTM3_ASD_signed	500	344	RPS26P23	3.12220325930303	1	3.12220325930303	False	False	False
NTM3_ASD_signed	500	345	HNRNPF	3.12145406138615	1	3.12145406138615	True	True	False
NTM3_ASD_signed	500	346	BTN2A3P	3.12073442664697	1	3.12073442664697	False	False	False
NTM3_ASD_signed	500	347	DOK1	3.11994439786707	1	3.11994439786707	False	False	False
NTM3_ASD_signed	500	348	PTPN13	3.11722495048501	1	3.11722495048501	False	False	False
NTM3_ASD_signed	500	349	SREBF2	-3.11398142556512	-1	3.11398142556512	True	False	True
NTM3_ASD_signed	500	350	PCSK1	-3.11287132961694	-1	3.11287132961694	True	False	True
NTM3_ASD_signed	500	351	SYT12	-3.11170444546484	-1	3.11170444546484	True	False	True
NTM3_ASD_signed	500	352	ATG4D	-3.10999197063381	-1	3.10999197063381	False	False	False
NTM3_ASD_signed	500	353	ANK3	-3.10991472053875	-1	3.10991472053875	False	False	False
NTM3_ASD_signed	500	354	PART1	-3.10967546277738	-1	3.10967546277738	True	False	True
NTM3_ASD_signed	500	355	RPS8	3.10667924166072	1	3.10667924166072	True	True	False
NTM3_ASD_signed	500	356	ALDH9A1	3.10550837483421	1	3.10550837483421	False	False	False
NTM3_ASD_signed	500	357	EDN3	-3.10155135357774	-1	3.10155135357774	False	False	False
NTM3_ASD_signed	500	358	H3C13	3.09871235176379	1	3.09871235176379	False	False	False
NTM3_ASD_signed	500	359	C17orf100	-3.09672548512913	-1	3.09672548512913	False	False	False
NTM3_ASD_signed	500	360	C17orf114	3.09625001573135	1	3.09625001573135	False	False	False
NTM3_ASD_signed	500	361	H2BC5	3.09502301064682	1	3.09502301064682	False	False	False
NTM3_ASD_signed	500	362	RPS27	3.09057657820176	1	3.09057657820176	True	True	False
NTM3_ASD_signed	500	363	DSE	3.08935585370273	1	3.08935585370273	True	True	False
NTM3_ASD_signed	500	364	MORN3	-3.08827028462836	-1	3.08827028462836	False	False	False
NTM3_ASD_signed	500	365	TMEFF1	-3.08575525393784	-1	3.08575525393784	True	False	True
NTM3_ASD_signed	500	366	GSTP1	3.08557155769658	1	3.08557155769658	False	False	False
NTM3_ASD_signed	500	367	MIR4453HG	3.08431073843542	1	3.08431073843542	False	False	False
NTM3_ASD_signed	500	368	NFIL3	3.08158080272522	1	3.08158080272522	True	True	False
NTM3_ASD_signed	500	369	RREB1	3.08156975168952	1	3.08156975168952	False	False	False
NTM3_ASD_signed	500	370	CD40	3.08088597100425	1	3.08088597100425	False	False	False
NTM3_ASD_signed	500	371	TNFRSF1A	3.0736347912027	1	3.0736347912027	False	False	False
NTM3_ASD_signed	500	372	SCN8A	-3.07351395199421	-1	3.07351395199421	False	False	False
NTM3_ASD_signed	500	373	RPLP0	3.0707651178576	1	3.0707651178576	True	True	False
NTM3_ASD_signed	500	374	ABCG4	-3.06918530161027	-1	3.06918530161027	True	False	True
NTM3_ASD_signed	500	375	UHRF2	3.06906466566665	1	3.06906466566665	True	True	False
NTM3_ASD_signed	500	376	BCL6	3.0690125287425	1	3.0690125287425	False	False	False
NTM3_ASD_signed	500	377	FRMPD2B	-3.06899542643329	-1	3.06899542643329	False	False	False
NTM3_ASD_signed	500	378	C1orf87	3.06819912448322	1	3.06819912448322	False	False	False
NTM3_ASD_signed	500	379	PLXNB2	3.06651137355554	1	3.06651137355554	True	True	False
NTM3_ASD_signed	500	380	RPL36	3.06617564579708	1	3.06617564579708	True	True	False
NTM3_ASD_signed	500	381	EFNB1	3.06250731580273	1	3.06250731580273	False	False	False
NTM3_ASD_signed	500	382	PCSK5	3.06154568001121	1	3.06154568001121	True	True	False
NTM3_ASD_signed	500	383	FCGR2A	3.06005947920018	1	3.06005947920018	False	False	False
NTM3_ASD_signed	500	384	FCGR3B	3.058691206612	1	3.058691206612	False	False	False
NTM3_ASD_signed	500	385	PLEK	3.05448482868382	1	3.05448482868382	False	False	False
NTM3_ASD_signed	500	386	NTN4	-3.05345173835301	-1	3.05345173835301	False	False	False
NTM3_ASD_signed	500	387	COL26A1	-3.05204234505528	-1	3.05204234505528	False	False	False
NTM3_ASD_signed	500	388	TMEM250	-3.05073772021372	-1	3.05073772021372	False	False	False
NTM3_ASD_signed	500	389	EPS8	3.04983582710523	1	3.04983582710523	True	True	False
NTM3_ASD_signed	500	390	EML4	3.04939492907519	1	3.04939492907519	True	True	False
NTM3_ASD_signed	500	391	FGL1	3.04751433768332	1	3.04751433768332	False	False	False
NTM3_ASD_signed	500	392	GAB3	3.04739477821596	1	3.04739477821596	False	False	False
NTM3_ASD_signed	500	393	ADCY1	-3.0457678024276	-1	3.0457678024276	False	False	False
NTM3_ASD_signed	500	394	RHOBTB1	-3.04535214793416	-1	3.04535214793416	False	False	False
NTM3_ASD_signed	500	395	SYNPO2	-3.04503090992872	-1	3.04503090992872	True	False	True
NTM3_ASD_signed	500	396	EPHB6	-3.03999642654012	-1	3.03999642654012	False	False	False
NTM3_ASD_signed	500	397	PLSCR1	3.03836825457937	1	3.03836825457937	False	False	False
NTM3_ASD_signed	500	398	SERPINA3	3.03826444463592	1	3.03826444463592	False	False	False
NTM3_ASD_signed	500	399	ABHD4	3.03808953190693	1	3.03808953190693	False	False	False
NTM3_ASD_signed	500	400	AGTR1	3.03557697129073	1	3.03557697129073	False	False	False
NTM3_ASD_signed	500	401	REEP2	-3.0340002335414	-1	3.0340002335414	False	False	False
NTM3_ASD_signed	500	402	ELOA	3.03366200873004	1	3.03366200873004	False	False	False
NTM3_ASD_signed	500	403	PCBD1	3.03186087131327	1	3.03186087131327	True	True	False
NTM3_ASD_signed	500	404	CD58	3.03088605706229	1	3.03088605706229	False	False	False
NTM3_ASD_signed	500	405	HDAC1	3.02904174376277	1	3.02904174376277	False	False	False
NTM3_ASD_signed	500	406	TBC1D10B	-3.02669169046449	-1	3.02669169046449	False	False	False
NTM3_ASD_signed	500	407	CBLN2	-3.02659315167104	-1	3.02659315167104	False	False	False
NTM3_ASD_signed	500	408	LRRC8B	-3.02426055903806	-1	3.02426055903806	False	False	False
NTM3_ASD_signed	500	409	PRKCB	-3.02323653951301	-1	3.02323653951301	True	False	True
NTM3_ASD_signed	500	410	SMO	3.02016763281827	1	3.02016763281827	False	False	False
NTM3_ASD_signed	500	411	CCDC184	-3.01988584140213	-1	3.01988584140213	False	False	False
NTM3_ASD_signed	500	412	NEK6	3.01831731360963	1	3.01831731360963	False	False	False
NTM3_ASD_signed	500	413	CPNE3	3.01530216078288	1	3.01530216078288	True	True	False
NTM3_ASD_signed	500	414	KIF17	-3.01500268030148	-1	3.01500268030148	True	False	True
NTM3_ASD_signed	500	415	TRABD2A	-3.01481414553417	-1	3.01481414553417	False	False	False
NTM3_ASD_signed	500	416	ARRDC3	3.01372110245785	1	3.01372110245785	True	True	False
NTM3_ASD_signed	500	417	BAG3	3.01305385315059	1	3.01305385315059	True	True	False
NTM3_ASD_signed	500	418	PCSK2	-3.01043711029012	-1	3.01043711029012	False	False	False
NTM3_ASD_signed	500	419	SMIM30	3.00928975186564	1	3.00928975186564	False	False	False
NTM3_ASD_signed	500	420	ZNF438	3.00881224649207	1	3.00881224649207	False	False	False
NTM3_ASD_signed	500	421	MAP3K8	3.00799653659674	1	3.00799653659674	False	False	False
NTM3_ASD_signed	500	422	NDRG4	-3.00562013646297	-1	3.00562013646297	True	False	True
NTM3_ASD_signed	500	423	RPS15A	2.99744519865202	1	2.99744519865202	True	True	False
NTM3_ASD_signed	500	424	KLHL6	2.99635964808759	1	2.99635964808759	False	False	False
NTM3_ASD_signed	500	425	ZFP36L1	2.99528143497299	1	2.99528143497299	False	False	False
NTM3_ASD_signed	500	426	YBX1	2.99208107479796	1	2.99208107479796	True	True	False
NTM3_ASD_signed	500	427	PPP1R42	2.98485169636208	1	2.98485169636208	False	False	False
NTM3_ASD_signed	500	428	PLOD2	2.98417964263718	1	2.98417964263718	False	False	False
NTM3_ASD_signed	500	429	NCR3LG1	-2.98354554627299	-1	2.98354554627299	False	False	False
NTM3_ASD_signed	500	430	ZNF823	2.98176491873701	1	2.98176491873701	True	True	False
NTM3_ASD_signed	500	431	C19orf38	2.98139410195823	1	2.98139410195823	False	False	False
NTM3_ASD_signed	500	432	MARK2	-2.98046411235412	-1	2.98046411235412	False	False	False
NTM3_ASD_signed	500	433	STX1B	-2.97735135824163	-1	2.97735135824163	True	False	True
NTM3_ASD_signed	500	434	RPL23A	2.97493034619002	1	2.97493034619002	True	True	False
NTM3_ASD_signed	500	435	STEAP3	2.96745684606191	1	2.96745684606191	False	False	False
NTM3_ASD_signed	500	436	RFX2	2.96404627344626	1	2.96404627344626	False	False	False
NTM3_ASD_signed	500	437	ELF4	2.96117253368904	1	2.96117253368904	False	False	False
NTM3_ASD_signed	500	438	LTBP1	2.96104074845955	1	2.96104074845955	False	False	False
NTM3_ASD_signed	500	439	NFAM1	2.96098044549895	1	2.96098044549895	False	False	False
NTM3_ASD_signed	500	440	TCEAL9	2.95988010311943	1	2.95988010311943	False	False	False
NTM3_ASD_signed	500	441	PTGES3L	-2.95977003030337	-1	2.95977003030337	False	False	False
NTM3_ASD_signed	500	442	HCN2	-2.95641705796594	-1	2.95641705796594	True	False	True
NTM3_ASD_signed	500	443	CORO2A	-2.95495921625826	-1	2.95495921625826	False	False	False
NTM3_ASD_signed	500	444	KCNN1	-2.9544218524457	-1	2.9544218524457	True	False	True
NTM3_ASD_signed	500	445	TNFRSF10D	2.95227688928406	1	2.95227688928406	False	False	False
NTM3_ASD_signed	500	446	PARD3	2.9519420323712	1	2.9519420323712	False	False	False
NTM3_ASD_signed	500	447	NANOS1	2.95187626217643	1	2.95187626217643	True	True	False
NTM3_ASD_signed	500	448	SQOR	2.94814463459199	1	2.94814463459199	False	False	False
NTM3_ASD_signed	500	449	KCNJ4	-2.94732715886252	-1	2.94732715886252	True	False	True
NTM3_ASD_signed	500	450	RNFT2	-2.94584030703743	-1	2.94584030703743	False	False	False
NTM3_ASD_signed	500	451	LRRTM1	-2.94332014093755	-1	2.94332014093755	False	False	False
NTM3_ASD_signed	500	452	CFAP54	2.94261546717549	1	2.94261546717549	False	False	False
NTM3_ASD_signed	500	453	GRID1	-2.9391565141941	-1	2.9391565141941	False	False	False
NTM3_ASD_signed	500	454	TTC23L	-2.93859556039601	-1	2.93859556039601	False	False	False
NTM3_ASD_signed	500	455	GALM	2.93811165841275	1	2.93811165841275	False	False	False
NTM3_ASD_signed	500	456	ACAA2	2.93339408024326	1	2.93339408024326	False	False	False
NTM3_ASD_signed	500	457	CAPN10-DT	2.92995455860774	1	2.92995455860774	False	False	False
NTM3_ASD_signed	500	458	CCDC68	-2.92954869951242	-1	2.92954869951242	True	False	True
NTM3_ASD_signed	500	459	CTXN3	-2.92913244778467	-1	2.92913244778467	False	False	False
NTM3_ASD_signed	500	460	LOC105378231	-2.92886063161261	-1	2.92886063161261	False	False	False
NTM3_ASD_signed	500	461	PCDHA7	-2.92648543254012	-1	2.92648543254012	False	False	False
NTM3_ASD_signed	500	462	ZNF600	2.92609410281482	1	2.92609410281482	False	False	False
NTM3_ASD_signed	500	463	ECHDC3	2.92302806509935	1	2.92302806509935	False	False	False
NTM3_ASD_signed	500	464	PLBD2	-2.91982573493689	-1	2.91982573493689	False	False	False
NTM3_ASD_signed	500	465	CYP19A1	2.91972842957164	1	2.91972842957164	False	False	False
NTM3_ASD_signed	500	466	ARAF	2.91968049310003	1	2.91968049310003	False	False	False
NTM3_ASD_signed	500	467	FERMT2	2.91923762862967	1	2.91923762862967	False	False	False
NTM3_ASD_signed	500	468	PLIN2	2.91874787668558	1	2.91874787668558	True	True	False
NTM3_ASD_signed	500	469	CYP4F3	2.91806919913421	1	2.91806919913421	False	False	False
NTM3_ASD_signed	500	470	C6orf118	2.91743801889685	1	2.91743801889685	False	False	False
NTM3_ASD_signed	500	471	BCL2A1	2.91734738354822	1	2.91734738354822	False	False	False
NTM3_ASD_signed	500	472	ABHD5	2.91621607570477	1	2.91621607570477	False	False	False
NTM3_ASD_signed	500	473	TRAPPC10	-2.91598726336959	-1	2.91598726336959	False	False	False
NTM3_ASD_signed	500	474	CD7	2.91552251111259	1	2.91552251111259	False	False	False
NTM3_ASD_signed	500	475	BST2	2.91413279586565	1	2.91413279586565	True	True	False
NTM3_ASD_signed	500	476	PCDHA2	-2.91284707697828	-1	2.91284707697828	False	False	False
NTM3_ASD_signed	500	477	CASP4	2.90939810169544	1	2.90939810169544	False	False	False
NTM3_ASD_signed	500	478	ZBTB11-AS1	2.90679741387829	1	2.90679741387829	False	False	False
NTM3_ASD_signed	500	479	PACSIN1	-2.90642066173718	-1	2.90642066173718	True	False	True
NTM3_ASD_signed	500	480	PPP6R2	-2.90616083247274	-1	2.90616083247274	False	False	False
NTM3_ASD_signed	500	481	NTSR2	2.90348869379877	1	2.90348869379877	True	True	False
NTM3_ASD_signed	500	482	SLC9A1	-2.90132601044653	-1	2.90132601044653	True	False	True
NTM3_ASD_signed	500	483	TPT1	2.90106105981257	1	2.90106105981257	True	True	False
NTM3_ASD_signed	500	484	HADH	2.89904513247416	1	2.89904513247416	False	False	False
NTM3_ASD_signed	500	485	CHRNA2	-2.89846216989233	-1	2.89846216989233	True	False	True
NTM3_ASD_signed	500	486	KRBOX5	-2.89802598527444	-1	2.89802598527444	False	False	False
NTM3_ASD_signed	500	487	PPP2R2C	-2.89715836079709	-1	2.89715836079709	True	False	True
NTM3_ASD_signed	500	488	DCST2	2.89235042837235	1	2.89235042837235	False	False	False
NTM3_ASD_signed	500	489	FBXO41	-2.88974143482191	-1	2.88974143482191	True	False	True
NTM3_ASD_signed	500	490	RAPGEF4-AS1	-2.88735146976517	-1	2.88735146976517	False	False	False
NTM3_ASD_signed	500	491	FBXL20	-2.88698735994108	-1	2.88698735994108	False	False	False
NTM3_ASD_signed	500	492	TRIM25	2.88684568711436	1	2.88684568711436	True	True	False
NTM3_ASD_signed	500	493	WDR13	-2.88607992171151	-1	2.88607992171151	False	False	False
NTM3_ASD_signed	500	494	MCL1	2.88465505521667	1	2.88465505521667	False	False	False
NTM3_ASD_signed	500	495	UBE3A	-2.88196799257543	-1	2.88196799257543	True	False	True
NTM3_ASD_signed	500	496	SPOCK2	-2.88038200346026	-1	2.88038200346026	True	False	True
NTM3_ASD_signed	500	497	SYT15	-2.87964126636584	-1	2.87964126636584	True	False	True
NTM3_ASD_signed	500	498	OPA3	-2.87906062311374	-1	2.87906062311374	False	False	False
NTM3_ASD_signed	500	499	UCP2	2.87874707903044	1	2.87874707903044	False	False	False
NTM3_ASD_signed	500	500	ZNF578	2.87744988275231	1	2.87744988275231	False	False	False
