benchmark	condition	baseline_method	metric	n_pairs	mean_delta_dualhead_minus_baseline	sd_delta	n_positive	n_negative	n_ties	test_name	p_value	metric_direction	multiple_testing_family	fdr_BH_within_family
high_signal	ALL_CONDITIONS	DIRECT_NATIVE_PROJECTION	alignment_hit_top1	1200	-0.0675	0.2509905314397212	0	81	1119	exact_sign_test_two_sided	8.271806125530277e-25	higher_is_better	Not included in condition-specific BH correction (pooled descriptive comparison)	NA
high_signal	ALL_CONDITIONS	DIRECT_NATIVE_PROJECTION	best_true_state_rank	1200	0.0775	0.2998366249610889	83	0	1117	wilcoxon_signed_rank_two_sided	3.087029200542178e-18	lower_is_better	Not included in condition-specific BH correction (pooled descriptive comparison)	NA
high_signal	ALL_CONDITIONS	DIRECT_NATIVE_PROJECTION	direction_recovery_accuracy	1200	-0.1321213119009428	0.0473366227446894	0	1200	0	wilcoxon_signed_rank_two_sided	8.134559541662157e-198	higher_is_better	Not included in condition-specific BH correction (pooled descriptive comparison)	NA
high_signal	ALL_CONDITIONS	DIRECT_NATIVE_PROJECTION	gene_auprc	1200	-0.0621666594117635	0.034441725006185	33	1167	0	wilcoxon_signed_rank_two_sided	4.4177431215995e-195	higher_is_better	Not included in condition-specific BH correction (pooled descriptive comparison)	NA
high_signal	ALL_CONDITIONS	DIRECT_NATIVE_PROJECTION	gene_auroc	1200	-0.0210340117697233	0.0251545900342632	218	982	0	wilcoxon_signed_rank_two_sided	2.514417085863308e-114	higher_is_better	Not included in condition-specific BH correction (pooled descriptive comparison)	NA
high_signal	ALL_CONDITIONS	DIRECT_NATIVE_PROJECTION	precision_at_50	1200	-0.0394833333333333	0.0707500602926603	7	581	612	wilcoxon_signed_rank_two_sided	6.439848040210854e-94	higher_is_better	Not included in condition-specific BH correction (pooled descriptive comparison)	NA
high_signal	ALL_CONDITIONS	DIRECT_NATIVE_PROJECTION	true_stage_mass	1200	-0.1466578033906513	0.1204834635716436	43	1157	0	wilcoxon_signed_rank_two_sided	1.404272045618589e-191	higher_is_better	Not included in condition-specific BH correction (pooled descriptive comparison)	NA
high_signal	ALL_CONDITIONS	GENE_ONLY_PPR	alignment_hit_top1	1200	-0.06	0.237585856479995	0	72	1128	exact_sign_test_two_sided	4.235164736271503e-22	higher_is_better	Not included in condition-specific BH correction (pooled descriptive comparison)	NA
high_signal	ALL_CONDITIONS	GENE_ONLY_PPR	best_true_state_rank	1200	0.07	0.2889687164716094	74	0	1126	wilcoxon_signed_rank_two_sided	2.689731981601914e-16	lower_is_better	Not included in condition-specific BH correction (pooled descriptive comparison)	NA
high_signal	ALL_CONDITIONS	GENE_ONLY_PPR	gene_auprc	1200	-0.0537628800791367	0.0506245728098479	185	1015	0	wilcoxon_signed_rank_two_sided	6.521142590852664e-155	higher_is_better	Not included in condition-specific BH correction (pooled descriptive comparison)	NA
high_signal	ALL_CONDITIONS	GENE_ONLY_PPR	gene_auroc	1200	-0.0237841766856791	0.0287915839314057	208	992	0	wilcoxon_signed_rank_two_sided	3.226063073768682e-147	higher_is_better	Not included in condition-specific BH correction (pooled descriptive comparison)	NA
high_signal	ALL_CONDITIONS	GENE_ONLY_PPR	precision_at_50	1200	-0.0444	0.0832611374782886	4	590	606	wilcoxon_signed_rank_two_sided	3.306181697473419e-95	higher_is_better	Not included in condition-specific BH correction (pooled descriptive comparison)	NA
high_signal	ALL_CONDITIONS	GRAPH_OT	alignment_hit_top1	1200	-0.0666666666666666	0.249547825716813	0	80	1120	exact_sign_test_two_sided	1.654361225106055e-24	higher_is_better	Not included in condition-specific BH correction (pooled descriptive comparison)	NA
high_signal	ALL_CONDITIONS	GRAPH_OT	best_true_state_rank	1200	0.0766666666666666	0.298657919169727	82	0	1118	wilcoxon_signed_rank_two_sided	5.073875740818117e-18	lower_is_better	Not included in condition-specific BH correction (pooled descriptive comparison)	NA
high_signal	ALL_CONDITIONS	GRAPH_OT	gene_auprc	1200	-0.0627260040543996	0.0334650747105131	29	1171	0	wilcoxon_signed_rank_two_sided	4.392363640614283e-196	higher_is_better	Not included in condition-specific BH correction (pooled descriptive comparison)	NA
high_signal	ALL_CONDITIONS	GRAPH_OT	gene_auroc	1200	-0.0228055059501014	0.024317425244077	191	1009	0	wilcoxon_signed_rank_two_sided	1.328293418622285e-133	higher_is_better	Not included in condition-specific BH correction (pooled descriptive comparison)	NA
high_signal	ALL_CONDITIONS	GRAPH_OT	precision_at_50	1200	-0.0394333333333333	0.070425933189488	6	583	611	wilcoxon_signed_rank_two_sided	1.119339252640219e-94	higher_is_better	Not included in condition-specific BH correction (pooled descriptive comparison)	NA
high_signal	ALL_CONDITIONS	HETERO_PPR_STANDARD	alignment_hit_top1	1200	-0.0633333333333333	0.2470622499526829	1	77	1122	exact_sign_test_two_sided	5.227781471335135e-22	higher_is_better	Not included in condition-specific BH correction (pooled descriptive comparison)	NA
high_signal	ALL_CONDITIONS	HETERO_PPR_STANDARD	best_true_state_rank	1200	0.0733333333333333	0.2966966683045858	79	1	1120	wilcoxon_signed_rank_two_sided	6.949248748106148e-17	lower_is_better	Not included in condition-specific BH correction (pooled descriptive comparison)	NA
high_signal	ALL_CONDITIONS	HETERO_PPR_STANDARD	gene_auprc	1200	-0.0620643472420889	0.0473673246052334	91	1109	0	wilcoxon_signed_rank_two_sided	3.906752885224979e-185	higher_is_better	Not included in condition-specific BH correction (pooled descriptive comparison)	NA
high_signal	ALL_CONDITIONS	HETERO_PPR_STANDARD	gene_auroc	1200	-0.0254385405568209	0.0288567429914411	167	1033	0	wilcoxon_signed_rank_two_sided	1.415452153378604e-159	higher_is_better	Not included in condition-specific BH correction (pooled descriptive comparison)	NA
high_signal	ALL_CONDITIONS	HETERO_PPR_STANDARD	precision_at_50	1200	-0.0391	0.0905539803255163	75	538	587	wilcoxon_signed_rank_two_sided	6.36130503144481e-76	higher_is_better	Not included in condition-specific BH correction (pooled descriptive comparison)	NA
high_signal	ALL_CONDITIONS	SIMULATION_PROXY	alignment_hit_top1	1200	-0.0683333333333333	0.2524222382785178	0	82	1118	exact_sign_test_two_sided	4.135903062765138e-25	higher_is_better	Not included in condition-specific BH correction (pooled descriptive comparison)	NA
high_signal	ALL_CONDITIONS	SIMULATION_PROXY	best_true_state_rank	1200	0.0783333333333333	0.3037665506931085	83	0	1117	wilcoxon_signed_rank_two_sided	4.237308029871851e-18	lower_is_better	Not included in condition-specific BH correction (pooled descriptive comparison)	NA
high_signal	ALL_CONDITIONS	SIMULATION_PROXY	gene_auprc	1200	-0.0747528066622444	0.0432075264636356	31	1169	0	wilcoxon_signed_rank_two_sided	5.441410882481726e-196	higher_is_better	Not included in condition-specific BH correction (pooled descriptive comparison)	NA
high_signal	ALL_CONDITIONS	SIMULATION_PROXY	gene_auroc	1200	-0.0331404267011014	0.0259110574725824	109	1091	0	wilcoxon_signed_rank_two_sided	1.174381447907894e-172	higher_is_better	Not included in condition-specific BH correction (pooled descriptive comparison)	NA
high_signal	ALL_CONDITIONS	SIMULATION_PROXY	precision_at_50	1200	-0.0427666666666666	0.0764409242572762	3	587	610	wilcoxon_signed_rank_two_sided	4.098003350101648e-97	higher_is_better	Not included in condition-specific BH correction (pooled descriptive comparison)	NA
high_signal	ALL_CONDITIONS	MEAN_SIGNATURE	alignment_hit_top1	1200	-0.0675	0.2509905314397212	0	81	1119	exact_sign_test_two_sided	8.271806125530277e-25	higher_is_better	Not included in condition-specific BH correction (pooled descriptive comparison)	NA
high_signal	ALL_CONDITIONS	MEAN_SIGNATURE	best_true_state_rank	1200	0.0775	0.2998366249610889	83	0	1117	wilcoxon_signed_rank_two_sided	3.087029200542178e-18	lower_is_better	Not included in condition-specific BH correction (pooled descriptive comparison)	NA
high_signal	ALL_CONDITIONS	MEAN_SIGNATURE	gene_auprc	1200	-0.0621666594117635	0.034441725006185	33	1167	0	wilcoxon_signed_rank_two_sided	4.4177431215995e-195	higher_is_better	Not included in condition-specific BH correction (pooled descriptive comparison)	NA
high_signal	ALL_CONDITIONS	MEAN_SIGNATURE	gene_auroc	1200	-0.0210340117697233	0.0251545900342632	218	982	0	wilcoxon_signed_rank_two_sided	2.514417085863308e-114	higher_is_better	Not included in condition-specific BH correction (pooled descriptive comparison)	NA
high_signal	ALL_CONDITIONS	MEAN_SIGNATURE	precision_at_50	1200	-0.0394833333333333	0.0707500602926603	7	581	612	wilcoxon_signed_rank_two_sided	6.439848040210854e-94	higher_is_better	Not included in condition-specific BH correction (pooled descriptive comparison)	NA
high_signal	ALL_CONDITIONS	RANDOM	alignment_hit_top1	1200	0.6816666666666666	0.4921372316416043	833	15	352	exact_sign_test_two_sided	6.177607778616408e-224	higher_is_better	Not included in condition-specific BH correction (pooled descriptive comparison)	NA
high_signal	ALL_CONDITIONS	RANDOM	best_true_state_rank	1200	-1.979166666666667	1.745357040327491	21	900	279	wilcoxon_signed_rank_two_sided	2.934549401085807e-149	lower_is_better	Not included in condition-specific BH correction (pooled descriptive comparison)	NA
high_signal	ALL_CONDITIONS	RANDOM	gene_auprc	1200	0.5758810482560276	0.088821088216904	1200	0	0	wilcoxon_signed_rank_two_sided	8.134562720099235e-198	higher_is_better	Not included in condition-specific BH correction (pooled descriptive comparison)	NA
high_signal	ALL_CONDITIONS	RANDOM	gene_auroc	1200	0.3830322595363489	0.0413145378487715	1200	0	0	wilcoxon_signed_rank_two_sided	8.134562720099235e-198	higher_is_better	Not included in condition-specific BH correction (pooled descriptive comparison)	NA
high_signal	ALL_CONDITIONS	RANDOM	precision_at_50	1200	0.7707999999999999	0.1111319872891345	1200	0	0	wilcoxon_signed_rank_two_sided	4.565281410665743e-198	higher_is_better	Not included in condition-specific BH correction (pooled descriptive comparison)	NA
high_signal	ALL_CONDITIONS	SIGNED_GENE_FIRST_PPR_SINGLE_HEAD	alignment_hit_top1	1200	-0.0675	0.2509905314397212	0	81	1119	exact_sign_test_two_sided	8.271806125530277e-25	higher_is_better	Not included in condition-specific BH correction (pooled descriptive comparison)	NA
high_signal	ALL_CONDITIONS	SIGNED_GENE_FIRST_PPR_SINGLE_HEAD	best_true_state_rank	1200	0.0775	0.2998366249610889	83	0	1117	wilcoxon_signed_rank_two_sided	3.087029200542178e-18	lower_is_better	Not included in condition-specific BH correction (pooled descriptive comparison)	NA
high_signal	ALL_CONDITIONS	SIGNED_GENE_FIRST_PPR_SINGLE_HEAD	direction_recovery_accuracy	1200	0	0	0	0	1200	all_ties_no_test	NA	higher_is_better	Not included in condition-specific BH correction (pooled descriptive comparison)	NA
high_signal	ALL_CONDITIONS	SIGNED_GENE_FIRST_PPR_SINGLE_HEAD	gene_auprc	1200	0	0	0	0	1200	all_ties_no_test	NA	higher_is_better	Not included in condition-specific BH correction (pooled descriptive comparison)	NA
high_signal	ALL_CONDITIONS	SIGNED_GENE_FIRST_PPR_SINGLE_HEAD	gene_auroc	1200	0	0	0	0	1200	all_ties_no_test	NA	higher_is_better	Not included in condition-specific BH correction (pooled descriptive comparison)	NA
high_signal	ALL_CONDITIONS	SIGNED_GENE_FIRST_PPR_SINGLE_HEAD	precision_at_50	1200	0	0	0	0	1200	all_ties_no_test	NA	higher_is_better	Not included in condition-specific BH correction (pooled descriptive comparison)	NA
high_signal	ALL_CONDITIONS	SIGNED_GENE_FIRST_PPR_SINGLE_HEAD	true_stage_mass	1200	-0.1550980475727172	0.1185705777448652	13	1187	0	wilcoxon_signed_rank_two_sided	1.699653370702671e-196	higher_is_better	Not included in condition-specific BH correction (pooled descriptive comparison)	NA
high_signal	ALL_CONDITIONS	SIMPLE_OT	alignment_hit_top1	1200	-0.0658333333333333	0.2514332007397805	1	80	1119	exact_sign_test_two_sided	6.782881022934827e-23	higher_is_better	Not included in condition-specific BH correction (pooled descriptive comparison)	NA
high_signal	ALL_CONDITIONS	SIMPLE_OT	best_true_state_rank	1200	0.0758333333333333	0.3002628354695139	82	1	1117	wilcoxon_signed_rank_two_sided	1.583742772533243e-17	lower_is_better	Not included in condition-specific BH correction (pooled descriptive comparison)	NA
high_signal	ALL_CONDITIONS	SIMPLE_OT	gene_auprc	1200	-0.0621666594117635	0.034441725006185	33	1167	0	wilcoxon_signed_rank_two_sided	4.4177431215995e-195	higher_is_better	Not included in condition-specific BH correction (pooled descriptive comparison)	NA
high_signal	ALL_CONDITIONS	SIMPLE_OT	gene_auroc	1200	-0.0210340117697233	0.0251545900342632	218	982	0	wilcoxon_signed_rank_two_sided	2.514417085863308e-114	higher_is_better	Not included in condition-specific BH correction (pooled descriptive comparison)	NA
high_signal	ALL_CONDITIONS	SIMPLE_OT	precision_at_50	1200	-0.0394833333333333	0.0707500602926603	7	581	612	wilcoxon_signed_rank_two_sided	6.439848040210854e-94	higher_is_better	Not included in condition-specific BH correction (pooled descriptive comparison)	NA
high_signal	ALL_CONDITIONS	STAGE_CORRELATION	alignment_hit_top1	1200	-0.0666666666666666	0.249547825716813	0	80	1120	exact_sign_test_two_sided	1.654361225106055e-24	higher_is_better	Not included in condition-specific BH correction (pooled descriptive comparison)	NA
high_signal	ALL_CONDITIONS	STAGE_CORRELATION	best_true_state_rank	1200	0.0766666666666666	0.298657919169727	82	0	1118	wilcoxon_signed_rank_two_sided	5.073875740818117e-18	lower_is_better	Not included in condition-specific BH correction (pooled descriptive comparison)	NA
high_signal	ALL_CONDITIONS	STAGE_CORRELATION	gene_auprc	1200	0.0802986503828565	0.034663336926826	1193	7	0	wilcoxon_signed_rank_two_sided	1.183786461973508e-197	higher_is_better	Not included in condition-specific BH correction (pooled descriptive comparison)	NA
high_signal	ALL_CONDITIONS	STAGE_CORRELATION	gene_auroc	1200	0.0868200707297184	0.0248329190637438	1198	2	0	wilcoxon_signed_rank_two_sided	8.257582255151683e-198	higher_is_better	Not included in condition-specific BH correction (pooled descriptive comparison)	NA
high_signal	ALL_CONDITIONS	STAGE_CORRELATION	precision_at_50	1200	0.0500833333333333	0.0769388894912861	819	121	260	wilcoxon_signed_rank_two_sided	2.693143035826288e-98	higher_is_better	Not included in condition-specific BH correction (pooled descriptive comparison)	NA
high_signal	ALL_CONDITIONS	UNSIGNED_GENE_PPR	alignment_hit_top1	1200	0	0	0	0	1200	all_ties_no_test	NA	higher_is_better	Not included in condition-specific BH correction (pooled descriptive comparison)	NA
high_signal	ALL_CONDITIONS	UNSIGNED_GENE_PPR	best_true_state_rank	1200	0	0	0	0	1200	all_ties_no_test	NA	lower_is_better	Not included in condition-specific BH correction (pooled descriptive comparison)	NA
high_signal	ALL_CONDITIONS	UNSIGNED_GENE_PPR	gene_auprc	1200	-0.0240366620990418	0.0508347791527937	439	761	0	wilcoxon_signed_rank_two_sided	7.820337586157363e-44	higher_is_better	Not included in condition-specific BH correction (pooled descriptive comparison)	NA
high_signal	ALL_CONDITIONS	UNSIGNED_GENE_PPR	gene_auroc	1200	-0.0185820066227157	0.0289714518038228	375	824	1	wilcoxon_signed_rank_two_sided	7.131838200522771e-82	higher_is_better	Not included in condition-specific BH correction (pooled descriptive comparison)	NA
high_signal	ALL_CONDITIONS	UNSIGNED_GENE_PPR	precision_at_50	1200	-0.0345	0.0682908219575395	54	539	607	wilcoxon_signed_rank_two_sided	5.28417005074601e-82	higher_is_better	Not included in condition-specific BH correction (pooled descriptive comparison)	NA
high_signal	ALL_CONDITIONS	UNSIGNED_GENE_PPR	true_stage_mass	1200	0	0	0	0	1200	all_ties_no_test	NA	higher_is_better	Not included in condition-specific BH correction (pooled descriptive comparison)	NA
high_signal	baseline	DIRECT_NATIVE_PROJECTION	alignment_hit_top1	200	-0.055	0.2285523592188945	0	11	189	exact_sign_test_two_sided	0.0009765625	higher_is_better	high_signal / alignment_hit_top1: condition-specific comparator tests	0.001171875
high_signal	baseline	DIRECT_NATIVE_PROJECTION	best_true_state_rank	200	0.06	0.2583286053492887	11	0	189	wilcoxon_signed_rank_two_sided	0.0013406411172294	lower_is_better	high_signal / best_true_state_rank: condition-specific comparator tests	0.0016087693406753
high_signal	baseline	DIRECT_NATIVE_PROJECTION	direction_recovery_accuracy	200	-0.1343030119592485	0.0427280059756248	0	200	0	wilcoxon_signed_rank_two_sided	1.436146412761352e-34	higher_is_better	high_signal / direction_recovery_accuracy: condition-specific comparator tests	1.436146412761352e-34
high_signal	baseline	DIRECT_NATIVE_PROJECTION	gene_auprc	200	-0.0697887975026874	0.0250547523494552	0	200	0	wilcoxon_signed_rank_two_sided	1.436146412761352e-34	higher_is_better	high_signal / gene_auprc: condition-specific comparator tests	3.081387210528697e-34
high_signal	baseline	DIRECT_NATIVE_PROJECTION	gene_auroc	200	-0.0346675079967747	0.0113406065053453	0	200	0	wilcoxon_signed_rank_two_sided	1.436126185778964e-34	higher_is_better	high_signal / gene_auroc: condition-specific comparator tests	4.29006202386725e-34
high_signal	baseline	DIRECT_NATIVE_PROJECTION	precision_at_50	200	-0.0056	0.0196614563123286	0	25	175	wilcoxon_signed_rank_two_sided	8.555012690244897e-06	higher_is_better	high_signal / precision_at_50: condition-specific comparator tests	9.16608502526239e-06
high_signal	baseline	DIRECT_NATIVE_PROJECTION	true_stage_mass	200	-0.1590838034059712	0.1199773256387548	3	197	0	wilcoxon_signed_rank_two_sided	1.882909982901724e-34	higher_is_better	high_signal / true_stage_mass: condition-specific comparator tests	3.090899197247313e-34
high_signal	baseline	GENE_ONLY_PPR	alignment_hit_top1	200	-0.055	0.2285523592188945	0	11	189	exact_sign_test_two_sided	0.0009765625	higher_is_better	high_signal / alignment_hit_top1: condition-specific comparator tests	0.001171875
high_signal	baseline	GENE_ONLY_PPR	best_true_state_rank	200	0.06	0.2583286053492887	11	0	189	wilcoxon_signed_rank_two_sided	0.0013406411172294	lower_is_better	high_signal / best_true_state_rank: condition-specific comparator tests	0.0016087693406753
high_signal	baseline	GENE_ONLY_PPR	gene_auprc	200	-0.0080974606887844	0.0280804448990328	81	119	0	wilcoxon_signed_rank_two_sided	0.0024382377876888	higher_is_better	high_signal / gene_auprc: condition-specific comparator tests	0.0024382377876888
high_signal	baseline	GENE_ONLY_PPR	gene_auroc	200	-0.0021912835632576	0.0079860918469549	85	115	0	wilcoxon_signed_rank_two_sided	0.0028287784966603	higher_is_better	high_signal / gene_auroc: condition-specific comparator tests	0.0030308341035646
high_signal	baseline	GENE_ONLY_PPR	precision_at_50	200	-0.0056	0.0196614563123286	0	25	175	wilcoxon_signed_rank_two_sided	8.555012690244897e-06	higher_is_better	high_signal / precision_at_50: condition-specific comparator tests	9.16608502526239e-06
high_signal	baseline	GRAPH_OT	alignment_hit_top1	200	-0.055	0.2285523592188945	0	11	189	exact_sign_test_two_sided	0.0009765625	higher_is_better	high_signal / alignment_hit_top1: condition-specific comparator tests	0.001171875
high_signal	baseline	GRAPH_OT	best_true_state_rank	200	0.06	0.2583286053492887	11	0	189	wilcoxon_signed_rank_two_sided	0.0013406411172294	lower_is_better	high_signal / best_true_state_rank: condition-specific comparator tests	0.0016087693406753
high_signal	baseline	GRAPH_OT	gene_auprc	200	-0.061858989348463	0.0257707286351436	3	197	0	wilcoxon_signed_rank_two_sided	1.619961856572504e-34	higher_is_better	high_signal / gene_auprc: condition-specific comparator tests	3.081387210528697e-34
high_signal	baseline	GRAPH_OT	gene_auroc	200	-0.0308466111574355	0.0126145318778746	2	198	0	wilcoxon_signed_rank_two_sided	1.644523775815779e-34	higher_is_better	high_signal / gene_auroc: condition-specific comparator tests	4.29006202386725e-34
high_signal	baseline	GRAPH_OT	precision_at_50	200	-0.0056	0.0196614563123286	0	25	175	wilcoxon_signed_rank_two_sided	8.555012690244897e-06	higher_is_better	high_signal / precision_at_50: condition-specific comparator tests	9.16608502526239e-06
high_signal	baseline	HETERO_PPR_STANDARD	alignment_hit_top1	200	-0.055	0.2285523592188945	0	11	189	exact_sign_test_two_sided	0.0009765625	higher_is_better	high_signal / alignment_hit_top1: condition-specific comparator tests	0.001171875
high_signal	baseline	HETERO_PPR_STANDARD	best_true_state_rank	200	0.06	0.2583286053492887	11	0	189	wilcoxon_signed_rank_two_sided	0.0013406411172294	lower_is_better	high_signal / best_true_state_rank: condition-specific comparator tests	0.0016087693406753
high_signal	baseline	HETERO_PPR_STANDARD	gene_auprc	200	-0.0224032398745989	0.0268667427924452	43	157	0	wilcoxon_signed_rank_two_sided	3.426705640002701e-22	higher_is_better	high_signal / gene_auprc: condition-specific comparator tests	3.807450711114112e-22
high_signal	baseline	HETERO_PPR_STANDARD	gene_auroc	200	-0.0044429388837722	0.0094735773939583	69	131	0	wilcoxon_signed_rank_two_sided	2.62933042704416e-09	higher_is_better	high_signal / gene_auroc: condition-specific comparator tests	3.033842800435569e-09
high_signal	baseline	HETERO_PPR_STANDARD	precision_at_50	200	-0.0053	0.0198969708055317	3	25	172	wilcoxon_signed_rank_two_sided	3.51650834994159e-05	higher_is_better	high_signal / precision_at_50: condition-specific comparator tests	3.637767258560265e-05
high_signal	baseline	SIMULATION_PROXY	alignment_hit_top1	200	-0.055	0.2285523592188945	0	11	189	exact_sign_test_two_sided	0.0009765625	higher_is_better	high_signal / alignment_hit_top1: condition-specific comparator tests	0.001171875
high_signal	baseline	SIMULATION_PROXY	best_true_state_rank	200	0.06	0.2583286053492887	11	0	189	wilcoxon_signed_rank_two_sided	0.0013406411172294	lower_is_better	high_signal / best_true_state_rank: condition-specific comparator tests	0.0016087693406753
high_signal	baseline	SIMULATION_PROXY	gene_auprc	200	-0.0693570806566941	0.0261489484730115	1	199	0	wilcoxon_signed_rank_two_sided	1.457938569215571e-34	higher_is_better	high_signal / gene_auprc: condition-specific comparator tests	3.081387210528697e-34
high_signal	baseline	SIMULATION_PROXY	gene_auroc	200	-0.038409538525072	0.0115742369275918	0	200	0	wilcoxon_signed_rank_two_sided	1.436146412761352e-34	higher_is_better	high_signal / gene_auroc: condition-specific comparator tests	4.29006202386725e-34
high_signal	baseline	SIMULATION_PROXY	precision_at_50	200	-0.0056	0.0196614563123286	0	25	175	wilcoxon_signed_rank_two_sided	8.555012690244897e-06	higher_is_better	high_signal / precision_at_50: condition-specific comparator tests	9.16608502526239e-06
high_signal	baseline	MEAN_SIGNATURE	alignment_hit_top1	200	-0.055	0.2285523592188945	0	11	189	exact_sign_test_two_sided	0.0009765625	higher_is_better	high_signal / alignment_hit_top1: condition-specific comparator tests	0.001171875
high_signal	baseline	MEAN_SIGNATURE	best_true_state_rank	200	0.06	0.2583286053492887	11	0	189	wilcoxon_signed_rank_two_sided	0.0013406411172294	lower_is_better	high_signal / best_true_state_rank: condition-specific comparator tests	0.0016087693406753
high_signal	baseline	MEAN_SIGNATURE	gene_auprc	200	-0.0697887975026874	0.0250547523494552	0	200	0	wilcoxon_signed_rank_two_sided	1.436146412761352e-34	higher_is_better	high_signal / gene_auprc: condition-specific comparator tests	3.081387210528697e-34
high_signal	baseline	MEAN_SIGNATURE	gene_auroc	200	-0.0346675079967747	0.0113406065053453	0	200	0	wilcoxon_signed_rank_two_sided	1.436126185778964e-34	higher_is_better	high_signal / gene_auroc: condition-specific comparator tests	4.29006202386725e-34
high_signal	baseline	MEAN_SIGNATURE	precision_at_50	200	-0.0056	0.0196614563123286	0	25	175	wilcoxon_signed_rank_two_sided	8.555012690244897e-06	higher_is_better	high_signal / precision_at_50: condition-specific comparator tests	9.16608502526239e-06
high_signal	baseline	RANDOM	alignment_hit_top1	200	0.7	0.4807866251202006	142	2	56	exact_sign_test_two_sided	9.363812650249866e-40	higher_is_better	high_signal / alignment_hit_top1: condition-specific comparator tests	1.872762530049973e-38
high_signal	baseline	RANDOM	best_true_state_rank	200	-1.805	1.67661270147693	4	149	47	wilcoxon_signed_rank_two_sided	2.577692037036321e-26	lower_is_better	high_signal / best_true_state_rank: condition-specific comparator tests	3.866538055554482e-25
high_signal	baseline	RANDOM	gene_auprc	200	0.6516274182990582	0.0319635554265193	200	0	0	wilcoxon_signed_rank_two_sided	1.436146412761352e-34	higher_is_better	high_signal / gene_auprc: condition-specific comparator tests	3.081387210528697e-34
high_signal	baseline	RANDOM	gene_auroc	200	0.4126555034495774	0.0220439880270289	200	0	0	wilcoxon_signed_rank_two_sided	1.436146412761352e-34	higher_is_better	high_signal / gene_auroc: condition-specific comparator tests	4.29006202386725e-34
high_signal	baseline	RANDOM	precision_at_50	200	0.8130000000000002	0.0613335882304804	200	0	0	wilcoxon_signed_rank_two_sided	1.202441774411826e-34	higher_is_better	high_signal / precision_at_50: condition-specific comparator tests	1.362385840084213e-33
high_signal	baseline	SIGNED_GENE_FIRST_PPR_SINGLE_HEAD	alignment_hit_top1	200	-0.055	0.2285523592188945	0	11	189	exact_sign_test_two_sided	0.0009765625	higher_is_better	high_signal / alignment_hit_top1: condition-specific comparator tests	0.001171875
high_signal	baseline	SIGNED_GENE_FIRST_PPR_SINGLE_HEAD	best_true_state_rank	200	0.06	0.2583286053492887	11	0	189	wilcoxon_signed_rank_two_sided	0.0013406411172294	lower_is_better	high_signal / best_true_state_rank: condition-specific comparator tests	0.0016087693406753
high_signal	baseline	SIGNED_GENE_FIRST_PPR_SINGLE_HEAD	direction_recovery_accuracy	200	0	0	0	0	200	all_ties_no_test	NA	higher_is_better	high_signal / direction_recovery_accuracy: condition-specific comparator tests	NA
high_signal	baseline	SIGNED_GENE_FIRST_PPR_SINGLE_HEAD	gene_auprc	200	0	0	0	0	200	all_ties_no_test	NA	higher_is_better	high_signal / gene_auprc: condition-specific comparator tests	NA
high_signal	baseline	SIGNED_GENE_FIRST_PPR_SINGLE_HEAD	gene_auroc	200	0	0	0	0	200	all_ties_no_test	NA	higher_is_better	high_signal / gene_auroc: condition-specific comparator tests	NA
high_signal	baseline	SIGNED_GENE_FIRST_PPR_SINGLE_HEAD	precision_at_50	200	0	0	0	0	200	all_ties_no_test	NA	higher_is_better	high_signal / precision_at_50: condition-specific comparator tests	NA
high_signal	baseline	SIGNED_GENE_FIRST_PPR_SINGLE_HEAD	true_stage_mass	200	-0.1664257976875686	0.1191755782369488	0	200	0	wilcoxon_signed_rank_two_sided	1.436146412761352e-34	higher_is_better	high_signal / true_stage_mass: condition-specific comparator tests	3.090899197247313e-34
high_signal	baseline	SIMPLE_OT	alignment_hit_top1	200	-0.055	0.2285523592188945	0	11	189	exact_sign_test_two_sided	0.0009765625	higher_is_better	high_signal / alignment_hit_top1: condition-specific comparator tests	0.001171875
high_signal	baseline	SIMPLE_OT	best_true_state_rank	200	0.06	0.2583286053492887	11	0	189	wilcoxon_signed_rank_two_sided	0.0013406411172294	lower_is_better	high_signal / best_true_state_rank: condition-specific comparator tests	0.0016087693406753
high_signal	baseline	SIMPLE_OT	gene_auprc	200	-0.0697887975026874	0.0250547523494552	0	200	0	wilcoxon_signed_rank_two_sided	1.436146412761352e-34	higher_is_better	high_signal / gene_auprc: condition-specific comparator tests	3.081387210528697e-34
high_signal	baseline	SIMPLE_OT	gene_auroc	200	-0.0346675079967747	0.0113406065053453	0	200	0	wilcoxon_signed_rank_two_sided	1.436126185778964e-34	higher_is_better	high_signal / gene_auroc: condition-specific comparator tests	4.29006202386725e-34
high_signal	baseline	SIMPLE_OT	precision_at_50	200	-0.0056	0.0196614563123286	0	25	175	wilcoxon_signed_rank_two_sided	8.555012690244897e-06	higher_is_better	high_signal / precision_at_50: condition-specific comparator tests	9.16608502526239e-06
high_signal	baseline	STAGE_CORRELATION	alignment_hit_top1	200	-0.055	0.2285523592188945	0	11	189	exact_sign_test_two_sided	0.0009765625	higher_is_better	high_signal / alignment_hit_top1: condition-specific comparator tests	0.001171875
high_signal	baseline	STAGE_CORRELATION	best_true_state_rank	200	0.06	0.2583286053492887	11	0	189	wilcoxon_signed_rank_two_sided	0.0013406411172294	lower_is_better	high_signal / best_true_state_rank: condition-specific comparator tests	0.0016087693406753
high_signal	baseline	STAGE_CORRELATION	gene_auprc	200	0.0663026011612698	0.0235988213615657	199	1	0	wilcoxon_signed_rank_two_sided	1.502513257617027e-34	higher_is_better	high_signal / gene_auprc: condition-specific comparator tests	3.081387210528697e-34
high_signal	baseline	STAGE_CORRELATION	gene_auroc	200	0.0809635754258366	0.015236129358847	200	0	0	wilcoxon_signed_rank_two_sided	1.436146412761352e-34	higher_is_better	high_signal / gene_auroc: condition-specific comparator tests	4.29006202386725e-34
high_signal	baseline	STAGE_CORRELATION	precision_at_50	200	0.0095	0.0255148001192568	75	12	113	wilcoxon_signed_rank_two_sided	5.154949985012245e-09	higher_is_better	high_signal / precision_at_50: condition-specific comparator tests	7.192953467458947e-09
high_signal	baseline	UNSIGNED_GENE_PPR	alignment_hit_top1	200	0	0	0	0	200	all_ties_no_test	NA	higher_is_better	high_signal / alignment_hit_top1: condition-specific comparator tests	NA
high_signal	baseline	UNSIGNED_GENE_PPR	best_true_state_rank	200	0	0	0	0	200	all_ties_no_test	NA	lower_is_better	high_signal / best_true_state_rank: condition-specific comparator tests	NA
high_signal	baseline	UNSIGNED_GENE_PPR	gene_auprc	200	0.0219305593353368	0.0312930295151457	159	41	0	wilcoxon_signed_rank_two_sided	7.437652827633187e-17	higher_is_better	high_signal / gene_auprc: condition-specific comparator tests	7.9689137438927e-17
high_signal	baseline	UNSIGNED_GENE_PPR	gene_auroc	200	0.0033808059494543	0.0085693462240382	142	58	0	wilcoxon_signed_rank_two_sided	4.383823142351164e-09	higher_is_better	high_signal / gene_auroc: condition-specific comparator tests	4.962818651718298e-09
high_signal	baseline	UNSIGNED_GENE_PPR	precision_at_50	200	-0.005	0.0191003696457166	2	24	174	wilcoxon_signed_rank_two_sided	3.336972273705568e-05	higher_is_better	high_signal / precision_at_50: condition-specific comparator tests	3.512602393374283e-05
high_signal	baseline	UNSIGNED_GENE_PPR	true_stage_mass	200	0	0	0	0	200	all_ties_no_test	NA	higher_is_better	high_signal / true_stage_mass: condition-specific comparator tests	NA
high_signal	combined_stress	DIRECT_NATIVE_PROJECTION	alignment_hit_top1	200	-0.075	0.2640523018086612	0	15	185	exact_sign_test_two_sided	6.103515625e-05	higher_is_better	high_signal / alignment_hit_top1: condition-specific comparator tests	0.0001307896205357
high_signal	combined_stress	DIRECT_NATIVE_PROJECTION	best_true_state_rank	200	0.08	0.2898622095108511	15	0	185	wilcoxon_signed_rank_two_sided	0.0001624408451868	lower_is_better	high_signal / best_true_state_rank: condition-specific comparator tests	0.0004803086419965
high_signal	combined_stress	DIRECT_NATIVE_PROJECTION	direction_recovery_accuracy	200	-0.1295479603372503	0.0510112010283788	0	200	0	wilcoxon_signed_rank_two_sided	1.436146412761352e-34	higher_is_better	high_signal / direction_recovery_accuracy: condition-specific comparator tests	1.436146412761352e-34
high_signal	combined_stress	DIRECT_NATIVE_PROJECTION	gene_auprc	200	-0.049709582927841	0.0362210839477842	16	184	0	wilcoxon_signed_rank_two_sided	2.10106898227036e-31	higher_is_better	high_signal / gene_auprc: condition-specific comparator tests	2.572737529310644e-31
high_signal	combined_stress	DIRECT_NATIVE_PROJECTION	gene_auroc	200	-0.0039425335397006	0.035428022399812	105	95	0	wilcoxon_signed_rank_two_sided	0.3277892819662232	higher_is_better	high_signal / gene_auroc: condition-specific comparator tests	0.3277892819662232
high_signal	combined_stress	DIRECT_NATIVE_PROJECTION	precision_at_50	200	-0.0889	0.0799421273084033	4	174	22	wilcoxon_signed_rank_two_sided	4.564484531044466e-30	higher_is_better	high_signal / precision_at_50: condition-specific comparator tests	2.489718835115163e-29
high_signal	combined_stress	DIRECT_NATIVE_PROJECTION	true_stage_mass	200	-0.1193777947311705	0.1133963828878606	17	183	0	wilcoxon_signed_rank_two_sided	1.414040119929541e-30	higher_is_better	high_signal / true_stage_mass: condition-specific comparator tests	1.414040119929541e-30
high_signal	combined_stress	GENE_ONLY_PPR	alignment_hit_top1	200	-0.05	0.2184918613297453	0	10	190	exact_sign_test_two_sided	0.001953125	higher_is_better	high_signal / alignment_hit_top1: condition-specific comparator tests	0.002297794117647
high_signal	combined_stress	GENE_ONLY_PPR	best_true_state_rank	200	0.055	0.2495724988070681	10	0	190	wilcoxon_signed_rank_two_sided	0.0022819372533154	lower_is_better	high_signal / best_true_state_rank: condition-specific comparator tests	0.002684632062724
high_signal	combined_stress	GENE_ONLY_PPR	gene_auprc	200	-0.1131548889248091	0.0360176865077609	0	200	0	wilcoxon_signed_rank_two_sided	1.436146412761352e-34	higher_is_better	high_signal / gene_auprc: condition-specific comparator tests	3.081387210528697e-34
high_signal	combined_stress	GENE_ONLY_PPR	gene_auroc	200	-0.0575055263430953	0.0333975068823145	2	198	0	wilcoxon_signed_rank_two_sided	1.644523775815779e-34	higher_is_better	high_signal / gene_auroc: condition-specific comparator tests	4.29006202386725e-34
high_signal	combined_stress	GENE_ONLY_PPR	precision_at_50	200	-0.1129	0.0997060503801652	1	182	17	wilcoxon_signed_rank_two_sided	3.343038936330102e-31	higher_is_better	high_signal / precision_at_50: condition-specific comparator tests	2.865461945425802e-30
high_signal	combined_stress	GRAPH_OT	alignment_hit_top1	200	-0.07	0.2557872859983309	0	14	186	exact_sign_test_two_sided	0.0001220703125	higher_is_better	high_signal / alignment_hit_top1: condition-specific comparator tests	0.000244140625
high_signal	combined_stress	GRAPH_OT	best_true_state_rank	200	0.075	0.2824426832947415	14	0	186	wilcoxon_signed_rank_two_sided	0.0002747267638079	lower_is_better	high_signal / best_true_state_rank: condition-specific comparator tests	0.0005494535276158
high_signal	combined_stress	GRAPH_OT	gene_auprc	200	-0.0636427602122591	0.0363912349493243	7	193	0	wilcoxon_signed_rank_two_sided	1.50034624402695e-33	higher_is_better	high_signal / gene_auprc: condition-specific comparator tests	2.143351777181357e-33
high_signal	combined_stress	GRAPH_OT	gene_auroc	200	-0.01456825078637	0.0363478542284454	81	119	0	wilcoxon_signed_rank_two_sided	3.337934319736726e-06	higher_is_better	high_signal / gene_auroc: condition-specific comparator tests	3.708815910818584e-06
high_signal	combined_stress	GRAPH_OT	precision_at_50	200	-0.0908	0.0799205635766669	3	176	21	wilcoxon_signed_rank_two_sided	5.091867288863112e-30	higher_is_better	high_signal / precision_at_50: condition-specific comparator tests	2.545933644431556e-29
high_signal	combined_stress	HETERO_PPR_STANDARD	alignment_hit_top1	200	-0.065	0.2667033056906713	1	14	185	exact_sign_test_two_sided	0.0009765625	higher_is_better	high_signal / alignment_hit_top1: condition-specific comparator tests	0.001171875
high_signal	combined_stress	HETERO_PPR_STANDARD	best_true_state_rank	200	0.07	0.2924510868349693	14	1	185	wilcoxon_signed_rank_two_sided	0.0009674284502477	lower_is_better	high_signal / best_true_state_rank: condition-specific comparator tests	0.0016087693406753
high_signal	combined_stress	HETERO_PPR_STANDARD	gene_auprc	200	-0.1139424325048965	0.0382043062848066	0	200	0	wilcoxon_signed_rank_two_sided	1.436146412761352e-34	higher_is_better	high_signal / gene_auprc: condition-specific comparator tests	3.081387210528697e-34
high_signal	combined_stress	HETERO_PPR_STANDARD	gene_auroc	200	-0.0586979370744295	0.0332054665525814	1	199	0	wilcoxon_signed_rank_two_sided	1.502513257617027e-34	higher_is_better	high_signal / gene_auroc: condition-specific comparator tests	4.29006202386725e-34
high_signal	combined_stress	HETERO_PPR_STANDARD	precision_at_50	200	-0.1039999999999999	0.1258059445272438	19	163	18	wilcoxon_signed_rank_two_sided	8.02226196864036e-27	higher_is_better	high_signal / precision_at_50: condition-specific comparator tests	3.008348238240135e-26
high_signal	combined_stress	SIMULATION_PROXY	alignment_hit_top1	200	-0.075	0.2640523018086612	0	15	185	exact_sign_test_two_sided	6.103515625e-05	higher_is_better	high_signal / alignment_hit_top1: condition-specific comparator tests	0.0001307896205357
high_signal	combined_stress	SIMULATION_PROXY	best_true_state_rank	200	0.08	0.2898622095108511	15	0	185	wilcoxon_signed_rank_two_sided	0.0001624408451868	lower_is_better	high_signal / best_true_state_rank: condition-specific comparator tests	0.0004803086419965
high_signal	combined_stress	SIMULATION_PROXY	gene_auprc	200	-0.0678595988739934	0.038695618146761	8	192	0	wilcoxon_signed_rank_two_sided	1.050623522816573e-33	higher_is_better	high_signal / gene_auprc: condition-specific comparator tests	1.537497838268155e-33
high_signal	combined_stress	SIMULATION_PROXY	gene_auroc	200	-0.021918636297481	0.0370394481044544	65	135	0	wilcoxon_signed_rank_two_sided	2.056169201663509e-12	higher_is_better	high_signal / gene_auroc: condition-specific comparator tests	2.467403041996211e-12
high_signal	combined_stress	SIMULATION_PROXY	precision_at_50	200	-0.1006	0.0885598908725433	2	177	21	wilcoxon_signed_rank_two_sided	8.101931742915942e-31	higher_is_better	high_signal / precision_at_50: condition-specific comparator tests	6.076448807186957e-30
high_signal	combined_stress	MEAN_SIGNATURE	alignment_hit_top1	200	-0.075	0.2640523018086612	0	15	185	exact_sign_test_two_sided	6.103515625e-05	higher_is_better	high_signal / alignment_hit_top1: condition-specific comparator tests	0.0001307896205357
high_signal	combined_stress	MEAN_SIGNATURE	best_true_state_rank	200	0.08	0.2898622095108511	15	0	185	wilcoxon_signed_rank_two_sided	0.0001624408451868	lower_is_better	high_signal / best_true_state_rank: condition-specific comparator tests	0.0004803086419965
high_signal	combined_stress	MEAN_SIGNATURE	gene_auprc	200	-0.049709582927841	0.0362210839477842	16	184	0	wilcoxon_signed_rank_two_sided	2.10106898227036e-31	higher_is_better	high_signal / gene_auprc: condition-specific comparator tests	2.572737529310644e-31
high_signal	combined_stress	MEAN_SIGNATURE	gene_auroc	200	-0.0039425335397006	0.035428022399812	105	95	0	wilcoxon_signed_rank_two_sided	0.3277892819662232	higher_is_better	high_signal / gene_auroc: condition-specific comparator tests	0.3277892819662232
high_signal	combined_stress	MEAN_SIGNATURE	precision_at_50	200	-0.0889	0.0799421273084033	4	174	22	wilcoxon_signed_rank_two_sided	4.564484531044466e-30	higher_is_better	high_signal / precision_at_50: condition-specific comparator tests	2.489718835115163e-29
high_signal	combined_stress	RANDOM	alignment_hit_top1	200	0.685	0.5359207546609684	144	7	49	exact_sign_test_two_sided	2.269603084085948e-34	higher_is_better	high_signal / alignment_hit_top1: condition-specific comparator tests	2.269603084085948e-33
high_signal	combined_stress	RANDOM	best_true_state_rank	200	-2.145	1.76907408425365	1	155	44	wilcoxon_signed_rank_two_sided	1.830428497715025e-27	lower_is_better	high_signal / best_true_state_rank: condition-specific comparator tests	5.624399065923137e-26
high_signal	combined_stress	RANDOM	gene_auprc	200	0.4544782833272396	0.0721260206063094	200	0	0	wilcoxon_signed_rank_two_sided	1.436146412761352e-34	higher_is_better	high_signal / gene_auprc: condition-specific comparator tests	3.081387210528697e-34
high_signal	combined_stress	RANDOM	gene_auroc	200	0.3339256488606822	0.0412633936679671	200	0	0	wilcoxon_signed_rank_two_sided	1.436146412761352e-34	higher_is_better	high_signal / gene_auroc: condition-specific comparator tests	4.29006202386725e-34
high_signal	combined_stress	RANDOM	precision_at_50	200	0.6824000000000001	0.140345016363569	200	0	0	wilcoxon_signed_rank_two_sided	1.362385840084213e-34	higher_is_better	high_signal / precision_at_50: condition-specific comparator tests	1.362385840084213e-33
high_signal	combined_stress	SIGNED_GENE_FIRST_PPR_SINGLE_HEAD	alignment_hit_top1	200	-0.075	0.2640523018086612	0	15	185	exact_sign_test_two_sided	6.103515625e-05	higher_is_better	high_signal / alignment_hit_top1: condition-specific comparator tests	0.0001307896205357
high_signal	combined_stress	SIGNED_GENE_FIRST_PPR_SINGLE_HEAD	best_true_state_rank	200	0.08	0.2898622095108511	15	0	185	wilcoxon_signed_rank_two_sided	0.0001624408451868	lower_is_better	high_signal / best_true_state_rank: condition-specific comparator tests	0.0004803086419965
high_signal	combined_stress	SIGNED_GENE_FIRST_PPR_SINGLE_HEAD	direction_recovery_accuracy	200	0	0	0	0	200	all_ties_no_test	NA	higher_is_better	high_signal / direction_recovery_accuracy: condition-specific comparator tests	NA
high_signal	combined_stress	SIGNED_GENE_FIRST_PPR_SINGLE_HEAD	gene_auprc	200	0	0	0	0	200	all_ties_no_test	NA	higher_is_better	high_signal / gene_auprc: condition-specific comparator tests	NA
high_signal	combined_stress	SIGNED_GENE_FIRST_PPR_SINGLE_HEAD	gene_auroc	200	0	0	0	0	200	all_ties_no_test	NA	higher_is_better	high_signal / gene_auroc: condition-specific comparator tests	NA
high_signal	combined_stress	SIGNED_GENE_FIRST_PPR_SINGLE_HEAD	precision_at_50	200	0	0	0	0	200	all_ties_no_test	NA	higher_is_better	high_signal / precision_at_50: condition-specific comparator tests	NA
high_signal	combined_stress	SIGNED_GENE_FIRST_PPR_SINGLE_HEAD	true_stage_mass	200	-0.1275018757037691	0.1080742909697519	7	193	0	wilcoxon_signed_rank_two_sided	2.556314929737383e-33	higher_is_better	high_signal / true_stage_mass: condition-specific comparator tests	3.06757791568486e-33
high_signal	combined_stress	SIMPLE_OT	alignment_hit_top1	200	-0.065	0.2667033056906713	1	14	185	exact_sign_test_two_sided	0.0009765625	higher_is_better	high_signal / alignment_hit_top1: condition-specific comparator tests	0.001171875
high_signal	combined_stress	SIMPLE_OT	best_true_state_rank	200	0.07	0.2924510868349693	14	1	185	wilcoxon_signed_rank_two_sided	0.0009674284502477	lower_is_better	high_signal / best_true_state_rank: condition-specific comparator tests	0.0016087693406753
high_signal	combined_stress	SIMPLE_OT	gene_auprc	200	-0.049709582927841	0.0362210839477842	16	184	0	wilcoxon_signed_rank_two_sided	2.10106898227036e-31	higher_is_better	high_signal / gene_auprc: condition-specific comparator tests	2.572737529310644e-31
high_signal	combined_stress	SIMPLE_OT	gene_auroc	200	-0.0039425335397006	0.035428022399812	105	95	0	wilcoxon_signed_rank_two_sided	0.3277892819662232	higher_is_better	high_signal / gene_auroc: condition-specific comparator tests	0.3277892819662232
high_signal	combined_stress	SIMPLE_OT	precision_at_50	200	-0.0889	0.0799421273084033	4	174	22	wilcoxon_signed_rank_two_sided	4.564484531044466e-30	higher_is_better	high_signal / precision_at_50: condition-specific comparator tests	2.489718835115163e-29
high_signal	combined_stress	STAGE_CORRELATION	alignment_hit_top1	200	-0.07	0.2557872859983309	0	14	186	exact_sign_test_two_sided	0.0001220703125	higher_is_better	high_signal / alignment_hit_top1: condition-specific comparator tests	0.000244140625
high_signal	combined_stress	STAGE_CORRELATION	best_true_state_rank	200	0.075	0.2824426832947415	14	0	186	wilcoxon_signed_rank_two_sided	0.0002747267638079	lower_is_better	high_signal / best_true_state_rank: condition-specific comparator tests	0.0005494535276158
high_signal	combined_stress	STAGE_CORRELATION	gene_auprc	200	0.1009551701485046	0.0406453959135507	199	1	0	wilcoxon_signed_rank_two_sided	1.548441600228304e-34	higher_is_better	high_signal / gene_auprc: condition-specific comparator tests	3.081387210528697e-34
high_signal	combined_stress	STAGE_CORRELATION	gene_auroc	200	0.0957105925239308	0.0352645893566302	200	0	0	wilcoxon_signed_rank_two_sided	1.436146412761352e-34	higher_is_better	high_signal / gene_auroc: condition-specific comparator tests	4.29006202386725e-34
high_signal	combined_stress	STAGE_CORRELATION	precision_at_50	200	0.1058	0.1099399562026893	169	26	5	wilcoxon_signed_rank_two_sided	4.989746444126173e-23	higher_is_better	high_signal / precision_at_50: condition-specific comparator tests	1.301672985424219e-22
high_signal	combined_stress	UNSIGNED_GENE_PPR	alignment_hit_top1	200	0	0	0	0	200	all_ties_no_test	NA	higher_is_better	high_signal / alignment_hit_top1: condition-specific comparator tests	NA
high_signal	combined_stress	UNSIGNED_GENE_PPR	best_true_state_rank	200	0	0	0	0	200	all_ties_no_test	NA	lower_is_better	high_signal / best_true_state_rank: condition-specific comparator tests	NA
high_signal	combined_stress	UNSIGNED_GENE_PPR	gene_auprc	200	-0.0850739394534985	0.033285980960537	0	200	0	wilcoxon_signed_rank_two_sided	1.436146412761352e-34	higher_is_better	high_signal / gene_auprc: condition-specific comparator tests	3.081387210528697e-34
high_signal	combined_stress	UNSIGNED_GENE_PPR	gene_auroc	200	-0.052971524217501	0.0333573061777508	4	196	0	wilcoxon_signed_rank_two_sided	2.123455275044061e-34	higher_is_better	high_signal / gene_auroc: condition-specific comparator tests	5.049728006354477e-34
high_signal	combined_stress	UNSIGNED_GENE_PPR	precision_at_50	200	-0.0827	0.0817073463787761	10	168	22	wilcoxon_signed_rank_two_sided	2.187097995352683e-28	higher_is_better	high_signal / precision_at_50: condition-specific comparator tests	9.37327712294007e-28
high_signal	combined_stress	UNSIGNED_GENE_PPR	true_stage_mass	200	0	0	0	0	200	all_ties_no_test	NA	higher_is_better	high_signal / true_stage_mass: condition-specific comparator tests	NA
high_signal	composition_shift	DIRECT_NATIVE_PROJECTION	alignment_hit_top1	200	-0.1	0.3007528242702513	0	20	180	exact_sign_test_two_sided	1.9073486328125e-06	higher_is_better	high_signal / alignment_hit_top1: condition-specific comparator tests	8.803147536057692e-06
high_signal	composition_shift	DIRECT_NATIVE_PROJECTION	best_true_state_rank	200	0.13	0.4048698531503052	22	0	178	wilcoxon_signed_rank_two_sided	8.372638969382265e-06	lower_is_better	high_signal / best_true_state_rank: condition-specific comparator tests	4.186319484691132e-05
high_signal	composition_shift	DIRECT_NATIVE_PROJECTION	direction_recovery_accuracy	200	-0.1498913334667391	0.0591772657785959	0	200	0	wilcoxon_signed_rank_two_sided	1.436146412761352e-34	higher_is_better	high_signal / direction_recovery_accuracy: condition-specific comparator tests	1.436146412761352e-34
high_signal	composition_shift	DIRECT_NATIVE_PROJECTION	gene_auprc	200	-0.0793989198420217	0.0428440343378441	1	199	0	wilcoxon_signed_rank_two_sided	1.457938569215571e-34	higher_is_better	high_signal / gene_auprc: condition-specific comparator tests	3.081387210528697e-34
high_signal	composition_shift	DIRECT_NATIVE_PROJECTION	gene_auroc	200	-0.0274231250879534	0.0164536754649131	7	193	0	wilcoxon_signed_rank_two_sided	4.698070086308176e-34	higher_is_better	high_signal / gene_auroc: condition-specific comparator tests	8.808881411827829e-34
high_signal	composition_shift	DIRECT_NATIVE_PROJECTION	precision_at_50	200	-0.0719	0.1154601456180038	3	114	83	wilcoxon_signed_rank_two_sided	2.475094850959083e-18	higher_is_better	high_signal / precision_at_50: condition-specific comparator tests	4.950189701918165e-18
high_signal	composition_shift	DIRECT_NATIVE_PROJECTION	true_stage_mass	200	-0.1628015209242334	0.1367413601094373	16	184	0	wilcoxon_signed_rank_two_sided	6.743368614851805e-32	higher_is_better	high_signal / true_stage_mass: condition-specific comparator tests	7.356402125292878e-32
high_signal	composition_shift	GENE_ONLY_PPR	alignment_hit_top1	200	-0.08	0.2719739863410306	0	16	184	exact_sign_test_two_sided	3.0517578125e-05	higher_is_better	high_signal / alignment_hit_top1: condition-specific comparator tests	0.0001220703125
high_signal	composition_shift	GENE_ONLY_PPR	best_true_state_rank	200	0.11	0.3855427551911746	18	0	182	wilcoxon_signed_rank_two_sided	6.361754985624595e-05	lower_is_better	high_signal / best_true_state_rank: condition-specific comparator tests	0.0002544701994249
high_signal	composition_shift	GENE_ONLY_PPR	gene_auprc	200	-0.0452089534862552	0.0484859439523319	32	168	0	wilcoxon_signed_rank_two_sided	8.456479115844164e-26	higher_is_better	high_signal / gene_auprc: condition-specific comparator tests	9.573372583974526e-26
high_signal	composition_shift	GENE_ONLY_PPR	gene_auroc	200	-0.0092748751980417	0.011536045493443	43	157	0	wilcoxon_signed_rank_two_sided	2.691517068436308e-20	higher_is_better	high_signal / gene_auroc: condition-specific comparator tests	3.938805466004354e-20
high_signal	composition_shift	GENE_ONLY_PPR	precision_at_50	200	-0.0774	0.1348486588884743	3	115	82	wilcoxon_signed_rank_two_sided	5.904623839316619e-18	higher_is_better	high_signal / precision_at_50: condition-specific comparator tests	1.142830420512894e-17
high_signal	composition_shift	GRAPH_OT	alignment_hit_top1	200	-0.1	0.3007528242702513	0	20	180	exact_sign_test_two_sided	1.9073486328125e-06	higher_is_better	high_signal / alignment_hit_top1: condition-specific comparator tests	8.803147536057692e-06
high_signal	composition_shift	GRAPH_OT	best_true_state_rank	200	0.13	0.4048698531503052	22	0	178	wilcoxon_signed_rank_two_sided	8.372638969382265e-06	lower_is_better	high_signal / best_true_state_rank: condition-specific comparator tests	4.186319484691132e-05
high_signal	composition_shift	GRAPH_OT	gene_auprc	200	-0.0754458953128689	0.0403268489250909	4	196	0	wilcoxon_signed_rank_two_sided	1.694762965790784e-34	higher_is_better	high_signal / gene_auprc: condition-specific comparator tests	3.081387210528697e-34
high_signal	composition_shift	GRAPH_OT	gene_auroc	200	-0.0256102353718242	0.017287236085357	14	186	0	wilcoxon_signed_rank_two_sided	2.444520685272701e-32	higher_is_better	high_signal / gene_auroc: condition-specific comparator tests	4.074201142121169e-32
high_signal	composition_shift	GRAPH_OT	precision_at_50	200	-0.0697	0.1140391804309678	3	114	83	wilcoxon_signed_rank_two_sided	9.473128239741012e-19	higher_is_better	high_signal / precision_at_50: condition-specific comparator tests	2.105139608831336e-18
high_signal	composition_shift	HETERO_PPR_STANDARD	alignment_hit_top1	200	-0.085	0.2795815250436421	0	17	183	exact_sign_test_two_sided	1.52587890625e-05	higher_is_better	high_signal / alignment_hit_top1: condition-specific comparator tests	6.539481026785714e-05
high_signal	composition_shift	HETERO_PPR_STANDARD	best_true_state_rank	200	0.115	0.390560735919794	19	0	181	wilcoxon_signed_rank_two_sided	3.833012152637274e-05	lower_is_better	high_signal / best_true_state_rank: condition-specific comparator tests	0.0001642719493987
high_signal	composition_shift	HETERO_PPR_STANDARD	gene_auprc	200	-0.0531362626011763	0.0481151633307455	21	179	0	wilcoxon_signed_rank_two_sided	2.382669288768482e-30	higher_is_better	high_signal / gene_auprc: condition-specific comparator tests	2.803140339727625e-30
high_signal	composition_shift	HETERO_PPR_STANDARD	gene_auroc	200	-0.0102685314527979	0.0121409256371746	37	163	0	wilcoxon_signed_rank_two_sided	3.542611817442542e-21	higher_is_better	high_signal / gene_auroc: condition-specific comparator tests	5.45017202683468e-21
high_signal	composition_shift	HETERO_PPR_STANDARD	precision_at_50	200	-0.0661	0.1454184397284791	12	107	81	wilcoxon_signed_rank_two_sided	5.647485881184586e-15	higher_is_better	high_signal / precision_at_50: condition-specific comparator tests	8.688439817207056e-15
high_signal	composition_shift	SIMULATION_PROXY	alignment_hit_top1	200	-0.105	0.3073226906378774	0	21	179	exact_sign_test_two_sided	9.5367431640625e-07	higher_is_better	high_signal / alignment_hit_top1: condition-specific comparator tests	8.174351283482143e-06
high_signal	composition_shift	SIMULATION_PROXY	best_true_state_rank	200	0.135	0.4215012652210128	22	0	178	wilcoxon_signed_rank_two_sided	1.089998193981032e-05	lower_is_better	high_signal / best_true_state_rank: condition-specific comparator tests	5.030760895297071e-05
high_signal	composition_shift	SIMULATION_PROXY	gene_auprc	200	-0.107042630993941	0.0532442495849454	0	200	0	wilcoxon_signed_rank_two_sided	1.436146412761352e-34	higher_is_better	high_signal / gene_auprc: condition-specific comparator tests	3.081387210528697e-34
high_signal	composition_shift	SIMULATION_PROXY	gene_auroc	200	-0.0402298227648992	0.0174457159909019	2	198	0	wilcoxon_signed_rank_two_sided	1.502513257617027e-34	higher_is_better	high_signal / gene_auroc: condition-specific comparator tests	4.29006202386725e-34
high_signal	composition_shift	SIMULATION_PROXY	precision_at_50	200	-0.0799	0.122904505970854	1	117	82	wilcoxon_signed_rank_two_sided	6.408876052653471e-20	higher_is_better	high_signal / precision_at_50: condition-specific comparator tests	1.478971396766186e-19
high_signal	composition_shift	MEAN_SIGNATURE	alignment_hit_top1	200	-0.1	0.3007528242702513	0	20	180	exact_sign_test_two_sided	1.9073486328125e-06	higher_is_better	high_signal / alignment_hit_top1: condition-specific comparator tests	8.803147536057692e-06
high_signal	composition_shift	MEAN_SIGNATURE	best_true_state_rank	200	0.13	0.4048698531503052	22	0	178	wilcoxon_signed_rank_two_sided	8.372638969382265e-06	lower_is_better	high_signal / best_true_state_rank: condition-specific comparator tests	4.186319484691132e-05
high_signal	composition_shift	MEAN_SIGNATURE	gene_auprc	200	-0.0793989198420217	0.0428440343378441	1	199	0	wilcoxon_signed_rank_two_sided	1.457938569215571e-34	higher_is_better	high_signal / gene_auprc: condition-specific comparator tests	3.081387210528697e-34
high_signal	composition_shift	MEAN_SIGNATURE	gene_auroc	200	-0.0274231250879534	0.0164536754649131	7	193	0	wilcoxon_signed_rank_two_sided	4.698070086308176e-34	higher_is_better	high_signal / gene_auroc: condition-specific comparator tests	8.808881411827829e-34
high_signal	composition_shift	MEAN_SIGNATURE	precision_at_50	200	-0.0719	0.1154601456180038	3	114	83	wilcoxon_signed_rank_two_sided	2.475094850959083e-18	higher_is_better	high_signal / precision_at_50: condition-specific comparator tests	4.950189701918165e-18
high_signal	composition_shift	RANDOM	alignment_hit_top1	200	0.645	0.5101728941344764	132	3	65	exact_sign_test_two_sided	1.88343582360501e-35	higher_is_better	high_signal / alignment_hit_top1: condition-specific comparator tests	2.260122988326012e-34
high_signal	composition_shift	RANDOM	best_true_state_rank	200	-1.85	1.775743881210996	7	143	50	wilcoxon_signed_rank_two_sided	1.925185467655237e-24	lower_is_better	high_signal / best_true_state_rank: condition-specific comparator tests	1.925185467655238e-23
high_signal	composition_shift	RANDOM	gene_auprc	200	0.5682884664451505	0.1038714261202717	200	0	0	wilcoxon_signed_rank_two_sided	1.436146412761352e-34	higher_is_better	high_signal / gene_auprc: condition-specific comparator tests	3.081387210528697e-34
high_signal	composition_shift	RANDOM	gene_auroc	200	0.3941496614298174	0.0323480785522064	200	0	0	wilcoxon_signed_rank_two_sided	1.436146412761352e-34	higher_is_better	high_signal / gene_auroc: condition-specific comparator tests	4.29006202386725e-34
high_signal	composition_shift	RANDOM	precision_at_50	200	0.7300999999999999	0.1572246416427733	200	0	0	wilcoxon_signed_rank_two_sided	1.356422744909748e-34	higher_is_better	high_signal / precision_at_50: condition-specific comparator tests	1.362385840084213e-33
high_signal	composition_shift	SIGNED_GENE_FIRST_PPR_SINGLE_HEAD	alignment_hit_top1	200	-0.1	0.3007528242702513	0	20	180	exact_sign_test_two_sided	1.9073486328125e-06	higher_is_better	high_signal / alignment_hit_top1: condition-specific comparator tests	8.803147536057692e-06
high_signal	composition_shift	SIGNED_GENE_FIRST_PPR_SINGLE_HEAD	best_true_state_rank	200	0.13	0.4048698531503052	22	0	178	wilcoxon_signed_rank_two_sided	8.372638969382265e-06	lower_is_better	high_signal / best_true_state_rank: condition-specific comparator tests	4.186319484691132e-05
high_signal	composition_shift	SIGNED_GENE_FIRST_PPR_SINGLE_HEAD	direction_recovery_accuracy	200	0	0	0	0	200	all_ties_no_test	NA	higher_is_better	high_signal / direction_recovery_accuracy: condition-specific comparator tests	NA
high_signal	composition_shift	SIGNED_GENE_FIRST_PPR_SINGLE_HEAD	gene_auprc	200	0	0	0	0	200	all_ties_no_test	NA	higher_is_better	high_signal / gene_auprc: condition-specific comparator tests	NA
high_signal	composition_shift	SIGNED_GENE_FIRST_PPR_SINGLE_HEAD	gene_auroc	200	0	0	0	0	200	all_ties_no_test	NA	higher_is_better	high_signal / gene_auroc: condition-specific comparator tests	NA
high_signal	composition_shift	SIGNED_GENE_FIRST_PPR_SINGLE_HEAD	precision_at_50	200	0	0	0	0	200	all_ties_no_test	NA	higher_is_better	high_signal / precision_at_50: condition-specific comparator tests	NA
high_signal	composition_shift	SIGNED_GENE_FIRST_PPR_SINGLE_HEAD	true_stage_mass	200	-0.176927998307027	0.1313898590558206	5	195	0	wilcoxon_signed_rank_two_sided	4.628380895815679e-34	higher_is_better	high_signal / true_stage_mass: condition-specific comparator tests	6.171174527754239e-34
high_signal	composition_shift	SIMPLE_OT	alignment_hit_top1	200	-0.1	0.3007528242702513	0	20	180	exact_sign_test_two_sided	1.9073486328125e-06	higher_is_better	high_signal / alignment_hit_top1: condition-specific comparator tests	8.803147536057692e-06
high_signal	composition_shift	SIMPLE_OT	best_true_state_rank	200	0.13	0.4048698531503052	22	0	178	wilcoxon_signed_rank_two_sided	8.372638969382265e-06	lower_is_better	high_signal / best_true_state_rank: condition-specific comparator tests	4.186319484691132e-05
high_signal	composition_shift	SIMPLE_OT	gene_auprc	200	-0.0793989198420217	0.0428440343378441	1	199	0	wilcoxon_signed_rank_two_sided	1.457938569215571e-34	higher_is_better	high_signal / gene_auprc: condition-specific comparator tests	3.081387210528697e-34
high_signal	composition_shift	SIMPLE_OT	gene_auroc	200	-0.0274231250879534	0.0164536754649131	7	193	0	wilcoxon_signed_rank_two_sided	4.698070086308176e-34	higher_is_better	high_signal / gene_auroc: condition-specific comparator tests	8.808881411827829e-34
high_signal	composition_shift	SIMPLE_OT	precision_at_50	200	-0.0719	0.1154601456180038	3	114	83	wilcoxon_signed_rank_two_sided	2.475094850959083e-18	higher_is_better	high_signal / precision_at_50: condition-specific comparator tests	4.950189701918165e-18
high_signal	composition_shift	STAGE_CORRELATION	alignment_hit_top1	200	-0.1	0.3007528242702513	0	20	180	exact_sign_test_two_sided	1.9073486328125e-06	higher_is_better	high_signal / alignment_hit_top1: condition-specific comparator tests	8.803147536057692e-06
high_signal	composition_shift	STAGE_CORRELATION	best_true_state_rank	200	0.13	0.4048698531503052	22	0	178	wilcoxon_signed_rank_two_sided	8.372638969382265e-06	lower_is_better	high_signal / best_true_state_rank: condition-specific comparator tests	4.186319484691132e-05
high_signal	composition_shift	STAGE_CORRELATION	gene_auprc	200	0.0759832257737115	0.0355441308612745	198	2	0	wilcoxon_signed_rank_two_sided	1.746526597761516e-34	higher_is_better	high_signal / gene_auprc: condition-specific comparator tests	3.082105760755617e-34
high_signal	composition_shift	STAGE_CORRELATION	gene_auroc	200	0.098388930859201	0.0253685913291552	200	0	0	wilcoxon_signed_rank_two_sided	1.436146412761352e-34	higher_is_better	high_signal / gene_auroc: condition-specific comparator tests	4.29006202386725e-34
high_signal	composition_shift	STAGE_CORRELATION	precision_at_50	200	0.0147	0.0780793952320264	116	46	38	wilcoxon_signed_rank_two_sided	6.570923734367092e-06	higher_is_better	high_signal / precision_at_50: condition-specific comparator tests	7.88510848124051e-06
high_signal	composition_shift	UNSIGNED_GENE_PPR	alignment_hit_top1	200	0	0	0	0	200	all_ties_no_test	NA	higher_is_better	high_signal / alignment_hit_top1: condition-specific comparator tests	NA
high_signal	composition_shift	UNSIGNED_GENE_PPR	best_true_state_rank	200	0	0	0	0	200	all_ties_no_test	NA	lower_is_better	high_signal / best_true_state_rank: condition-specific comparator tests	NA
high_signal	composition_shift	UNSIGNED_GENE_PPR	gene_auprc	200	-0.0147499576045713	0.0472026982151904	89	111	0	wilcoxon_signed_rank_two_sided	0.000628709350252	higher_is_better	high_signal / gene_auprc: condition-specific comparator tests	0.0006393654409342
high_signal	composition_shift	UNSIGNED_GENE_PPR	gene_auroc	200	-0.0039105397890871	0.0109458564375467	78	121	1	wilcoxon_signed_rank_two_sided	7.690413684473229e-06	higher_is_better	high_signal / gene_auroc: condition-specific comparator tests	8.389542201243522e-06
high_signal	composition_shift	UNSIGNED_GENE_PPR	precision_at_50	200	-0.0628	0.110695199244043	13	108	79	wilcoxon_signed_rank_two_sided	5.665410104161592e-17	higher_is_better	high_signal / precision_at_50: condition-specific comparator tests	8.945384374991987e-17
high_signal	composition_shift	UNSIGNED_GENE_PPR	true_stage_mass	200	0	0	0	0	200	all_ties_no_test	NA	higher_is_better	high_signal / true_stage_mass: condition-specific comparator tests	NA
high_signal	false_prior	DIRECT_NATIVE_PROJECTION	alignment_hit_top1	200	-0.075	0.2640523018086611	0	15	185	exact_sign_test_two_sided	6.103515625e-05	higher_is_better	high_signal / alignment_hit_top1: condition-specific comparator tests	0.0001307896205357
high_signal	false_prior	DIRECT_NATIVE_PROJECTION	best_true_state_rank	200	0.085	0.3134746108671187	15	0	185	wilcoxon_signed_rank_two_sided	0.0002241440329317	lower_is_better	high_signal / best_true_state_rank: condition-specific comparator tests	0.0004803086419965
high_signal	false_prior	DIRECT_NATIVE_PROJECTION	direction_recovery_accuracy	200	-0.1281988582519008	0.0431257956781417	0	200	0	wilcoxon_signed_rank_two_sided	1.436146412761352e-34	higher_is_better	high_signal / direction_recovery_accuracy: condition-specific comparator tests	1.436146412761352e-34
high_signal	false_prior	DIRECT_NATIVE_PROJECTION	gene_auprc	200	-0.0616814689905401	0.0255187435139565	0	200	0	wilcoxon_signed_rank_two_sided	1.436146412761352e-34	higher_is_better	high_signal / gene_auprc: condition-specific comparator tests	3.081387210528697e-34
high_signal	false_prior	DIRECT_NATIVE_PROJECTION	gene_auroc	200	-0.0278726769365043	0.0131881831627708	2	198	0	wilcoxon_signed_rank_two_sided	1.644523775815779e-34	higher_is_better	high_signal / gene_auroc: condition-specific comparator tests	4.29006202386725e-34
high_signal	false_prior	DIRECT_NATIVE_PROJECTION	precision_at_50	200	-0.0065	0.0204411153311138	0	30	170	wilcoxon_signed_rank_two_sided	9.966534732150185e-07	higher_is_better	high_signal / precision_at_50: condition-specific comparator tests	1.22039200801839e-06
high_signal	false_prior	DIRECT_NATIVE_PROJECTION	true_stage_mass	200	-0.1657934905267865	0.1226054701871003	2	198	0	wilcoxon_signed_rank_two_sided	1.720451387053049e-34	higher_is_better	high_signal / true_stage_mass: condition-specific comparator tests	3.090899197247313e-34
high_signal	false_prior	GENE_ONLY_PPR	alignment_hit_top1	200	-0.075	0.2640523018086611	0	15	185	exact_sign_test_two_sided	6.103515625e-05	higher_is_better	high_signal / alignment_hit_top1: condition-specific comparator tests	0.0001307896205357
high_signal	false_prior	GENE_ONLY_PPR	best_true_state_rank	200	0.085	0.3134746108671187	15	0	185	wilcoxon_signed_rank_two_sided	0.0002241440329317	lower_is_better	high_signal / best_true_state_rank: condition-specific comparator tests	0.0004803086419965
high_signal	false_prior	GENE_ONLY_PPR	gene_auprc	200	-0.0153219349749042	0.0281011468259082	64	136	0	wilcoxon_signed_rank_two_sided	1.148176302073043e-11	higher_is_better	high_signal / gene_auprc: condition-specific comparator tests	1.208606633761098e-11
high_signal	false_prior	GENE_ONLY_PPR	gene_auroc	200	-0.0049746667076337	0.009104716122002	66	134	0	wilcoxon_signed_rank_two_sided	2.567634526709066e-11	higher_is_better	high_signal / gene_auroc: condition-specific comparator tests	3.020746502010666e-11
high_signal	false_prior	GENE_ONLY_PPR	precision_at_50	200	-0.0065	0.0204411153311138	0	30	170	wilcoxon_signed_rank_two_sided	9.966534732150185e-07	higher_is_better	high_signal / precision_at_50: condition-specific comparator tests	1.22039200801839e-06
high_signal	false_prior	GRAPH_OT	alignment_hit_top1	200	-0.075	0.2640523018086611	0	15	185	exact_sign_test_two_sided	6.103515625e-05	higher_is_better	high_signal / alignment_hit_top1: condition-specific comparator tests	0.0001307896205357
high_signal	false_prior	GRAPH_OT	best_true_state_rank	200	0.085	0.3134746108671187	15	0	185	wilcoxon_signed_rank_two_sided	0.0002241440329317	lower_is_better	high_signal / best_true_state_rank: condition-specific comparator tests	0.0004803086419965
high_signal	false_prior	GRAPH_OT	gene_auprc	200	-0.0553168450815872	0.0256764933336645	1	199	0	wilcoxon_signed_rank_two_sided	1.457938569215571e-34	higher_is_better	high_signal / gene_auprc: condition-specific comparator tests	3.081387210528697e-34
high_signal	false_prior	GRAPH_OT	gene_auroc	200	-0.0246235899389256	0.014179228015663	8	192	0	wilcoxon_signed_rank_two_sided	7.350768698051076e-34	higher_is_better	high_signal / gene_auroc: condition-specific comparator tests	1.33650339964565e-33
high_signal	false_prior	GRAPH_OT	precision_at_50	200	-0.0065	0.0204411153311138	0	30	170	wilcoxon_signed_rank_two_sided	9.966534732150185e-07	higher_is_better	high_signal / precision_at_50: condition-specific comparator tests	1.22039200801839e-06
high_signal	false_prior	HETERO_PPR_STANDARD	alignment_hit_top1	200	-0.075	0.2640523018086611	0	15	185	exact_sign_test_two_sided	6.103515625e-05	higher_is_better	high_signal / alignment_hit_top1: condition-specific comparator tests	0.0001307896205357
high_signal	false_prior	HETERO_PPR_STANDARD	best_true_state_rank	200	0.085	0.3134746108671187	15	0	185	wilcoxon_signed_rank_two_sided	0.0002241440329317	lower_is_better	high_signal / best_true_state_rank: condition-specific comparator tests	0.0004803086419965
high_signal	false_prior	HETERO_PPR_STANDARD	gene_auprc	200	-0.0287528243714239	0.0278524464301478	25	175	0	wilcoxon_signed_rank_two_sided	2.136657882157982e-28	higher_is_better	high_signal / gene_auprc: condition-specific comparator tests	2.465374479413056e-28
high_signal	false_prior	HETERO_PPR_STANDARD	gene_auroc	200	-0.0071198929794534	0.0102280625886045	50	150	0	wilcoxon_signed_rank_two_sided	1.572709171187628e-17	higher_is_better	high_signal / gene_auroc: condition-specific comparator tests	2.194477913285063e-17
high_signal	false_prior	HETERO_PPR_STANDARD	precision_at_50	200	-0.0056	0.0209483691693236	7	28	165	wilcoxon_signed_rank_two_sided	7.427894392088938e-05	higher_is_better	high_signal / precision_at_50: condition-specific comparator tests	7.553790907209088e-05
high_signal	false_prior	SIMULATION_PROXY	alignment_hit_top1	200	-0.075	0.2640523018086611	0	15	185	exact_sign_test_two_sided	6.103515625e-05	higher_is_better	high_signal / alignment_hit_top1: condition-specific comparator tests	0.0001307896205357
high_signal	false_prior	SIMULATION_PROXY	best_true_state_rank	200	0.085	0.3134746108671187	15	0	185	wilcoxon_signed_rank_two_sided	0.0002241440329317	lower_is_better	high_signal / best_true_state_rank: condition-specific comparator tests	0.0004803086419965
high_signal	false_prior	SIMULATION_PROXY	gene_auprc	200	-0.0332040390287905	0.0267050828659227	21	179	0	wilcoxon_signed_rank_two_sided	2.128840825597403e-30	higher_is_better	high_signal / gene_auprc: condition-specific comparator tests	2.554608990716884e-30
high_signal	false_prior	SIMULATION_PROXY	gene_auroc	200	-0.0158387282507026	0.0144771094481104	26	174	0	wilcoxon_signed_rank_two_sided	1.155359886853937e-27	higher_is_better	high_signal / gene_auroc: condition-specific comparator tests	1.824252452927269e-27
high_signal	false_prior	SIMULATION_PROXY	precision_at_50	200	-0.0065	0.0204411153311138	0	30	170	wilcoxon_signed_rank_two_sided	9.966534732150185e-07	higher_is_better	high_signal / precision_at_50: condition-specific comparator tests	1.22039200801839e-06
high_signal	false_prior	MEAN_SIGNATURE	alignment_hit_top1	200	-0.075	0.2640523018086611	0	15	185	exact_sign_test_two_sided	6.103515625e-05	higher_is_better	high_signal / alignment_hit_top1: condition-specific comparator tests	0.0001307896205357
high_signal	false_prior	MEAN_SIGNATURE	best_true_state_rank	200	0.085	0.3134746108671187	15	0	185	wilcoxon_signed_rank_two_sided	0.0002241440329317	lower_is_better	high_signal / best_true_state_rank: condition-specific comparator tests	0.0004803086419965
high_signal	false_prior	MEAN_SIGNATURE	gene_auprc	200	-0.0616814689905401	0.0255187435139565	0	200	0	wilcoxon_signed_rank_two_sided	1.436146412761352e-34	higher_is_better	high_signal / gene_auprc: condition-specific comparator tests	3.081387210528697e-34
high_signal	false_prior	MEAN_SIGNATURE	gene_auroc	200	-0.0278726769365043	0.0131881831627708	2	198	0	wilcoxon_signed_rank_two_sided	1.644523775815779e-34	higher_is_better	high_signal / gene_auroc: condition-specific comparator tests	4.29006202386725e-34
high_signal	false_prior	MEAN_SIGNATURE	precision_at_50	200	-0.0065	0.0204411153311138	0	30	170	wilcoxon_signed_rank_two_sided	9.966534732150185e-07	higher_is_better	high_signal / precision_at_50: condition-specific comparator tests	1.22039200801839e-06
high_signal	false_prior	RANDOM	alignment_hit_top1	200	0.65	0.5087179669023361	133	3	64	exact_sign_test_two_sided	9.627964540581679e-36	higher_is_better	high_signal / alignment_hit_top1: condition-specific comparator tests	1.444194681087252e-34
high_signal	false_prior	RANDOM	best_true_state_rank	200	-2.06	1.691361439074434	2	155	43	wilcoxon_signed_rank_two_sided	1.874799688641046e-27	lower_is_better	high_signal / best_true_state_rank: condition-specific comparator tests	5.624399065923137e-26
high_signal	false_prior	RANDOM	gene_auprc	200	0.6454414344635814	0.0346913914037235	200	0	0	wilcoxon_signed_rank_two_sided	1.436146412761352e-34	higher_is_better	high_signal / gene_auprc: condition-specific comparator tests	3.081387210528697e-34
high_signal	false_prior	RANDOM	gene_auroc	200	0.409782215645022	0.0237089488982985	200	0	0	wilcoxon_signed_rank_two_sided	1.436146412761352e-34	higher_is_better	high_signal / gene_auroc: condition-specific comparator tests	4.29006202386725e-34
high_signal	false_prior	RANDOM	precision_at_50	200	0.8226	0.0541470174385204	200	0	0	wilcoxon_signed_rank_two_sided	1.145909638181875e-34	higher_is_better	high_signal / precision_at_50: condition-specific comparator tests	1.362385840084213e-33
high_signal	false_prior	SIGNED_GENE_FIRST_PPR_SINGLE_HEAD	alignment_hit_top1	200	-0.075	0.2640523018086611	0	15	185	exact_sign_test_two_sided	6.103515625e-05	higher_is_better	high_signal / alignment_hit_top1: condition-specific comparator tests	0.0001307896205357
high_signal	false_prior	SIGNED_GENE_FIRST_PPR_SINGLE_HEAD	best_true_state_rank	200	0.085	0.3134746108671187	15	0	185	wilcoxon_signed_rank_two_sided	0.0002241440329317	lower_is_better	high_signal / best_true_state_rank: condition-specific comparator tests	0.0004803086419965
high_signal	false_prior	SIGNED_GENE_FIRST_PPR_SINGLE_HEAD	direction_recovery_accuracy	200	0	0	0	0	200	all_ties_no_test	NA	higher_is_better	high_signal / direction_recovery_accuracy: condition-specific comparator tests	NA
high_signal	false_prior	SIGNED_GENE_FIRST_PPR_SINGLE_HEAD	gene_auprc	200	0	0	0	0	200	all_ties_no_test	NA	higher_is_better	high_signal / gene_auprc: condition-specific comparator tests	NA
high_signal	false_prior	SIGNED_GENE_FIRST_PPR_SINGLE_HEAD	gene_auroc	200	0	0	0	0	200	all_ties_no_test	NA	higher_is_better	high_signal / gene_auroc: condition-specific comparator tests	NA
high_signal	false_prior	SIGNED_GENE_FIRST_PPR_SINGLE_HEAD	precision_at_50	200	0	0	0	0	200	all_ties_no_test	NA	higher_is_better	high_signal / precision_at_50: condition-specific comparator tests	NA
high_signal	false_prior	SIGNED_GENE_FIRST_PPR_SINGLE_HEAD	true_stage_mass	200	-0.1729119295806972	0.1223568199610165	0	200	0	wilcoxon_signed_rank_two_sided	1.436146412761352e-34	higher_is_better	high_signal / true_stage_mass: condition-specific comparator tests	3.090899197247313e-34
high_signal	false_prior	SIMPLE_OT	alignment_hit_top1	200	-0.075	0.2640523018086611	0	15	185	exact_sign_test_two_sided	6.103515625e-05	higher_is_better	high_signal / alignment_hit_top1: condition-specific comparator tests	0.0001307896205357
high_signal	false_prior	SIMPLE_OT	best_true_state_rank	200	0.085	0.3134746108671187	15	0	185	wilcoxon_signed_rank_two_sided	0.0002241440329317	lower_is_better	high_signal / best_true_state_rank: condition-specific comparator tests	0.0004803086419965
high_signal	false_prior	SIMPLE_OT	gene_auprc	200	-0.0616814689905401	0.0255187435139565	0	200	0	wilcoxon_signed_rank_two_sided	1.436146412761352e-34	higher_is_better	high_signal / gene_auprc: condition-specific comparator tests	3.081387210528697e-34
high_signal	false_prior	SIMPLE_OT	gene_auroc	200	-0.0278726769365043	0.0131881831627708	2	198	0	wilcoxon_signed_rank_two_sided	1.644523775815779e-34	higher_is_better	high_signal / gene_auroc: condition-specific comparator tests	4.29006202386725e-34
high_signal	false_prior	SIMPLE_OT	precision_at_50	200	-0.0065	0.0204411153311138	0	30	170	wilcoxon_signed_rank_two_sided	9.966534732150185e-07	higher_is_better	high_signal / precision_at_50: condition-specific comparator tests	1.22039200801839e-06
high_signal	false_prior	STAGE_CORRELATION	alignment_hit_top1	200	-0.075	0.2640523018086611	0	15	185	exact_sign_test_two_sided	6.103515625e-05	higher_is_better	high_signal / alignment_hit_top1: condition-specific comparator tests	0.0001307896205357
high_signal	false_prior	STAGE_CORRELATION	best_true_state_rank	200	0.085	0.3134746108671187	15	0	185	wilcoxon_signed_rank_two_sided	0.0002241440329317	lower_is_better	high_signal / best_true_state_rank: condition-specific comparator tests	0.0004803086419965
high_signal	false_prior	STAGE_CORRELATION	gene_auprc	200	0.0665116377610939	0.023069757983452	199	1	0	wilcoxon_signed_rank_two_sided	1.480059211491653e-34	higher_is_better	high_signal / gene_auprc: condition-specific comparator tests	3.081387210528697e-34
high_signal	false_prior	STAGE_CORRELATION	gene_auroc	200	0.0809639320093665	0.0136029958424454	200	0	0	wilcoxon_signed_rank_two_sided	1.436146412761352e-34	higher_is_better	high_signal / gene_auroc: condition-specific comparator tests	4.29006202386725e-34
high_signal	false_prior	STAGE_CORRELATION	precision_at_50	200	0.0179	0.0285950763586985	105	11	84	wilcoxon_signed_rank_two_sided	9.284121661537927e-15	higher_is_better	high_signal / precision_at_50: condition-specific comparator tests	1.392618249230689e-14
high_signal	false_prior	UNSIGNED_GENE_PPR	alignment_hit_top1	200	0	0	0	0	200	all_ties_no_test	NA	higher_is_better	high_signal / alignment_hit_top1: condition-specific comparator tests	NA
high_signal	false_prior	UNSIGNED_GENE_PPR	best_true_state_rank	200	0	0	0	0	200	all_ties_no_test	NA	lower_is_better	high_signal / best_true_state_rank: condition-specific comparator tests	NA
high_signal	false_prior	UNSIGNED_GENE_PPR	gene_auprc	200	0.0143044322608362	0.0298735312395705	144	56	0	wilcoxon_signed_rank_two_sided	5.758582592188177e-11	higher_is_better	high_signal / gene_auprc: condition-specific comparator tests	5.957154405711905e-11
high_signal	false_prior	UNSIGNED_GENE_PPR	gene_auroc	200	0.000414700035544	0.0093146127993065	114	86	0	wilcoxon_signed_rank_two_sided	0.1523558208648908	higher_is_better	high_signal / gene_auroc: condition-specific comparator tests	0.1603745482788324
high_signal	false_prior	UNSIGNED_GENE_PPR	precision_at_50	200	-0.0048	0.0198729633765786	8	25	167	wilcoxon_signed_rank_two_sided	0.000382026326192	higher_is_better	high_signal / precision_at_50: condition-specific comparator tests	0.000382026326192
high_signal	false_prior	UNSIGNED_GENE_PPR	true_stage_mass	200	0	0	0	0	200	all_ties_no_test	NA	higher_is_better	high_signal / true_stage_mass: condition-specific comparator tests	NA
high_signal	high_batch	DIRECT_NATIVE_PROJECTION	alignment_hit_top1	200	-0.045	0.2078243363368914	0	9	191	exact_sign_test_two_sided	0.00390625	higher_is_better	high_signal / alignment_hit_top1: condition-specific comparator tests	0.00390625
high_signal	high_batch	DIRECT_NATIVE_PROJECTION	best_true_state_rank	200	0.05	0.2403933125601003	9	0	191	wilcoxon_signed_rank_two_sided	0.0038924171227786	lower_is_better	high_signal / best_true_state_rank: condition-specific comparator tests	0.0038924171227786
high_signal	high_batch	DIRECT_NATIVE_PROJECTION	direction_recovery_accuracy	200	-0.1243663785153092	0.0423460295917584	0	200	0	wilcoxon_signed_rank_two_sided	1.436146412761352e-34	higher_is_better	high_signal / direction_recovery_accuracy: condition-specific comparator tests	1.436146412761352e-34
high_signal	high_batch	DIRECT_NATIVE_PROJECTION	gene_auprc	200	-0.057496196898081	0.0339326587715154	10	190	0	wilcoxon_signed_rank_two_sided	2.205026066117379e-33	higher_is_better	high_signal / gene_auprc: condition-specific comparator tests	2.940034754823171e-33
high_signal	high_batch	DIRECT_NATIVE_PROJECTION	gene_auroc	200	-0.0185894667660337	0.0290604952951544	52	148	0	wilcoxon_signed_rank_two_sided	4.263979179422033e-15	higher_is_better	high_signal / gene_auroc: condition-specific comparator tests	5.561711973159174e-15
high_signal	high_batch	DIRECT_NATIVE_PROJECTION	precision_at_50	200	-0.0397	0.0426968983139073	0	144	56	wilcoxon_signed_rank_two_sided	9.647970801471646e-26	higher_is_better	high_signal / precision_at_50: condition-specific comparator tests	2.631264764037722e-25
high_signal	high_batch	DIRECT_NATIVE_PROJECTION	true_stage_mass	200	-0.1337298266598666	0.1101980672484767	1	199	0	wilcoxon_signed_rank_two_sided	1.525305698743795e-34	higher_is_better	high_signal / true_stage_mass: condition-specific comparator tests	3.090899197247313e-34
high_signal	high_batch	GENE_ONLY_PPR	alignment_hit_top1	200	-0.045	0.2078243363368914	0	9	191	exact_sign_test_two_sided	0.00390625	higher_is_better	high_signal / alignment_hit_top1: condition-specific comparator tests	0.00390625
high_signal	high_batch	GENE_ONLY_PPR	best_true_state_rank	200	0.05	0.2403933125601003	9	0	191	wilcoxon_signed_rank_two_sided	0.0038924171227786	lower_is_better	high_signal / best_true_state_rank: condition-specific comparator tests	0.0038924171227786
high_signal	high_batch	GENE_ONLY_PPR	gene_auprc	200	-0.0802783117886593	0.0333374577375496	2	198	0	wilcoxon_signed_rank_two_sided	1.502513257617027e-34	higher_is_better	high_signal / gene_auprc: condition-specific comparator tests	3.081387210528697e-34
high_signal	high_batch	GENE_ONLY_PPR	gene_auroc	200	-0.0415118279000023	0.026285599291283	3	197	0	wilcoxon_signed_rank_two_sided	2.188215469420273e-34	higher_is_better	high_signal / gene_auroc: condition-specific comparator tests	5.049728006354477e-34
high_signal	high_batch	GENE_ONLY_PPR	precision_at_50	200	-0.0397	0.0426968983139073	0	144	56	wilcoxon_signed_rank_two_sided	9.647970801471646e-26	higher_is_better	high_signal / precision_at_50: condition-specific comparator tests	2.631264764037722e-25
high_signal	high_batch	GRAPH_OT	alignment_hit_top1	200	-0.045	0.2078243363368914	0	9	191	exact_sign_test_two_sided	0.00390625	higher_is_better	high_signal / alignment_hit_top1: condition-specific comparator tests	0.00390625
high_signal	high_batch	GRAPH_OT	best_true_state_rank	200	0.05	0.2403933125601003	9	0	191	wilcoxon_signed_rank_two_sided	0.0038924171227786	lower_is_better	high_signal / best_true_state_rank: condition-specific comparator tests	0.0038924171227786
high_signal	high_batch	GRAPH_OT	gene_auprc	200	-0.0626482923974038	0.0352671812831543	9	191	0	wilcoxon_signed_rank_two_sided	8.037963596704626e-34	higher_is_better	high_signal / gene_auprc: condition-specific comparator tests	1.205694539505694e-33
high_signal	high_batch	GRAPH_OT	gene_auroc	200	-0.022836178925263	0.0301234292596231	45	155	0	wilcoxon_signed_rank_two_sided	4.24373107522259e-19	higher_is_better	high_signal / gene_auroc: condition-specific comparator tests	6.062472964603701e-19
high_signal	high_batch	GRAPH_OT	precision_at_50	200	-0.0397	0.0426968983139073	0	144	56	wilcoxon_signed_rank_two_sided	9.647970801471646e-26	higher_is_better	high_signal / precision_at_50: condition-specific comparator tests	2.631264764037722e-25
high_signal	high_batch	HETERO_PPR_STANDARD	alignment_hit_top1	200	-0.045	0.2078243363368914	0	9	191	exact_sign_test_two_sided	0.00390625	higher_is_better	high_signal / alignment_hit_top1: condition-specific comparator tests	0.00390625
high_signal	high_batch	HETERO_PPR_STANDARD	best_true_state_rank	200	0.05	0.2403933125601003	9	0	191	wilcoxon_signed_rank_two_sided	0.0038924171227786	lower_is_better	high_signal / best_true_state_rank: condition-specific comparator tests	0.0038924171227786
high_signal	high_batch	HETERO_PPR_STANDARD	gene_auprc	200	-0.0855999271267749	0.0325614156023227	0	200	0	wilcoxon_signed_rank_two_sided	1.436146412761352e-34	higher_is_better	high_signal / gene_auprc: condition-specific comparator tests	3.081387210528697e-34
high_signal	high_batch	HETERO_PPR_STANDARD	gene_auroc	200	-0.0430878768120256	0.0266525920104437	4	196	0	wilcoxon_signed_rank_two_sided	1.882909982901724e-34	higher_is_better	high_signal / gene_auroc: condition-specific comparator tests	4.70727495725431e-34
high_signal	high_batch	HETERO_PPR_STANDARD	precision_at_50	200	-0.0338	0.0451636888879755	18	128	54	wilcoxon_signed_rank_two_sided	2.285873092405539e-20	higher_is_better	high_signal / precision_at_50: condition-specific comparator tests	5.486095421773294e-20
high_signal	high_batch	SIMULATION_PROXY	alignment_hit_top1	200	-0.045	0.2078243363368914	0	9	191	exact_sign_test_two_sided	0.00390625	higher_is_better	high_signal / alignment_hit_top1: condition-specific comparator tests	0.00390625
high_signal	high_batch	SIMULATION_PROXY	best_true_state_rank	200	0.05	0.2403933125601003	9	0	191	wilcoxon_signed_rank_two_sided	0.0038924171227786	lower_is_better	high_signal / best_true_state_rank: condition-specific comparator tests	0.0038924171227786
high_signal	high_batch	SIMULATION_PROXY	gene_auprc	200	-0.0933602552574029	0.0354157156500648	1	199	0	wilcoxon_signed_rank_two_sided	1.457938569215571e-34	higher_is_better	high_signal / gene_auprc: condition-specific comparator tests	3.081387210528697e-34
high_signal	high_batch	SIMULATION_PROXY	gene_auroc	200	-0.0452749493570282	0.0295998197597574	10	190	0	wilcoxon_signed_rank_two_sided	2.919711944209893e-33	higher_is_better	high_signal / gene_auroc: condition-specific comparator tests	5.005220475788389e-33
high_signal	high_batch	SIMULATION_PROXY	precision_at_50	200	-0.0397	0.0426968983139073	0	144	56	wilcoxon_signed_rank_two_sided	9.647970801471646e-26	higher_is_better	high_signal / precision_at_50: condition-specific comparator tests	2.631264764037722e-25
high_signal	high_batch	MEAN_SIGNATURE	alignment_hit_top1	200	-0.045	0.2078243363368914	0	9	191	exact_sign_test_two_sided	0.00390625	higher_is_better	high_signal / alignment_hit_top1: condition-specific comparator tests	0.00390625
high_signal	high_batch	MEAN_SIGNATURE	best_true_state_rank	200	0.05	0.2403933125601003	9	0	191	wilcoxon_signed_rank_two_sided	0.0038924171227786	lower_is_better	high_signal / best_true_state_rank: condition-specific comparator tests	0.0038924171227786
high_signal	high_batch	MEAN_SIGNATURE	gene_auprc	200	-0.057496196898081	0.0339326587715154	10	190	0	wilcoxon_signed_rank_two_sided	2.205026066117379e-33	higher_is_better	high_signal / gene_auprc: condition-specific comparator tests	2.940034754823171e-33
high_signal	high_batch	MEAN_SIGNATURE	gene_auroc	200	-0.0185894667660337	0.0290604952951544	52	148	0	wilcoxon_signed_rank_two_sided	4.263979179422033e-15	higher_is_better	high_signal / gene_auroc: condition-specific comparator tests	5.561711973159174e-15
high_signal	high_batch	MEAN_SIGNATURE	precision_at_50	200	-0.0397	0.0426968983139073	0	144	56	wilcoxon_signed_rank_two_sided	9.647970801471646e-26	higher_is_better	high_signal / precision_at_50: condition-specific comparator tests	2.631264764037722e-25
high_signal	high_batch	RANDOM	alignment_hit_top1	200	0.715	0.4525472295516506	143	0	57	exact_sign_test_two_sided	1.793662034335766e-43	higher_is_better	high_signal / alignment_hit_top1: condition-specific comparator tests	1.07619722060146e-41
high_signal	high_batch	RANDOM	best_true_state_rank	200	-2.05	1.764388088441193	2	150	48	wilcoxon_signed_rank_two_sided	1.285582211006493e-26	lower_is_better	high_signal / best_true_state_rank: condition-specific comparator tests	2.571164422012986e-25
high_signal	high_batch	RANDOM	gene_auprc	200	0.5507348644486537	0.0396194888452055	200	0	0	wilcoxon_signed_rank_two_sided	1.436146412761352e-34	higher_is_better	high_signal / gene_auprc: condition-specific comparator tests	3.081387210528697e-34
high_signal	high_batch	RANDOM	gene_auroc	200	0.3647366427732542	0.0324777466495432	200	0	0	wilcoxon_signed_rank_two_sided	1.436146412761352e-34	higher_is_better	high_signal / gene_auroc: condition-specific comparator tests	4.29006202386725e-34
high_signal	high_batch	RANDOM	precision_at_50	200	0.7826000000000001	0.0630325751309447	200	0	0	wilcoxon_signed_rank_two_sided	1.27255458797681e-34	higher_is_better	high_signal / precision_at_50: condition-specific comparator tests	1.362385840084213e-33
high_signal	high_batch	SIGNED_GENE_FIRST_PPR_SINGLE_HEAD	alignment_hit_top1	200	-0.045	0.2078243363368914	0	9	191	exact_sign_test_two_sided	0.00390625	higher_is_better	high_signal / alignment_hit_top1: condition-specific comparator tests	0.00390625
high_signal	high_batch	SIGNED_GENE_FIRST_PPR_SINGLE_HEAD	best_true_state_rank	200	0.05	0.2403933125601003	9	0	191	wilcoxon_signed_rank_two_sided	0.0038924171227786	lower_is_better	high_signal / best_true_state_rank: condition-specific comparator tests	0.0038924171227786
high_signal	high_batch	SIGNED_GENE_FIRST_PPR_SINGLE_HEAD	direction_recovery_accuracy	200	0	0	0	0	200	all_ties_no_test	NA	higher_is_better	high_signal / direction_recovery_accuracy: condition-specific comparator tests	NA
high_signal	high_batch	SIGNED_GENE_FIRST_PPR_SINGLE_HEAD	gene_auprc	200	0	0	0	0	200	all_ties_no_test	NA	higher_is_better	high_signal / gene_auprc: condition-specific comparator tests	NA
high_signal	high_batch	SIGNED_GENE_FIRST_PPR_SINGLE_HEAD	gene_auroc	200	0	0	0	0	200	all_ties_no_test	NA	higher_is_better	high_signal / gene_auroc: condition-specific comparator tests	NA
high_signal	high_batch	SIGNED_GENE_FIRST_PPR_SINGLE_HEAD	precision_at_50	200	0	0	0	0	200	all_ties_no_test	NA	higher_is_better	high_signal / precision_at_50: condition-specific comparator tests	NA
high_signal	high_batch	SIGNED_GENE_FIRST_PPR_SINGLE_HEAD	true_stage_mass	200	-0.1414133329913438	0.1102243099474328	1	199	0	wilcoxon_signed_rank_two_sided	1.457938569215571e-34	higher_is_better	high_signal / true_stage_mass: condition-specific comparator tests	3.090899197247313e-34
high_signal	high_batch	SIMPLE_OT	alignment_hit_top1	200	-0.045	0.2078243363368914	0	9	191	exact_sign_test_two_sided	0.00390625	higher_is_better	high_signal / alignment_hit_top1: condition-specific comparator tests	0.00390625
high_signal	high_batch	SIMPLE_OT	best_true_state_rank	200	0.05	0.2403933125601003	9	0	191	wilcoxon_signed_rank_two_sided	0.0038924171227786	lower_is_better	high_signal / best_true_state_rank: condition-specific comparator tests	0.0038924171227786
high_signal	high_batch	SIMPLE_OT	gene_auprc	200	-0.057496196898081	0.0339326587715154	10	190	0	wilcoxon_signed_rank_two_sided	2.205026066117379e-33	higher_is_better	high_signal / gene_auprc: condition-specific comparator tests	2.940034754823171e-33
high_signal	high_batch	SIMPLE_OT	gene_auroc	200	-0.0185894667660337	0.0290604952951544	52	148	0	wilcoxon_signed_rank_two_sided	4.263979179422033e-15	higher_is_better	high_signal / gene_auroc: condition-specific comparator tests	5.561711973159174e-15
high_signal	high_batch	SIMPLE_OT	precision_at_50	200	-0.0397	0.0426968983139073	0	144	56	wilcoxon_signed_rank_two_sided	9.647970801471646e-26	higher_is_better	high_signal / precision_at_50: condition-specific comparator tests	2.631264764037722e-25
high_signal	high_batch	STAGE_CORRELATION	alignment_hit_top1	200	-0.045	0.2078243363368914	0	9	191	exact_sign_test_two_sided	0.00390625	higher_is_better	high_signal / alignment_hit_top1: condition-specific comparator tests	0.00390625
high_signal	high_batch	STAGE_CORRELATION	best_true_state_rank	200	0.05	0.2403933125601003	9	0	191	wilcoxon_signed_rank_two_sided	0.0038924171227786	lower_is_better	high_signal / best_true_state_rank: condition-specific comparator tests	0.0038924171227786
high_signal	high_batch	STAGE_CORRELATION	gene_auprc	200	0.0882602912501114	0.0371644146180683	199	1	0	wilcoxon_signed_rank_two_sided	1.525305698743795e-34	higher_is_better	high_signal / gene_auprc: condition-specific comparator tests	3.081387210528697e-34
high_signal	high_batch	STAGE_CORRELATION	gene_auroc	200	0.0803692061828567	0.0259914455454817	198	2	0	wilcoxon_signed_rank_two_sided	1.525305698743795e-34	higher_is_better	high_signal / gene_auroc: condition-specific comparator tests	4.29006202386725e-34
high_signal	high_batch	STAGE_CORRELATION	precision_at_50	200	0.0861	0.0635688207761821	179	13	8	wilcoxon_signed_rank_two_sided	1.156751066602991e-29	higher_is_better	high_signal / precision_at_50: condition-specific comparator tests	5.338851076629189e-29
high_signal	high_batch	UNSIGNED_GENE_PPR	alignment_hit_top1	200	0	0	0	0	200	all_ties_no_test	NA	higher_is_better	high_signal / alignment_hit_top1: condition-specific comparator tests	NA
high_signal	high_batch	UNSIGNED_GENE_PPR	best_true_state_rank	200	0	0	0	0	200	all_ties_no_test	NA	lower_is_better	high_signal / best_true_state_rank: condition-specific comparator tests	NA
high_signal	high_batch	UNSIGNED_GENE_PPR	gene_auprc	200	-0.0514758468306455	0.0324972554753462	8	192	0	wilcoxon_signed_rank_two_sided	2.481871940623224e-33	higher_is_better	high_signal / gene_auprc: condition-specific comparator tests	3.237224270378119e-33
high_signal	high_batch	UNSIGNED_GENE_PPR	gene_auroc	200	-0.036534186266399	0.0261483241036703	11	189	0	wilcoxon_signed_rank_two_sided	1.435055448137057e-33	higher_is_better	high_signal / gene_auroc: condition-specific comparator tests	2.532450790830101e-33
high_signal	high_batch	UNSIGNED_GENE_PPR	precision_at_50	200	-0.0321	0.0413295372979946	13	129	58	wilcoxon_signed_rank_two_sided	5.101322718178408e-21	higher_is_better	high_signal / precision_at_50: condition-specific comparator tests	1.275330679544602e-20
high_signal	high_batch	UNSIGNED_GENE_PPR	true_stage_mass	200	0	0	0	0	200	all_ties_no_test	NA	higher_is_better	high_signal / true_stage_mass: condition-specific comparator tests	NA
high_signal	high_dropout	DIRECT_NATIVE_PROJECTION	alignment_hit_top1	200	-0.055	0.2285523592188945	0	11	189	exact_sign_test_two_sided	0.0009765625	higher_is_better	high_signal / alignment_hit_top1: condition-specific comparator tests	0.001171875
high_signal	high_dropout	DIRECT_NATIVE_PROJECTION	best_true_state_rank	200	0.06	0.2583286053492887	11	0	189	wilcoxon_signed_rank_two_sided	0.0013406411172294	lower_is_better	high_signal / best_true_state_rank: condition-specific comparator tests	0.0016087693406753
high_signal	high_dropout	DIRECT_NATIVE_PROJECTION	direction_recovery_accuracy	200	-0.1264203288752087	0.0384795117844184	0	200	0	wilcoxon_signed_rank_two_sided	1.436146412761352e-34	higher_is_better	high_signal / direction_recovery_accuracy: condition-specific comparator tests	1.436146412761352e-34
high_signal	high_dropout	DIRECT_NATIVE_PROJECTION	gene_auprc	200	-0.0549249903094096	0.0313303961805392	6	194	0	wilcoxon_signed_rank_two_sided	4.106603511756134e-34	higher_is_better	high_signal / gene_auprc: condition-specific comparator tests	6.3178515565479e-34
high_signal	high_dropout	DIRECT_NATIVE_PROJECTION	gene_auroc	200	-0.0137087602913729	0.0226085106458604	52	148	0	wilcoxon_signed_rank_two_sided	1.14051906610636e-13	higher_is_better	high_signal / gene_auroc: condition-specific comparator tests	1.396553958497583e-13
high_signal	high_dropout	DIRECT_NATIVE_PROJECTION	precision_at_50	200	-0.0243	0.0426686426468739	0	94	106	wilcoxon_signed_rank_two_sided	1.288362445353589e-17	higher_is_better	high_signal / precision_at_50: condition-specific comparator tests	2.089236397870685e-17
high_signal	high_dropout	DIRECT_NATIVE_PROJECTION	true_stage_mass	200	-0.1391603840958794	0.1121497971334285	4	196	0	wilcoxon_signed_rank_two_sided	2.060599464831541e-34	higher_is_better	high_signal / true_stage_mass: condition-specific comparator tests	3.090899197247313e-34
high_signal	high_dropout	GENE_ONLY_PPR	alignment_hit_top1	200	-0.055	0.2285523592188945	0	11	189	exact_sign_test_two_sided	0.0009765625	higher_is_better	high_signal / alignment_hit_top1: condition-specific comparator tests	0.001171875
high_signal	high_dropout	GENE_ONLY_PPR	best_true_state_rank	200	0.06	0.2583286053492887	11	0	189	wilcoxon_signed_rank_two_sided	0.0013406411172294	lower_is_better	high_signal / best_true_state_rank: condition-specific comparator tests	0.0016087693406753
high_signal	high_dropout	GENE_ONLY_PPR	gene_auprc	200	-0.0605157306114082	0.0339366829358356	6	194	0	wilcoxon_signed_rank_two_sided	2.659700440508186e-34	higher_is_better	high_signal / gene_auprc: condition-specific comparator tests	4.432834067513644e-34
high_signal	high_dropout	GENE_ONLY_PPR	gene_auroc	200	-0.0272468804020441	0.0200496245939311	9	191	0	wilcoxon_signed_rank_two_sided	4.698070086308176e-34	higher_is_better	high_signal / gene_auroc: condition-specific comparator tests	8.808881411827829e-34
high_signal	high_dropout	GENE_ONLY_PPR	precision_at_50	200	-0.0243	0.0426686426468739	0	94	106	wilcoxon_signed_rank_two_sided	1.288362445353589e-17	higher_is_better	high_signal / precision_at_50: condition-specific comparator tests	2.089236397870685e-17
high_signal	high_dropout	GRAPH_OT	alignment_hit_top1	200	-0.055	0.2285523592188945	0	11	189	exact_sign_test_two_sided	0.0009765625	higher_is_better	high_signal / alignment_hit_top1: condition-specific comparator tests	0.001171875
high_signal	high_dropout	GRAPH_OT	best_true_state_rank	200	0.06	0.2583286053492887	11	0	189	wilcoxon_signed_rank_two_sided	0.0013406411172294	lower_is_better	high_signal / best_true_state_rank: condition-specific comparator tests	0.0016087693406753
high_signal	high_dropout	GRAPH_OT	gene_auprc	200	-0.0574432419738155	0.0313433892221506	5	195	0	wilcoxon_signed_rank_two_sided	2.581085924003047e-34	higher_is_better	high_signal / gene_auprc: condition-specific comparator tests	4.424718726862367e-34
high_signal	high_dropout	GRAPH_OT	gene_auroc	200	-0.0183481695207903	0.0226029521899769	41	159	0	wilcoxon_signed_rank_two_sided	6.787144890439958e-21	higher_is_better	high_signal / gene_auroc: condition-specific comparator tests	1.018071733565993e-20
high_signal	high_dropout	GRAPH_OT	precision_at_50	200	-0.0243	0.0426686426468739	0	94	106	wilcoxon_signed_rank_two_sided	1.288362445353589e-17	higher_is_better	high_signal / precision_at_50: condition-specific comparator tests	2.089236397870685e-17
high_signal	high_dropout	HETERO_PPR_STANDARD	alignment_hit_top1	200	-0.055	0.2285523592188945	0	11	189	exact_sign_test_two_sided	0.0009765625	higher_is_better	high_signal / alignment_hit_top1: condition-specific comparator tests	0.001171875
high_signal	high_dropout	HETERO_PPR_STANDARD	best_true_state_rank	200	0.06	0.2583286053492887	11	0	189	wilcoxon_signed_rank_two_sided	0.0013406411172294	lower_is_better	high_signal / best_true_state_rank: condition-specific comparator tests	0.0016087693406753
high_signal	high_dropout	HETERO_PPR_STANDARD	gene_auprc	200	-0.0685513969736629	0.0332532161831372	2	198	0	wilcoxon_signed_rank_two_sided	1.644523775815779e-34	higher_is_better	high_signal / gene_auprc: condition-specific comparator tests	3.081387210528697e-34
high_signal	high_dropout	HETERO_PPR_STANDARD	gene_auroc	200	-0.0290140661384469	0.0203280600082123	6	194	0	wilcoxon_signed_rank_two_sided	3.483240098541207e-34	higher_is_better	high_signal / gene_auroc: condition-specific comparator tests	7.740533552313794e-34
high_signal	high_dropout	HETERO_PPR_STANDARD	precision_at_50	200	-0.0198	0.0437438868665206	16	87	97	wilcoxon_signed_rank_two_sided	1.22797156650494e-11	higher_is_better	high_signal / precision_at_50: condition-specific comparator tests	1.754245095007057e-11
high_signal	high_dropout	SIMULATION_PROXY	alignment_hit_top1	200	-0.055	0.2285523592188945	0	11	189	exact_sign_test_two_sided	0.0009765625	higher_is_better	high_signal / alignment_hit_top1: condition-specific comparator tests	0.001171875
high_signal	high_dropout	SIMULATION_PROXY	best_true_state_rank	200	0.06	0.2583286053492887	11	0	189	wilcoxon_signed_rank_two_sided	0.0013406411172294	lower_is_better	high_signal / best_true_state_rank: condition-specific comparator tests	0.0016087693406753
high_signal	high_dropout	SIMULATION_PROXY	gene_auprc	200	-0.0776932351626443	0.0323761806553811	0	200	0	wilcoxon_signed_rank_two_sided	1.436146412761352e-34	higher_is_better	high_signal / gene_auprc: condition-specific comparator tests	3.081387210528697e-34
high_signal	high_dropout	SIMULATION_PROXY	gene_auroc	200	-0.0371708850114252	0.0218872390074332	6	194	0	wilcoxon_signed_rank_two_sided	4.492068467641984e-34	higher_is_better	high_signal / gene_auroc: condition-specific comparator tests	8.808881411827829e-34
high_signal	high_dropout	SIMULATION_PROXY	precision_at_50	200	-0.0243	0.0426686426468739	0	94	106	wilcoxon_signed_rank_two_sided	1.288362445353589e-17	higher_is_better	high_signal / precision_at_50: condition-specific comparator tests	2.089236397870685e-17
high_signal	high_dropout	MEAN_SIGNATURE	alignment_hit_top1	200	-0.055	0.2285523592188945	0	11	189	exact_sign_test_two_sided	0.0009765625	higher_is_better	high_signal / alignment_hit_top1: condition-specific comparator tests	0.001171875
high_signal	high_dropout	MEAN_SIGNATURE	best_true_state_rank	200	0.06	0.2583286053492887	11	0	189	wilcoxon_signed_rank_two_sided	0.0013406411172294	lower_is_better	high_signal / best_true_state_rank: condition-specific comparator tests	0.0016087693406753
high_signal	high_dropout	MEAN_SIGNATURE	gene_auprc	200	-0.0549249903094096	0.0313303961805392	6	194	0	wilcoxon_signed_rank_two_sided	4.106603511756134e-34	higher_is_better	high_signal / gene_auprc: condition-specific comparator tests	6.3178515565479e-34
high_signal	high_dropout	MEAN_SIGNATURE	gene_auroc	200	-0.0137087602913729	0.0226085106458604	52	148	0	wilcoxon_signed_rank_two_sided	1.14051906610636e-13	higher_is_better	high_signal / gene_auroc: condition-specific comparator tests	1.396553958497583e-13
high_signal	high_dropout	MEAN_SIGNATURE	precision_at_50	200	-0.0243	0.0426686426468739	0	94	106	wilcoxon_signed_rank_two_sided	1.288362445353589e-17	higher_is_better	high_signal / precision_at_50: condition-specific comparator tests	2.089236397870685e-17
high_signal	high_dropout	RANDOM	alignment_hit_top1	200	0.695	0.4615627812172739	139	0	61	exact_sign_test_two_sided	2.869859254937226e-42	higher_is_better	high_signal / alignment_hit_top1: condition-specific comparator tests	8.609577764811675e-41
high_signal	high_dropout	RANDOM	best_true_state_rank	200	-1.965	1.788791175444114	5	148	47	wilcoxon_signed_rank_two_sided	3.455226146528525e-26	lower_is_better	high_signal / best_true_state_rank: condition-specific comparator tests	4.14627137583423e-25
high_signal	high_dropout	RANDOM	gene_auprc	200	0.5847158225524821	0.0391553547519394	200	0	0	wilcoxon_signed_rank_two_sided	1.436146412761352e-34	higher_is_better	high_signal / gene_auprc: condition-specific comparator tests	3.081387210528697e-34
high_signal	high_dropout	RANDOM	gene_auroc	200	0.3829438850597405	0.0307732813452658	200	0	0	wilcoxon_signed_rank_two_sided	1.436146412761352e-34	higher_is_better	high_signal / gene_auroc: condition-specific comparator tests	4.29006202386725e-34
high_signal	high_dropout	RANDOM	precision_at_50	200	0.7940999999999999	0.0681056672351702	200	0	0	wilcoxon_signed_rank_two_sided	1.195654543530053e-34	higher_is_better	high_signal / precision_at_50: condition-specific comparator tests	1.362385840084213e-33
high_signal	high_dropout	SIGNED_GENE_FIRST_PPR_SINGLE_HEAD	alignment_hit_top1	200	-0.055	0.2285523592188945	0	11	189	exact_sign_test_two_sided	0.0009765625	higher_is_better	high_signal / alignment_hit_top1: condition-specific comparator tests	0.001171875
high_signal	high_dropout	SIGNED_GENE_FIRST_PPR_SINGLE_HEAD	best_true_state_rank	200	0.06	0.2583286053492887	11	0	189	wilcoxon_signed_rank_two_sided	0.0013406411172294	lower_is_better	high_signal / best_true_state_rank: condition-specific comparator tests	0.0016087693406753
high_signal	high_dropout	SIGNED_GENE_FIRST_PPR_SINGLE_HEAD	direction_recovery_accuracy	200	0	0	0	0	200	all_ties_no_test	NA	higher_is_better	high_signal / direction_recovery_accuracy: condition-specific comparator tests	NA
high_signal	high_dropout	SIGNED_GENE_FIRST_PPR_SINGLE_HEAD	gene_auprc	200	0	0	0	0	200	all_ties_no_test	NA	higher_is_better	high_signal / gene_auprc: condition-specific comparator tests	NA
high_signal	high_dropout	SIGNED_GENE_FIRST_PPR_SINGLE_HEAD	gene_auroc	200	0	0	0	0	200	all_ties_no_test	NA	higher_is_better	high_signal / gene_auroc: condition-specific comparator tests	NA
high_signal	high_dropout	SIGNED_GENE_FIRST_PPR_SINGLE_HEAD	precision_at_50	200	0	0	0	0	200	all_ties_no_test	NA	higher_is_better	high_signal / precision_at_50: condition-specific comparator tests	NA
high_signal	high_dropout	SIGNED_GENE_FIRST_PPR_SINGLE_HEAD	true_stage_mass	200	-0.1454073511658976	0.1116493333093632	0	200	0	wilcoxon_signed_rank_two_sided	1.436146412761352e-34	higher_is_better	high_signal / true_stage_mass: condition-specific comparator tests	3.090899197247313e-34
high_signal	high_dropout	SIMPLE_OT	alignment_hit_top1	200	-0.055	0.2285523592188945	0	11	189	exact_sign_test_two_sided	0.0009765625	higher_is_better	high_signal / alignment_hit_top1: condition-specific comparator tests	0.001171875
high_signal	high_dropout	SIMPLE_OT	best_true_state_rank	200	0.06	0.2583286053492887	11	0	189	wilcoxon_signed_rank_two_sided	0.0013406411172294	lower_is_better	high_signal / best_true_state_rank: condition-specific comparator tests	0.0016087693406753
high_signal	high_dropout	SIMPLE_OT	gene_auprc	200	-0.0549249903094096	0.0313303961805392	6	194	0	wilcoxon_signed_rank_two_sided	4.106603511756134e-34	higher_is_better	high_signal / gene_auprc: condition-specific comparator tests	6.3178515565479e-34
high_signal	high_dropout	SIMPLE_OT	gene_auroc	200	-0.0137087602913729	0.0226085106458604	52	148	0	wilcoxon_signed_rank_two_sided	1.14051906610636e-13	higher_is_better	high_signal / gene_auroc: condition-specific comparator tests	1.396553958497583e-13
high_signal	high_dropout	SIMPLE_OT	precision_at_50	200	-0.0243	0.0426686426468739	0	94	106	wilcoxon_signed_rank_two_sided	1.288362445353589e-17	higher_is_better	high_signal / precision_at_50: condition-specific comparator tests	2.089236397870685e-17
high_signal	high_dropout	STAGE_CORRELATION	alignment_hit_top1	200	-0.055	0.2285523592188945	0	11	189	exact_sign_test_two_sided	0.0009765625	higher_is_better	high_signal / alignment_hit_top1: condition-specific comparator tests	0.001171875
high_signal	high_dropout	STAGE_CORRELATION	best_true_state_rank	200	0.06	0.2583286053492887	11	0	189	wilcoxon_signed_rank_two_sided	0.0013406411172294	lower_is_better	high_signal / best_true_state_rank: condition-specific comparator tests	0.0016087693406753
high_signal	high_dropout	STAGE_CORRELATION	gene_auprc	200	0.0837789762024478	0.0306982572981359	199	1	0	wilcoxon_signed_rank_two_sided	1.480059211491653e-34	higher_is_better	high_signal / gene_auprc: condition-specific comparator tests	3.081387210528697e-34
high_signal	high_dropout	STAGE_CORRELATION	gene_auroc	200	0.0845241873771188	0.0201404294352034	200	0	0	wilcoxon_signed_rank_two_sided	1.436126185778964e-34	higher_is_better	high_signal / gene_auroc: condition-specific comparator tests	4.29006202386725e-34
high_signal	high_dropout	STAGE_CORRELATION	precision_at_50	200	0.0665	0.057657366045428	175	13	12	wilcoxon_signed_rank_two_sided	7.314782923819156e-28	higher_is_better	high_signal / precision_at_50: condition-specific comparator tests	2.925913169527662e-27
high_signal	high_dropout	UNSIGNED_GENE_PPR	alignment_hit_top1	200	0	0	0	0	200	all_ties_no_test	NA	higher_is_better	high_signal / alignment_hit_top1: condition-specific comparator tests	NA
high_signal	high_dropout	UNSIGNED_GENE_PPR	best_true_state_rank	200	0	0	0	0	200	all_ties_no_test	NA	lower_is_better	high_signal / best_true_state_rank: condition-specific comparator tests	NA
high_signal	high_dropout	UNSIGNED_GENE_PPR	gene_auprc	200	-0.0291552203017088	0.0330329025029714	39	161	0	wilcoxon_signed_rank_two_sided	8.457212470975382e-22	higher_is_better	high_signal / gene_auprc: condition-specific comparator tests	9.226049968336778e-22
high_signal	high_dropout	UNSIGNED_GENE_PPR	gene_auroc	200	-0.0218712954483055	0.0198378454367495	26	174	0	wilcoxon_signed_rank_two_sided	5.929535522367036e-30	higher_is_better	high_signal / gene_auroc: condition-specific comparator tests	9.615463009243845e-30
high_signal	high_dropout	UNSIGNED_GENE_PPR	precision_at_50	200	-0.0196	0.0396446527600168	8	85	107	wilcoxon_signed_rank_two_sided	6.795799355038003e-14	higher_is_better	high_signal / precision_at_50: condition-specific comparator tests	9.945072226884885e-14
high_signal	high_dropout	UNSIGNED_GENE_PPR	true_stage_mass	200	0	0	0	0	200	all_ties_no_test	NA	higher_is_better	high_signal / true_stage_mass: condition-specific comparator tests	NA
challenging_signal	ALL_CONDITIONS	DIRECT_NATIVE_PROJECTION	alignment_hit_top1	1200	0.2366666666666666	0.4752302165138443	311	27	862	exact_sign_test_two_sided	2.358006524638128e-62	higher_is_better	Not included in condition-specific BH correction (pooled descriptive comparison)	NA
challenging_signal	ALL_CONDITIONS	DIRECT_NATIVE_PROJECTION	best_true_state_rank	1200	0.1058333333333333	1.087329086649691	241	311	648	wilcoxon_signed_rank_two_sided	0.033830510917376	lower_is_better	Not included in condition-specific BH correction (pooled descriptive comparison)	NA
challenging_signal	ALL_CONDITIONS	DIRECT_NATIVE_PROJECTION	direction_recovery_accuracy	1200	-0.0603048301042352	0.0595451004737555	110	1090	0	wilcoxon_signed_rank_two_sided	9.77577343726272e-169	higher_is_better	Not included in condition-specific BH correction (pooled descriptive comparison)	NA
challenging_signal	ALL_CONDITIONS	DIRECT_NATIVE_PROJECTION	gene_auprc	1200	-0.1028443402395196	0.1040009458633394	76	1124	0	wilcoxon_signed_rank_two_sided	4.695336166560619e-185	higher_is_better	Not included in condition-specific BH correction (pooled descriptive comparison)	NA
challenging_signal	ALL_CONDITIONS	DIRECT_NATIVE_PROJECTION	gene_auroc	1200	0.0140085986476293	0.0441943640803028	764	436	0	wilcoxon_signed_rank_two_sided	3.910555410916754e-28	higher_is_better	Not included in condition-specific BH correction (pooled descriptive comparison)	NA
challenging_signal	ALL_CONDITIONS	DIRECT_NATIVE_PROJECTION	precision_at_50	1200	-0.3329	0.2406460376352052	18	1133	49	wilcoxon_signed_rank_two_sided	4.196233750533837e-188	higher_is_better	Not included in condition-specific BH correction (pooled descriptive comparison)	NA
challenging_signal	ALL_CONDITIONS	DIRECT_NATIVE_PROJECTION	true_stage_mass	1200	0.0826536434389241	0.1577385632368513	775	425	0	wilcoxon_signed_rank_two_sided	1.030980813233018e-54	higher_is_better	Not included in condition-specific BH correction (pooled descriptive comparison)	NA
challenging_signal	ALL_CONDITIONS	GENE_ONLY_PPR	alignment_hit_top1	1200	0.0491666666666666	0.3084832904809873	88	29	1083	exact_sign_test_two_sided	4.279942717990798e-08	higher_is_better	Not included in condition-specific BH correction (pooled descriptive comparison)	NA
challenging_signal	ALL_CONDITIONS	GENE_ONLY_PPR	best_true_state_rank	1200	0.0916666666666666	0.5478874940569541	163	88	949	wilcoxon_signed_rank_two_sided	1.013735404002659e-08	lower_is_better	Not included in condition-specific BH correction (pooled descriptive comparison)	NA
challenging_signal	ALL_CONDITIONS	GENE_ONLY_PPR	gene_auprc	1200	-0.1151982338347144	0.1084069284099714	74	1126	0	wilcoxon_signed_rank_two_sided	3.851885609639063e-187	higher_is_better	Not included in condition-specific BH correction (pooled descriptive comparison)	NA
challenging_signal	ALL_CONDITIONS	GENE_ONLY_PPR	gene_auroc	1200	-0.0353579774453122	0.0286956745221347	66	1134	0	wilcoxon_signed_rank_two_sided	2.063641371186331e-188	higher_is_better	Not included in condition-specific BH correction (pooled descriptive comparison)	NA
challenging_signal	ALL_CONDITIONS	GENE_ONLY_PPR	precision_at_50	1200	-0.2891666666666667	0.2581656706137716	82	1009	109	wilcoxon_signed_rank_two_sided	1.265516058934897e-166	higher_is_better	Not included in condition-specific BH correction (pooled descriptive comparison)	NA
challenging_signal	ALL_CONDITIONS	GRAPH_OT	alignment_hit_top1	1200	0.1508333333333333	0.4280599665950905	214	33	953	exact_sign_test_two_sided	1.166312653725997e-33	higher_is_better	Not included in condition-specific BH correction (pooled descriptive comparison)	NA
challenging_signal	ALL_CONDITIONS	GRAPH_OT	best_true_state_rank	1200	0.115	0.9278069239197316	233	224	743	wilcoxon_signed_rank_two_sided	3.278436520766801e-05	lower_is_better	Not included in condition-specific BH correction (pooled descriptive comparison)	NA
challenging_signal	ALL_CONDITIONS	GRAPH_OT	gene_auprc	1200	-0.1516544283410417	0.1127652006726659	5	1195	0	wilcoxon_signed_rank_two_sided	1.011223535172357e-197	higher_is_better	Not included in condition-specific BH correction (pooled descriptive comparison)	NA
challenging_signal	ALL_CONDITIONS	GRAPH_OT	gene_auroc	1200	-0.0167131976196614	0.0358410993020579	377	823	0	wilcoxon_signed_rank_two_sided	9.274328909975957e-52	higher_is_better	Not included in condition-specific BH correction (pooled descriptive comparison)	NA
challenging_signal	ALL_CONDITIONS	GRAPH_OT	precision_at_50	1200	-0.3842833333333333	0.2544771474435994	9	1145	46	wilcoxon_signed_rank_two_sided	1.140252077121786e-189	higher_is_better	Not included in condition-specific BH correction (pooled descriptive comparison)	NA
challenging_signal	ALL_CONDITIONS	HETERO_PPR_STANDARD	alignment_hit_top1	1200	0.1616666666666666	0.3924184192100761	205	11	984	exact_sign_test_two_sided	1.852115458731733e-47	higher_is_better	Not included in condition-specific BH correction (pooled descriptive comparison)	NA
challenging_signal	ALL_CONDITIONS	HETERO_PPR_STANDARD	best_true_state_rank	1200	-0.0283333333333333	0.6667590984018442	149	226	825	wilcoxon_signed_rank_two_sided	0.0927464861248156	lower_is_better	Not included in condition-specific BH correction (pooled descriptive comparison)	NA
challenging_signal	ALL_CONDITIONS	HETERO_PPR_STANDARD	gene_auprc	1200	-0.0607194756221651	0.072746919373631	230	970	0	wilcoxon_signed_rank_two_sided	3.651126606574694e-129	higher_is_better	Not included in condition-specific BH correction (pooled descriptive comparison)	NA
challenging_signal	ALL_CONDITIONS	HETERO_PPR_STANDARD	gene_auroc	1200	-0.0320036489800286	0.0304859192041997	109	1091	0	wilcoxon_signed_rank_two_sided	1.932605809508052e-175	higher_is_better	Not included in condition-specific BH correction (pooled descriptive comparison)	NA
challenging_signal	ALL_CONDITIONS	HETERO_PPR_STANDARD	precision_at_50	1200	-0.15045	0.2328310677044775	340	761	99	wilcoxon_signed_rank_two_sided	5.328388019596281e-75	higher_is_better	Not included in condition-specific BH correction (pooled descriptive comparison)	NA
challenging_signal	ALL_CONDITIONS	SIMULATION_PROXY	alignment_hit_top1	1200	-0.0866666666666666	0.4293124113171914	63	167	970	exact_sign_test_two_sided	4.791048883155612e-12	higher_is_better	Not included in condition-specific BH correction (pooled descriptive comparison)	NA
challenging_signal	ALL_CONDITIONS	SIMULATION_PROXY	best_true_state_rank	1200	0.3591666666666667	0.9570419252020176	327	81	792	wilcoxon_signed_rank_two_sided	3.958211415086477e-37	lower_is_better	Not included in condition-specific BH correction (pooled descriptive comparison)	NA
challenging_signal	ALL_CONDITIONS	SIMULATION_PROXY	gene_auprc	1200	-0.0897359749764213	0.0716369030302443	106	1094	0	wilcoxon_signed_rank_two_sided	2.398394925907428e-176	higher_is_better	Not included in condition-specific BH correction (pooled descriptive comparison)	NA
challenging_signal	ALL_CONDITIONS	SIMULATION_PROXY	gene_auroc	1200	-0.0003803629451111	0.0418246028908594	590	610	0	wilcoxon_signed_rank_two_sided	0.9277031916688696	higher_is_better	Not included in condition-specific BH correction (pooled descriptive comparison)	NA
challenging_signal	ALL_CONDITIONS	SIMULATION_PROXY	precision_at_50	1200	-0.3306833333333333	0.2099196392305107	43	1142	15	wilcoxon_signed_rank_two_sided	3.872484387416235e-191	higher_is_better	Not included in condition-specific BH correction (pooled descriptive comparison)	NA
challenging_signal	ALL_CONDITIONS	MEAN_SIGNATURE	alignment_hit_top1	1200	0.2366666666666666	0.4752302165138443	311	27	862	exact_sign_test_two_sided	2.358006524638128e-62	higher_is_better	Not included in condition-specific BH correction (pooled descriptive comparison)	NA
challenging_signal	ALL_CONDITIONS	MEAN_SIGNATURE	best_true_state_rank	1200	0.1058333333333333	1.087329086649691	241	311	648	wilcoxon_signed_rank_two_sided	0.033830510917376	lower_is_better	Not included in condition-specific BH correction (pooled descriptive comparison)	NA
challenging_signal	ALL_CONDITIONS	MEAN_SIGNATURE	gene_auprc	1200	-0.1028443402395196	0.1040009458633394	76	1124	0	wilcoxon_signed_rank_two_sided	4.695336166560619e-185	higher_is_better	Not included in condition-specific BH correction (pooled descriptive comparison)	NA
challenging_signal	ALL_CONDITIONS	MEAN_SIGNATURE	gene_auroc	1200	0.0140085986476293	0.0441943640803028	764	436	0	wilcoxon_signed_rank_two_sided	3.910555410916754e-28	higher_is_better	Not included in condition-specific BH correction (pooled descriptive comparison)	NA
challenging_signal	ALL_CONDITIONS	MEAN_SIGNATURE	precision_at_50	1200	-0.3329	0.2406460376352052	18	1133	49	wilcoxon_signed_rank_two_sided	4.196233750533837e-188	higher_is_better	Not included in condition-specific BH correction (pooled descriptive comparison)	NA
challenging_signal	ALL_CONDITIONS	RANDOM	alignment_hit_top1	1200	0.3933333333333333	0.6169327845122681	557	85	558	exact_sign_test_two_sided	5.936070414802542e-86	higher_is_better	Not included in condition-specific BH correction (pooled descriptive comparison)	NA
challenging_signal	ALL_CONDITIONS	RANDOM	best_true_state_rank	1200	-1.855833333333333	2.58694663318709	177	789	234	wilcoxon_signed_rank_two_sided	1.982976662736246e-94	lower_is_better	Not included in condition-specific BH correction (pooled descriptive comparison)	NA
challenging_signal	ALL_CONDITIONS	RANDOM	gene_auprc	1200	0.1703394557932852	0.0825918415230893	1194	6	0	wilcoxon_signed_rank_two_sided	9.287819821304431e-198	higher_is_better	Not included in condition-specific BH correction (pooled descriptive comparison)	NA
challenging_signal	ALL_CONDITIONS	RANDOM	gene_auroc	1200	0.2922441180448022	0.0859087475063094	1196	4	0	wilcoxon_signed_rank_two_sided	8.681241732999454e-198	higher_is_better	Not included in condition-specific BH correction (pooled descriptive comparison)	NA
challenging_signal	ALL_CONDITIONS	RANDOM	precision_at_50	1200	0.1294666666666666	0.1402239917492984	931	202	67	wilcoxon_signed_rank_two_sided	2.254317134481721e-136	higher_is_better	Not included in condition-specific BH correction (pooled descriptive comparison)	NA
challenging_signal	ALL_CONDITIONS	SIGNED_GENE_FIRST_PPR_SINGLE_HEAD	alignment_hit_top1	1200	0.165	0.4315826142939503	227	29	944	exact_sign_test_two_sided	2.96929098757449e-39	higher_is_better	Not included in condition-specific BH correction (pooled descriptive comparison)	NA
challenging_signal	ALL_CONDITIONS	SIGNED_GENE_FIRST_PPR_SINGLE_HEAD	best_true_state_rank	1200	0.1533333333333333	0.9986590954272744	241	229	730	wilcoxon_signed_rank_two_sided	2.79724783203427e-06	lower_is_better	Not included in condition-specific BH correction (pooled descriptive comparison)	NA
challenging_signal	ALL_CONDITIONS	SIGNED_GENE_FIRST_PPR_SINGLE_HEAD	direction_recovery_accuracy	1200	0	0	0	0	1200	all_ties_no_test	NA	higher_is_better	Not included in condition-specific BH correction (pooled descriptive comparison)	NA
challenging_signal	ALL_CONDITIONS	SIGNED_GENE_FIRST_PPR_SINGLE_HEAD	gene_auprc	1200	0	0	0	0	1200	all_ties_no_test	NA	higher_is_better	Not included in condition-specific BH correction (pooled descriptive comparison)	NA
challenging_signal	ALL_CONDITIONS	SIGNED_GENE_FIRST_PPR_SINGLE_HEAD	gene_auroc	1200	0	0	0	0	1200	all_ties_no_test	NA	higher_is_better	Not included in condition-specific BH correction (pooled descriptive comparison)	NA
challenging_signal	ALL_CONDITIONS	SIGNED_GENE_FIRST_PPR_SINGLE_HEAD	precision_at_50	1200	0	0	0	0	1200	all_ties_no_test	NA	higher_is_better	Not included in condition-specific BH correction (pooled descriptive comparison)	NA
challenging_signal	ALL_CONDITIONS	SIGNED_GENE_FIRST_PPR_SINGLE_HEAD	true_stage_mass	1200	0.0679338351543271	0.1442970821974145	806	394	0	wilcoxon_signed_rank_two_sided	9.917904845139756e-52	higher_is_better	Not included in condition-specific BH correction (pooled descriptive comparison)	NA
challenging_signal	ALL_CONDITIONS	SIMPLE_OT	alignment_hit_top1	1200	0.2	0.4547955942256982	268	28	904	exact_sign_test_two_sided	2.41579348319574e-50	higher_is_better	Not included in condition-specific BH correction (pooled descriptive comparison)	NA
challenging_signal	ALL_CONDITIONS	SIMPLE_OT	best_true_state_rank	1200	0.0525	0.9740984583220637	223	284	693	wilcoxon_signed_rank_two_sided	0.119271565993156	lower_is_better	Not included in condition-specific BH correction (pooled descriptive comparison)	NA
challenging_signal	ALL_CONDITIONS	SIMPLE_OT	gene_auprc	1200	-0.1028443402395196	0.1040009458633394	76	1124	0	wilcoxon_signed_rank_two_sided	4.695336166560619e-185	higher_is_better	Not included in condition-specific BH correction (pooled descriptive comparison)	NA
challenging_signal	ALL_CONDITIONS	SIMPLE_OT	gene_auroc	1200	0.0140085986476293	0.0441943640803028	764	436	0	wilcoxon_signed_rank_two_sided	3.910555410916754e-28	higher_is_better	Not included in condition-specific BH correction (pooled descriptive comparison)	NA
challenging_signal	ALL_CONDITIONS	SIMPLE_OT	precision_at_50	1200	-0.3329	0.2406460376352052	18	1133	49	wilcoxon_signed_rank_two_sided	4.196233750533837e-188	higher_is_better	Not included in condition-specific BH correction (pooled descriptive comparison)	NA
challenging_signal	ALL_CONDITIONS	STAGE_CORRELATION	alignment_hit_top1	1200	0.2175	0.464083212031788	288	27	885	exact_sign_test_two_sided	2.74344367106911e-56	higher_is_better	Not included in condition-specific BH correction (pooled descriptive comparison)	NA
challenging_signal	ALL_CONDITIONS	STAGE_CORRELATION	best_true_state_rank	1200	0.1108333333333333	1.044569405668322	239	289	672	wilcoxon_signed_rank_two_sided	0.0076008177549425	lower_is_better	Not included in condition-specific BH correction (pooled descriptive comparison)	NA
challenging_signal	ALL_CONDITIONS	STAGE_CORRELATION	gene_auprc	1200	0.0250155671662189	0.0380871230594747	912	288	0	wilcoxon_signed_rank_two_sided	2.897397935897932e-92	higher_is_better	Not included in condition-specific BH correction (pooled descriptive comparison)	NA
challenging_signal	ALL_CONDITIONS	STAGE_CORRELATION	gene_auroc	1200	0.1118328158043931	0.0444167643173688	1185	15	0	wilcoxon_signed_rank_two_sided	4.129664654302629e-197	higher_is_better	Not included in condition-specific BH correction (pooled descriptive comparison)	NA
challenging_signal	ALL_CONDITIONS	STAGE_CORRELATION	precision_at_50	1200	-0.13115	0.1587797846600144	210	938	52	wilcoxon_signed_rank_two_sided	2.59669641509411e-115	higher_is_better	Not included in condition-specific BH correction (pooled descriptive comparison)	NA
challenging_signal	ALL_CONDITIONS	UNSIGNED_GENE_PPR	alignment_hit_top1	1200	0	0	0	0	1200	all_ties_no_test	NA	higher_is_better	Not included in condition-specific BH correction (pooled descriptive comparison)	NA
challenging_signal	ALL_CONDITIONS	UNSIGNED_GENE_PPR	best_true_state_rank	1200	0	0	0	0	1200	all_ties_no_test	NA	lower_is_better	Not included in condition-specific BH correction (pooled descriptive comparison)	NA
challenging_signal	ALL_CONDITIONS	UNSIGNED_GENE_PPR	gene_auprc	1200	0.0111317781256475	0.0224572322355426	791	409	0	wilcoxon_signed_rank_two_sided	2.983473164756942e-48	higher_is_better	Not included in condition-specific BH correction (pooled descriptive comparison)	NA
challenging_signal	ALL_CONDITIONS	UNSIGNED_GENE_PPR	gene_auroc	1200	-0.016792962055205	0.0281838335706744	348	852	0	wilcoxon_signed_rank_two_sided	5.318958548740265e-76	higher_is_better	Not included in condition-specific BH correction (pooled descriptive comparison)	NA
challenging_signal	ALL_CONDITIONS	UNSIGNED_GENE_PPR	precision_at_50	1200	0.0031	0.0580102950225834	512	476	212	wilcoxon_signed_rank_two_sided	0.0934406575524265	higher_is_better	Not included in condition-specific BH correction (pooled descriptive comparison)	NA
challenging_signal	ALL_CONDITIONS	UNSIGNED_GENE_PPR	true_stage_mass	1200	0	0	0	0	1200	all_ties_no_test	NA	higher_is_better	Not included in condition-specific BH correction (pooled descriptive comparison)	NA
challenging_signal	combined_hard	DIRECT_NATIVE_PROJECTION	alignment_hit_top1	200	0.01	0.2833752062860977	9	7	184	exact_sign_test_two_sided	0.803619384765625	higher_is_better	challenging_signal / alignment_hit_top1: condition-specific comparator tests	0.8426166402882543
challenging_signal	combined_hard	DIRECT_NATIVE_PROJECTION	best_true_state_rank	200	1.075	1.520174216411134	103	9	88	wilcoxon_signed_rank_two_sided	6.083353275814415e-18	lower_is_better	challenging_signal / best_true_state_rank: condition-specific comparator tests	5.214302807840927e-17
challenging_signal	combined_hard	DIRECT_NATIVE_PROJECTION	direction_recovery_accuracy	200	-0.1095875668740971	0.0889399365599512	13	187	0	wilcoxon_signed_rank_two_sided	5.667716418351753e-32	higher_is_better	challenging_signal / direction_recovery_accuracy: condition-specific comparator tests	1.133543283670351e-31
challenging_signal	combined_hard	DIRECT_NATIVE_PROJECTION	gene_auprc	200	-0.0228345839574275	0.0225723722193358	15	185	0	wilcoxon_signed_rank_two_sided	8.025979238145181e-31	higher_is_better	challenging_signal / gene_auprc: condition-specific comparator tests	1.33766320635753e-30
challenging_signal	combined_hard	DIRECT_NATIVE_PROJECTION	gene_auroc	200	-0.011743036654988	0.052542006333203	87	113	0	wilcoxon_signed_rank_two_sided	0.0035431563898695	higher_is_better	challenging_signal / gene_auroc: condition-specific comparator tests	0.0037962389891459
challenging_signal	combined_hard	DIRECT_NATIVE_PROJECTION	precision_at_50	200	-0.0698	0.0698595863790018	10	163	27	wilcoxon_signed_rank_two_sided	3.277875646470635e-26	higher_is_better	challenging_signal / precision_at_50: condition-specific comparator tests	4.796891189957026e-26
challenging_signal	combined_hard	DIRECT_NATIVE_PROJECTION	true_stage_mass	200	-0.0028847951878857	0.1071420116401734	83	117	0	wilcoxon_signed_rank_two_sided	0.3757018370465841	higher_is_better	challenging_signal / true_stage_mass: condition-specific comparator tests	0.3757018370465841
challenging_signal	combined_hard	GENE_ONLY_PPR	alignment_hit_top1	200	-0.02	0.1724782412902942	1	5	194	exact_sign_test_two_sided	0.21875	higher_is_better	challenging_signal / alignment_hit_top1: condition-specific comparator tests	0.2524038461538461
challenging_signal	combined_hard	GENE_ONLY_PPR	best_true_state_rank	200	0.32	0.6321376352897751	50	1	149	wilcoxon_signed_rank_two_sided	1.914956358941387e-10	lower_is_better	challenging_signal / best_true_state_rank: condition-specific comparator tests	7.65982543576555e-10
challenging_signal	combined_hard	GENE_ONLY_PPR	gene_auprc	200	-0.0235433448324237	0.0259147809383582	13	187	0	wilcoxon_signed_rank_two_sided	1.718958974553134e-31	higher_is_better	challenging_signal / gene_auprc: condition-specific comparator tests	3.223048077287126e-31
challenging_signal	combined_hard	GENE_ONLY_PPR	gene_auroc	200	-0.0546276659467318	0.0400950710293014	12	188	0	wilcoxon_signed_rank_two_sided	3.365372881696662e-32	higher_is_better	challenging_signal / gene_auroc: condition-specific comparator tests	1.009611864508999e-31
challenging_signal	combined_hard	GENE_ONLY_PPR	precision_at_50	200	-0.0281	0.0682619106252605	44	92	64	wilcoxon_signed_rank_two_sided	2.421135954183485e-07	higher_is_better	challenging_signal / precision_at_50: condition-specific comparator tests	2.690151060203873e-07
challenging_signal	combined_hard	GRAPH_OT	alignment_hit_top1	200	-0.01	0.3005856929296034	8	10	182	exact_sign_test_two_sided	0.8145294189453125	higher_is_better	challenging_signal / alignment_hit_top1: condition-specific comparator tests	0.8426166402882543
challenging_signal	combined_hard	GRAPH_OT	best_true_state_rank	200	0.76	1.327104378016573	97	13	90	wilcoxon_signed_rank_two_sided	8.623588494676317e-14	lower_is_better	challenging_signal / best_true_state_rank: condition-specific comparator tests	5.17415309680579e-13
challenging_signal	combined_hard	GRAPH_OT	gene_auprc	200	-0.0380331848017714	0.0322243837155582	2	198	0	wilcoxon_signed_rank_two_sided	1.502513257617027e-34	higher_is_better	challenging_signal / gene_auprc: condition-specific comparator tests	6.193766400913218e-34
challenging_signal	combined_hard	GRAPH_OT	gene_auroc	200	-0.0305367880647707	0.0477504393666855	56	144	0	wilcoxon_signed_rank_two_sided	1.408170406299825e-14	higher_is_better	challenging_signal / gene_auroc: condition-specific comparator tests	1.8775605417331e-14
challenging_signal	combined_hard	GRAPH_OT	precision_at_50	200	-0.0859	0.0814145666222664	4	162	34	wilcoxon_signed_rank_two_sided	4.292689261179514e-28	higher_is_better	challenging_signal / precision_at_50: condition-specific comparator tests	7.358895876307739e-28
challenging_signal	combined_hard	HETERO_PPR_STANDARD	alignment_hit_top1	200	0.055	0.2285523592188945	11	0	189	exact_sign_test_two_sided	0.0009765625	higher_is_better	challenging_signal / alignment_hit_top1: condition-specific comparator tests	0.0013020833333333
challenging_signal	combined_hard	HETERO_PPR_STANDARD	best_true_state_rank	200	0.25	0.8432409361397901	53	24	123	wilcoxon_signed_rank_two_sided	4.772601741849258e-05	lower_is_better	challenging_signal / best_true_state_rank: condition-specific comparator tests	7.535686960814618e-05
challenging_signal	combined_hard	HETERO_PPR_STANDARD	gene_auprc	200	-0.0089022763520701	0.0205333819833271	52	148	0	wilcoxon_signed_rank_two_sided	3.320113279550172e-11	higher_is_better	challenging_signal / gene_auprc: condition-specific comparator tests	3.689014755055747e-11
challenging_signal	combined_hard	HETERO_PPR_STANDARD	gene_auroc	200	-0.0523679754048167	0.0433125966137534	18	182	0	wilcoxon_signed_rank_two_sided	8.025979238145181e-31	higher_is_better	challenging_signal / gene_auroc: condition-specific comparator tests	1.660547428581762e-30
challenging_signal	combined_hard	HETERO_PPR_STANDARD	precision_at_50	200	0.0284	0.0809829065653912	111	51	38	wilcoxon_signed_rank_two_sided	7.894804815869215e-07	higher_is_better	challenging_signal / precision_at_50: condition-specific comparator tests	8.612514344584598e-07
challenging_signal	combined_hard	SIMULATION_PROXY	alignment_hit_top1	200	-0.165	0.3853797970051083	1	34	165	exact_sign_test_two_sided	2.095475792884827e-09	higher_is_better	challenging_signal / alignment_hit_top1: condition-specific comparator tests	4.835713368195754e-09
challenging_signal	combined_hard	SIMULATION_PROXY	best_true_state_rank	200	0.845	1.44617846782616	106	19	75	wilcoxon_signed_rank_two_sided	9.609592574929959e-14	lower_is_better	challenging_signal / best_true_state_rank: condition-specific comparator tests	5.241595949961795e-13
challenging_signal	combined_hard	SIMULATION_PROXY	gene_auprc	200	-0.0202143211262344	0.0377806165268358	48	152	0	wilcoxon_signed_rank_two_sided	1.804881165560062e-13	higher_is_better	challenging_signal / gene_auprc: condition-specific comparator tests	2.082555191030841e-13
challenging_signal	combined_hard	SIMULATION_PROXY	gene_auroc	200	-0.000545407004268	0.0552395918980648	96	104	0	wilcoxon_signed_rank_two_sided	0.983450752617711	higher_is_better	challenging_signal / gene_auroc: condition-specific comparator tests	0.983450752617711
challenging_signal	combined_hard	SIMULATION_PROXY	precision_at_50	200	-0.0929	0.0941910279630906	25	167	8	wilcoxon_signed_rank_two_sided	5.149137319818472e-25	higher_is_better	challenging_signal / precision_at_50: condition-specific comparator tests	7.184842771839729e-25
challenging_signal	combined_hard	MEAN_SIGNATURE	alignment_hit_top1	200	0.01	0.2833752062860977	9	7	184	exact_sign_test_two_sided	0.803619384765625	higher_is_better	challenging_signal / alignment_hit_top1: condition-specific comparator tests	0.8426166402882543
challenging_signal	combined_hard	MEAN_SIGNATURE	best_true_state_rank	200	1.075	1.520174216411134	103	9	88	wilcoxon_signed_rank_two_sided	6.083353275814415e-18	lower_is_better	challenging_signal / best_true_state_rank: condition-specific comparator tests	5.214302807840927e-17
challenging_signal	combined_hard	MEAN_SIGNATURE	gene_auprc	200	-0.0228345839574275	0.0225723722193358	15	185	0	wilcoxon_signed_rank_two_sided	8.025979238145181e-31	higher_is_better	challenging_signal / gene_auprc: condition-specific comparator tests	1.33766320635753e-30
challenging_signal	combined_hard	MEAN_SIGNATURE	gene_auroc	200	-0.011743036654988	0.052542006333203	87	113	0	wilcoxon_signed_rank_two_sided	0.0035431563898695	higher_is_better	challenging_signal / gene_auroc: condition-specific comparator tests	0.0037962389891459
challenging_signal	combined_hard	MEAN_SIGNATURE	precision_at_50	200	-0.0698	0.0698595863790018	10	163	27	wilcoxon_signed_rank_two_sided	3.277875646470635e-26	higher_is_better	challenging_signal / precision_at_50: condition-specific comparator tests	4.796891189957026e-26
challenging_signal	combined_hard	RANDOM	alignment_hit_top1	200	-0.07	0.4860878593785036	17	31	152	exact_sign_test_two_sided	0.0594633752537703	higher_is_better	challenging_signal / alignment_hit_top1: condition-specific comparator tests	0.0699569120632592
challenging_signal	combined_hard	RANDOM	best_true_state_rank	200	-0.52	2.621825671025103	72	88	40	wilcoxon_signed_rank_two_sided	0.0102188848607084	lower_is_better	challenging_signal / best_true_state_rank: condition-specific comparator tests	0.0130453849285639
challenging_signal	combined_hard	RANDOM	gene_auprc	200	0.0622048832668593	0.0493747870710261	194	6	0	wilcoxon_signed_rank_two_sided	2.581085924003047e-34	higher_is_better	challenging_signal / gene_auprc: condition-specific comparator tests	7.374531211437279e-34
challenging_signal	combined_hard	RANDOM	gene_auroc	200	0.1758681423087528	0.0820271101926926	196	4	0	wilcoxon_signed_rank_two_sided	1.940380058240334e-34	higher_is_better	challenging_signal / gene_auroc: condition-specific comparator tests	9.701900291201669e-34
challenging_signal	combined_hard	RANDOM	precision_at_50	200	0.0798	0.1112557829788238	137	40	23	wilcoxon_signed_rank_two_sided	1.470404543671239e-18	higher_is_better	challenging_signal / precision_at_50: condition-specific comparator tests	1.917918970005964e-18
challenging_signal	combined_hard	SIGNED_GENE_FIRST_PPR_SINGLE_HEAD	alignment_hit_top1	200	-0.005	0.2922362230289928	8	9	183	exact_sign_test_two_sided	1	higher_is_better	challenging_signal / alignment_hit_top1: condition-specific comparator tests	1
challenging_signal	combined_hard	SIGNED_GENE_FIRST_PPR_SINGLE_HEAD	best_true_state_rank	200	0.975	1.39790762521821	103	9	88	wilcoxon_signed_rank_two_sided	3.948303867113754e-17	lower_is_better	challenging_signal / best_true_state_rank: condition-specific comparator tests	2.961227900335315e-16
challenging_signal	combined_hard	SIGNED_GENE_FIRST_PPR_SINGLE_HEAD	direction_recovery_accuracy	200	0	0	0	0	200	all_ties_no_test	NA	higher_is_better	challenging_signal / direction_recovery_accuracy: condition-specific comparator tests	NA
challenging_signal	combined_hard	SIGNED_GENE_FIRST_PPR_SINGLE_HEAD	gene_auprc	200	0	0	0	0	200	all_ties_no_test	NA	higher_is_better	challenging_signal / gene_auprc: condition-specific comparator tests	NA
challenging_signal	combined_hard	SIGNED_GENE_FIRST_PPR_SINGLE_HEAD	gene_auroc	200	0	0	0	0	200	all_ties_no_test	NA	higher_is_better	challenging_signal / gene_auroc: condition-specific comparator tests	NA
challenging_signal	combined_hard	SIGNED_GENE_FIRST_PPR_SINGLE_HEAD	precision_at_50	200	0	0	0	0	200	all_ties_no_test	NA	higher_is_better	challenging_signal / precision_at_50: condition-specific comparator tests	NA
challenging_signal	combined_hard	SIGNED_GENE_FIRST_PPR_SINGLE_HEAD	true_stage_mass	200	0.0115322205794681	0.1028870731107444	106	94	0	wilcoxon_signed_rank_two_sided	0.0169461944516323	higher_is_better	challenging_signal / true_stage_mass: condition-specific comparator tests	0.0184867575835989
challenging_signal	combined_hard	SIMPLE_OT	alignment_hit_top1	200	0.005	0.2745027482448396	8	7	185	exact_sign_test_two_sided	1	higher_is_better	challenging_signal / alignment_hit_top1: condition-specific comparator tests	1
challenging_signal	combined_hard	SIMPLE_OT	best_true_state_rank	200	0.685	1.447845392784407	91	19	90	wilcoxon_signed_rank_two_sided	1.274440453217248e-10	lower_is_better	challenging_signal / best_true_state_rank: condition-specific comparator tests	5.46188765664535e-10
challenging_signal	combined_hard	SIMPLE_OT	gene_auprc	200	-0.0228345839574275	0.0225723722193358	15	185	0	wilcoxon_signed_rank_two_sided	8.025979238145181e-31	higher_is_better	challenging_signal / gene_auprc: condition-specific comparator tests	1.33766320635753e-30
challenging_signal	combined_hard	SIMPLE_OT	gene_auroc	200	-0.011743036654988	0.052542006333203	87	113	0	wilcoxon_signed_rank_two_sided	0.0035431563898695	higher_is_better	challenging_signal / gene_auroc: condition-specific comparator tests	0.0037962389891459
challenging_signal	combined_hard	SIMPLE_OT	precision_at_50	200	-0.0698	0.0698595863790018	10	163	27	wilcoxon_signed_rank_two_sided	3.277875646470635e-26	higher_is_better	challenging_signal / precision_at_50: condition-specific comparator tests	4.796891189957026e-26
challenging_signal	combined_hard	STAGE_CORRELATION	alignment_hit_top1	200	0.01	0.2833752062860977	9	7	184	exact_sign_test_two_sided	0.803619384765625	higher_is_better	challenging_signal / alignment_hit_top1: condition-specific comparator tests	0.8426166402882543
challenging_signal	combined_hard	STAGE_CORRELATION	best_true_state_rank	200	0.995	1.440608121174516	101	10	89	wilcoxon_signed_rank_two_sided	5.528984585834834e-17	lower_is_better	challenging_signal / best_true_state_rank: condition-specific comparator tests	3.68598972388989e-16
challenging_signal	combined_hard	STAGE_CORRELATION	gene_auprc	200	0.0136934597994145	0.0298398474710707	127	73	0	wilcoxon_signed_rank_two_sided	6.701102090418953e-09	higher_is_better	challenging_signal / gene_auprc: condition-specific comparator tests	7.179752239734594e-09
challenging_signal	combined_hard	STAGE_CORRELATION	gene_auroc	200	0.0749814554681754	0.0473337406815271	188	12	0	wilcoxon_signed_rank_two_sided	1.489403199080999e-32	higher_is_better	challenging_signal / gene_auroc: condition-specific comparator tests	4.703378523413682e-32
challenging_signal	combined_hard	STAGE_CORRELATION	precision_at_50	200	-0.0339	0.0956584691157444	60	124	16	wilcoxon_signed_rank_two_sided	1.011399880765804e-07	higher_is_better	challenging_signal / precision_at_50: condition-specific comparator tests	1.144980997093363e-07
challenging_signal	combined_hard	UNSIGNED_GENE_PPR	alignment_hit_top1	200	0	0	0	0	200	all_ties_no_test	NA	higher_is_better	challenging_signal / alignment_hit_top1: condition-specific comparator tests	NA
challenging_signal	combined_hard	UNSIGNED_GENE_PPR	best_true_state_rank	200	0	0	0	0	200	all_ties_no_test	NA	lower_is_better	challenging_signal / best_true_state_rank: condition-specific comparator tests	NA
challenging_signal	combined_hard	UNSIGNED_GENE_PPR	gene_auprc	200	0.0054324096191134	0.0134110284487812	131	69	0	wilcoxon_signed_rank_two_sided	2.617139627235552e-07	higher_is_better	challenging_signal / gene_auprc: condition-specific comparator tests	2.754883818142687e-07
challenging_signal	combined_hard	UNSIGNED_GENE_PPR	gene_auroc	200	-0.0326152259861116	0.0409616047892094	42	158	0	wilcoxon_signed_rank_two_sided	6.228229140857349e-20	higher_is_better	challenging_signal / gene_auroc: condition-specific comparator tests	9.581890985934382e-20
challenging_signal	combined_hard	UNSIGNED_GENE_PPR	precision_at_50	200	0.0239	0.0407318723745383	112	32	56	wilcoxon_signed_rank_two_sided	7.66159910926166e-14	higher_is_better	challenging_signal / precision_at_50: condition-specific comparator tests	9.576998886577077e-14
challenging_signal	combined_hard	UNSIGNED_GENE_PPR	true_stage_mass	200	0	0	0	0	200	all_ties_no_test	NA	higher_is_better	challenging_signal / true_stage_mass: condition-specific comparator tests	NA
challenging_signal	composition_confounded	DIRECT_NATIVE_PROJECTION	alignment_hit_top1	200	0.185	0.4019737734888488	38	1	161	exact_sign_test_two_sided	1.455191522836685e-10	higher_is_better	challenging_signal / alignment_hit_top1: condition-specific comparator tests	3.96870415319096e-10
challenging_signal	composition_confounded	DIRECT_NATIVE_PROJECTION	best_true_state_rank	200	0.46	1.259496589233753	69	38	93	wilcoxon_signed_rank_two_sided	9.035519975775406e-07	lower_is_better	challenging_signal / best_true_state_rank: condition-specific comparator tests	2.258879993943851e-06
challenging_signal	composition_confounded	DIRECT_NATIVE_PROJECTION	direction_recovery_accuracy	200	-0.0540282368524014	0.0577382849262582	27	173	0	wilcoxon_signed_rank_two_sided	3.124598019426947e-28	higher_is_better	challenging_signal / direction_recovery_accuracy: condition-specific comparator tests	3.749517623312336e-28
challenging_signal	composition_confounded	DIRECT_NATIVE_PROJECTION	gene_auprc	200	-0.054148741936199	0.0671035692879965	18	182	0	wilcoxon_signed_rank_two_sided	1.355345694089722e-30	higher_is_better	challenging_signal / gene_auprc: condition-specific comparator tests	2.085147221676495e-30
challenging_signal	composition_confounded	DIRECT_NATIVE_PROJECTION	gene_auroc	200	0.0069782111303512	0.0349517291697773	126	74	0	wilcoxon_signed_rank_two_sided	7.101058193517225e-05	higher_is_better	challenging_signal / gene_auroc: condition-specific comparator tests	8.277911065068519e-05
challenging_signal	composition_confounded	DIRECT_NATIVE_PROJECTION	precision_at_50	200	-0.2202999999999999	0.2376727829575653	7	175	18	wilcoxon_signed_rank_two_sided	2.21790415412557e-30	higher_is_better	challenging_signal / precision_at_50: condition-specific comparator tests	4.032553007501037e-30
challenging_signal	composition_confounded	DIRECT_NATIVE_PROJECTION	true_stage_mass	200	0.0856663707816473	0.1302257960482778	135	65	0	wilcoxon_signed_rank_two_sided	4.608760481943307e-15	higher_is_better	challenging_signal / true_stage_mass: condition-specific comparator tests	1.106102515666394e-14
challenging_signal	composition_confounded	GENE_ONLY_PPR	alignment_hit_top1	200	0.085	0.2795815250436421	17	0	183	exact_sign_test_two_sided	1.52587890625e-05	higher_is_better	challenging_signal / alignment_hit_top1: condition-specific comparator tests	2.288818359375e-05
challenging_signal	composition_confounded	GENE_ONLY_PPR	best_true_state_rank	200	0.23	0.7347101435089041	49	17	134	wilcoxon_signed_rank_two_sided	1.695221633287369e-05	lower_is_better	challenging_signal / best_true_state_rank: condition-specific comparator tests	3.08222115143158e-05
challenging_signal	composition_confounded	GENE_ONLY_PPR	gene_auprc	200	-0.0594527054938214	0.0814002359416216	25	175	0	wilcoxon_signed_rank_two_sided	1.439629132780743e-28	higher_is_better	challenging_signal / gene_auprc: condition-specific comparator tests	2.008784836438245e-28
challenging_signal	composition_confounded	GENE_ONLY_PPR	gene_auroc	200	-0.0373527392968347	0.0294736328062293	11	189	0	wilcoxon_signed_rank_two_sided	1.740039565055212e-33	higher_is_better	challenging_signal / gene_auroc: condition-specific comparator tests	7.457312421665194e-33
challenging_signal	composition_confounded	GENE_ONLY_PPR	precision_at_50	200	-0.1735	0.2326162107582738	11	160	29	wilcoxon_signed_rank_two_sided	2.72036656933917e-26	higher_is_better	challenging_signal / precision_at_50: condition-specific comparator tests	4.295315635798689e-26
challenging_signal	composition_confounded	GRAPH_OT	alignment_hit_top1	200	0.145	0.3669444661062899	30	1	169	exact_sign_test_two_sided	2.980232238769531e-08	higher_is_better	challenging_signal / alignment_hit_top1: condition-specific comparator tests	5.587935447692872e-08
challenging_signal	composition_confounded	GRAPH_OT	best_true_state_rank	200	0.385	1.146011216586781	64	35	101	wilcoxon_signed_rank_two_sided	2.840600000086422e-06	lower_is_better	challenging_signal / best_true_state_rank: condition-specific comparator tests	6.555230769430205e-06
challenging_signal	composition_confounded	GRAPH_OT	gene_auprc	200	-0.0936999269707814	0.0904274751720104	1	199	0	wilcoxon_signed_rank_two_sided	1.525305698743795e-34	higher_is_better	challenging_signal / gene_auprc: condition-specific comparator tests	6.193766400913218e-34
challenging_signal	composition_confounded	GRAPH_OT	gene_auroc	200	-0.020043914793907	0.0323509513078839	58	142	0	wilcoxon_signed_rank_two_sided	2.886411357168439e-15	higher_is_better	challenging_signal / gene_auroc: condition-specific comparator tests	3.936015487047871e-15
challenging_signal	composition_confounded	GRAPH_OT	precision_at_50	200	-0.2623	0.2569334231266886	5	186	9	wilcoxon_signed_rank_two_sided	4.555766487234211e-32	higher_is_better	challenging_signal / precision_at_50: condition-specific comparator tests	1.012392552718713e-31
challenging_signal	composition_confounded	HETERO_PPR_STANDARD	alignment_hit_top1	200	0.15	0.3579674615346874	30	0	170	exact_sign_test_two_sided	1.862645149230957e-09	higher_is_better	challenging_signal / alignment_hit_top1: condition-specific comparator tests	4.470348358154297e-09
challenging_signal	composition_confounded	HETERO_PPR_STANDARD	best_true_state_rank	200	0.13	0.7976724935931888	44	33	123	wilcoxon_signed_rank_two_sided	0.0232632286208822	lower_is_better	challenging_signal / best_true_state_rank: condition-specific comparator tests	0.0258480318009802
challenging_signal	composition_confounded	HETERO_PPR_STANDARD	gene_auprc	200	-0.0415085626939217	0.0638380712826945	37	163	0	wilcoxon_signed_rank_two_sided	7.784742765603494e-22	higher_is_better	challenging_signal / gene_auprc: condition-specific comparator tests	9.532338080330806e-22
challenging_signal	composition_confounded	HETERO_PPR_STANDARD	gene_auroc	200	-0.0381713842797341	0.0314234418942692	12	188	0	wilcoxon_signed_rank_two_sided	4.543422331866816e-33	higher_is_better	challenging_signal / gene_auroc: condition-specific comparator tests	1.627334826953846e-32
challenging_signal	composition_confounded	HETERO_PPR_STANDARD	precision_at_50	200	-0.102	0.2074492127712154	62	112	26	wilcoxon_signed_rank_two_sided	8.663789872785516e-09	higher_is_better	challenging_signal / precision_at_50: condition-specific comparator tests	1.019269396798296e-08
challenging_signal	composition_confounded	SIMULATION_PROXY	alignment_hit_top1	200	-0.235	0.469978081387765	4	51	145	exact_sign_test_two_sided	2.047423341977606e-11	higher_is_better	challenging_signal / alignment_hit_top1: condition-specific comparator tests	6.465547395718755e-11
challenging_signal	composition_confounded	SIMULATION_PROXY	best_true_state_rank	200	0.88	1.175802943870303	103	4	93	wilcoxon_signed_rank_two_sided	1.190451724649929e-18	lower_is_better	challenging_signal / best_true_state_rank: condition-specific comparator tests	1.428542069579914e-17
challenging_signal	composition_confounded	SIMULATION_PROXY	gene_auprc	200	-0.1342525218547019	0.0812816463690445	1	199	0	wilcoxon_signed_rank_two_sided	1.548441600228304e-34	higher_is_better	challenging_signal / gene_auprc: condition-specific comparator tests	6.193766400913218e-34
challenging_signal	composition_confounded	SIMULATION_PROXY	gene_auroc	200	-0.030913915851888	0.0383341605848166	44	156	0	wilcoxon_signed_rank_two_sided	7.971284625796448e-22	higher_is_better	challenging_signal / gene_auroc: condition-specific comparator tests	1.328547437632741e-21
challenging_signal	composition_confounded	SIMULATION_PROXY	precision_at_50	200	-0.4251	0.2326340106574549	3	197	0	wilcoxon_signed_rank_two_sided	1.979307800902411e-34	higher_is_better	challenging_signal / precision_at_50: condition-specific comparator tests	7.866150552547293e-34
challenging_signal	composition_confounded	MEAN_SIGNATURE	alignment_hit_top1	200	0.185	0.4019737734888488	38	1	161	exact_sign_test_two_sided	1.455191522836685e-10	higher_is_better	challenging_signal / alignment_hit_top1: condition-specific comparator tests	3.96870415319096e-10
challenging_signal	composition_confounded	MEAN_SIGNATURE	best_true_state_rank	200	0.46	1.259496589233753	69	38	93	wilcoxon_signed_rank_two_sided	9.035519975775406e-07	lower_is_better	challenging_signal / best_true_state_rank: condition-specific comparator tests	2.258879993943851e-06
challenging_signal	composition_confounded	MEAN_SIGNATURE	gene_auprc	200	-0.054148741936199	0.0671035692879965	18	182	0	wilcoxon_signed_rank_two_sided	1.355345694089722e-30	higher_is_better	challenging_signal / gene_auprc: condition-specific comparator tests	2.085147221676495e-30
challenging_signal	composition_confounded	MEAN_SIGNATURE	gene_auroc	200	0.0069782111303512	0.0349517291697773	126	74	0	wilcoxon_signed_rank_two_sided	7.101058193517225e-05	higher_is_better	challenging_signal / gene_auroc: condition-specific comparator tests	8.277911065068519e-05
challenging_signal	composition_confounded	MEAN_SIGNATURE	precision_at_50	200	-0.2202999999999999	0.2376727829575653	7	175	18	wilcoxon_signed_rank_two_sided	2.21790415412557e-30	higher_is_better	challenging_signal / precision_at_50: condition-specific comparator tests	4.032553007501037e-30
challenging_signal	composition_confounded	RANDOM	alignment_hit_top1	200	0.115	0.6194299535352511	51	28	121	exact_sign_test_two_sided	0.0128124021758313	higher_is_better	challenging_signal / alignment_hit_top1: condition-specific comparator tests	0.0156886557255077
challenging_signal	composition_confounded	RANDOM	best_true_state_rank	200	-1.275	2.588993906372933	50	115	35	wilcoxon_signed_rank_two_sided	4.929138073369442e-10	lower_is_better	challenging_signal / best_true_state_rank: condition-specific comparator tests	1.84842677751354e-09
challenging_signal	composition_confounded	RANDOM	gene_auprc	200	0.1327564798292256	0.0766862157224152	200	0	0	wilcoxon_signed_rank_two_sided	1.436146412761352e-34	higher_is_better	challenging_signal / gene_auprc: condition-specific comparator tests	6.193766400913218e-34
challenging_signal	composition_confounded	RANDOM	gene_auroc	200	0.2663048212803707	0.0810741116640589	200	0	0	wilcoxon_signed_rank_two_sided	1.436146412761352e-34	higher_is_better	challenging_signal / gene_auroc: condition-specific comparator tests	8.836155581304566e-34
challenging_signal	composition_confounded	RANDOM	precision_at_50	200	0.036	0.1034869447741765	110	77	13	wilcoxon_signed_rank_two_sided	2.702676791352821e-05	higher_is_better	challenging_signal / precision_at_50: condition-specific comparator tests	2.895725133592309e-05
challenging_signal	composition_confounded	SIGNED_GENE_FIRST_PPR_SINGLE_HEAD	alignment_hit_top1	200	0.16	0.3809535774089849	33	1	166	exact_sign_test_two_sided	4.074536263942718e-09	higher_is_better	challenging_signal / alignment_hit_top1: condition-specific comparator tests	8.200083569154606e-09
challenging_signal	composition_confounded	SIGNED_GENE_FIRST_PPR_SINGLE_HEAD	best_true_state_rank	200	0.455	1.22698920637584	69	34	97	wilcoxon_signed_rank_two_sided	5.937772682977826e-07	lower_is_better	challenging_signal / best_true_state_rank: condition-specific comparator tests	1.696506480850808e-06
challenging_signal	composition_confounded	SIGNED_GENE_FIRST_PPR_SINGLE_HEAD	direction_recovery_accuracy	200	0	0	0	0	200	all_ties_no_test	NA	higher_is_better	challenging_signal / direction_recovery_accuracy: condition-specific comparator tests	NA
challenging_signal	composition_confounded	SIGNED_GENE_FIRST_PPR_SINGLE_HEAD	gene_auprc	200	0	0	0	0	200	all_ties_no_test	NA	higher_is_better	challenging_signal / gene_auprc: condition-specific comparator tests	NA
challenging_signal	composition_confounded	SIGNED_GENE_FIRST_PPR_SINGLE_HEAD	gene_auroc	200	0	0	0	0	200	all_ties_no_test	NA	higher_is_better	challenging_signal / gene_auroc: condition-specific comparator tests	NA
challenging_signal	composition_confounded	SIGNED_GENE_FIRST_PPR_SINGLE_HEAD	precision_at_50	200	0	0	0	0	200	all_ties_no_test	NA	higher_is_better	challenging_signal / precision_at_50: condition-specific comparator tests	NA
challenging_signal	composition_confounded	SIGNED_GENE_FIRST_PPR_SINGLE_HEAD	true_stage_mass	200	0.0915336891381144	0.1274243101374563	163	37	0	wilcoxon_signed_rank_two_sided	1.819103392935035e-21	higher_is_better	challenging_signal / true_stage_mass: condition-specific comparator tests	1.091462035761021e-20
challenging_signal	composition_confounded	SIMPLE_OT	alignment_hit_top1	200	0.16	0.3809535774089849	33	1	166	exact_sign_test_two_sided	4.074536263942718e-09	higher_is_better	challenging_signal / alignment_hit_top1: condition-specific comparator tests	8.200083569154606e-09
challenging_signal	composition_confounded	SIMPLE_OT	best_true_state_rank	200	0.355	1.151348346537822	64	38	98	wilcoxon_signed_rank_two_sided	1.638584427939955e-05	lower_is_better	challenging_signal / best_true_state_rank: condition-specific comparator tests	3.072345802387415e-05
challenging_signal	composition_confounded	SIMPLE_OT	gene_auprc	200	-0.054148741936199	0.0671035692879965	18	182	0	wilcoxon_signed_rank_two_sided	1.355345694089722e-30	higher_is_better	challenging_signal / gene_auprc: condition-specific comparator tests	2.085147221676495e-30
challenging_signal	composition_confounded	SIMPLE_OT	gene_auroc	200	0.0069782111303512	0.0349517291697773	126	74	0	wilcoxon_signed_rank_two_sided	7.101058193517225e-05	higher_is_better	challenging_signal / gene_auroc: condition-specific comparator tests	8.277911065068519e-05
challenging_signal	composition_confounded	SIMPLE_OT	precision_at_50	200	-0.2202999999999999	0.2376727829575653	7	175	18	wilcoxon_signed_rank_two_sided	2.21790415412557e-30	higher_is_better	challenging_signal / precision_at_50: condition-specific comparator tests	4.032553007501037e-30
challenging_signal	composition_confounded	STAGE_CORRELATION	alignment_hit_top1	200	0.17	0.3896912835597071	35	1	164	exact_sign_test_two_sided	1.076841726899147e-09	higher_is_better	challenging_signal / alignment_hit_top1: condition-specific comparator tests	2.692104317247867e-09
challenging_signal	composition_confounded	STAGE_CORRELATION	best_true_state_rank	200	0.47	1.239670891647453	69	35	96	wilcoxon_signed_rank_two_sided	3.028233485593803e-07	lower_is_better	challenging_signal / best_true_state_rank: condition-specific comparator tests	9.084700456781408e-07
challenging_signal	composition_confounded	STAGE_CORRELATION	gene_auprc	200	0.0196895242431853	0.021358488650014	172	28	0	wilcoxon_signed_rank_two_sided	3.998343057697941e-25	higher_is_better	challenging_signal / gene_auprc: condition-specific comparator tests	5.331124076930587e-25
challenging_signal	composition_confounded	STAGE_CORRELATION	gene_auroc	200	0.1284552793614637	0.035145189120447	197	3	0	wilcoxon_signed_rank_two_sided	1.619961856572504e-34	higher_is_better	challenging_signal / gene_auroc: condition-specific comparator tests	8.836155581304566e-34
challenging_signal	composition_confounded	STAGE_CORRELATION	precision_at_50	200	-0.1931	0.1327194873089773	11	186	3	wilcoxon_signed_rank_two_sided	9.483997627209395e-32	higher_is_better	challenging_signal / precision_at_50: condition-specific comparator tests	1.96220640562953e-31
challenging_signal	composition_confounded	UNSIGNED_GENE_PPR	alignment_hit_top1	200	0	0	0	0	200	all_ties_no_test	NA	higher_is_better	challenging_signal / alignment_hit_top1: condition-specific comparator tests	NA
challenging_signal	composition_confounded	UNSIGNED_GENE_PPR	best_true_state_rank	200	0	0	0	0	200	all_ties_no_test	NA	lower_is_better	challenging_signal / best_true_state_rank: condition-specific comparator tests	NA
challenging_signal	composition_confounded	UNSIGNED_GENE_PPR	gene_auprc	200	0.0142648125744378	0.024001437211054	141	59	0	wilcoxon_signed_rank_two_sided	1.512629607302261e-12	higher_is_better	challenging_signal / gene_auprc: condition-specific comparator tests	1.712410876191239e-12
challenging_signal	composition_confounded	UNSIGNED_GENE_PPR	gene_auroc	200	-0.0133794929459437	0.026970282144093	76	124	0	wilcoxon_signed_rank_two_sided	5.749952379083739e-09	higher_is_better	challenging_signal / gene_auroc: condition-specific comparator tests	7.340364739255836e-09
challenging_signal	composition_confounded	UNSIGNED_GENE_PPR	precision_at_50	200	-0.0146	0.0581355200670582	59	97	44	wilcoxon_signed_rank_two_sided	0.0001507523174421	higher_is_better	challenging_signal / precision_at_50: condition-specific comparator tests	0.0001586866499391
challenging_signal	composition_confounded	UNSIGNED_GENE_PPR	true_stage_mass	200	0	0	0	0	200	all_ties_no_test	NA	higher_is_better	challenging_signal / true_stage_mass: condition-specific comparator tests	NA
challenging_signal	false_prior_stress	DIRECT_NATIVE_PROJECTION	alignment_hit_top1	200	0.445	0.5179928406016562	91	2	107	exact_sign_test_two_sided	8.829183686723235e-25	higher_is_better	challenging_signal / alignment_hit_top1: condition-specific comparator tests	8.829183686723235e-24
challenging_signal	false_prior_stress	DIRECT_NATIVE_PROJECTION	best_true_state_rank	200	-0.355	0.7010222256134395	15	91	94	wilcoxon_signed_rank_two_sided	3.995147431605952e-11	lower_is_better	challenging_signal / best_true_state_rank: condition-specific comparator tests	1.843914199202747e-10
challenging_signal	false_prior_stress	DIRECT_NATIVE_PROJECTION	direction_recovery_accuracy	200	-0.0476261481338494	0.0321186391466876	12	188	0	wilcoxon_signed_rank_two_sided	1.615784130387539e-33	higher_is_better	challenging_signal / direction_recovery_accuracy: condition-specific comparator tests	4.847352391162617e-33
challenging_signal	false_prior_stress	DIRECT_NATIVE_PROJECTION	gene_auprc	200	-0.1368722231412582	0.0736593904401023	5	195	0	wilcoxon_signed_rank_two_sided	2.254937349003129e-34	higher_is_better	challenging_signal / gene_auprc: condition-specific comparator tests	7.120854786325673e-34
challenging_signal	false_prior_stress	DIRECT_NATIVE_PROJECTION	gene_auroc	200	0.0174340993122254	0.025069868629375	155	45	0	wilcoxon_signed_rank_two_sided	1.961586669953271e-17	higher_is_better	challenging_signal / gene_auroc: condition-specific comparator tests	2.737097679004564e-17
challenging_signal	false_prior_stress	DIRECT_NATIVE_PROJECTION	precision_at_50	200	-0.5448000000000001	0.209706566947975	0	200	0	wilcoxon_signed_rank_two_sided	1.419813105785004e-34	higher_is_better	challenging_signal / precision_at_50: condition-specific comparator tests	7.22876278181375e-34
challenging_signal	false_prior_stress	DIRECT_NATIVE_PROJECTION	true_stage_mass	200	0.1557615331293526	0.1675202190698813	158	42	0	wilcoxon_signed_rank_two_sided	2.047629603518854e-22	higher_is_better	challenging_signal / true_stage_mass: condition-specific comparator tests	2.457155524222625e-21
challenging_signal	false_prior_stress	GENE_ONLY_PPR	alignment_hit_top1	200	0.105	0.3529844046834771	24	3	173	exact_sign_test_two_sided	4.923343658447266e-05	higher_is_better	challenging_signal / alignment_hit_top1: condition-specific comparator tests	7.033348083496094e-05
challenging_signal	false_prior_stress	GENE_ONLY_PPR	best_true_state_rank	200	-0.04	0.468505589547431	14	24	162	wilcoxon_signed_rank_two_sided	0.2321088121742277	lower_is_better	challenging_signal / best_true_state_rank: condition-specific comparator tests	0.2532096132809757
challenging_signal	false_prior_stress	GENE_ONLY_PPR	gene_auprc	200	-0.1448492255366546	0.1039012605748913	16	184	0	wilcoxon_signed_rank_two_sided	7.270963513462222e-33	higher_is_better	challenging_signal / gene_auprc: condition-specific comparator tests	1.558063610027619e-32
challenging_signal	false_prior_stress	GENE_ONLY_PPR	gene_auroc	200	-0.0242242540161612	0.0187238364880771	15	185	0	wilcoxon_signed_rank_two_sided	1.003700333211797e-32	higher_is_better	challenging_signal / gene_auroc: condition-specific comparator tests	3.345667777372658e-32
challenging_signal	false_prior_stress	GENE_ONLY_PPR	precision_at_50	200	-0.4767	0.261943087147805	2	196	2	wilcoxon_signed_rank_two_sided	3.308133097757253e-34	higher_is_better	challenging_signal / precision_at_50: condition-specific comparator tests	1.102711032585751e-33
challenging_signal	false_prior_stress	GRAPH_OT	alignment_hit_top1	200	0.31	0.4951016341527297	65	3	132	exact_sign_test_two_sided	3.555031160944189e-16	higher_is_better	challenging_signal / alignment_hit_top1: condition-specific comparator tests	2.133018696566513e-15
challenging_signal	false_prior_stress	GRAPH_OT	best_true_state_rank	200	-0.22	0.6661974898462069	16	65	119	wilcoxon_signed_rank_two_sided	3.572405050957811e-06	lower_is_better	challenging_signal / best_true_state_rank: condition-specific comparator tests	7.938677891017357e-06
challenging_signal	false_prior_stress	GRAPH_OT	gene_auprc	200	-0.2079710135547181	0.0845163940405667	0	200	0	wilcoxon_signed_rank_two_sided	1.436146412761352e-34	higher_is_better	challenging_signal / gene_auprc: condition-specific comparator tests	6.193766400913218e-34
challenging_signal	false_prior_stress	GRAPH_OT	gene_auroc	200	-0.0188060248791258	0.0215986713658638	36	164	0	wilcoxon_signed_rank_two_sided	1.122947291567964e-21	higher_is_better	challenging_signal / gene_auroc: condition-specific comparator tests	1.82099560794805e-21
challenging_signal	false_prior_stress	GRAPH_OT	precision_at_50	200	-0.6096	0.2128246028019057	0	200	0	wilcoxon_signed_rank_two_sided	1.411953143531851e-34	higher_is_better	challenging_signal / precision_at_50: condition-specific comparator tests	7.22876278181375e-34
challenging_signal	false_prior_stress	HETERO_PPR_STANDARD	alignment_hit_top1	200	0.28	0.4611543305477186	57	1	142	exact_sign_test_two_sided	4.093947403305265e-16	higher_is_better	challenging_signal / alignment_hit_top1: condition-specific comparator tests	2.23306221998469e-15
challenging_signal	false_prior_stress	HETERO_PPR_STANDARD	best_true_state_rank	200	-0.22	0.5859322340634392	13	59	128	wilcoxon_signed_rank_two_sided	6.517203933831805e-07	lower_is_better	challenging_signal / best_true_state_rank: condition-specific comparator tests	1.777419254681401e-06
challenging_signal	false_prior_stress	HETERO_PPR_STANDARD	gene_auprc	200	-0.0883374875884036	0.0902344058649898	43	157	0	wilcoxon_signed_rank_two_sided	1.307543242946954e-23	higher_is_better	challenging_signal / gene_auprc: condition-specific comparator tests	1.669204139932281e-23
challenging_signal	false_prior_stress	HETERO_PPR_STANDARD	gene_auroc	200	-0.0209959288659616	0.0191434425416226	24	176	0	wilcoxon_signed_rank_two_sided	2.850473217807776e-29	higher_is_better	challenging_signal / gene_auroc: condition-specific comparator tests	5.51704493769247e-29
challenging_signal	false_prior_stress	HETERO_PPR_STANDARD	precision_at_50	200	-0.3045	0.2660293368036709	29	163	8	wilcoxon_signed_rank_two_sided	1.272948796977465e-27	higher_is_better	challenging_signal / precision_at_50: condition-specific comparator tests	2.121581328295774e-27
challenging_signal	false_prior_stress	SIMULATION_PROXY	alignment_hit_top1	200	0.1	0.4369837226594907	30	10	160	exact_sign_test_two_sided	0.0022214337732293	higher_is_better	challenging_signal / alignment_hit_top1: condition-specific comparator tests	0.0028975223129078
challenging_signal	false_prior_stress	SIMULATION_PROXY	best_true_state_rank	200	-0.025	0.5967878843395469	21	30	149	wilcoxon_signed_rank_two_sided	0.4884523430944953	lower_is_better	challenging_signal / best_true_state_rank: condition-specific comparator tests	0.5055494943303618
challenging_signal	false_prior_stress	SIMULATION_PROXY	gene_auprc	200	-0.08454451247724	0.0490546883073272	10	190	0	wilcoxon_signed_rank_two_sided	1.148597587787099e-33	higher_is_better	challenging_signal / gene_auprc: condition-specific comparator tests	2.650609817970227e-33
challenging_signal	false_prior_stress	SIMULATION_PROXY	gene_auroc	200	0.0309661905389642	0.026734667642754	179	21	0	wilcoxon_signed_rank_two_sided	3.458079516367158e-29	higher_is_better	challenging_signal / gene_auroc: condition-specific comparator tests	6.48389909318842e-29
challenging_signal	false_prior_stress	SIMULATION_PROXY	precision_at_50	200	-0.5064000000000001	0.1589634767318372	0	200	0	wilcoxon_signed_rank_two_sided	1.41759445086052e-34	higher_is_better	challenging_signal / precision_at_50: condition-specific comparator tests	7.22876278181375e-34
challenging_signal	false_prior_stress	MEAN_SIGNATURE	alignment_hit_top1	200	0.445	0.5179928406016562	91	2	107	exact_sign_test_two_sided	8.829183686723235e-25	higher_is_better	challenging_signal / alignment_hit_top1: condition-specific comparator tests	8.829183686723235e-24
challenging_signal	false_prior_stress	MEAN_SIGNATURE	best_true_state_rank	200	-0.355	0.7010222256134395	15	91	94	wilcoxon_signed_rank_two_sided	3.995147431605952e-11	lower_is_better	challenging_signal / best_true_state_rank: condition-specific comparator tests	1.843914199202747e-10
challenging_signal	false_prior_stress	MEAN_SIGNATURE	gene_auprc	200	-0.1368722231412582	0.0736593904401023	5	195	0	wilcoxon_signed_rank_two_sided	2.254937349003129e-34	higher_is_better	challenging_signal / gene_auprc: condition-specific comparator tests	7.120854786325673e-34
challenging_signal	false_prior_stress	MEAN_SIGNATURE	gene_auroc	200	0.0174340993122254	0.025069868629375	155	45	0	wilcoxon_signed_rank_two_sided	1.961586669953271e-17	higher_is_better	challenging_signal / gene_auroc: condition-specific comparator tests	2.737097679004564e-17
challenging_signal	false_prior_stress	MEAN_SIGNATURE	precision_at_50	200	-0.5448000000000001	0.209706566947975	0	200	0	wilcoxon_signed_rank_two_sided	1.419813105785004e-34	higher_is_better	challenging_signal / precision_at_50: condition-specific comparator tests	7.22876278181375e-34
challenging_signal	false_prior_stress	RANDOM	alignment_hit_top1	200	0.575	0.5883073411391285	125	10	65	exact_sign_test_two_sided	1.962657178574568e-26	higher_is_better	challenging_signal / alignment_hit_top1: condition-specific comparator tests	2.943985767861852e-25
challenging_signal	false_prior_stress	RANDOM	best_true_state_rank	200	-2.265	2.421589452691545	13	151	36	wilcoxon_signed_rank_two_sided	6.094114269679157e-24	lower_is_better	challenging_signal / best_true_state_rank: condition-specific comparator tests	1.828234280903747e-22
challenging_signal	false_prior_stress	RANDOM	gene_auprc	200	0.2209504453510654	0.0506232280146635	200	0	0	wilcoxon_signed_rank_two_sided	1.436146412761352e-34	higher_is_better	challenging_signal / gene_auprc: condition-specific comparator tests	6.193766400913218e-34
challenging_signal	false_prior_stress	RANDOM	gene_auroc	200	0.3366459016894913	0.0382130981901227	200	0	0	wilcoxon_signed_rank_two_sided	1.436146412761352e-34	higher_is_better	challenging_signal / gene_auroc: condition-specific comparator tests	8.836155581304566e-34
challenging_signal	false_prior_stress	RANDOM	precision_at_50	200	0.0656	0.1065335014663151	133	51	16	wilcoxon_signed_rank_two_sided	4.921301844862776e-14	higher_is_better	challenging_signal / precision_at_50: condition-specific comparator tests	6.282512993441842e-14
challenging_signal	false_prior_stress	SIGNED_GENE_FIRST_PPR_SINGLE_HEAD	alignment_hit_top1	200	0.345	0.497203233372815	71	2	127	exact_sign_test_two_sided	5.7217075587028e-19	higher_is_better	challenging_signal / alignment_hit_top1: condition-specific comparator tests	3.814471705801866e-18
challenging_signal	false_prior_stress	SIGNED_GENE_FIRST_PPR_SINGLE_HEAD	best_true_state_rank	200	-0.255	0.6724850785738837	15	71	114	wilcoxon_signed_rank_two_sided	1.764125597110639e-07	lower_is_better	challenging_signal / best_true_state_rank: condition-specific comparator tests	5.570922938244121e-07
challenging_signal	false_prior_stress	SIGNED_GENE_FIRST_PPR_SINGLE_HEAD	direction_recovery_accuracy	200	0	0	0	0	200	all_ties_no_test	NA	higher_is_better	challenging_signal / direction_recovery_accuracy: condition-specific comparator tests	NA
challenging_signal	false_prior_stress	SIGNED_GENE_FIRST_PPR_SINGLE_HEAD	gene_auprc	200	0	0	0	0	200	all_ties_no_test	NA	higher_is_better	challenging_signal / gene_auprc: condition-specific comparator tests	NA
challenging_signal	false_prior_stress	SIGNED_GENE_FIRST_PPR_SINGLE_HEAD	gene_auroc	200	0	0	0	0	200	all_ties_no_test	NA	higher_is_better	challenging_signal / gene_auroc: condition-specific comparator tests	NA
challenging_signal	false_prior_stress	SIGNED_GENE_FIRST_PPR_SINGLE_HEAD	precision_at_50	200	0	0	0	0	200	all_ties_no_test	NA	higher_is_better	challenging_signal / precision_at_50: condition-specific comparator tests	NA
challenging_signal	false_prior_stress	SIGNED_GENE_FIRST_PPR_SINGLE_HEAD	true_stage_mass	200	0.1263537869123424	0.1579720632435771	153	47	0	wilcoxon_signed_rank_two_sided	7.211299038702235e-20	higher_is_better	challenging_signal / true_stage_mass: condition-specific comparator tests	2.884519615480894e-19
challenging_signal	false_prior_stress	SIMPLE_OT	alignment_hit_top1	200	0.39	0.5091129343274412	80	2	118	exact_sign_test_two_sided	1.407861402565253e-21	higher_is_better	challenging_signal / alignment_hit_top1: condition-specific comparator tests	1.05589605192394e-20
challenging_signal	false_prior_stress	SIMPLE_OT	best_true_state_rank	200	-0.3	0.6872858277639851	15	80	105	wilcoxon_signed_rank_two_sided	4.357061344888626e-09	lower_is_better	challenging_signal / best_true_state_rank: condition-specific comparator tests	1.452353781629542e-08
challenging_signal	false_prior_stress	SIMPLE_OT	gene_auprc	200	-0.1368722231412582	0.0736593904401023	5	195	0	wilcoxon_signed_rank_two_sided	2.254937349003129e-34	higher_is_better	challenging_signal / gene_auprc: condition-specific comparator tests	7.120854786325673e-34
challenging_signal	false_prior_stress	SIMPLE_OT	gene_auroc	200	0.0174340993122254	0.025069868629375	155	45	0	wilcoxon_signed_rank_two_sided	1.961586669953271e-17	higher_is_better	challenging_signal / gene_auroc: condition-specific comparator tests	2.737097679004564e-17
challenging_signal	false_prior_stress	SIMPLE_OT	precision_at_50	200	-0.5448000000000001	0.209706566947975	0	200	0	wilcoxon_signed_rank_two_sided	1.419813105785004e-34	higher_is_better	challenging_signal / precision_at_50: condition-specific comparator tests	7.22876278181375e-34
challenging_signal	false_prior_stress	STAGE_CORRELATION	alignment_hit_top1	200	0.405	0.5121390750184992	83	2	115	exact_sign_test_two_sided	1.890107699683668e-22	higher_is_better	challenging_signal / alignment_hit_top1: condition-specific comparator tests	1.620092314014573e-21
challenging_signal	false_prior_stress	STAGE_CORRELATION	best_true_state_rank	200	-0.315	0.6914953572842906	15	83	102	wilcoxon_signed_rank_two_sided	1.23193030811894e-09	lower_is_better	challenging_signal / best_true_state_rank: condition-specific comparator tests	4.347989322772731e-09
challenging_signal	false_prior_stress	STAGE_CORRELATION	gene_auprc	200	0.0143552120117902	0.0294024132618011	143	57	0	wilcoxon_signed_rank_two_sided	1.447825550927564e-10	higher_is_better	challenging_signal / gene_auprc: condition-specific comparator tests	1.579446055557342e-10
challenging_signal	false_prior_stress	STAGE_CORRELATION	gene_auroc	200	0.1243226628706813	0.0251391940134004	200	0	0	wilcoxon_signed_rank_two_sided	1.436146412761352e-34	higher_is_better	challenging_signal / gene_auroc: condition-specific comparator tests	8.836155581304566e-34
challenging_signal	false_prior_stress	STAGE_CORRELATION	precision_at_50	200	-0.2953	0.1418467925714715	3	194	3	wilcoxon_signed_rank_two_sided	6.443023632433121e-34	higher_is_better	challenging_signal / precision_at_50: condition-specific comparator tests	1.610755908108281e-33
challenging_signal	false_prior_stress	UNSIGNED_GENE_PPR	alignment_hit_top1	200	0	0	0	0	200	all_ties_no_test	NA	higher_is_better	challenging_signal / alignment_hit_top1: condition-specific comparator tests	NA
challenging_signal	false_prior_stress	UNSIGNED_GENE_PPR	best_true_state_rank	200	0	0	0	0	200	all_ties_no_test	NA	lower_is_better	challenging_signal / best_true_state_rank: condition-specific comparator tests	NA
challenging_signal	false_prior_stress	UNSIGNED_GENE_PPR	gene_auprc	200	0.0208379079532148	0.0283408936255372	144	56	0	wilcoxon_signed_rank_two_sided	5.178474923846547e-17	higher_is_better	challenging_signal / gene_auprc: condition-specific comparator tests	6.214169908615854e-17
challenging_signal	false_prior_stress	UNSIGNED_GENE_PPR	gene_auroc	200	-0.0071673746987822	0.0193079082820868	83	117	0	wilcoxon_signed_rank_two_sided	1.949515952160378e-05	higher_is_better	challenging_signal / gene_auroc: condition-specific comparator tests	2.436894940200472e-05
challenging_signal	false_prior_stress	UNSIGNED_GENE_PPR	precision_at_50	200	-0.0253	0.053930068248673	49	123	28	wilcoxon_signed_rank_two_sided	4.430692926329283e-10	higher_is_better	challenging_signal / precision_at_50: condition-specific comparator tests	5.31683151159514e-10
challenging_signal	false_prior_stress	UNSIGNED_GENE_PPR	true_stage_mass	200	0	0	0	0	200	all_ties_no_test	NA	higher_is_better	challenging_signal / true_stage_mass: condition-specific comparator tests	NA
challenging_signal	high_dropout	DIRECT_NATIVE_PROJECTION	alignment_hit_top1	200	0.29	0.4971274267146802	62	4	134	exact_sign_test_two_sided	2.083543840930568e-14	higher_is_better	challenging_signal / alignment_hit_top1: condition-specific comparator tests	8.929473603988152e-14
challenging_signal	high_dropout	DIRECT_NATIVE_PROJECTION	best_true_state_rank	200	-0.2	0.6497003561364417	19	62	119	wilcoxon_signed_rank_two_sided	1.131200532510034e-05	lower_is_better	challenging_signal / best_true_state_rank: condition-specific comparator tests	2.189420385503291e-05
challenging_signal	high_dropout	DIRECT_NATIVE_PROJECTION	direction_recovery_accuracy	200	-0.0400386813322551	0.0539157086031878	42	158	0	wilcoxon_signed_rank_two_sided	2.85931056582559e-18	higher_is_better	challenging_signal / direction_recovery_accuracy: condition-specific comparator tests	2.85931056582559e-18
challenging_signal	high_dropout	DIRECT_NATIVE_PROJECTION	gene_auprc	200	-0.0555191460344149	0.0475945988613976	22	178	0	wilcoxon_signed_rank_two_sided	1.708232293179018e-29	higher_is_better	challenging_signal / gene_auprc: condition-specific comparator tests	2.440331847398597e-29
challenging_signal	high_dropout	DIRECT_NATIVE_PROJECTION	gene_auroc	200	0.0513948856701703	0.0341555560894013	185	15	0	wilcoxon_signed_rank_two_sided	7.041951194332265e-32	higher_is_better	challenging_signal / gene_auroc: condition-specific comparator tests	1.837030746347547e-31
challenging_signal	high_dropout	DIRECT_NATIVE_PROJECTION	precision_at_50	200	-0.2651	0.1420594751234911	0	196	4	wilcoxon_signed_rank_two_sided	6.439920451796987e-34	higher_is_better	challenging_signal / precision_at_50: condition-specific comparator tests	1.610755908108281e-33
challenging_signal	high_dropout	DIRECT_NATIVE_PROJECTION	true_stage_mass	200	0.1027771183583706	0.1456808753409309	147	53	0	wilcoxon_signed_rank_two_sided	1.39188810714789e-16	higher_is_better	challenging_signal / true_stage_mass: condition-specific comparator tests	4.17566432144367e-16
challenging_signal	high_dropout	GENE_ONLY_PPR	alignment_hit_top1	200	0.07	0.3401152627563176	19	5	176	exact_sign_test_two_sided	0.0066107511520385	higher_is_better	challenging_signal / alignment_hit_top1: condition-specific comparator tests	0.0084392567898364
challenging_signal	high_dropout	GENE_ONLY_PPR	best_true_state_rank	200	-0.01	0.4368687118080029	16	19	165	wilcoxon_signed_rank_two_sided	0.7456027889274615	lower_is_better	challenging_signal / best_true_state_rank: condition-specific comparator tests	0.7456027889274615
challenging_signal	high_dropout	GENE_ONLY_PPR	gene_auprc	200	-0.0984743038154613	0.0674689550418837	6	194	0	wilcoxon_signed_rank_two_sided	6.055611299941549e-34	higher_is_better	challenging_signal / gene_auprc: condition-specific comparator tests	1.513902824985387e-33
challenging_signal	high_dropout	GENE_ONLY_PPR	gene_auroc	200	-0.0363310829272112	0.028209642743191	13	187	0	wilcoxon_signed_rank_two_sided	4.610782009702562e-33	higher_is_better	challenging_signal / gene_auroc: condition-specific comparator tests	1.627334826953846e-32
challenging_signal	high_dropout	GENE_ONLY_PPR	precision_at_50	200	-0.2439	0.1825745252942812	18	176	6	wilcoxon_signed_rank_two_sided	5.969649411920014e-31	higher_is_better	challenging_signal / precision_at_50: condition-specific comparator tests	1.193929882384003e-30
challenging_signal	high_dropout	GRAPH_OT	alignment_hit_top1	200	0.195	0.4449323815149926	43	4	153	exact_sign_test_two_sided	2.781192165457469e-09	higher_is_better	challenging_signal / alignment_hit_top1: condition-specific comparator tests	6.180427034349931e-09
challenging_signal	high_dropout	GRAPH_OT	best_true_state_rank	200	-0.105	0.5964509777376689	19	43	138	wilcoxon_signed_rank_two_sided	0.0077832695969534	lower_is_better	challenging_signal / best_true_state_rank: condition-specific comparator tests	0.0101520907786349
challenging_signal	high_dropout	GRAPH_OT	gene_auprc	200	-0.1165881119461736	0.0624316102566038	1	199	0	wilcoxon_signed_rank_two_sided	1.502513257617027e-34	higher_is_better	challenging_signal / gene_auprc: condition-specific comparator tests	6.193766400913218e-34
challenging_signal	high_dropout	GRAPH_OT	gene_auroc	200	0.0083475788025728	0.0319322667920106	120	80	0	wilcoxon_signed_rank_two_sided	0.0004992741370921	higher_is_better	challenging_signal / gene_auroc: condition-specific comparator tests	0.0005652160042553
challenging_signal	high_dropout	GRAPH_OT	precision_at_50	200	-0.3359	0.1511802478390726	0	199	1	wilcoxon_signed_rank_two_sided	2.078065673381412e-34	higher_is_better	challenging_signal / precision_at_50: condition-specific comparator tests	7.866150552547293e-34
challenging_signal	high_dropout	HETERO_PPR_STANDARD	alignment_hit_top1	200	0.195	0.3971949384061652	39	0	161	exact_sign_test_two_sided	3.637978807091713e-12	higher_is_better	challenging_signal / alignment_hit_top1: condition-specific comparator tests	1.212659602363904e-11
challenging_signal	high_dropout	HETERO_PPR_STANDARD	best_true_state_rank	200	-0.13	0.5334066113813426	12	40	148	wilcoxon_signed_rank_two_sided	0.0002719197117679	lower_is_better	challenging_signal / best_true_state_rank: condition-specific comparator tests	0.0004183380181045
challenging_signal	high_dropout	HETERO_PPR_STANDARD	gene_auprc	200	-0.0594126487380267	0.0624570848221459	39	161	0	wilcoxon_signed_rank_two_sided	1.826954105130191e-24	higher_is_better	challenging_signal / gene_auprc: condition-specific comparator tests	2.382983615387206e-24
challenging_signal	high_dropout	HETERO_PPR_STANDARD	gene_auroc	200	-0.0318576041465078	0.0284467713928584	21	179	0	wilcoxon_signed_rank_two_sided	4.545272275900448e-30	higher_is_better	challenging_signal / gene_auroc: condition-specific comparator tests	9.090544551800897e-30
challenging_signal	high_dropout	HETERO_PPR_STANDARD	precision_at_50	200	-0.1125	0.2019546443931404	63	126	11	wilcoxon_signed_rank_two_sided	2.331579830422141e-11	higher_is_better	challenging_signal / precision_at_50: condition-specific comparator tests	2.854995710720989e-11
challenging_signal	high_dropout	SIMULATION_PROXY	alignment_hit_top1	200	-0.08	0.4054899635660096	9	25	166	exact_sign_test_two_sided	0.009041185490787	higher_is_better	challenging_signal / alignment_hit_top1: condition-specific comparator tests	0.0113014818634837
challenging_signal	high_dropout	SIMULATION_PROXY	best_true_state_rank	200	0.17	0.568078839457338	35	9	156	wilcoxon_signed_rank_two_sided	4.363630639985017e-05	lower_is_better	challenging_signal / best_true_state_rank: condition-specific comparator tests	7.076157794570298e-05
challenging_signal	high_dropout	SIMULATION_PROXY	gene_auprc	200	-0.0607215054471745	0.0635872651446558	41	159	0	wilcoxon_signed_rank_two_sided	3.16700636268476e-23	higher_is_better	challenging_signal / gene_auprc: condition-specific comparator tests	3.95875795335595e-23
challenging_signal	high_dropout	SIMULATION_PROXY	gene_auroc	200	0.00585911397588	0.0414169850771522	106	94	0	wilcoxon_signed_rank_two_sided	0.1160481744542261	higher_is_better	challenging_signal / gene_auroc: condition-specific comparator tests	0.1221559731097117
challenging_signal	high_dropout	SIMULATION_PROXY	precision_at_50	200	-0.2238	0.1508220689501773	12	182	6	wilcoxon_signed_rank_two_sided	6.953241738013555e-32	higher_is_better	challenging_signal / precision_at_50: condition-specific comparator tests	1.489980372431476e-31
challenging_signal	high_dropout	MEAN_SIGNATURE	alignment_hit_top1	200	0.29	0.4971274267146802	62	4	134	exact_sign_test_two_sided	2.083543840930568e-14	higher_is_better	challenging_signal / alignment_hit_top1: condition-specific comparator tests	8.929473603988152e-14
challenging_signal	high_dropout	MEAN_SIGNATURE	best_true_state_rank	200	-0.2	0.6497003561364417	19	62	119	wilcoxon_signed_rank_two_sided	1.131200532510034e-05	lower_is_better	challenging_signal / best_true_state_rank: condition-specific comparator tests	2.189420385503291e-05
challenging_signal	high_dropout	MEAN_SIGNATURE	gene_auprc	200	-0.0555191460344149	0.0475945988613976	22	178	0	wilcoxon_signed_rank_two_sided	1.708232293179018e-29	higher_is_better	challenging_signal / gene_auprc: condition-specific comparator tests	2.440331847398597e-29
challenging_signal	high_dropout	MEAN_SIGNATURE	gene_auroc	200	0.0513948856701703	0.0341555560894013	185	15	0	wilcoxon_signed_rank_two_sided	7.041951194332265e-32	higher_is_better	challenging_signal / gene_auroc: condition-specific comparator tests	1.837030746347547e-31
challenging_signal	high_dropout	MEAN_SIGNATURE	precision_at_50	200	-0.2651	0.1420594751234911	0	196	4	wilcoxon_signed_rank_two_sided	6.439920451796987e-34	higher_is_better	challenging_signal / precision_at_50: condition-specific comparator tests	1.610755908108281e-33
challenging_signal	high_dropout	RANDOM	alignment_hit_top1	200	0.555	0.564418142157018	118	7	75	exact_sign_test_two_sided	3.98143732417019e-27	higher_is_better	challenging_signal / alignment_hit_top1: condition-specific comparator tests	7.96287464834038e-26
challenging_signal	high_dropout	RANDOM	best_true_state_rank	200	-2.33	2.43943728580113	16	142	42	wilcoxon_signed_rank_two_sided	1.307660214716688e-23	lower_is_better	challenging_signal / best_true_state_rank: condition-specific comparator tests	2.615320429433376e-22
challenging_signal	high_dropout	RANDOM	gene_auprc	200	0.1821693488268806	0.0561289098833009	200	0	0	wilcoxon_signed_rank_two_sided	1.436146412761352e-34	higher_is_better	challenging_signal / gene_auprc: condition-specific comparator tests	6.193766400913218e-34
challenging_signal	high_dropout	RANDOM	gene_auroc	200	0.2948543075764956	0.0507164171390913	200	0	0	wilcoxon_signed_rank_two_sided	1.436146412761352e-34	higher_is_better	challenging_signal / gene_auroc: condition-specific comparator tests	8.836155581304566e-34
challenging_signal	high_dropout	RANDOM	precision_at_50	200	0.2368	0.1278101607303959	194	4	2	wilcoxon_signed_rank_two_sided	5.323058580364299e-34	higher_is_better	challenging_signal / precision_at_50: condition-specific comparator tests	1.59691757410929e-33
challenging_signal	high_dropout	SIGNED_GENE_FIRST_PPR_SINGLE_HEAD	alignment_hit_top1	200	0.2	0.4369837226594908	43	3	154	exact_sign_test_two_sided	4.6219383875723e-10	higher_is_better	challenging_signal / alignment_hit_top1: condition-specific comparator tests	1.205723057627556e-09
challenging_signal	high_dropout	SIGNED_GENE_FIRST_PPR_SINGLE_HEAD	best_true_state_rank	200	-0.11	0.5913106131349498	18	43	139	wilcoxon_signed_rank_two_sided	0.0050627470997063	lower_is_better	challenging_signal / best_true_state_rank: condition-specific comparator tests	0.0067503294662751
challenging_signal	high_dropout	SIGNED_GENE_FIRST_PPR_SINGLE_HEAD	direction_recovery_accuracy	200	0	0	0	0	200	all_ties_no_test	NA	higher_is_better	challenging_signal / direction_recovery_accuracy: condition-specific comparator tests	NA
challenging_signal	high_dropout	SIGNED_GENE_FIRST_PPR_SINGLE_HEAD	gene_auprc	200	0	0	0	0	200	all_ties_no_test	NA	higher_is_better	challenging_signal / gene_auprc: condition-specific comparator tests	NA
challenging_signal	high_dropout	SIGNED_GENE_FIRST_PPR_SINGLE_HEAD	gene_auroc	200	0	0	0	0	200	all_ties_no_test	NA	higher_is_better	challenging_signal / gene_auroc: condition-specific comparator tests	NA
challenging_signal	high_dropout	SIGNED_GENE_FIRST_PPR_SINGLE_HEAD	precision_at_50	200	0	0	0	0	200	all_ties_no_test	NA	higher_is_better	challenging_signal / precision_at_50: condition-specific comparator tests	NA
challenging_signal	high_dropout	SIGNED_GENE_FIRST_PPR_SINGLE_HEAD	true_stage_mass	200	0.07546053157694	0.1277786463984016	143	57	0	wilcoxon_signed_rank_two_sided	7.879179252975284e-14	higher_is_better	challenging_signal / true_stage_mass: condition-specific comparator tests	1.575835850595057e-13
challenging_signal	high_dropout	SIMPLE_OT	alignment_hit_top1	200	0.28	0.4824560281471021	59	3	138	exact_sign_test_two_sided	1.724922288337538e-14	higher_is_better	challenging_signal / alignment_hit_top1: condition-specific comparator tests	8.624611441687692e-14
challenging_signal	high_dropout	SIMPLE_OT	best_true_state_rank	200	-0.19	0.6371260850422042	18	59	123	wilcoxon_signed_rank_two_sided	1.909746354048653e-05	lower_is_better	challenging_signal / best_true_state_rank: condition-specific comparator tests	3.370140624791741e-05
challenging_signal	high_dropout	SIMPLE_OT	gene_auprc	200	-0.0555191460344149	0.0475945988613976	22	178	0	wilcoxon_signed_rank_two_sided	1.708232293179018e-29	higher_is_better	challenging_signal / gene_auprc: condition-specific comparator tests	2.440331847398597e-29
challenging_signal	high_dropout	SIMPLE_OT	gene_auroc	200	0.0513948856701703	0.0341555560894013	185	15	0	wilcoxon_signed_rank_two_sided	7.041951194332265e-32	higher_is_better	challenging_signal / gene_auroc: condition-specific comparator tests	1.837030746347547e-31
challenging_signal	high_dropout	SIMPLE_OT	precision_at_50	200	-0.2651	0.1420594751234911	0	196	4	wilcoxon_signed_rank_two_sided	6.439920451796987e-34	higher_is_better	challenging_signal / precision_at_50: condition-specific comparator tests	1.610755908108281e-33
challenging_signal	high_dropout	STAGE_CORRELATION	alignment_hit_top1	200	0.27	0.4777459639077558	57	3	140	exact_sign_test_two_sided	6.253851603243987e-14	higher_is_better	challenging_signal / alignment_hit_top1: condition-specific comparator tests	2.501540641297595e-13
challenging_signal	high_dropout	STAGE_CORRELATION	best_true_state_rank	200	-0.18	0.6321376352897752	18	57	125	wilcoxon_signed_rank_two_sided	4.037016329894169e-05	lower_is_better	challenging_signal / best_true_state_rank: condition-specific comparator tests	6.728360549823614e-05
challenging_signal	high_dropout	STAGE_CORRELATION	gene_auprc	200	0.0569791948094323	0.0370854637042056	189	11	0	wilcoxon_signed_rank_two_sided	1.930093043347566e-33	higher_is_better	challenging_signal / gene_auprc: condition-specific comparator tests	4.28909565188348e-33
challenging_signal	high_dropout	STAGE_CORRELATION	gene_auroc	200	0.1378465879588619	0.0273825835750674	200	0	0	wilcoxon_signed_rank_two_sided	1.436146412761352e-34	higher_is_better	challenging_signal / gene_auroc: condition-specific comparator tests	8.836155581304566e-34
challenging_signal	high_dropout	STAGE_CORRELATION	precision_at_50	200	-0.0210999999999999	0.1282302812331222	77	113	10	wilcoxon_signed_rank_two_sided	0.0146363730557166	higher_is_better	challenging_signal / precision_at_50: condition-specific comparator tests	0.0151410755748793
challenging_signal	high_dropout	UNSIGNED_GENE_PPR	alignment_hit_top1	200	0	0	0	0	200	all_ties_no_test	NA	higher_is_better	challenging_signal / alignment_hit_top1: condition-specific comparator tests	NA
challenging_signal	high_dropout	UNSIGNED_GENE_PPR	best_true_state_rank	200	0	0	0	0	200	all_ties_no_test	NA	lower_is_better	challenging_signal / best_true_state_rank: condition-specific comparator tests	NA
challenging_signal	high_dropout	UNSIGNED_GENE_PPR	gene_auprc	200	0.0070607339116188	0.0194973302268201	120	80	0	wilcoxon_signed_rank_two_sided	1.727824885450984e-05	higher_is_better	challenging_signal / gene_auprc: condition-specific comparator tests	1.787405053914811e-05
challenging_signal	high_dropout	UNSIGNED_GENE_PPR	gene_auroc	200	-0.0214624768187663	0.027569801346996	45	155	0	wilcoxon_signed_rank_two_sided	1.451768500282182e-20	higher_is_better	challenging_signal / gene_auroc: condition-specific comparator tests	2.292266053077129e-20
challenging_signal	high_dropout	UNSIGNED_GENE_PPR	precision_at_50	200	0.0267999999999999	0.0625887109123389	117	58	25	wilcoxon_signed_rank_two_sided	1.268305248637644e-08	higher_is_better	challenging_signal / precision_at_50: condition-specific comparator tests	1.463429133043435e-08
challenging_signal	high_dropout	UNSIGNED_GENE_PPR	true_stage_mass	200	0	0	0	0	200	all_ties_no_test	NA	higher_is_better	challenging_signal / true_stage_mass: condition-specific comparator tests	NA
challenging_signal	low_overlap	DIRECT_NATIVE_PROJECTION	alignment_hit_top1	200	0.275	0.5105667360490683	61	6	133	exact_sign_test_two_sided	1.494437277919924e-12	higher_is_better	challenging_signal / alignment_hit_top1: condition-specific comparator tests	5.274484510305616e-12
challenging_signal	low_overlap	DIRECT_NATIVE_PROJECTION	best_true_state_rank	200	-0.21	0.614645381275755	17	61	122	wilcoxon_signed_rank_two_sided	4.719103719072541e-06	lower_is_better	challenging_signal / best_true_state_rank: condition-specific comparator tests	9.763662867046635e-06
challenging_signal	low_overlap	DIRECT_NATIVE_PROJECTION	direction_recovery_accuracy	200	-0.0587915435286897	0.0348895912315206	3	197	0	wilcoxon_signed_rank_two_sided	7.68102632671433e-34	higher_is_better	challenging_signal / direction_recovery_accuracy: condition-specific comparator tests	4.608615796028598e-33
challenging_signal	low_overlap	DIRECT_NATIVE_PROJECTION	gene_auprc	200	-0.2714615948007548	0.0888754220723288	0	200	0	wilcoxon_signed_rank_two_sided	1.436146412761352e-34	higher_is_better	challenging_signal / gene_auprc: condition-specific comparator tests	6.193766400913218e-34
challenging_signal	low_overlap	DIRECT_NATIVE_PROJECTION	gene_auroc	200	-0.0235749563943009	0.0229942200839961	28	172	0	wilcoxon_signed_rank_two_sided	4.253127426542389e-26	higher_is_better	challenging_signal / gene_auroc: condition-specific comparator tests	7.291075588358383e-26
challenging_signal	low_overlap	DIRECT_NATIVE_PROJECTION	precision_at_50	200	-0.505	0.1475937654441743	0	200	0	wilcoxon_signed_rank_two_sided	1.415897763442754e-34	higher_is_better	challenging_signal / precision_at_50: condition-specific comparator tests	7.22876278181375e-34
challenging_signal	low_overlap	DIRECT_NATIVE_PROJECTION	true_stage_mass	200	0.0556499744125921	0.176864691753253	117	83	0	wilcoxon_signed_rank_two_sided	3.566019166636372e-05	higher_is_better	challenging_signal / true_stage_mass: condition-specific comparator tests	4.75469222218183e-05
challenging_signal	low_overlap	GENE_ONLY_PPR	alignment_hit_top1	200	0.065	0.376141478781989	21	8	171	exact_sign_test_two_sided	0.0241195447742939	higher_is_better	challenging_signal / alignment_hit_top1: condition-specific comparator tests	0.0289434537291526
challenging_signal	low_overlap	GENE_ONLY_PPR	best_true_state_rank	200	-0.015	0.4646011960346032	16	21	163	wilcoxon_signed_rank_two_sided	0.654254394401613	lower_is_better	challenging_signal / best_true_state_rank: condition-specific comparator tests	0.6653434519338437
challenging_signal	low_overlap	GENE_ONLY_PPR	gene_auprc	200	-0.2371563344809718	0.116746861077837	4	196	0	wilcoxon_signed_rank_two_sided	2.542648737847767e-34	higher_is_better	challenging_signal / gene_auprc: condition-specific comparator tests	7.374531211437279e-34
challenging_signal	low_overlap	GENE_ONLY_PPR	gene_auroc	200	-0.0283774474072198	0.0150658462699553	5	195	0	wilcoxon_signed_rank_two_sided	3.231966112343226e-34	higher_is_better	challenging_signal / gene_auroc: condition-specific comparator tests	1.491676667235335e-33
challenging_signal	low_overlap	GENE_ONLY_PPR	precision_at_50	200	-0.4239	0.1919453177994337	3	195	2	wilcoxon_signed_rank_two_sided	4.276861698695314e-34	higher_is_better	challenging_signal / precision_at_50: condition-specific comparator tests	1.350587904851152e-33
challenging_signal	low_overlap	GRAPH_OT	alignment_hit_top1	200	0.165	0.4678347429741279	41	8	151	exact_sign_test_two_sided	1.96465377655386e-06	higher_is_better	challenging_signal / alignment_hit_top1: condition-specific comparator tests	3.1020849103482e-06
challenging_signal	low_overlap	GRAPH_OT	best_true_state_rank	200	-0.1	0.5671049640066687	19	41	140	wilcoxon_signed_rank_two_sided	0.014083525917479	lower_is_better	challenging_signal / best_true_state_rank: condition-specific comparator tests	0.0169002311009749
challenging_signal	low_overlap	GRAPH_OT	gene_auprc	200	-0.2990178605024348	0.0937009202219338	0	200	0	wilcoxon_signed_rank_two_sided	1.436146412761352e-34	higher_is_better	challenging_signal / gene_auprc: condition-specific comparator tests	6.193766400913218e-34
challenging_signal	low_overlap	GRAPH_OT	gene_auroc	200	-0.0396527275941011	0.0201906673934809	2	198	0	wilcoxon_signed_rank_two_sided	1.595764423305974e-34	higher_is_better	challenging_signal / gene_auroc: condition-specific comparator tests	8.836155581304566e-34
challenging_signal	low_overlap	GRAPH_OT	precision_at_50	200	-0.5254	0.1480962609675302	0	200	0	wilcoxon_signed_rank_two_sided	1.411674636407742e-34	higher_is_better	challenging_signal / precision_at_50: condition-specific comparator tests	7.22876278181375e-34
challenging_signal	low_overlap	HETERO_PPR_STANDARD	alignment_hit_top1	200	0.17	0.4606091662354327	41	7	152	exact_sign_test_two_sided	6.240408438884515e-07	higher_is_better	challenging_signal / alignment_hit_top1: condition-specific comparator tests	1.040068073147419e-06
challenging_signal	low_overlap	HETERO_PPR_STANDARD	best_true_state_rank	200	-0.115	0.5507190366116211	16	41	143	wilcoxon_signed_rank_two_sided	0.0038531693116656	lower_is_better	challenging_signal / best_true_state_rank: condition-specific comparator tests	0.0053765153186031
challenging_signal	low_overlap	HETERO_PPR_STANDARD	gene_auprc	200	-0.0696562275516344	0.0663708524418258	38	162	0	wilcoxon_signed_rank_two_sided	1.278005842978373e-25	higher_is_better	challenging_signal / gene_auprc: condition-specific comparator tests	1.742735240425055e-25
challenging_signal	low_overlap	HETERO_PPR_STANDARD	gene_auroc	200	-0.0201541820462304	0.0158767298595464	17	183	0	wilcoxon_signed_rank_two_sided	5.707248836405603e-31	higher_is_better	challenging_signal / gene_auroc: condition-specific comparator tests	1.369739720737345e-30
challenging_signal	low_overlap	HETERO_PPR_STANDARD	precision_at_50	200	-0.1341999999999999	0.1665202841251648	46	148	6	wilcoxon_signed_rank_two_sided	2.618084326666102e-19	higher_is_better	challenging_signal / precision_at_50: condition-specific comparator tests	3.57011499090832e-19
challenging_signal	low_overlap	SIMULATION_PROXY	alignment_hit_top1	200	-0.025	0.4186302142480963	15	20	165	exact_sign_test_two_sided	0.499559833202511	higher_is_better	challenging_signal / alignment_hit_top1: condition-specific comparator tests	0.5655394338141635
challenging_signal	low_overlap	SIMULATION_PROXY	best_true_state_rank	200	0.09	0.5322749129111506	28	15	157	wilcoxon_signed_rank_two_sided	0.016943632543554	lower_is_better	challenging_signal / best_true_state_rank: condition-specific comparator tests	0.0191814708040234
challenging_signal	low_overlap	SIMULATION_PROXY	gene_auprc	200	-0.1407631063877314	0.0592666651739328	2	198	0	wilcoxon_signed_rank_two_sided	2.188215469420273e-34	higher_is_better	challenging_signal / gene_auprc: condition-specific comparator tests	7.120854786325673e-34
challenging_signal	low_overlap	SIMULATION_PROXY	gene_auroc	200	-0.006481900085745	0.0234496991816408	67	133	0	wilcoxon_signed_rank_two_sided	7.174189589726049e-05	higher_is_better	challenging_signal / gene_auroc: condition-specific comparator tests	8.277911065068519e-05
challenging_signal	low_overlap	SIMULATION_PROXY	precision_at_50	200	-0.35	0.1287746658813927	1	198	1	wilcoxon_signed_rank_two_sided	2.097640147345945e-34	higher_is_better	challenging_signal / precision_at_50: condition-specific comparator tests	7.866150552547293e-34
challenging_signal	low_overlap	MEAN_SIGNATURE	alignment_hit_top1	200	0.275	0.5105667360490683	61	6	133	exact_sign_test_two_sided	1.494437277919924e-12	higher_is_better	challenging_signal / alignment_hit_top1: condition-specific comparator tests	5.274484510305616e-12
challenging_signal	low_overlap	MEAN_SIGNATURE	best_true_state_rank	200	-0.21	0.614645381275755	17	61	122	wilcoxon_signed_rank_two_sided	4.719103719072541e-06	lower_is_better	challenging_signal / best_true_state_rank: condition-specific comparator tests	9.763662867046635e-06
challenging_signal	low_overlap	MEAN_SIGNATURE	gene_auprc	200	-0.2714615948007548	0.0888754220723288	0	200	0	wilcoxon_signed_rank_two_sided	1.436146412761352e-34	higher_is_better	challenging_signal / gene_auprc: condition-specific comparator tests	6.193766400913218e-34
challenging_signal	low_overlap	MEAN_SIGNATURE	gene_auroc	200	-0.0235749563943009	0.0229942200839961	28	172	0	wilcoxon_signed_rank_two_sided	4.253127426542389e-26	higher_is_better	challenging_signal / gene_auroc: condition-specific comparator tests	7.291075588358383e-26
challenging_signal	low_overlap	MEAN_SIGNATURE	precision_at_50	200	-0.505	0.1475937654441743	0	200	0	wilcoxon_signed_rank_two_sided	1.415897763442754e-34	higher_is_better	challenging_signal / precision_at_50: condition-specific comparator tests	7.22876278181375e-34
challenging_signal	low_overlap	RANDOM	alignment_hit_top1	200	0.58	0.5338774443897595	120	4	76	exact_sign_test_two_sided	9.121014256730856e-31	higher_is_better	challenging_signal / alignment_hit_top1: condition-specific comparator tests	2.736304277019257e-29
challenging_signal	low_overlap	RANDOM	best_true_state_rank	200	-2.185	2.54818390349483	13	134	53	wilcoxon_signed_rank_two_sided	7.714469234874506e-22	lower_is_better	challenging_signal / best_true_state_rank: condition-specific comparator tests	1.157170385231175e-20
challenging_signal	low_overlap	RANDOM	gene_auprc	200	0.2325983955972146	0.0632673941200194	200	0	0	wilcoxon_signed_rank_two_sided	1.436146412761352e-34	higher_is_better	challenging_signal / gene_auprc: condition-specific comparator tests	6.193766400913218e-34
challenging_signal	low_overlap	RANDOM	gene_auroc	200	0.3717321477139479	0.0469725962674518	200	0	0	wilcoxon_signed_rank_two_sided	1.436146412761352e-34	higher_is_better	challenging_signal / gene_auroc: condition-specific comparator tests	8.836155581304566e-34
challenging_signal	low_overlap	RANDOM	precision_at_50	200	0.2105	0.1264265333769321	191	7	2	wilcoxon_signed_rank_two_sided	6.836042211719191e-34	higher_is_better	challenging_signal / precision_at_50: condition-specific comparator tests	1.640650130812606e-33
challenging_signal	low_overlap	SIGNED_GENE_FIRST_PPR_SINGLE_HEAD	alignment_hit_top1	200	0.18	0.4676467334823193	43	7	150	exact_sign_test_two_sided	2.098677427397888e-07	higher_is_better	challenging_signal / alignment_hit_top1: condition-specific comparator tests	3.597732732682094e-07
challenging_signal	low_overlap	SIGNED_GENE_FIRST_PPR_SINGLE_HEAD	best_true_state_rank	200	-0.115	0.5686756191353687	18	43	139	wilcoxon_signed_rank_two_sided	0.0050625650409295	lower_is_better	challenging_signal / best_true_state_rank: condition-specific comparator tests	0.0067503294662751
challenging_signal	low_overlap	SIGNED_GENE_FIRST_PPR_SINGLE_HEAD	direction_recovery_accuracy	200	0	0	0	0	200	all_ties_no_test	NA	higher_is_better	challenging_signal / direction_recovery_accuracy: condition-specific comparator tests	NA
challenging_signal	low_overlap	SIGNED_GENE_FIRST_PPR_SINGLE_HEAD	gene_auprc	200	0	0	0	0	200	all_ties_no_test	NA	higher_is_better	challenging_signal / gene_auprc: condition-specific comparator tests	NA
challenging_signal	low_overlap	SIGNED_GENE_FIRST_PPR_SINGLE_HEAD	gene_auroc	200	0	0	0	0	200	all_ties_no_test	NA	higher_is_better	challenging_signal / gene_auroc: condition-specific comparator tests	NA
challenging_signal	low_overlap	SIGNED_GENE_FIRST_PPR_SINGLE_HEAD	precision_at_50	200	0	0	0	0	200	all_ties_no_test	NA	higher_is_better	challenging_signal / precision_at_50: condition-specific comparator tests	NA
challenging_signal	low_overlap	SIGNED_GENE_FIRST_PPR_SINGLE_HEAD	true_stage_mass	200	0.0355604862860238	0.1733071778573422	108	92	0	wilcoxon_signed_rank_two_sided	0.0124148194256924	higher_is_better	challenging_signal / true_stage_mass: condition-specific comparator tests	0.0148977833108309
challenging_signal	low_overlap	SIMPLE_OT	alignment_hit_top1	200	0.2	0.4911273054420349	48	8	144	exact_sign_test_two_sided	4.688184102041859e-08	higher_is_better	challenging_signal / alignment_hit_top1: condition-specific comparator tests	8.27326606242681e-08
challenging_signal	low_overlap	SIMPLE_OT	best_true_state_rank	200	-0.135	0.5988053433261763	18	48	134	wilcoxon_signed_rank_two_sided	0.0019413062206839	lower_is_better	challenging_signal / best_true_state_rank: condition-specific comparator tests	0.0029119593310258
challenging_signal	low_overlap	SIMPLE_OT	gene_auprc	200	-0.2714615948007548	0.0888754220723288	0	200	0	wilcoxon_signed_rank_two_sided	1.436146412761352e-34	higher_is_better	challenging_signal / gene_auprc: condition-specific comparator tests	6.193766400913218e-34
challenging_signal	low_overlap	SIMPLE_OT	gene_auroc	200	-0.0235749563943009	0.0229942200839961	28	172	0	wilcoxon_signed_rank_two_sided	4.253127426542389e-26	higher_is_better	challenging_signal / gene_auroc: condition-specific comparator tests	7.291075588358383e-26
challenging_signal	low_overlap	SIMPLE_OT	precision_at_50	200	-0.505	0.1475937654441743	0	200	0	wilcoxon_signed_rank_two_sided	1.415897763442754e-34	higher_is_better	challenging_signal / precision_at_50: condition-specific comparator tests	7.22876278181375e-34
challenging_signal	low_overlap	STAGE_CORRELATION	alignment_hit_top1	200	0.255	0.5111569299492826	58	7	135	exact_sign_test_two_sided	4.270521620792361e-11	higher_is_better	challenging_signal / alignment_hit_top1: condition-specific comparator tests	1.281156486237708e-10
challenging_signal	low_overlap	STAGE_CORRELATION	best_true_state_rank	200	-0.19	0.6130080704789798	18	58	124	wilcoxon_signed_rank_two_sided	2.78071520587359e-05	lower_is_better	challenging_signal / best_true_state_rank: condition-specific comparator tests	4.766940352926153e-05
challenging_signal	low_overlap	STAGE_CORRELATION	gene_auprc	200	4.980407767173817e-05	0.0430420992178646	91	109	0	wilcoxon_signed_rank_two_sided	0.3724227326829684	higher_is_better	challenging_signal / gene_auprc: condition-specific comparator tests	0.3724227326829684
challenging_signal	low_overlap	STAGE_CORRELATION	gene_auroc	200	0.062268574596512	0.0194519297986749	200	0	0	wilcoxon_signed_rank_two_sided	1.436146412761352e-34	higher_is_better	challenging_signal / gene_auroc: condition-specific comparator tests	8.836155581304566e-34
challenging_signal	low_overlap	STAGE_CORRELATION	precision_at_50	200	-0.0991	0.1256828184529268	34	153	13	wilcoxon_signed_rank_two_sided	1.148704331391935e-18	higher_is_better	challenging_signal / precision_at_50: condition-specific comparator tests	1.531605775189246e-18
challenging_signal	low_overlap	UNSIGNED_GENE_PPR	alignment_hit_top1	200	0	0	0	0	200	all_ties_no_test	NA	higher_is_better	challenging_signal / alignment_hit_top1: condition-specific comparator tests	NA
challenging_signal	low_overlap	UNSIGNED_GENE_PPR	best_true_state_rank	200	0	0	0	0	200	all_ties_no_test	NA	lower_is_better	challenging_signal / best_true_state_rank: condition-specific comparator tests	NA
challenging_signal	low_overlap	UNSIGNED_GENE_PPR	gene_auprc	200	0.013255822622857	0.0203666830951753	141	59	0	wilcoxon_signed_rank_two_sided	7.26363732019748e-15	higher_is_better	challenging_signal / gene_auprc: condition-specific comparator tests	8.545455670820565e-15
challenging_signal	low_overlap	UNSIGNED_GENE_PPR	gene_auroc	200	-0.0117948928718694	0.0158078756272423	42	158	0	wilcoxon_signed_rank_two_sided	2.159491221951622e-19	higher_is_better	challenging_signal / gene_auroc: condition-specific comparator tests	3.239236832927433e-19
challenging_signal	low_overlap	UNSIGNED_GENE_PPR	precision_at_50	200	-0.0001	0.051840400612634	78	88	34	wilcoxon_signed_rank_two_sided	0.9600806087156328	higher_is_better	challenging_signal / precision_at_50: condition-specific comparator tests	0.9600806087156328
challenging_signal	low_overlap	UNSIGNED_GENE_PPR	true_stage_mass	200	0	0	0	0	200	all_ties_no_test	NA	higher_is_better	challenging_signal / true_stage_mass: condition-specific comparator tests	NA
challenging_signal	weak_signal	DIRECT_NATIVE_PROJECTION	alignment_hit_top1	200	0.215	0.4898723041486008	50	7	143	exact_sign_test_two_sided	4.236709844063213e-09	higher_is_better	challenging_signal / alignment_hit_top1: condition-specific comparator tests	8.200083569154606e-09
challenging_signal	weak_signal	DIRECT_NATIVE_PROJECTION	best_true_state_rank	200	-0.135	0.6314814678366306	18	50	132	wilcoxon_signed_rank_two_sided	0.0036469795741306	lower_is_better	challenging_signal / best_true_state_rank: condition-specific comparator tests	0.0052099708201866
challenging_signal	weak_signal	DIRECT_NATIVE_PROJECTION	direction_recovery_accuracy	200	-0.0517568039041186	0.042805632444691	13	187	0	wilcoxon_signed_rank_two_sided	1.984020094162052e-31	higher_is_better	challenging_signal / direction_recovery_accuracy: condition-specific comparator tests	2.976030141243078e-31
challenging_signal	weak_signal	DIRECT_NATIVE_PROJECTION	gene_auprc	200	-0.0762297515670634	0.0552146023918294	16	184	0	wilcoxon_signed_rank_two_sided	3.129724114271704e-32	higher_is_better	challenging_signal / gene_auprc: condition-specific comparator tests	6.057530543751685e-32
challenging_signal	weak_signal	DIRECT_NATIVE_PROJECTION	gene_auroc	200	0.0435623888223178	0.0321194974002134	183	17	0	wilcoxon_signed_rank_two_sided	7.583071876803803e-31	higher_is_better	challenging_signal / gene_auroc: condition-specific comparator tests	1.624943973600815e-30
challenging_signal	weak_signal	DIRECT_NATIVE_PROJECTION	precision_at_50	200	-0.3924	0.1903243462721456	1	199	0	wilcoxon_signed_rank_two_sided	1.445752556362749e-34	higher_is_better	challenging_signal / precision_at_50: condition-specific comparator tests	7.22876278181375e-34
challenging_signal	weak_signal	DIRECT_NATIVE_PROJECTION	true_stage_mass	200	0.098951659139468	0.1636077966881412	135	65	0	wilcoxon_signed_rank_two_sided	1.851120163169793e-12	higher_is_better	challenging_signal / true_stage_mass: condition-specific comparator tests	3.173348851148216e-12
challenging_signal	weak_signal	GENE_ONLY_PPR	alignment_hit_top1	200	-0.01	0.265049535523847	6	8	186	exact_sign_test_two_sided	0.79052734375	higher_is_better	challenging_signal / alignment_hit_top1: condition-specific comparator tests	0.8426166402882543
challenging_signal	weak_signal	GENE_ONLY_PPR	best_true_state_rank	200	0.065	0.3625357372784373	18	6	176	wilcoxon_signed_rank_two_sided	0.0123545850178719	lower_is_better	challenging_signal / best_true_state_rank: condition-specific comparator tests	0.0151280632871901
challenging_signal	weak_signal	GENE_ONLY_PPR	gene_auprc	200	-0.1277134888489537	0.0818295062985681	10	190	0	wilcoxon_signed_rank_two_sided	5.294434231636183e-34	higher_is_better	challenging_signal / gene_auprc: condition-specific comparator tests	1.381156756079004e-33
challenging_signal	weak_signal	GENE_ONLY_PPR	gene_auroc	200	-0.0312346750777146	0.0233003092883791	10	190	0	wilcoxon_signed_rank_two_sided	2.752267139306501e-33	higher_is_better	challenging_signal / gene_auroc: condition-specific comparator tests	1.1009068557226e-32
challenging_signal	weak_signal	GENE_ONLY_PPR	precision_at_50	200	-0.3889	0.2375308284672998	4	190	6	wilcoxon_signed_rank_two_sided	3.424718942636566e-33	higher_is_better	challenging_signal / precision_at_50: condition-specific comparator tests	7.903197559930537e-33
challenging_signal	weak_signal	GRAPH_OT	alignment_hit_top1	200	0.1	0.4010037656936684	27	7	166	exact_sign_test_two_sided	0.0008213953115046	higher_is_better	challenging_signal / alignment_hit_top1: condition-specific comparator tests	0.001120084515688
challenging_signal	weak_signal	GRAPH_OT	best_true_state_rank	200	-0.03	0.5200502488284499	18	27	155	wilcoxon_signed_rank_two_sided	0.4275615334678184	lower_is_better	challenging_signal / best_true_state_rank: condition-specific comparator tests	0.458101643001234
challenging_signal	weak_signal	GRAPH_OT	gene_auprc	200	-0.1546164722703708	0.0705110189358484	1	199	0	wilcoxon_signed_rank_two_sided	1.457938569215571e-34	higher_is_better	challenging_signal / gene_auprc: condition-specific comparator tests	6.193766400913218e-34
challenging_signal	weak_signal	GRAPH_OT	gene_auroc	200	0.0004126908113632	0.0292714964934393	105	95	0	wilcoxon_signed_rank_two_sided	0.7088715394321234	higher_is_better	challenging_signal / gene_auroc: condition-specific comparator tests	0.7208863112869052
challenging_signal	weak_signal	GRAPH_OT	precision_at_50	200	-0.4866	0.1977573763466169	0	198	2	wilcoxon_signed_rank_two_sided	3.010991813719249e-34	higher_is_better	challenging_signal / precision_at_50: condition-specific comparator tests	1.062702993077382e-33
challenging_signal	weak_signal	HETERO_PPR_STANDARD	alignment_hit_top1	200	0.12	0.3691631171110893	27	3	170	exact_sign_test_two_sided	8.430331945419312e-06	higher_is_better	challenging_signal / alignment_hit_top1: condition-specific comparator tests	1.296974145449125e-05
challenging_signal	weak_signal	HETERO_PPR_STANDARD	best_true_state_rank	200	-0.085	0.488845424696019	11	29	160	wilcoxon_signed_rank_two_sided	0.0161548797530506	lower_is_better	challenging_signal / best_true_state_rank: condition-specific comparator tests	0.0186402458689045
challenging_signal	weak_signal	HETERO_PPR_STANDARD	gene_auprc	200	-0.0964996508089341	0.0757354296800195	21	179	0	wilcoxon_signed_rank_two_sided	3.997539370586584e-31	higher_is_better	challenging_signal / gene_auprc: condition-specific comparator tests	7.268253401066516e-31
challenging_signal	weak_signal	HETERO_PPR_STANDARD	gene_auroc	200	-0.0284748191369209	0.0240431265589398	17	183	0	wilcoxon_signed_rank_two_sided	5.707248836405603e-31	higher_is_better	challenging_signal / gene_auroc: condition-specific comparator tests	1.369739720737345e-30
challenging_signal	weak_signal	HETERO_PPR_STANDARD	precision_at_50	200	-0.2779	0.2476859536959887	29	161	10	wilcoxon_signed_rank_two_sided	9.974826443844391e-27	higher_is_better	challenging_signal / precision_at_50: condition-specific comparator tests	1.617539423326118e-26
challenging_signal	weak_signal	SIMULATION_PROXY	alignment_hit_top1	200	-0.115	0.3774750815430465	4	27	169	exact_sign_test_two_sided	3.39532271027565e-05	higher_is_better	challenging_signal / alignment_hit_top1: condition-specific comparator tests	4.968764941866805e-05
challenging_signal	weak_signal	SIMULATION_PROXY	best_true_state_rank	200	0.195	0.5370447704122401	34	4	162	wilcoxon_signed_rank_two_sided	1.816552980485491e-06	lower_is_better	challenging_signal / best_true_state_rank: condition-specific comparator tests	4.359727153165178e-06
challenging_signal	weak_signal	SIMULATION_PROXY	gene_auprc	200	-0.0979198825654457	0.0501711419542193	4	196	0	wilcoxon_signed_rank_two_sided	4.168485664868531e-34	higher_is_better	challenging_signal / gene_auprc: condition-specific comparator tests	1.136859726782327e-33
challenging_signal	weak_signal	SIMULATION_PROXY	gene_auroc	200	-0.0011662592436101	0.0322040556789755	98	102	0	wilcoxon_signed_rank_two_sided	0.6809278300635223	higher_is_better	challenging_signal / gene_auroc: condition-specific comparator tests	0.7044081000657128
challenging_signal	weak_signal	SIMULATION_PROXY	precision_at_50	200	-0.3858999999999999	0.1617964165301878	2	198	0	wilcoxon_signed_rank_two_sided	1.651225786347393e-34	higher_is_better	challenging_signal / precision_at_50: condition-specific comparator tests	7.621042090834122e-34
challenging_signal	weak_signal	MEAN_SIGNATURE	alignment_hit_top1	200	0.215	0.4898723041486008	50	7	143	exact_sign_test_two_sided	4.236709844063213e-09	higher_is_better	challenging_signal / alignment_hit_top1: condition-specific comparator tests	8.200083569154606e-09
challenging_signal	weak_signal	MEAN_SIGNATURE	best_true_state_rank	200	-0.135	0.6314814678366306	18	50	132	wilcoxon_signed_rank_two_sided	0.0036469795741306	lower_is_better	challenging_signal / best_true_state_rank: condition-specific comparator tests	0.0052099708201866
challenging_signal	weak_signal	MEAN_SIGNATURE	gene_auprc	200	-0.0762297515670634	0.0552146023918294	16	184	0	wilcoxon_signed_rank_two_sided	3.129724114271704e-32	higher_is_better	challenging_signal / gene_auprc: condition-specific comparator tests	6.057530543751685e-32
challenging_signal	weak_signal	MEAN_SIGNATURE	gene_auroc	200	0.0435623888223178	0.0321194974002134	183	17	0	wilcoxon_signed_rank_two_sided	7.583071876803803e-31	higher_is_better	challenging_signal / gene_auroc: condition-specific comparator tests	1.624943973600815e-30
challenging_signal	weak_signal	MEAN_SIGNATURE	precision_at_50	200	-0.3924	0.1903243462721456	1	199	0	wilcoxon_signed_rank_two_sided	1.445752556362749e-34	higher_is_better	challenging_signal / precision_at_50: condition-specific comparator tests	7.22876278181375e-34
challenging_signal	weak_signal	RANDOM	alignment_hit_top1	200	0.605	0.5389129203112428	126	5	69	exact_sign_test_two_sided	2.275272818294127e-31	higher_is_better	challenging_signal / alignment_hit_top1: condition-specific comparator tests	1.365163690976476e-29
challenging_signal	weak_signal	RANDOM	best_true_state_rank	200	-2.56	2.302805804418671	13	159	28	wilcoxon_signed_rank_two_sided	8.283852901126245e-27	lower_is_better	challenging_signal / best_true_state_rank: condition-specific comparator tests	4.970311740675747e-25
challenging_signal	weak_signal	RANDOM	gene_auprc	200	0.1913571818884659	0.0532846764589962	200	0	0	wilcoxon_signed_rank_two_sided	1.436146412761352e-34	higher_is_better	challenging_signal / gene_auprc: condition-specific comparator tests	6.193766400913218e-34
challenging_signal	weak_signal	RANDOM	gene_auroc	200	0.3080593876997548	0.045272843973709	200	0	0	wilcoxon_signed_rank_two_sided	1.436146412761352e-34	higher_is_better	challenging_signal / gene_auroc: condition-specific comparator tests	8.836155581304566e-34
challenging_signal	weak_signal	RANDOM	precision_at_50	200	0.1481	0.1335272919235697	166	23	11	wilcoxon_signed_rank_two_sided	3.861773014391334e-29	higher_is_better	challenging_signal / precision_at_50: condition-specific comparator tests	6.814893554808237e-29
challenging_signal	weak_signal	SIGNED_GENE_FIRST_PPR_SINGLE_HEAD	alignment_hit_top1	200	0.11	0.410784272572557	29	7	164	exact_sign_test_two_sided	0.000312551157549	higher_is_better	challenging_signal / alignment_hit_top1: condition-specific comparator tests	0.0004361178942544
challenging_signal	weak_signal	SIGNED_GENE_FIRST_PPR_SINGLE_HEAD	best_true_state_rank	200	-0.03	0.5573627780285101	18	29	153	wilcoxon_signed_rank_two_sided	0.4886978445193497	lower_is_better	challenging_signal / best_true_state_rank: condition-specific comparator tests	0.5055494943303618
challenging_signal	weak_signal	SIGNED_GENE_FIRST_PPR_SINGLE_HEAD	direction_recovery_accuracy	200	0	0	0	0	200	all_ties_no_test	NA	higher_is_better	challenging_signal / direction_recovery_accuracy: condition-specific comparator tests	NA
challenging_signal	weak_signal	SIGNED_GENE_FIRST_PPR_SINGLE_HEAD	gene_auprc	200	0	0	0	0	200	all_ties_no_test	NA	higher_is_better	challenging_signal / gene_auprc: condition-specific comparator tests	NA
challenging_signal	weak_signal	SIGNED_GENE_FIRST_PPR_SINGLE_HEAD	gene_auroc	200	0	0	0	0	200	all_ties_no_test	NA	higher_is_better	challenging_signal / gene_auroc: condition-specific comparator tests	NA
challenging_signal	weak_signal	SIGNED_GENE_FIRST_PPR_SINGLE_HEAD	precision_at_50	200	0	0	0	0	200	all_ties_no_test	NA	higher_is_better	challenging_signal / precision_at_50: condition-specific comparator tests	NA
challenging_signal	weak_signal	SIGNED_GENE_FIRST_PPR_SINGLE_HEAD	true_stage_mass	200	0.067162296433074	0.1378936252391076	133	67	0	wilcoxon_signed_rank_two_sided	1.701792015147091e-09	higher_is_better	challenging_signal / true_stage_mass: condition-specific comparator tests	2.552688022720637e-09
challenging_signal	weak_signal	SIMPLE_OT	alignment_hit_top1	200	0.165	0.4569672805326296	40	7	153	exact_sign_test_two_sided	1.070911821443588e-06	higher_is_better	challenging_signal / alignment_hit_top1: condition-specific comparator tests	1.736613764503115e-06
challenging_signal	weak_signal	SIMPLE_OT	best_true_state_rank	200	-0.1	0.5671049640066688	17	40	143	wilcoxon_signed_rank_two_sided	0.0146760920341471	lower_is_better	challenging_signal / best_true_state_rank: condition-specific comparator tests	0.0172659906284083
challenging_signal	weak_signal	SIMPLE_OT	gene_auprc	200	-0.0762297515670634	0.0552146023918294	16	184	0	wilcoxon_signed_rank_two_sided	3.129724114271704e-32	higher_is_better	challenging_signal / gene_auprc: condition-specific comparator tests	6.057530543751685e-32
challenging_signal	weak_signal	SIMPLE_OT	gene_auroc	200	0.0435623888223178	0.0321194974002134	183	17	0	wilcoxon_signed_rank_two_sided	7.583071876803803e-31	higher_is_better	challenging_signal / gene_auroc: condition-specific comparator tests	1.624943973600815e-30
challenging_signal	weak_signal	SIMPLE_OT	precision_at_50	200	-0.3924	0.1903243462721456	1	199	0	wilcoxon_signed_rank_two_sided	1.445752556362749e-34	higher_is_better	challenging_signal / precision_at_50: condition-specific comparator tests	7.22876278181375e-34
challenging_signal	weak_signal	STAGE_CORRELATION	alignment_hit_top1	200	0.195	0.4776144657455919	46	7	147	exact_sign_test_two_sided	4.00319617455125e-08	higher_is_better	challenging_signal / alignment_hit_top1: condition-specific comparator tests	7.27853849918409e-08
challenging_signal	weak_signal	STAGE_CORRELATION	best_true_state_rank	200	-0.115	0.6194299535352512	18	46	136	wilcoxon_signed_rank_two_sided	0.0114519274178196	lower_is_better	challenging_signal / best_true_state_rank: condition-specific comparator tests	0.0143149092722746
challenging_signal	weak_signal	STAGE_CORRELATION	gene_auprc	200	0.0453262080558196	0.0310126163969915	190	10	0	wilcoxon_signed_rank_two_sided	1.01984707557529e-33	higher_is_better	challenging_signal / gene_auprc: condition-specific comparator tests	2.447632981380695e-33
challenging_signal	weak_signal	STAGE_CORRELATION	gene_auroc	200	0.1431223345706645	0.0268045052868382	200	0	0	wilcoxon_signed_rank_two_sided	1.436126185778964e-34	higher_is_better	challenging_signal / gene_auroc: condition-specific comparator tests	8.836155581304566e-34
challenging_signal	weak_signal	STAGE_CORRELATION	precision_at_50	200	-0.1444	0.1376640729635899	25	168	7	wilcoxon_signed_rank_two_sided	4.496399982777998e-25	higher_is_better	challenging_signal / precision_at_50: condition-specific comparator tests	6.423428546825711e-25
challenging_signal	weak_signal	UNSIGNED_GENE_PPR	alignment_hit_top1	200	0	0	0	0	200	all_ties_no_test	NA	higher_is_better	challenging_signal / alignment_hit_top1: condition-specific comparator tests	NA
challenging_signal	weak_signal	UNSIGNED_GENE_PPR	best_true_state_rank	200	0	0	0	0	200	all_ties_no_test	NA	lower_is_better	challenging_signal / best_true_state_rank: condition-specific comparator tests	NA
challenging_signal	weak_signal	UNSIGNED_GENE_PPR	gene_auprc	200	0.0059389820726435	0.0223399069493726	114	86	0	wilcoxon_signed_rank_two_sided	0.0016713537409214	higher_is_better	challenging_signal / gene_auprc: condition-specific comparator tests	0.0016996817704285
challenging_signal	weak_signal	UNSIGNED_GENE_PPR	gene_auroc	200	-0.0143383090097567	0.024256871425344	60	140	0	wilcoxon_signed_rank_two_sided	7.316811910505772e-13	higher_is_better	challenging_signal / gene_auroc: condition-specific comparator tests	9.543667709355354e-13
challenging_signal	weak_signal	UNSIGNED_GENE_PPR	precision_at_50	200	0.0079	0.0597111135838809	97	78	25	wilcoxon_signed_rank_two_sided	0.1059800022758811	higher_is_better	challenging_signal / precision_at_50: condition-specific comparator tests	0.107776273500896
challenging_signal	weak_signal	UNSIGNED_GENE_PPR	true_stage_mass	200	0	0	0	0	200	all_ties_no_test	NA	higher_is_better	challenging_signal / true_stage_mass: condition-specific comparator tests	NA
