node_id	node_type	label	feature_id	original_gene_key	is_SFARI_all	is_SFARI_S_plus_1	is_SFARI_S_plus_1_2	program	top_n	top_stage	developmental_window	alignment_confidence	n_common_weighted_genes	state_id	risk_set
gene:SOX11	gene	SOX11	SOX11	SOX11	0.0	0.0	0.0								
gene:MBP	gene	MBP	MBP	MBP	0.0	0.0	0.0								
gene:PPP1R18	gene	PPP1R18	PPP1R18	PPP1R18	0.0	0.0	0.0								
gene:ZNF300	gene	ZNF300	ZNF300	ZNF300	0.0	0.0	0.0								
gene:FNBP1L	gene	FNBP1L	FNBP1L	FNBP1L	0.0	0.0	0.0								
gene:MYCN	gene	MYCN	MYCN	MYCN	0.0	0.0	0.0								
gene:RAPGEF4	gene	RAPGEF4	RAPGEF4	RAPGEF4	1.0	0.0	1.0								
gene:SOX4	gene	SOX4	SOX4	SOX4	0.0	0.0	0.0								
gene:ZSCAN2	gene	ZSCAN2	ZSCAN2	ZSCAN2	0.0	0.0	0.0								
gene:IGIP	gene	IGIP	IGIP	IGIP	0.0	0.0	0.0								
gene:CA11	gene	CA11	CA11	CA11	0.0	0.0	0.0								
gene:SNCG	gene	SNCG	SNCG	SNCG	0.0	0.0	0.0								
gene:PABPC1	gene	PABPC1	PABPC1	PABPC1	1.0	1.0	1.0								
gene:MYC	gene	MYC	MYC	MYC	0.0	0.0	0.0								
gene:DPYSL3	gene	DPYSL3	DPYSL3	DPYSL3	1.0	0.0	1.0								
gene:GMIP	gene	GMIP	GMIP	GMIP	0.0	0.0	0.0								
gene:MEX3B	gene	MEX3B	MEX3B	MEX3B	0.0	0.0	0.0								
gene:ITPKA	gene	ITPKA	ITPKA	ITPKA	0.0	0.0	0.0								
gene:ATAT1	gene	ATAT1	ATAT1	ATAT1	0.0	0.0	0.0								
gene:CBX7	gene	CBX7	CBX7	CBX7	0.0	0.0	0.0								
gene:ZBTB12	gene	ZBTB12	ZBTB12	ZBTB12	0.0	0.0	0.0								
gene:MAL	gene	MAL	MAL	MAL	0.0	0.0	0.0								
gene:IL17RD	gene	IL17RD	IL17RD	IL17RD	0.0	0.0	0.0								
gene:DBN1	gene	DBN1	DBN1	DBN1	0.0	0.0	0.0								
gene:ZBTB5	gene	ZBTB5	ZBTB5	ZBTB5	0.0	0.0	0.0								
gene:VASH2	gene	VASH2	VASH2	VASH2	0.0	0.0	0.0								
gene:SCN1B	gene	SCN1B	SCN1B	SCN1B	0.0	0.0	0.0								
gene:NKIRAS2	gene	NKIRAS2	NKIRAS2	NKIRAS2	0.0	0.0	0.0								
gene:EIF3F	gene	EIF3F	EIF3F	EIF3F	1.0	0.0	0.0								
gene:LYNX1	gene	LYNX1	LYNX1	LYNX1	0.0	0.0	0.0								
gene:LMNB1	gene	LMNB1	LMNB1	LMNB1	0.0	0.0	0.0								
gene:MOBP	gene	MOBP	MOBP	MOBP	0.0	0.0	0.0								
gene:DBNDD2	gene	DBNDD2	DBNDD2	DBNDD2	0.0	0.0	0.0								
gene:YBX1	gene	YBX1	YBX1	YBX1	0.0	0.0	0.0								
gene:GABRD	gene	GABRD	GABRD	GABRD	0.0	0.0	0.0								
gene:SOX12	gene	SOX12	SOX12	SOX12	0.0	0.0	0.0								
gene:CABP1	gene	CABP1	CABP1	CABP1	0.0	0.0	0.0								
gene:EIF4A1	gene	EIF4A1	EIF4A1	EIF4A1	0.0	0.0	0.0								
gene:PATZ1	gene	PATZ1	PATZ1	PATZ1	0.0	0.0	0.0								
gene:VIPR1	gene	VIPR1	VIPR1	VIPR1	0.0	0.0	0.0								
gene:C11ORF95	gene	C11ORF95	C11orf95	C11ORF95	0.0	0.0	0.0								
gene:MAG	gene	MAG	MAG	MAG	0.0	0.0	0.0								
gene:OLFM1	gene	OLFM1	OLFM1	OLFM1	0.0	0.0	0.0								
gene:SETDB1	gene	SETDB1	SETDB1	SETDB1	1.0	0.0	1.0								
gene:PAFAH1B3	gene	PAFAH1B3	PAFAH1B3	PAFAH1B3	0.0	0.0	0.0								
gene:ERMN	gene	ERMN	ERMN	ERMN	1.0	0.0	1.0								
gene:H2AFY2	gene	H2AFY2	H2AFY2	H2AFY2	0.0	0.0	0.0								
gene:LGI3	gene	LGI3	LGI3	LGI3	0.0	0.0	0.0								
gene:ZNF551	gene	ZNF551	ZNF551	ZNF551	0.0	0.0	0.0								
gene:ZNF74	gene	ZNF74	ZNF74	ZNF74	0.0	0.0	0.0								
gene:MAP7	gene	MAP7	MAP7	MAP7	0.0	0.0	0.0								
gene:CD276	gene	CD276	CD276	CD276	1.0	0.0	1.0								
gene:NKAIN1	gene	NKAIN1	NKAIN1	NKAIN1	0.0	0.0	0.0								
gene:VANGL2	gene	VANGL2	VANGL2	VANGL2	0.0	0.0	0.0								
gene:PARD6G	gene	PARD6G	PARD6G	PARD6G	0.0	0.0	0.0								
gene:KCNK1	gene	KCNK1	KCNK1	KCNK1	0.0	0.0	0.0								
gene:TUBA4A	gene	TUBA4A	TUBA4A	TUBA4A	0.0	0.0	0.0								
gene:GPR161	gene	GPR161	GPR161	GPR161	0.0	0.0	0.0								
gene:CYS1	gene	CYS1	CYS1	CYS1	0.0	0.0	0.0								
gene:CCNI2	gene	CCNI2	CCNI2	CCNI2	0.0	0.0	0.0								
gene:CRYAB	gene	CRYAB	CRYAB	CRYAB	0.0	0.0	0.0								
gene:TTC28	gene	TTC28	TTC28	TTC28	0.0	0.0	0.0								
gene:CSRP2	gene	CSRP2	CSRP2	CSRP2	0.0	0.0	0.0								
gene:BACH2	gene	BACH2	BACH2	BACH2	0.0	0.0	0.0								
gene:MOG	gene	MOG	MOG	MOG	0.0	0.0	0.0								
gene:FBXO2	gene	FBXO2	FBXO2	FBXO2	0.0	0.0	0.0								
gene:RBM15B	gene	RBM15B	RBM15B	RBM15B	0.0	0.0	0.0								
gene:CSNK1E	gene	CSNK1E	CSNK1E	CSNK1E	1.0	0.0	1.0								
gene:C19ORF57	gene	C19ORF57	C19orf57	C19ORF57	0.0	0.0	0.0								
gene:TRAFD1	gene	TRAFD1	TRAFD1	TRAFD1	0.0	0.0	0.0								
gene:PACSIN1	gene	PACSIN1	PACSIN1	PACSIN1	0.0	0.0	0.0								
gene:OPALIN	gene	OPALIN	OPALIN	OPALIN	0.0	0.0	0.0								
gene:SIRPA	gene	SIRPA	SIRPA	SIRPA	0.0	0.0	0.0								
gene:PLEKHB1	gene	PLEKHB1	PLEKHB1	PLEKHB1	0.0	0.0	0.0								
gene:KDM1A	gene	KDM1A	KDM1A	KDM1A	1.0	0.0	0.0								
gene:CA7	gene	CA7	CA7	CA7	0.0	0.0	0.0								
gene:NIPAL3	gene	NIPAL3	NIPAL3	NIPAL3	0.0	0.0	0.0								
gene:MLLT3	gene	MLLT3	MLLT3	MLLT3	0.0	0.0	0.0								
gene:SRGAP1	gene	SRGAP1	SRGAP1	SRGAP1	0.0	0.0	0.0								
gene:APOD	gene	APOD	APOD	APOD	0.0	0.0	0.0								
gene:COBL	gene	COBL	COBL	COBL	0.0	0.0	0.0								
gene:CAMK2A	gene	CAMK2A	CAMK2A	CAMK2A	1.0	1.0	1.0								
gene:PGD	gene	PGD	PGD	PGD	0.0	0.0	0.0								
gene:ZNF286A	gene	ZNF286A	ZNF286A	ZNF286A	0.0	0.0	0.0								
gene:COTL1	gene	COTL1	COTL1	COTL1	0.0	0.0	0.0								
gene:IGSF3	gene	IGSF3	IGSF3	IGSF3	0.0	0.0	0.0								
gene:KIAA1211	gene	KIAA1211	KIAA1211	KIAA1211	0.0	0.0	0.0								
gene:SLA	gene	SLA	SLA	SLA	0.0	0.0	0.0								
gene:TUBB	gene	TUBB	TUBB	TUBB	0.0	0.0	0.0								
gene:IMPDH2	gene	IMPDH2	IMPDH2	IMPDH2	0.0	0.0	0.0								
gene:HABP4	gene	HABP4	HABP4	HABP4	0.0	0.0	0.0								
gene:RGS5	gene	RGS5	RGS5	RGS5	0.0	0.0	0.0								
gene:ALDOC	gene	ALDOC	ALDOC	ALDOC	0.0	0.0	0.0								
gene:TEF	gene	TEF	TEF	TEF	0.0	0.0	0.0								
gene:RPL4	gene	RPL4	RPL4	RPL4	0.0	0.0	0.0								
gene:DDAH2	gene	DDAH2	DDAH2	DDAH2	0.0	0.0	0.0								
gene:SYT12	gene	SYT12	SYT12	SYT12	0.0	0.0	0.0								
gene:ACTG1	gene	ACTG1	ACTG1	ACTG1	0.0	0.0	0.0								
gene:RPH3A	gene	RPH3A	RPH3A	RPH3A	1.0	0.0	0.0								
gene:ZBED4	gene	ZBED4	ZBED4	ZBED4	0.0	0.0	0.0								
gene:HHATL	gene	HHATL	HHATL	HHATL	0.0	0.0	0.0								
gene:ZNF606	gene	ZNF606	ZNF606	ZNF606	0.0	0.0	0.0								
gene:KLF9	gene	KLF9	KLF9	KLF9	0.0	0.0	0.0								
gene:ISLR2	gene	ISLR2	ISLR2	ISLR2	0.0	0.0	0.0								
gene:FBL	gene	FBL	FBL	FBL	0.0	0.0	0.0								
gene:TRIM67	gene	TRIM67	TRIM67	TRIM67	0.0	0.0	0.0								
gene:MN1	gene	MN1	MN1	MN1	0.0	0.0	0.0								
gene:SIAH1	gene	SIAH1	SIAH1	SIAH1	0.0	0.0	0.0								
gene:EPC1	gene	EPC1	EPC1	EPC1	0.0	0.0	0.0								
gene:ZNF669	gene	ZNF669	ZNF669	ZNF669	0.0	0.0	0.0								
gene:PLLP	gene	PLLP	PLLP	PLLP	0.0	0.0	0.0								
gene:CARHSP1	gene	CARHSP1	CARHSP1	CARHSP1	0.0	0.0	0.0								
gene:TMEM44	gene	TMEM44	TMEM44	TMEM44	0.0	0.0	0.0								
gene:VAT1	gene	VAT1	VAT1	VAT1	0.0	0.0	0.0								
gene:ACSBG1	gene	ACSBG1	ACSBG1	ACSBG1	0.0	0.0	0.0								
gene:TTC27	gene	TTC27	TTC27	TTC27	0.0	0.0	0.0								
gene:GTF2IRD1	gene	GTF2IRD1	GTF2IRD1	GTF2IRD1	0.0	0.0	0.0								
gene:CTTNBP2NL	gene	CTTNBP2NL	CTTNBP2NL	CTTNBP2NL	0.0	0.0	0.0								
gene:MARCKSL1	gene	MARCKSL1	MARCKSL1	MARCKSL1	0.0	0.0	0.0								
gene:KLHL25	gene	KLHL25	KLHL25	KLHL25	0.0	0.0	0.0								
gene:FOXG1	gene	FOXG1	FOXG1	FOXG1	1.0	1.0	1.0								
gene:TRIM24	gene	TRIM24	TRIM24	TRIM24	0.0	0.0	0.0								
gene:CHN1	gene	CHN1	CHN1	CHN1	0.0	0.0	0.0								
gene:ZNF599	gene	ZNF599	ZNF599	ZNF599	0.0	0.0	0.0								
gene:DPYSL5	gene	DPYSL5	DPYSL5	DPYSL5	1.0	0.0	0.0								
gene:PRSS3	gene	PRSS3	PRSS3	PRSS3	0.0	0.0	0.0								
gene:HLF	gene	HLF	HLF	HLF	0.0	0.0	0.0								
gene:IDH1	gene	IDH1	IDH1	IDH1	0.0	0.0	0.0								
gene:EVC	gene	EVC	EVC	EVC	0.0	0.0	0.0								
gene:ANXA11	gene	ANXA11	ANXA11	ANXA11	0.0	0.0	0.0								
gene:ZNF250	gene	ZNF250	ZNF250	ZNF250	0.0	0.0	0.0								
gene:EXTL1	gene	EXTL1	EXTL1	EXTL1	0.0	0.0	0.0								
gene:EZH2	gene	EZH2	EZH2	EZH2	0.0	0.0	0.0								
gene:XRN2	gene	XRN2	XRN2	XRN2	0.0	0.0	0.0								
gene:NUP160	gene	NUP160	NUP160	NUP160	0.0	0.0	0.0								
gene:TIGD1	gene	TIGD1	TIGD1	TIGD1	0.0	0.0	0.0								
gene:HDAC2	gene	HDAC2	HDAC2	HDAC2	0.0	0.0	0.0								
gene:PADI2	gene	PADI2	PADI2	PADI2	0.0	0.0	0.0								
gene:MBTD1	gene	MBTD1	MBTD1	MBTD1	0.0	0.0	0.0								
gene:HNRNPAB	gene	HNRNPAB	HNRNPAB	HNRNPAB	0.0	0.0	0.0								
gene:ODC1	gene	ODC1	ODC1	ODC1	0.0	0.0	0.0								
gene:ZSWIM5	gene	ZSWIM5	ZSWIM5	ZSWIM5	0.0	0.0	0.0								
gene:S100B	gene	S100B	S100B	S100B	0.0	0.0	0.0								
gene:RUVBL1	gene	RUVBL1	RUVBL1	RUVBL1	0.0	0.0	0.0								
gene:TF	gene	TF	TF	TF	0.0	0.0	0.0								
gene:FAT4	gene	FAT4	FAT4	FAT4	0.0	0.0	0.0								
gene:SOHLH1	gene	SOHLH1	SOHLH1	SOHLH1	0.0	0.0	0.0								
gene:ZNF3	gene	ZNF3	ZNF3	ZNF3	0.0	0.0	0.0								
gene:TACC1	gene	TACC1	TACC1	TACC1	0.0	0.0	0.0								
gene:FGF1	gene	FGF1	FGF1	FGF1	0.0	0.0	0.0								
gene:DDX19B	gene	DDX19B	DDX19B	DDX19B	0.0	0.0	0.0								
gene:RBM4B	gene	RBM4B	RBM4B	RBM4B	0.0	0.0	0.0								
gene:KDM5B	gene	KDM5B	KDM5B	KDM5B	1.0	1.0	1.0								
gene:CA4	gene	CA4	CA4	CA4	0.0	0.0	0.0								
gene:ME1	gene	ME1	ME1	ME1	0.0	0.0	0.0								
gene:TBC1D14	gene	TBC1D14	TBC1D14	TBC1D14	0.0	0.0	0.0								
gene:FAM102A	gene	FAM102A	FAM102A	FAM102A	0.0	0.0	0.0								
gene:TRIM16	gene	TRIM16	TRIM16	TRIM16	0.0	0.0	0.0								
gene:HSPB8	gene	HSPB8	HSPB8	HSPB8	0.0	0.0	0.0								
gene:MTA2	gene	MTA2	MTA2	MTA2	0.0	0.0	0.0								
gene:RPL22	gene	RPL22	RPL22	RPL22	0.0	0.0	0.0								
gene:N4BP2	gene	N4BP2	N4BP2	N4BP2	0.0	0.0	0.0								
gene:TRIM13	gene	TRIM13	TRIM13	TRIM13	0.0	0.0	0.0								
gene:SCN2B	gene	SCN2B	SCN2B	SCN2B	0.0	0.0	0.0								
gene:SYNPO	gene	SYNPO	SYNPO	SYNPO	0.0	0.0	0.0								
gene:CYP46A1	gene	CYP46A1	CYP46A1	CYP46A1	0.0	0.0	0.0								
gene:DOK4	gene	DOK4	DOK4	DOK4	0.0	0.0	0.0								
gene:PRRC1	gene	PRRC1	PRRC1	PRRC1	0.0	0.0	0.0								
gene:CPLX1	gene	CPLX1	CPLX1	CPLX1	0.0	0.0	0.0								
gene:SLCO5A1	gene	SLCO5A1	SLCO5A1	SLCO5A1	0.0	0.0	0.0								
gene:HNRNPH1	gene	HNRNPH1	HNRNPH1	HNRNPH1	0.0	0.0	0.0								
gene:MAPK7	gene	MAPK7	MAPK7	MAPK7	0.0	0.0	0.0								
gene:AUTS2	gene	AUTS2	AUTS2	AUTS2	1.0	1.0	1.0								
gene:VAV2	gene	VAV2	VAV2	VAV2	0.0	0.0	0.0								
gene:GMEB1	gene	GMEB1	GMEB1	GMEB1	0.0	0.0	0.0								
gene:ZNF766	gene	ZNF766	ZNF766	ZNF766	0.0	0.0	0.0								
gene:EIF3L	gene	EIF3L	EIF3L	EIF3L	0.0	0.0	0.0								
gene:ZNF765	gene	ZNF765	ZNF765	ZNF765	0.0	0.0	0.0								
gene:MTSS1	gene	MTSS1	MTSS1	MTSS1	0.0	0.0	0.0								
gene:DACT1	gene	DACT1	DACT1	DACT1	0.0	0.0	0.0								
gene:PAK2	gene	PAK2	PAK2	PAK2	1.0	0.0	1.0								
gene:ZNF93	gene	ZNF93	ZNF93	ZNF93	0.0	0.0	0.0								
gene:CCNJ	gene	CCNJ	CCNJ	CCNJ	0.0	0.0	0.0								
gene:TMEM38A	gene	TMEM38A	TMEM38A	TMEM38A	0.0	0.0	0.0								
gene:SPARCL1	gene	SPARCL1	SPARCL1	SPARCL1	1.0	0.0	1.0								
gene:HNRNPUL1	gene	HNRNPUL1	HNRNPUL1	HNRNPUL1	0.0	0.0	0.0								
gene:CCDC112	gene	CCDC112	CCDC112	CCDC112	0.0	0.0	0.0								
gene:KDM2B	gene	KDM2B	KDM2B	KDM2B	1.0	1.0	1.0								
gene:SMARCB1	gene	SMARCB1	SMARCB1	SMARCB1	0.0	0.0	0.0								
gene:SBK1	gene	SBK1	SBK1	SBK1	0.0	0.0	0.0								
gene:MPZL1	gene	MPZL1	MPZL1	MPZL1	0.0	0.0	0.0								
gene:PFKFB4	gene	PFKFB4	PFKFB4	PFKFB4	0.0	0.0	0.0								
gene:GART	gene	GART	GART	GART	0.0	0.0	0.0								
gene:ZFP37	gene	ZFP37	ZFP37	ZFP37	0.0	0.0	0.0								
gene:ZNF677	gene	ZNF677	ZNF677	ZNF677	0.0	0.0	0.0								
gene:TRIM28	gene	TRIM28	TRIM28	TRIM28	0.0	0.0	0.0								
gene:RGS4	gene	RGS4	RGS4	RGS4	0.0	0.0	0.0								
gene:ZNF197	gene	ZNF197	ZNF197	ZNF197	0.0	0.0	0.0								
gene:CBX6	gene	CBX6	CBX6	CBX6	0.0	0.0	0.0								
gene:EDC3	gene	EDC3	EDC3	EDC3	0.0	0.0	0.0								
gene:PPP1R16B	gene	PPP1R16B	PPP1R16B	PPP1R16B	0.0	0.0	0.0								
gene:PCGF2	gene	PCGF2	PCGF2	PCGF2	0.0	0.0	0.0								
gene:TGFBR1	gene	TGFBR1	TGFBR1	TGFBR1	0.0	0.0	0.0								
gene:CPNE9	gene	CPNE9	CPNE9	CPNE9	0.0	0.0	0.0								
gene:KLF11	gene	KLF11	KLF11	KLF11	0.0	0.0	0.0								
gene:IGLON5	gene	IGLON5	IGLON5	IGLON5	0.0	0.0	0.0								
gene:FAM117B	gene	FAM117B	FAM117B	FAM117B	0.0	0.0	0.0								
gene:GPRIN2	gene	GPRIN2	GPRIN2	GPRIN2	0.0	0.0	0.0								
gene:ZSCAN21	gene	ZSCAN21	ZSCAN21	ZSCAN21	0.0	0.0	0.0								
gene:OMG	gene	OMG	OMG	OMG	0.0	0.0	0.0								
gene:XPR1	gene	XPR1	XPR1	XPR1	0.0	0.0	0.0								
gene:MAP3K5	gene	MAP3K5	MAP3K5	MAP3K5	0.0	0.0	0.0								
gene:CNDP1	gene	CNDP1	CNDP1	CNDP1	0.0	0.0	0.0								
gene:IGFBP2	gene	IGFBP2	IGFBP2	IGFBP2	0.0	0.0	0.0								
gene:PPP1R14B	gene	PPP1R14B	PPP1R14B	PPP1R14B	0.0	0.0	0.0								
gene:ZNF813	gene	ZNF813	ZNF813	ZNF813	0.0	0.0	0.0								
gene:SLCO1A2	gene	SLCO1A2	SLCO1A2	SLCO1A2	0.0	0.0	0.0								
gene:TLE3	gene	TLE3	TLE3	TLE3	1.0	1.0	1.0								
gene:BHLHE41	gene	BHLHE41	BHLHE41	BHLHE41	0.0	0.0	0.0								
gene:SENP1	gene	SENP1	SENP1	SENP1	1.0	0.0	0.0								
gene:ATAD2B	gene	ATAD2B	ATAD2B	ATAD2B	0.0	0.0	0.0								
gene:SRC	gene	SRC	SRC	SRC	0.0	0.0	0.0								
gene:SLC35F2	gene	SLC35F2	SLC35F2	SLC35F2	0.0	0.0	0.0								
gene:PPM1G	gene	PPM1G	PPM1G	PPM1G	0.0	0.0	0.0								
gene:USP3	gene	USP3	USP3	USP3	0.0	0.0	0.0								
gene:FBXL16	gene	FBXL16	FBXL16	FBXL16	0.0	0.0	0.0								
gene:PRNP	gene	PRNP	PRNP	PRNP	0.0	0.0	0.0								
gene:KDM4B	gene	KDM4B	KDM4B	KDM4B	1.0	0.0	1.0								
gene:LPAR1	gene	LPAR1	LPAR1	LPAR1	0.0	0.0	0.0								
gene:ZNF548	gene	ZNF548	ZNF548	ZNF548	1.0	0.0	1.0								
gene:CSRP1	gene	CSRP1	CSRP1	CSRP1	0.0	0.0	0.0								
gene:QARS	gene	QARS	QARS	QARS	0.0	0.0	0.0								
gene:H1F0	gene	H1F0	H1F0	H1F0	0.0	0.0	0.0								
gene:SLAIN2	gene	SLAIN2	SLAIN2	SLAIN2	0.0	0.0	0.0								
gene:HNRNPA0	gene	HNRNPA0	HNRNPA0	HNRNPA0	0.0	0.0	0.0								
gene:DAAM2	gene	DAAM2	DAAM2	DAAM2	0.0	0.0	0.0								
gene:TUBG2	gene	TUBG2	TUBG2	TUBG2	0.0	0.0	0.0								
gene:ELF2	gene	ELF2	ELF2	ELF2	0.0	0.0	0.0								
gene:TUBB2B	gene	TUBB2B	TUBB2B	TUBB2B	0.0	0.0	0.0								
gene:POLR1E	gene	POLR1E	POLR1E	POLR1E	0.0	0.0	0.0								
gene:ZKSCAN2	gene	ZKSCAN2	ZKSCAN2	ZKSCAN2	0.0	0.0	0.0								
gene:BCAS1	gene	BCAS1	BCAS1	BCAS1	1.0	0.0	1.0								
gene:PIM1	gene	PIM1	PIM1	PIM1	0.0	0.0	0.0								
gene:SSRP1	gene	SSRP1	SSRP1	SSRP1	1.0	0.0	1.0								
gene:ILF3	gene	ILF3	ILF3	ILF3	0.0	0.0	0.0								
gene:PVALB	gene	PVALB	PVALB	PVALB	0.0	0.0	0.0								
gene:TDG	gene	TDG	TDG	TDG	0.0	0.0	0.0								
gene:PAQR6	gene	PAQR6	PAQR6	PAQR6	0.0	0.0	0.0								
gene:DAB1	gene	DAB1	DAB1	DAB1	0.0	0.0	0.0								
gene:DCLRE1B	gene	DCLRE1B	DCLRE1B	DCLRE1B	0.0	0.0	0.0								
gene:GRIP1	gene	GRIP1	GRIP1	GRIP1	1.0	0.0	1.0								
gene:SEC14L2	gene	SEC14L2	SEC14L2	SEC14L2	0.0	0.0	0.0								
gene:PBRM1	gene	PBRM1	PBRM1	PBRM1	0.0	0.0	0.0								
gene:DCAF12	gene	DCAF12	DCAF12	DCAF12	0.0	0.0	0.0								
gene:GNAI3	gene	GNAI3	GNAI3	GNAI3	0.0	0.0	0.0								
gene:TUBA1A	gene	TUBA1A	TUBA1A	TUBA1A	0.0	0.0	0.0								
gene:UBTD2	gene	UBTD2	UBTD2	UBTD2	0.0	0.0	0.0								
gene:SHB	gene	SHB	SHB	SHB	0.0	0.0	0.0								
gene:BCL7A	gene	BCL7A	BCL7A	BCL7A	0.0	0.0	0.0								
gene:MBNL2	gene	MBNL2	MBNL2	MBNL2	0.0	0.0	0.0								
gene:RAB40B	gene	RAB40B	RAB40B	RAB40B	0.0	0.0	0.0								
gene:FGD3	gene	FGD3	FGD3	FGD3	0.0	0.0	0.0								
gene:ZNF761	gene	ZNF761	ZNF761	ZNF761	0.0	0.0	0.0								
gene:ANXA7	gene	ANXA7	ANXA7	ANXA7	0.0	0.0	0.0								
gene:ENPP2	gene	ENPP2	ENPP2	ENPP2	0.0	0.0	0.0								
gene:RND3	gene	RND3	RND3	RND3	0.0	0.0	0.0								
gene:ZNF616	gene	ZNF616	ZNF616	ZNF616	0.0	0.0	0.0								
gene:CDC14B	gene	CDC14B	CDC14B	CDC14B	0.0	0.0	0.0								
gene:MIDN	gene	MIDN	MIDN	MIDN	0.0	0.0	0.0								
gene:PPP2R3A	gene	PPP2R3A	PPP2R3A	PPP2R3A	0.0	0.0	0.0								
gene:ALDH1A1	gene	ALDH1A1	ALDH1A1	ALDH1A1	0.0	0.0	0.0								
gene:FRMD3	gene	FRMD3	FRMD3	FRMD3	0.0	0.0	0.0								
gene:ING1	gene	ING1	ING1	ING1	0.0	0.0	0.0								
gene:ZNF71	gene	ZNF71	ZNF71	ZNF71	0.0	0.0	0.0								
gene:BCL9	gene	BCL9	BCL9	BCL9	0.0	0.0	0.0								
gene:EML4	gene	EML4	EML4	EML4	0.0	0.0	0.0								
gene:AGFG2	gene	AGFG2	AGFG2	AGFG2	0.0	0.0	0.0								
gene:KCNA2	gene	KCNA2	KCNA2	KCNA2	1.0	0.0	0.0								
gene:CBX1	gene	CBX1	CBX1	CBX1	1.0	1.0	1.0								
gene:BEND3	gene	BEND3	BEND3	BEND3	0.0	0.0	0.0								
gene:EFNB2	gene	EFNB2	EFNB2	EFNB2	0.0	0.0	0.0								
gene:PABPC4	gene	PABPC4	PABPC4	PABPC4	0.0	0.0	0.0								
gene:NFIL3	gene	NFIL3	NFIL3	NFIL3	0.0	0.0	0.0								
gene:ROBO1	gene	ROBO1	ROBO1	ROBO1	0.0	0.0	0.0								
gene:CEP57	gene	CEP57	CEP57	CEP57	0.0	0.0	0.0								
gene:REC8	gene	REC8	REC8	REC8	0.0	0.0	0.0								
gene:PARP16	gene	PARP16	PARP16	PARP16	0.0	0.0	0.0								
gene:ZNF345	gene	ZNF345	ZNF345	ZNF345	0.0	0.0	0.0								
gene:GPR158	gene	GPR158	GPR158	GPR158	0.0	0.0	0.0								
gene:FANCC	gene	FANCC	FANCC	FANCC	0.0	0.0	0.0								
gene:BRD3	gene	BRD3	BRD3	BRD3	0.0	0.0	0.0								
gene:DDN	gene	DDN	DDN	DDN	0.0	0.0	0.0								
gene:ZNF821	gene	ZNF821	ZNF821	ZNF821	0.0	0.0	0.0								
gene:KHDRBS1	gene	KHDRBS1	KHDRBS1	KHDRBS1	0.0	0.0	0.0								
gene:LINC00320	gene	LINC00320	LINC00320	LINC00320	0.0	0.0	0.0								
gene:DYNLT1	gene	DYNLT1	DYNLT1	DYNLT1	0.0	0.0	0.0								
gene:SEC14L5	gene	SEC14L5	SEC14L5	SEC14L5	0.0	0.0	0.0								
gene:SMARCD1	gene	SMARCD1	SMARCD1	SMARCD1	0.0	0.0	0.0								
gene:SLC39A6	gene	SLC39A6	SLC39A6	SLC39A6	0.0	0.0	0.0								
gene:ZBTB7A	gene	ZBTB7A	ZBTB7A	ZBTB7A	1.0	1.0	1.0								
gene:ZNF792	gene	ZNF792	ZNF792	ZNF792	0.0	0.0	0.0								
gene:NVL	gene	NVL	NVL	NVL	0.0	0.0	0.0								
gene:APOL2	gene	APOL2	APOL2	APOL2	0.0	0.0	0.0								
gene:ZNF496	gene	ZNF496	ZNF496	ZNF496	0.0	0.0	0.0								
gene:FUBP1	gene	FUBP1	FUBP1	FUBP1	0.0	0.0	0.0								
gene:ZSWIM4	gene	ZSWIM4	ZSWIM4	ZSWIM4	0.0	0.0	0.0								
gene:VWA5B2	gene	VWA5B2	VWA5B2	VWA5B2	0.0	0.0	0.0								
gene:FAIM2	gene	FAIM2	FAIM2	FAIM2	0.0	0.0	0.0								
gene:ZNF202	gene	ZNF202	ZNF202	ZNF202	0.0	0.0	0.0								
gene:CNTNAP1	gene	CNTNAP1	CNTNAP1	CNTNAP1	0.0	0.0	0.0								
gene:TOX3	gene	TOX3	TOX3	TOX3	0.0	0.0	0.0								
gene:EML1	gene	EML1	EML1	EML1	0.0	0.0	0.0								
gene:CASP2	gene	CASP2	CASP2	CASP2	0.0	0.0	0.0								
gene:FAM126A	gene	FAM126A	FAM126A	FAM126A	0.0	0.0	0.0								
gene:SYTL2	gene	SYTL2	SYTL2	SYTL2	0.0	0.0	0.0								
gene:SF3A2	gene	SF3A2	SF3A2	SF3A2	0.0	0.0	0.0								
gene:EPHB2	gene	EPHB2	EPHB2	EPHB2	1.0	0.0	1.0								
gene:TMEM144	gene	TMEM144	TMEM144	TMEM144	0.0	0.0	0.0								
gene:ZNF501	gene	ZNF501	ZNF501	ZNF501	0.0	0.0	0.0								
gene:GRASP	gene	GRASP	GRASP	GRASP	0.0	0.0	0.0								
gene:MAPRE1	gene	MAPRE1	MAPRE1	MAPRE1	0.0	0.0	0.0								
gene:HLA-DPB1	gene	HLA-DPB1	HLA-DPB1	HLA-DPB1	1.0	0.0	1.0								
gene:EPB41	gene	EPB41	EPB41	EPB41	0.0	0.0	0.0								
gene:CBX8	gene	CBX8	CBX8	CBX8	0.0	0.0	0.0								
gene:KDM6B	gene	KDM6B	KDM6B	KDM6B	1.0	1.0	1.0								
gene:ZNF292	gene	ZNF292	ZNF292	ZNF292	1.0	1.0	1.0								
gene:ZNF555	gene	ZNF555	ZNF555	ZNF555	0.0	0.0	0.0								
gene:EVI2A	gene	EVI2A	EVI2A	EVI2A	0.0	0.0	0.0								
gene:CTBP2	gene	CTBP2	CTBP2	CTBP2	0.0	0.0	0.0								
gene:TMEM108	gene	TMEM108	TMEM108	TMEM108	0.0	0.0	0.0								
gene:ZBTB34	gene	ZBTB34	ZBTB34	ZBTB34	0.0	0.0	0.0								
gene:ZBTB8A	gene	ZBTB8A	ZBTB8A	ZBTB8A	0.0	0.0	0.0								
gene:EML2	gene	EML2	EML2	EML2	0.0	0.0	0.0								
gene:LINC00461	gene	LINC00461	LINC00461	LINC00461	0.0	0.0	0.0								
gene:RBM4	gene	RBM4	RBM4	RBM4	0.0	0.0	0.0								
gene:DGKZ	gene	DGKZ	DGKZ	DGKZ	0.0	0.0	0.0								
gene:RSPRY1	gene	RSPRY1	RSPRY1	RSPRY1	0.0	0.0	0.0								
gene:CNTROB	gene	CNTROB	CNTROB	CNTROB	0.0	0.0	0.0								
gene:FA2H	gene	FA2H	FA2H	FA2H	0.0	0.0	0.0								
gene:DYRK2	gene	DYRK2	DYRK2	DYRK2	0.0	0.0	0.0								
gene:NRGN	gene	NRGN	NRGN	NRGN	0.0	0.0	0.0								
gene:PRMT2	gene	PRMT2	PRMT2	PRMT2	0.0	0.0	0.0								
gene:STIM1	gene	STIM1	STIM1	STIM1	0.0	0.0	0.0								
gene:GALNT9	gene	GALNT9	GALNT9	GALNT9	0.0	0.0	0.0								
gene:WDR33	gene	WDR33	WDR33	WDR33	0.0	0.0	0.0								
gene:ZNF586	gene	ZNF586	ZNF586	ZNF586	0.0	0.0	0.0								
gene:HNRNPR	gene	HNRNPR	HNRNPR	HNRNPR	1.0	1.0	1.0								
gene:TTLL1	gene	TTLL1	TTLL1	TTLL1	0.0	0.0	0.0								
gene:KCNAB2	gene	KCNAB2	KCNAB2	KCNAB2	0.0	0.0	0.0								
gene:CHFR	gene	CHFR	CHFR	CHFR	0.0	0.0	0.0								
gene:CRMP1	gene	CRMP1	CRMP1	CRMP1	1.0	0.0	0.0								
gene:ASPA	gene	ASPA	ASPA	ASPA	0.0	0.0	0.0								
gene:CDKAL1	gene	CDKAL1	CDKAL1	CDKAL1	0.0	0.0	0.0								
gene:KCNIP3	gene	KCNIP3	KCNIP3	KCNIP3	0.0	0.0	0.0								
gene:CNOT6	gene	CNOT6	CNOT6	CNOT6	0.0	0.0	0.0								
gene:KLF7	gene	KLF7	KLF7	KLF7	1.0	0.0	0.0								
gene:EFHD2	gene	EFHD2	EFHD2	EFHD2	0.0	0.0	0.0								
gene:VCAN	gene	VCAN	VCAN	VCAN	0.0	0.0	0.0								
gene:EPDR1	gene	EPDR1	EPDR1	EPDR1	0.0	0.0	0.0								
gene:ZFP62	gene	ZFP62	ZFP62	ZFP62	0.0	0.0	0.0								
gene:USP42	gene	USP42	USP42	USP42	0.0	0.0	0.0								
gene:MCMBP	gene	MCMBP	MCMBP	MCMBP	0.0	0.0	0.0								
gene:CSK	gene	CSK	CSK	CSK	0.0	0.0	0.0								
gene:DBR1	gene	DBR1	DBR1	DBR1	0.0	0.0	0.0								
gene:ELOVL7	gene	ELOVL7	ELOVL7	ELOVL7	0.0	0.0	0.0								
gene:CAPN3	gene	CAPN3	CAPN3	CAPN3	0.0	0.0	0.0								
gene:C4ORF46	gene	C4ORF46	C4orf46	C4ORF46	0.0	0.0	0.0								
gene:ACYP2	gene	ACYP2	ACYP2	ACYP2	0.0	0.0	0.0								
gene:CA2	gene	CA2	CA2	CA2	0.0	0.0	0.0								
gene:DYNC1I2	gene	DYNC1I2	DYNC1I2	DYNC1I2	0.0	0.0	0.0								
gene:SWT1	gene	SWT1	SWT1	SWT1	0.0	0.0	0.0								
gene:IRF2BPL	gene	IRF2BPL	IRF2BPL	IRF2BPL	1.0	1.0	1.0								
gene:TPMT	gene	TPMT	TPMT	TPMT	0.0	0.0	0.0								
gene:PCP4L1	gene	PCP4L1	PCP4L1	PCP4L1	0.0	0.0	0.0								
gene:FBXO46	gene	FBXO46	FBXO46	FBXO46	0.0	0.0	0.0								
gene:ARFGAP3	gene	ARFGAP3	ARFGAP3	ARFGAP3	0.0	0.0	0.0								
gene:RCC1	gene	RCC1	RCC1	RCC1	0.0	0.0	0.0								
gene:CBLB	gene	CBLB	CBLB	CBLB	0.0	0.0	0.0								
gene:LRRC55	gene	LRRC55	LRRC55	LRRC55	0.0	0.0	0.0								
gene:PDIK1L	gene	PDIK1L	PDIK1L	PDIK1L	0.0	0.0	0.0								
gene:SUSD5	gene	SUSD5	SUSD5	SUSD5	0.0	0.0	0.0								
gene:NUP62	gene	NUP62	NUP62	NUP62	0.0	0.0	0.0								
gene:ZCCHC8	gene	ZCCHC8	ZCCHC8	ZCCHC8	0.0	0.0	0.0								
gene:LRRC61	gene	LRRC61	LRRC61	LRRC61	0.0	0.0	0.0								
gene:TFAP4	gene	TFAP4	TFAP4	TFAP4	0.0	0.0	0.0								
gene:CORO1C	gene	CORO1C	CORO1C	CORO1C	0.0	0.0	0.0								
gene:RPLP0	gene	RPLP0	RPLP0	RPLP0	0.0	0.0	0.0								
gene:GJC1	gene	GJC1	GJC1	GJC1	0.0	0.0	0.0								
gene:DCHS1	gene	DCHS1	DCHS1	DCHS1	0.0	0.0	0.0								
gene:PPP1R14A	gene	PPP1R14A	PPP1R14A	PPP1R14A	0.0	0.0	0.0								
gene:PCDHB7	gene	PCDHB7	PCDHB7	PCDHB7	0.0	0.0	0.0								
gene:NKX6-2	gene	NKX6-2	NKX6-2	NKX6-2	0.0	0.0	0.0								
gene:INTS4	gene	INTS4	INTS4	INTS4	0.0	0.0	0.0								
gene:NCK2	gene	NCK2	NCK2	NCK2	0.0	0.0	0.0								
gene:NUDT1	gene	NUDT1	NUDT1	NUDT1	0.0	0.0	0.0								
gene:TYRO3	gene	TYRO3	TYRO3	TYRO3	0.0	0.0	0.0								
gene:ZNF624	gene	ZNF624	ZNF624	ZNF624	0.0	0.0	0.0								
gene:CMTM5	gene	CMTM5	CMTM5	CMTM5	0.0	0.0	0.0								
gene:WRAP53	gene	WRAP53	WRAP53	WRAP53	0.0	0.0	0.0								
gene:WDR6	gene	WDR6	WDR6	WDR6	0.0	0.0	0.0								
gene:WDR70	gene	WDR70	WDR70	WDR70	0.0	0.0	0.0								
gene:RPS2	gene	RPS2	RPS2	RPS2	0.0	0.0	0.0								
gene:ZFP30	gene	ZFP30	ZFP30	ZFP30	0.0	0.0	0.0								
gene:MAST3	gene	MAST3	MAST3	MAST3	1.0	0.0	0.0								
gene:DAAM1	gene	DAAM1	DAAM1	DAAM1	0.0	0.0	0.0								
gene:RRP1B	gene	RRP1B	RRP1B	RRP1B	0.0	0.0	0.0								
gene:PPP4R1	gene	PPP4R1	PPP4R1	PPP4R1	0.0	0.0	0.0								
gene:ZNF627	gene	ZNF627	ZNF627	ZNF627	0.0	0.0	0.0								
gene:ANP32A	gene	ANP32A	ANP32A	ANP32A	1.0	1.0	1.0								
gene:RPL37	gene	RPL37	RPL37	RPL37	0.0	0.0	0.0								
gene:EIF3H	gene	EIF3H	EIF3H	EIF3H	0.0	0.0	0.0								
gene:ZNF491	gene	ZNF491	ZNF491	ZNF491	0.0	0.0	0.0								
gene:C7ORF26	gene	C7ORF26	C7orf26	C7ORF26	0.0	0.0	0.0								
gene:FAM161A	gene	FAM161A	FAM161A	FAM161A	0.0	0.0	0.0								
gene:ARHGEF37	gene	ARHGEF37	ARHGEF37	ARHGEF37	0.0	0.0	0.0								
gene:SNX7	gene	SNX7	SNX7	SNX7	0.0	0.0	0.0								
gene:MORC2	gene	MORC2	MORC2	MORC2	0.0	0.0	0.0								
gene:HMGXB4	gene	HMGXB4	HMGXB4	HMGXB4	0.0	0.0	0.0								
gene:EIF4A3	gene	EIF4A3	EIF4A3	EIF4A3	0.0	0.0	0.0								
gene:DTD1	gene	DTD1	DTD1	DTD1	0.0	0.0	0.0								
gene:CARNS1	gene	CARNS1	CARNS1	CARNS1	0.0	0.0	0.0								
gene:IVNS1ABP	gene	IVNS1ABP	IVNS1ABP	IVNS1ABP	0.0	0.0	0.0								
gene:BMPER	gene	BMPER	BMPER	BMPER	0.0	0.0	0.0								
gene:TAF1A	gene	TAF1A	TAF1A	TAF1A	0.0	0.0	0.0								
gene:SPOCK2	gene	SPOCK2	SPOCK2	SPOCK2	0.0	0.0	0.0								
gene:ZFYVE28	gene	ZFYVE28	ZFYVE28	ZFYVE28	0.0	0.0	0.0								
gene:RIMKLB	gene	RIMKLB	RIMKLB	RIMKLB	0.0	0.0	0.0								
gene:TMEM125	gene	TMEM125	TMEM125	TMEM125	0.0	0.0	0.0								
gene:PYGO1	gene	PYGO1	PYGO1	PYGO1	0.0	0.0	0.0								
gene:PRPSAP2	gene	PRPSAP2	PRPSAP2	PRPSAP2	0.0	0.0	0.0								
gene:SH2D5	gene	SH2D5	SH2D5	SH2D5	0.0	0.0	0.0								
gene:ZNF607	gene	ZNF607	ZNF607	ZNF607	0.0	0.0	0.0								
gene:NNAT	gene	NNAT	NNAT	NNAT	0.0	0.0	0.0								
gene:TPPP3	gene	TPPP3	TPPP3	TPPP3	0.0	0.0	0.0								
gene:HNRNPF	gene	HNRNPF	HNRNPF	HNRNPF	1.0	0.0	1.0								
gene:IFT140	gene	IFT140	IFT140	IFT140	0.0	0.0	0.0								
gene:TAPBPL	gene	TAPBPL	TAPBPL	TAPBPL	0.0	0.0	0.0								
gene:RAF1	gene	RAF1	RAF1	RAF1	0.0	0.0	0.0								
gene:SNPH	gene	SNPH	SNPH	SNPH	0.0	0.0	0.0								
gene:SEMA3A	gene	SEMA3A	SEMA3A	SEMA3A	0.0	0.0	0.0								
gene:INTS9	gene	INTS9	INTS9	INTS9	0.0	0.0	0.0								
gene:BCL11B	gene	BCL11B	BCL11B	BCL11B	1.0	0.0	0.0								
gene:IFT81	gene	IFT81	IFT81	IFT81	0.0	0.0	0.0								
gene:SHF	gene	SHF	SHF	SHF	0.0	0.0	0.0								
gene:AMPD3	gene	AMPD3	AMPD3	AMPD3	0.0	0.0	0.0								
gene:EHD3	gene	EHD3	EHD3	EHD3	0.0	0.0	0.0								
gene:KLHL1	gene	KLHL1	KLHL1	KLHL1	0.0	0.0	0.0								
gene:CLU	gene	CLU	CLU	CLU	0.0	0.0	0.0								
gene:DGKG	gene	DGKG	DGKG	DGKG	0.0	0.0	0.0								
gene:SSTR3	gene	SSTR3	SSTR3	SSTR3	0.0	0.0	0.0								
gene:GRAMD1A	gene	GRAMD1A	GRAMD1A	GRAMD1A	0.0	0.0	0.0								
gene:SLC44A5	gene	SLC44A5	SLC44A5	SLC44A5	0.0	0.0	0.0								
gene:SEMA4G	gene	SEMA4G	SEMA4G	SEMA4G	0.0	0.0	0.0								
gene:FAM76B	gene	FAM76B	FAM76B	FAM76B	0.0	0.0	0.0								
gene:PKNOX1	gene	PKNOX1	PKNOX1	PKNOX1	0.0	0.0	0.0								
gene:HCN2	gene	HCN2	HCN2	HCN2	0.0	0.0	0.0								
gene:NYNRIN	gene	NYNRIN	NYNRIN	NYNRIN	0.0	0.0	0.0								
gene:PRIM1	gene	PRIM1	PRIM1	PRIM1	0.0	0.0	0.0								
gene:RFX7	gene	RFX7	RFX7	RFX7	1.0	1.0	1.0								
gene:ST6GALNAC6	gene	ST6GALNAC6	ST6GALNAC6	ST6GALNAC6	0.0	0.0	0.0								
gene:ZNF22	gene	ZNF22	ZNF22	ZNF22	0.0	0.0	0.0								
gene:RPS6KA4	gene	RPS6KA4	RPS6KA4	RPS6KA4	0.0	0.0	0.0								
gene:LBR	gene	LBR	LBR	LBR	0.0	0.0	0.0								
gene:EEF1A1	gene	EEF1A1	EEF1A1	EEF1A1	0.0	0.0	0.0								
gene:ILF2	gene	ILF2	ILF2	ILF2	1.0	0.0	1.0								
gene:OXSR1	gene	OXSR1	OXSR1	OXSR1	0.0	0.0	0.0								
gene:ENDOD1	gene	ENDOD1	ENDOD1	ENDOD1	0.0	0.0	0.0								
gene:AFAP1	gene	AFAP1	AFAP1	AFAP1	0.0	0.0	0.0								
gene:ZNF285	gene	ZNF285	ZNF285	ZNF285	0.0	0.0	0.0								
gene:IFITM10	gene	IFITM10	IFITM10	IFITM10	0.0	0.0	0.0								
gene:IP6K2	gene	IP6K2	IP6K2	IP6K2	0.0	0.0	0.0								
gene:ZNF445	gene	ZNF445	ZNF445	ZNF445	0.0	0.0	0.0								
gene:MPP3	gene	MPP3	MPP3	MPP3	0.0	0.0	0.0								
gene:MFAP3L	gene	MFAP3L	MFAP3L	MFAP3L	0.0	0.0	0.0								
gene:BRD1	gene	BRD1	BRD1	BRD1	0.0	0.0	0.0								
gene:HCN3	gene	HCN3	HCN3	HCN3	0.0	0.0	0.0								
gene:ZNF682	gene	ZNF682	ZNF682	ZNF682	0.0	0.0	0.0								
gene:DNMT3A	gene	DNMT3A	DNMT3A	DNMT3A	1.0	1.0	1.0								
gene:KIF26A	gene	KIF26A	KIF26A	KIF26A	0.0	0.0	0.0								
gene:ZNF48	gene	ZNF48	ZNF48	ZNF48	0.0	0.0	0.0								
gene:TDRD3	gene	TDRD3	TDRD3	TDRD3	0.0	0.0	0.0								
gene:ZNF28	gene	ZNF28	ZNF28	ZNF28	0.0	0.0	0.0								
gene:AKR1C1	gene	AKR1C1	AKR1C1	AKR1C1	0.0	0.0	0.0								
gene:ZNF232	gene	ZNF232	ZNF232	ZNF232	0.0	0.0	0.0								
gene:CDH2	gene	CDH2	CDH2	CDH2	1.0	1.0	1.0								
gene:SLC6A7	gene	SLC6A7	SLC6A7	SLC6A7	0.0	0.0	0.0								
gene:BZW2	gene	BZW2	BZW2	BZW2	0.0	0.0	0.0								
gene:NEUROD2	gene	NEUROD2	NEUROD2	NEUROD2	0.0	0.0	0.0								
gene:TMEM229A	gene	TMEM229A	TMEM229A	TMEM229A	0.0	0.0	0.0								
gene:LHPP	gene	LHPP	LHPP	LHPP	0.0	0.0	0.0								
gene:BCL10	gene	BCL10	BCL10	BCL10	0.0	0.0	0.0								
gene:XPO5	gene	XPO5	XPO5	XPO5	0.0	0.0	0.0								
gene:ZNF462	gene	ZNF462	ZNF462	ZNF462	1.0	1.0	1.0								
gene:EPB41L2	gene	EPB41L2	EPB41L2	EPB41L2	0.0	0.0	0.0								
gene:NEBL	gene	NEBL	NEBL	NEBL	0.0	0.0	0.0								
gene:TRIP4	gene	TRIP4	TRIP4	TRIP4	0.0	0.0	0.0								
gene:ZNF354C	gene	ZNF354C	ZNF354C	ZNF354C	0.0	0.0	0.0								
gene:PRR18	gene	PRR18	PRR18	PRR18	0.0	0.0	0.0								
gene:NEUROD6	gene	NEUROD6	NEUROD6	NEUROD6	0.0	0.0	0.0								
gene:ZNF558	gene	ZNF558	ZNF558	ZNF558	0.0	0.0	0.0								
gene:TESC	gene	TESC	TESC	TESC	0.0	0.0	0.0								
gene:LCORL	gene	LCORL	LCORL	LCORL	0.0	0.0	0.0								
gene:CCDC50	gene	CCDC50	CCDC50	CCDC50	0.0	0.0	0.0								
gene:EIF3D	gene	EIF3D	EIF3D	EIF3D	0.0	0.0	0.0								
gene:GPR3	gene	GPR3	GPR3	GPR3	0.0	0.0	0.0								
gene:S1PR5	gene	S1PR5	S1PR5	S1PR5	0.0	0.0	0.0								
gene:SAAL1	gene	SAAL1	SAAL1	SAAL1	0.0	0.0	0.0								
gene:HAS3	gene	HAS3	HAS3	HAS3	0.0	0.0	0.0								
gene:ZBTB10	gene	ZBTB10	ZBTB10	ZBTB10	0.0	0.0	0.0								
gene:SMARCC1	gene	SMARCC1	SMARCC1	SMARCC1	0.0	0.0	0.0								
gene:JUP	gene	JUP	JUP	JUP	0.0	0.0	0.0								
gene:SLC35F3	gene	SLC35F3	SLC35F3	SLC35F3	0.0	0.0	0.0								
gene:PIP5K1B	gene	PIP5K1B	PIP5K1B	PIP5K1B	0.0	0.0	0.0								
gene:LCMT2	gene	LCMT2	LCMT2	LCMT2	0.0	0.0	0.0								
gene:GPR153	gene	GPR153	GPR153	GPR153	0.0	0.0	0.0								
gene:KDM4A	gene	KDM4A	KDM4A	KDM4A	0.0	0.0	0.0								
gene:SSBP2	gene	SSBP2	SSBP2	SSBP2	0.0	0.0	0.0								
gene:PLK3	gene	PLK3	PLK3	PLK3	0.0	0.0	0.0								
gene:CEP170	gene	CEP170	CEP170	CEP170	0.0	0.0	0.0								
gene:ANKRD40	gene	ANKRD40	ANKRD40	ANKRD40	0.0	0.0	0.0								
gene:INTS12	gene	INTS12	INTS12	INTS12	0.0	0.0	0.0								
gene:ZMAT3	gene	ZMAT3	ZMAT3	ZMAT3	0.0	0.0	0.0								
gene:MT3	gene	MT3	MT3	MT3	0.0	0.0	0.0								
gene:CX3CL1	gene	CX3CL1	CX3CL1	CX3CL1	0.0	0.0	0.0								
gene:IFIT1	gene	IFIT1	IFIT1	IFIT1	0.0	0.0	0.0								
gene:HSPA2	gene	HSPA2	HSPA2	HSPA2	0.0	0.0	0.0								
gene:CIITA	gene	CIITA	CIITA	CIITA	0.0	0.0	0.0								
gene:UIMC1	gene	UIMC1	UIMC1	UIMC1	1.0	0.0	1.0								
gene:MARCKS	gene	MARCKS	MARCKS	MARCKS	0.0	0.0	0.0								
gene:SP4	gene	SP4	SP4	SP4	0.0	0.0	0.0								
gene:STAT6	gene	STAT6	STAT6	STAT6	0.0	0.0	0.0								
gene:EGR4	gene	EGR4	EGR4	EGR4	0.0	0.0	0.0								
gene:ZNF253	gene	ZNF253	ZNF253	ZNF253	0.0	0.0	0.0								
gene:ZNF124	gene	ZNF124	ZNF124	ZNF124	0.0	0.0	0.0								
gene:ABHD12	gene	ABHD12	ABHD12	ABHD12	0.0	0.0	0.0								
gene:ZNF670	gene	ZNF670	ZNF670	ZNF670	0.0	0.0	0.0								
gene:ETS2	gene	ETS2	ETS2	ETS2	0.0	0.0	0.0								
gene:BAG6	gene	BAG6	BAG6	BAG6	0.0	0.0	0.0								
gene:LDB1	gene	LDB1	LDB1	LDB1	1.0	1.0	1.0								
gene:AKT1	gene	AKT1	AKT1	AKT1	0.0	0.0	0.0								
gene:TOLLIP	gene	TOLLIP	TOLLIP	TOLLIP	0.0	0.0	0.0								
gene:DHX57	gene	DHX57	DHX57	DHX57	0.0	0.0	0.0								
gene:ZSCAN12	gene	ZSCAN12	ZSCAN12	ZSCAN12	0.0	0.0	0.0								
gene:DTNA	gene	DTNA	DTNA	DTNA	0.0	0.0	0.0								
gene:ZNF229	gene	ZNF229	ZNF229	ZNF229	0.0	0.0	0.0								
gene:TET1	gene	TET1	TET1	TET1	0.0	0.0	0.0								
gene:VPS37D	gene	VPS37D	VPS37D	VPS37D	0.0	0.0	0.0								
gene:TP53INP2	gene	TP53INP2	TP53INP2	TP53INP2	0.0	0.0	0.0								
gene:CLEC2L	gene	CLEC2L	CLEC2L	CLEC2L	0.0	0.0	0.0								
gene:CACNG4	gene	CACNG4	CACNG4	CACNG4	0.0	0.0	0.0								
gene:TGS1	gene	TGS1	TGS1	TGS1	0.0	0.0	0.0								
gene:FANCG	gene	FANCG	FANCG	FANCG	0.0	0.0	0.0								
gene:CHTOP	gene	CHTOP	CHTOP	CHTOP	0.0	0.0	0.0								
gene:CCDC13	gene	CCDC13	CCDC13	CCDC13	0.0	0.0	0.0								
gene:AGT	gene	AGT	AGT	AGT	0.0	0.0	0.0								
gene:RNASEH2A	gene	RNASEH2A	RNASEH2A	RNASEH2A	0.0	0.0	0.0								
gene:CD74	gene	CD74	CD74	CD74	0.0	0.0	0.0								
gene:CDK18	gene	CDK18	CDK18	CDK18	0.0	0.0	0.0								
gene:CKAP4	gene	CKAP4	CKAP4	CKAP4	0.0	0.0	0.0								
gene:KAT6B	gene	KAT6B	KAT6B	KAT6B	1.0	0.0	0.0								
gene:MEX3D	gene	MEX3D	MEX3D	MEX3D	0.0	0.0	0.0								
gene:GNPTG	gene	GNPTG	GNPTG	GNPTG	0.0	0.0	0.0								
gene:HNRNPA1	gene	HNRNPA1	HNRNPA1	HNRNPA1	0.0	0.0	0.0								
gene:ITM2B	gene	ITM2B	ITM2B	ITM2B	0.0	0.0	0.0								
gene:ALG9	gene	ALG9	ALG9	ALG9	0.0	0.0	0.0								
gene:KCNS3	gene	KCNS3	KCNS3	KCNS3	1.0	0.0	1.0								
gene:ZNF19	gene	ZNF19	ZNF19	ZNF19	0.0	0.0	0.0								
gene:UBE2R2	gene	UBE2R2	UBE2R2	UBE2R2	0.0	0.0	0.0								
gene:PLCD3	gene	PLCD3	PLCD3	PLCD3	0.0	0.0	0.0								
gene:PDE7A	gene	PDE7A	PDE7A	PDE7A	0.0	0.0	0.0								
gene:CXADR	gene	CXADR	CXADR	CXADR	0.0	0.0	0.0								
gene:NACC2	gene	NACC2	NACC2	NACC2	0.0	0.0	0.0								
gene:AC004448.3	gene	AC004448.3	AC004448.3	AC004448.3	0.0	0.0	0.0								
gene:SMAD4	gene	SMAD4	SMAD4	SMAD4	1.0	0.0	1.0								
gene:ZNF845	gene	ZNF845	ZNF845	ZNF845	0.0	0.0	0.0								
gene:CCDC69	gene	CCDC69	CCDC69	CCDC69	0.0	0.0	0.0								
gene:UNC13C	gene	UNC13C	UNC13C	UNC13C	0.0	0.0	0.0								
gene:RRN3	gene	RRN3	RRN3	RRN3	0.0	0.0	0.0								
gene:ANXA6	gene	ANXA6	ANXA6	ANXA6	0.0	0.0	0.0								
gene:ZNF486	gene	ZNF486	ZNF486	ZNF486	0.0	0.0	0.0								
gene:ZNF502	gene	ZNF502	ZNF502	ZNF502	0.0	0.0	0.0								
gene:HAUS1	gene	HAUS1	HAUS1	HAUS1	0.0	0.0	0.0								
gene:RAMP1	gene	RAMP1	RAMP1	RAMP1	0.0	0.0	0.0								
gene:ZNF282	gene	ZNF282	ZNF282	ZNF282	0.0	0.0	0.0								
gene:PGP	gene	PGP	PGP	PGP	0.0	0.0	0.0								
gene:PRKAR2A	gene	PRKAR2A	PRKAR2A	PRKAR2A	0.0	0.0	0.0								
gene:VASH1	gene	VASH1	VASH1	VASH1	1.0	0.0	1.0								
gene:MEIS2	gene	MEIS2	MEIS2	MEIS2	1.0	1.0	1.0								
gene:EIF4B	gene	EIF4B	EIF4B	EIF4B	0.0	0.0	0.0								
gene:SLC48A1	gene	SLC48A1	SLC48A1	SLC48A1	0.0	0.0	0.0								
gene:ADNP	gene	ADNP	ADNP	ADNP	1.0	1.0	1.0								
gene:HIPK4	gene	HIPK4	HIPK4	HIPK4	0.0	0.0	0.0								
gene:RNASE1	gene	RNASE1	RNASE1	RNASE1	0.0	0.0	0.0								
gene:SMC3	gene	SMC3	SMC3	SMC3	1.0	1.0	1.0								
gene:NIPAL2	gene	NIPAL2	NIPAL2	NIPAL2	0.0	0.0	0.0								
gene:CCK	gene	CCK	CCK	CCK	0.0	0.0	0.0								
gene:MAP1A	gene	MAP1A	MAP1A	MAP1A	1.0	1.0	1.0								
gene:GSTM4	gene	GSTM4	GSTM4	GSTM4	0.0	0.0	0.0								
gene:ZNF525	gene	ZNF525	ZNF525	ZNF525	0.0	0.0	0.0								
gene:LMNB2	gene	LMNB2	LMNB2	LMNB2	0.0	0.0	0.0								
gene:ZNF45	gene	ZNF45	ZNF45	ZNF45	0.0	0.0	0.0								
gene:ZNF618	gene	ZNF618	ZNF618	ZNF618	0.0	0.0	0.0								
gene:EPB41L4B	gene	EPB41L4B	EPB41L4B	EPB41L4B	0.0	0.0	0.0								
gene:GABRA1	gene	GABRA1	GABRA1	GABRA1	0.0	0.0	0.0								
gene:TSPAN14	gene	TSPAN14	TSPAN14	TSPAN14	0.0	0.0	0.0								
gene:RAI14	gene	RAI14	RAI14	RAI14	0.0	0.0	0.0								
gene:DHRS11	gene	DHRS11	DHRS11	DHRS11	0.0	0.0	0.0								
gene:ASPDH	gene	ASPDH	ASPDH	ASPDH	0.0	0.0	0.0								
gene:ABLIM2	gene	ABLIM2	ABLIM2	ABLIM2	0.0	0.0	0.0								
gene:PCGF5	gene	PCGF5	PCGF5	PCGF5	0.0	0.0	0.0								
gene:SYNM	gene	SYNM	SYNM	SYNM	0.0	0.0	0.0								
gene:KCNH3	gene	KCNH3	KCNH3	KCNH3	0.0	0.0	0.0								
gene:RHBDL1	gene	RHBDL1	RHBDL1	RHBDL1	0.0	0.0	0.0								
gene:TRAF4	gene	TRAF4	TRAF4	TRAF4	0.0	0.0	0.0								
gene:ARHGAP22	gene	ARHGAP22	ARHGAP22	ARHGAP22	0.0	0.0	0.0								
gene:MYH14	gene	MYH14	MYH14	MYH14	0.0	0.0	0.0								
gene:PDE10A	gene	PDE10A	PDE10A	PDE10A	0.0	0.0	0.0								
gene:RASSF5	gene	RASSF5	RASSF5	RASSF5	1.0	0.0	1.0								
gene:ZSCAN16	gene	ZSCAN16	ZSCAN16	ZSCAN16	0.0	0.0	0.0								
gene:USP2	gene	USP2	USP2	USP2	0.0	0.0	0.0								
gene:CENPV	gene	CENPV	CENPV	CENPV	0.0	0.0	0.0								
gene:ALPK1	gene	ALPK1	ALPK1	ALPK1	0.0	0.0	0.0								
gene:VAMP1	gene	VAMP1	VAMP1	VAMP1	0.0	0.0	0.0								
gene:CNOT2	gene	CNOT2	CNOT2	CNOT2	0.0	0.0	0.0								
gene:USP49	gene	USP49	USP49	USP49	0.0	0.0	0.0								
gene:SF3B4	gene	SF3B4	SF3B4	SF3B4	0.0	0.0	0.0								
gene:SOX5	gene	SOX5	SOX5	SOX5	1.0	1.0	1.0								
gene:MRO	gene	MRO	MRO	MRO	0.0	0.0	0.0								
gene:PPP4R4	gene	PPP4R4	PPP4R4	PPP4R4	0.0	0.0	0.0								
gene:PDE7B	gene	PDE7B	PDE7B	PDE7B	0.0	0.0	0.0								
gene:ZNF480	gene	ZNF480	ZNF480	ZNF480	0.0	0.0	0.0								
gene:TMEM155	gene	TMEM155	TMEM155	TMEM155	0.0	0.0	0.0								
gene:AC018647.3	gene	AC018647.3	AC018647.3	AC018647.3	0.0	0.0	0.0								
gene:GABARAPL1	gene	GABARAPL1	GABARAPL1	GABARAPL1	0.0	0.0	0.0								
gene:ZFP82	gene	ZFP82	ZFP82	ZFP82	0.0	0.0	0.0								
gene:ZNF512	gene	ZNF512	ZNF512	ZNF512	0.0	0.0	0.0								
gene:NRIP3	gene	NRIP3	NRIP3	NRIP3	0.0	0.0	0.0								
gene:SHISA4	gene	SHISA4	SHISA4	SHISA4	0.0	0.0	0.0								
gene:SULT1A1	gene	SULT1A1	SULT1A1	SULT1A1	0.0	0.0	0.0								
gene:ADRA1B	gene	ADRA1B	ADRA1B	ADRA1B	0.0	0.0	0.0								
gene:ZNF566	gene	ZNF566	ZNF566	ZNF566	0.0	0.0	0.0								
gene:RPL5	gene	RPL5	RPL5	RPL5	0.0	0.0	0.0								
gene:GLDN	gene	GLDN	GLDN	GLDN	0.0	0.0	0.0								
gene:LRRC42	gene	LRRC42	LRRC42	LRRC42	0.0	0.0	0.0								
gene:KCNJ9	gene	KCNJ9	KCNJ9	KCNJ9	0.0	0.0	0.0								
gene:GEMIN4	gene	GEMIN4	GEMIN4	GEMIN4	0.0	0.0	0.0								
gene:LMBR1L	gene	LMBR1L	LMBR1L	LMBR1L	0.0	0.0	0.0								
gene:NR3C1	gene	NR3C1	NR3C1	NR3C1	0.0	0.0	0.0								
gene:TNPO1	gene	TNPO1	TNPO1	TNPO1	0.0	0.0	0.0								
gene:PHF21B	gene	PHF21B	PHF21B	PHF21B	0.0	0.0	0.0								
gene:XKR7	gene	XKR7	XKR7	XKR7	0.0	0.0	0.0								
gene:AVPI1	gene	AVPI1	AVPI1	AVPI1	0.0	0.0	0.0								
gene:NOL11	gene	NOL11	NOL11	NOL11	0.0	0.0	0.0								
gene:GRIN2A	gene	GRIN2A	GRIN2A	GRIN2A	1.0	1.0	1.0								
gene:DCAF15	gene	DCAF15	DCAF15	DCAF15	0.0	0.0	0.0								
gene:ANTXR2	gene	ANTXR2	ANTXR2	ANTXR2	0.0	0.0	0.0								
gene:VARS	gene	VARS	VARS	VARS	0.0	0.0	0.0								
gene:CTSF	gene	CTSF	CTSF	CTSF	0.0	0.0	0.0								
gene:PTPRH	gene	PTPRH	PTPRH	PTPRH	0.0	0.0	0.0								
gene:AKR1C2	gene	AKR1C2	AKR1C2	AKR1C2	0.0	0.0	0.0								
gene:MSI1	gene	MSI1	MSI1	MSI1	0.0	0.0	0.0								
gene:ZNF362	gene	ZNF362	ZNF362	ZNF362	0.0	0.0	0.0								
gene:P2RX6	gene	P2RX6	P2RX6	P2RX6	0.0	0.0	0.0								
gene:MEX3C	gene	MEX3C	MEX3C	MEX3C	0.0	0.0	0.0								
gene:ZNF428	gene	ZNF428	ZNF428	ZNF428	0.0	0.0	0.0								
gene:IFT52	gene	IFT52	IFT52	IFT52	0.0	0.0	0.0								
gene:RASAL1	gene	RASAL1	RASAL1	RASAL1	0.0	0.0	0.0								
gene:PHF2	gene	PHF2	PHF2	PHF2	1.0	1.0	1.0								
gene:ANKRD29	gene	ANKRD29	ANKRD29	ANKRD29	0.0	0.0	0.0								
gene:AMMECR1L	gene	AMMECR1L	AMMECR1L	AMMECR1L	0.0	0.0	0.0								
gene:IQSEC3	gene	IQSEC3	IQSEC3	IQSEC3	0.0	0.0	0.0								
gene:RBM12	gene	RBM12	RBM12	RBM12	0.0	0.0	0.0								
gene:MCM7	gene	MCM7	MCM7	MCM7	0.0	0.0	0.0								
gene:UGT8	gene	UGT8	UGT8	UGT8	0.0	0.0	0.0								
gene:GPR37L1	gene	GPR37L1	GPR37L1	GPR37L1	0.0	0.0	0.0								
gene:PRIM2	gene	PRIM2	PRIM2	PRIM2	0.0	0.0	0.0								
gene:FBXO30	gene	FBXO30	FBXO30	FBXO30	0.0	0.0	0.0								
gene:ZNF689	gene	ZNF689	ZNF689	ZNF689	0.0	0.0	0.0								
gene:PPP4C	gene	PPP4C	PPP4C	PPP4C	0.0	0.0	0.0								
gene:ZNF772	gene	ZNF772	ZNF772	ZNF772	0.0	0.0	0.0								
gene:THY1	gene	THY1	THY1	THY1	0.0	0.0	0.0								
gene:NUP88	gene	NUP88	NUP88	NUP88	0.0	0.0	0.0								
gene:STAG1	gene	STAG1	STAG1	STAG1	1.0	1.0	1.0								
gene:RPS8	gene	RPS8	RPS8	RPS8	0.0	0.0	0.0								
gene:NHSL1	gene	NHSL1	NHSL1	NHSL1	0.0	0.0	0.0								
gene:MSH6	gene	MSH6	MSH6	MSH6	0.0	0.0	0.0								
gene:TMOD3	gene	TMOD3	TMOD3	TMOD3	0.0	0.0	0.0								
gene:HLA-B	gene	HLA-B	HLA-B	HLA-B	1.0	0.0	1.0								
gene:MED17	gene	MED17	MED17	MED17	0.0	0.0	0.0								
gene:DOCK7	gene	DOCK7	DOCK7	DOCK7	0.0	0.0	0.0								
gene:MYH7B	gene	MYH7B	MYH7B	MYH7B	0.0	0.0	0.0								
gene:ASXL3	gene	ASXL3	ASXL3	ASXL3	1.0	1.0	1.0								
gene:ZNF518B	gene	ZNF518B	ZNF518B	ZNF518B	0.0	0.0	0.0								
gene:ARID2	gene	ARID2	ARID2	ARID2	1.0	1.0	1.0								
gene:CSGALNACT2	gene	CSGALNACT2	CSGALNACT2	CSGALNACT2	0.0	0.0	0.0								
gene:ACVR2A	gene	ACVR2A	ACVR2A	ACVR2A	0.0	0.0	0.0								
gene:CADPS2	gene	CADPS2	CADPS2	CADPS2	1.0	0.0	1.0								
gene:WDR76	gene	WDR76	WDR76	WDR76	0.0	0.0	0.0								
gene:CACNA1H	gene	CACNA1H	CACNA1H	CACNA1H	1.0	0.0	1.0								
gene:NCBP2	gene	NCBP2	NCBP2	NCBP2	0.0	0.0	0.0								
gene:MLXIPL	gene	MLXIPL	MLXIPL	MLXIPL	0.0	0.0	0.0								
gene:FGFBP3	gene	FGFBP3	FGFBP3	FGFBP3	0.0	0.0	0.0								
gene:RAB37	gene	RAB37	RAB37	RAB37	0.0	0.0	0.0								
gene:STYX	gene	STYX	STYX	STYX	0.0	0.0	0.0								
gene:ST6GAL2	gene	ST6GAL2	ST6GAL2	ST6GAL2	0.0	0.0	0.0								
gene:HMGA1	gene	HMGA1	HMGA1	HMGA1	0.0	0.0	0.0								
gene:DGKD	gene	DGKD	DGKD	DGKD	0.0	0.0	0.0								
gene:SMARCA4	gene	SMARCA4	SMARCA4	SMARCA4	1.0	1.0	1.0								
gene:ZNF836	gene	ZNF836	ZNF836	ZNF836	0.0	0.0	0.0								
gene:CEP78	gene	CEP78	CEP78	CEP78	0.0	0.0	0.0								
gene:CEP135	gene	CEP135	CEP135	CEP135	1.0	0.0	1.0								
gene:GFAP	gene	GFAP	GFAP	GFAP	1.0	1.0	1.0								
gene:HCN4	gene	HCN4	HCN4	HCN4	0.0	0.0	0.0								
gene:HEPACAM	gene	HEPACAM	HEPACAM	HEPACAM	1.0	1.0	1.0								
gene:BHLHE22	gene	BHLHE22	BHLHE22	BHLHE22	0.0	0.0	0.0								
gene:CSNK1G1	gene	CSNK1G1	CSNK1G1	CSNK1G1	1.0	1.0	1.0								
gene:SQLE	gene	SQLE	SQLE	SQLE	0.0	0.0	0.0								
gene:USP6NL	gene	USP6NL	USP6NL	USP6NL	0.0	0.0	0.0								
gene:CCDC25	gene	CCDC25	CCDC25	CCDC25	0.0	0.0	0.0								
gene:WNT5B	gene	WNT5B	WNT5B	WNT5B	0.0	0.0	0.0								
gene:MYPOP	gene	MYPOP	MYPOP	MYPOP	0.0	0.0	0.0								
gene:UBXN7	gene	UBXN7	UBXN7	UBXN7	0.0	0.0	0.0								
gene:DCAF7	gene	DCAF7	DCAF7	DCAF7	0.0	0.0	0.0								
gene:STEAP2	gene	STEAP2	STEAP2	STEAP2	0.0	0.0	0.0								
gene:ISYNA1	gene	ISYNA1	ISYNA1	ISYNA1	0.0	0.0	0.0								
gene:FIGNL1	gene	FIGNL1	FIGNL1	FIGNL1	0.0	0.0	0.0								
gene:EEF2	gene	EEF2	EEF2	EEF2	0.0	0.0	0.0								
gene:NINJ2	gene	NINJ2	NINJ2	NINJ2	0.0	0.0	0.0								
gene:CEND1	gene	CEND1	CEND1	CEND1	0.0	0.0	0.0								
gene:HLA-DRA	gene	HLA-DRA	HLA-DRA	HLA-DRA	0.0	0.0	0.0								
gene:VIP	gene	VIP	VIP	VIP	0.0	0.0	0.0								
gene:RCBTB2	gene	RCBTB2	RCBTB2	RCBTB2	0.0	0.0	0.0								
gene:ZNF561	gene	ZNF561	ZNF561	ZNF561	0.0	0.0	0.0								
gene:ARF6	gene	ARF6	ARF6	ARF6	0.0	0.0	0.0								
gene:LBH	gene	LBH	LBH	LBH	0.0	0.0	0.0								
gene:ACBD6	gene	ACBD6	ACBD6	ACBD6	0.0	0.0	0.0								
gene:ZNF764	gene	ZNF764	ZNF764	ZNF764	0.0	0.0	0.0								
gene:KCNMA1	gene	KCNMA1	KCNMA1	KCNMA1	1.0	0.0	1.0								
gene:ARRDC2	gene	ARRDC2	ARRDC2	ARRDC2	0.0	0.0	0.0								
gene:MAD2L2	gene	MAD2L2	MAD2L2	MAD2L2	0.0	0.0	0.0								
gene:SIAE	gene	SIAE	SIAE	SIAE	0.0	0.0	0.0								
gene:CPEB1	gene	CPEB1	CPEB1	CPEB1	0.0	0.0	0.0								
gene:GDAP1L1	gene	GDAP1L1	GDAP1L1	GDAP1L1	0.0	0.0	0.0								
gene:TSEN34	gene	TSEN34	TSEN34	TSEN34	0.0	0.0	0.0								
gene:TTC28-AS1	gene	TTC28-AS1	TTC28-AS1	TTC28-AS1	0.0	0.0	0.0								
gene:TEX10	gene	TEX10	TEX10	TEX10	0.0	0.0	0.0								
gene:DLG1	gene	DLG1	DLG1	DLG1	1.0	0.0	1.0								
gene:THAP2	gene	THAP2	THAP2	THAP2	0.0	0.0	0.0								
gene:IL17D	gene	IL17D	IL17D	IL17D	0.0	0.0	0.0								
gene:GLB1L3	gene	GLB1L3	GLB1L3	GLB1L3	0.0	0.0	0.0								
gene:ARHGAP26	gene	ARHGAP26	ARHGAP26	ARHGAP26	0.0	0.0	0.0								
gene:LIMD2	gene	LIMD2	LIMD2	LIMD2	0.0	0.0	0.0								
gene:PELI2	gene	PELI2	PELI2	PELI2	0.0	0.0	0.0								
gene:RAC3	gene	RAC3	RAC3	RAC3	0.0	0.0	0.0								
gene:ZNF737	gene	ZNF737	ZNF737	ZNF737	0.0	0.0	0.0								
gene:CIB2	gene	CIB2	CIB2	CIB2	1.0	0.0	1.0								
gene:ZNF195	gene	ZNF195	ZNF195	ZNF195	0.0	0.0	0.0								
gene:TOP2B	gene	TOP2B	TOP2B	TOP2B	1.0	0.0	1.0								
gene:VPS72	gene	VPS72	VPS72	VPS72	0.0	0.0	0.0								
gene:LIG1	gene	LIG1	LIG1	LIG1	0.0	0.0	0.0								
gene:HAPLN2	gene	HAPLN2	HAPLN2	HAPLN2	0.0	0.0	0.0								
gene:ASXL1	gene	ASXL1	ASXL1	ASXL1	0.0	0.0	0.0								
gene:CABLES1	gene	CABLES1	CABLES1	CABLES1	0.0	0.0	0.0								
gene:SGPP2	gene	SGPP2	SGPP2	SGPP2	0.0	0.0	0.0								
gene:KCNA1	gene	KCNA1	KCNA1	KCNA1	0.0	0.0	0.0								
gene:NFIB	gene	NFIB	NFIB	NFIB	1.0	1.0	1.0								
gene:FLVCR1	gene	FLVCR1	FLVCR1	FLVCR1	0.0	0.0	0.0								
gene:ZC3H10	gene	ZC3H10	ZC3H10	ZC3H10	0.0	0.0	0.0								
gene:SS18L1	gene	SS18L1	SS18L1	SS18L1	0.0	0.0	0.0								
gene:IGDCC3	gene	IGDCC3	IGDCC3	IGDCC3	0.0	0.0	0.0								
gene:TTLL12	gene	TTLL12	TTLL12	TTLL12	0.0	0.0	0.0								
gene:CXCL14	gene	CXCL14	CXCL14	CXCL14	0.0	0.0	0.0								
gene:BTF3	gene	BTF3	BTF3	BTF3	0.0	0.0	0.0								
gene:KCNJ10	gene	KCNJ10	KCNJ10	KCNJ10	1.0	0.0	1.0								
gene:ZNF738	gene	ZNF738	ZNF738	ZNF738	0.0	0.0	0.0								
gene:ANKRD44	gene	ANKRD44	ANKRD44	ANKRD44	0.0	0.0	0.0								
gene:IQSEC1	gene	IQSEC1	IQSEC1	IQSEC1	0.0	0.0	0.0								
gene:HAUS3	gene	HAUS3	HAUS3	HAUS3	0.0	0.0	0.0								
gene:NUP93	gene	NUP93	NUP93	NUP93	0.0	0.0	0.0								
gene:ZNF549	gene	ZNF549	ZNF549	ZNF549	0.0	0.0	0.0								
gene:POLR3D	gene	POLR3D	POLR3D	POLR3D	0.0	0.0	0.0								
gene:CIT	gene	CIT	CIT	CIT	0.0	0.0	0.0								
gene:CTSB	gene	CTSB	CTSB	CTSB	0.0	0.0	0.0								
gene:AC062028.1	gene	AC062028.1	AC062028.1	AC062028.1	0.0	0.0	0.0								
gene:KNDC1	gene	KNDC1	KNDC1	KNDC1	0.0	0.0	0.0								
gene:DNAJC12	gene	DNAJC12	DNAJC12	DNAJC12	0.0	0.0	0.0								
gene:ZNF84	gene	ZNF84	ZNF84	ZNF84	0.0	0.0	0.0								
gene:FAM110B	gene	FAM110B	FAM110B	FAM110B	0.0	0.0	0.0								
gene:GYG1	gene	GYG1	GYG1	GYG1	0.0	0.0	0.0								
gene:FER	gene	FER	FER	FER	0.0	0.0	0.0								
gene:ADRB1	gene	ADRB1	ADRB1	ADRB1	0.0	0.0	0.0								
gene:SMARCAD1	gene	SMARCAD1	SMARCAD1	SMARCAD1	0.0	0.0	0.0								
gene:PEBP1	gene	PEBP1	PEBP1	PEBP1	0.0	0.0	0.0								
gene:SERGEF	gene	SERGEF	SERGEF	SERGEF	0.0	0.0	0.0								
gene:AATK	gene	AATK	AATK	AATK	0.0	0.0	0.0								
gene:KLHL23	gene	KLHL23	KLHL23	KLHL23	0.0	0.0	0.0								
gene:SNRPA	gene	SNRPA	SNRPA	SNRPA	0.0	0.0	0.0								
gene:PPIP5K1	gene	PPIP5K1	PPIP5K1	PPIP5K1	0.0	0.0	0.0								
gene:RBM8A	gene	RBM8A	RBM8A	RBM8A	0.0	0.0	0.0								
gene:ZNF268	gene	ZNF268	ZNF268	ZNF268	0.0	0.0	0.0								
gene:NACA	gene	NACA	NACA	NACA	0.0	0.0	0.0								
gene:LDB3	gene	LDB3	LDB3	LDB3	0.0	0.0	0.0								
gene:EPHA7	gene	EPHA7	EPHA7	EPHA7	0.0	0.0	0.0								
gene:ZNF365	gene	ZNF365	ZNF365	ZNF365	0.0	0.0	0.0								
gene:OSTF1	gene	OSTF1	OSTF1	OSTF1	0.0	0.0	0.0								
gene:DDX39B	gene	DDX39B	DDX39B	DDX39B	0.0	0.0	0.0								
gene:ZKSCAN4	gene	ZKSCAN4	ZKSCAN4	ZKSCAN4	0.0	0.0	0.0								
gene:PELI1	gene	PELI1	PELI1	PELI1	0.0	0.0	0.0								
gene:NUP107	gene	NUP107	NUP107	NUP107	0.0	0.0	0.0								
gene:IFIT2	gene	IFIT2	IFIT2	IFIT2	0.0	0.0	0.0								
gene:FADS6	gene	FADS6	FADS6	FADS6	0.0	0.0	0.0								
gene:ZBTB49	gene	ZBTB49	ZBTB49	ZBTB49	0.0	0.0	0.0								
gene:RTKN	gene	RTKN	RTKN	RTKN	0.0	0.0	0.0								
gene:FGD4	gene	FGD4	FGD4	FGD4	0.0	0.0	0.0								
gene:MARK3	gene	MARK3	MARK3	MARK3	0.0	0.0	0.0								
gene:SETBP1	gene	SETBP1	SETBP1	SETBP1	1.0	1.0	1.0								
gene:LYSMD2	gene	LYSMD2	LYSMD2	LYSMD2	0.0	0.0	0.0								
gene:TRIM16L	gene	TRIM16L	TRIM16L	TRIM16L	0.0	0.0	0.0								
gene:B3GNT5	gene	B3GNT5	B3GNT5	B3GNT5	0.0	0.0	0.0								
gene:SCUBE3	gene	SCUBE3	SCUBE3	SCUBE3	0.0	0.0	0.0								
gene:DLG5	gene	DLG5	DLG5	DLG5	0.0	0.0	0.0								
gene:MYBPC1	gene	MYBPC1	MYBPC1	MYBPC1	0.0	0.0	0.0								
gene:CNOT10	gene	CNOT10	CNOT10	CNOT10	0.0	0.0	0.0								
gene:KIF5A	gene	KIF5A	KIF5A	KIF5A	0.0	0.0	0.0								
gene:CTNNBL1	gene	CTNNBL1	CTNNBL1	CTNNBL1	0.0	0.0	0.0								
gene:DCAF5	gene	DCAF5	DCAF5	DCAF5	0.0	0.0	0.0								
gene:LGI1	gene	LGI1	LGI1	LGI1	0.0	0.0	0.0								
gene:KIDINS220	gene	KIDINS220	KIDINS220	KIDINS220	0.0	0.0	0.0								
gene:TPD52	gene	TPD52	TPD52	TPD52	0.0	0.0	0.0								
gene:SEMA6C	gene	SEMA6C	SEMA6C	SEMA6C	0.0	0.0	0.0								
gene:CTSA	gene	CTSA	CTSA	CTSA	0.0	0.0	0.0								
gene:MIR7-3HG	gene	MIR7-3HG	MIR7-3HG	MIR7-3HG	0.0	0.0	0.0								
gene:SETD3	gene	SETD3	SETD3	SETD3	0.0	0.0	0.0								
gene:ZKSCAN3	gene	ZKSCAN3	ZKSCAN3	ZKSCAN3	0.0	0.0	0.0								
gene:MASP1	gene	MASP1	MASP1	MASP1	0.0	0.0	0.0								
gene:MT1E	gene	MT1E	MT1E	MT1E	0.0	0.0	0.0								
gene:NUDT18	gene	NUDT18	NUDT18	NUDT18	0.0	0.0	0.0								
gene:ZIK1	gene	ZIK1	ZIK1	ZIK1	0.0	0.0	0.0								
gene:AQP4	gene	AQP4	AQP4	AQP4	0.0	0.0	0.0								
gene:DPF1	gene	DPF1	DPF1	DPF1	0.0	0.0	0.0								
gene:ZNF776	gene	ZNF776	ZNF776	ZNF776	0.0	0.0	0.0								
gene:RCAN2	gene	RCAN2	RCAN2	RCAN2	0.0	0.0	0.0								
gene:ALDOA	gene	ALDOA	ALDOA	ALDOA	0.0	0.0	0.0								
gene:ICK	gene	ICK	ICK	ICK	0.0	0.0	0.0								
gene:SCPEP1	gene	SCPEP1	SCPEP1	SCPEP1	0.0	0.0	0.0								
gene:HEXIM1	gene	HEXIM1	HEXIM1	HEXIM1	0.0	0.0	0.0								
gene:ZNF568	gene	ZNF568	ZNF568	ZNF568	0.0	0.0	0.0								
gene:EHMT1	gene	EHMT1	EHMT1	EHMT1	1.0	1.0	1.0								
gene:PODXL2	gene	PODXL2	PODXL2	PODXL2	0.0	0.0	0.0								
gene:PASK	gene	PASK	PASK	PASK	0.0	0.0	0.0								
gene:NEFH	gene	NEFH	NEFH	NEFH	0.0	0.0	0.0								
gene:ATRIP	gene	ATRIP	ATRIP	ATRIP	0.0	0.0	0.0								
gene:B2M	gene	B2M	B2M	B2M	0.0	0.0	0.0								
gene:RSL1D1	gene	RSL1D1	RSL1D1	RSL1D1	0.0	0.0	0.0								
gene:ASGR1	gene	ASGR1	ASGR1	ASGR1	0.0	0.0	0.0								
gene:MCPH1	gene	MCPH1	MCPH1	MCPH1	1.0	0.0	1.0								
gene:ZCCHC7	gene	ZCCHC7	ZCCHC7	ZCCHC7	0.0	0.0	0.0								
gene:CCM2	gene	CCM2	CCM2	CCM2	0.0	0.0	0.0								
gene:ARL10	gene	ARL10	ARL10	ARL10	0.0	0.0	0.0								
gene:DNAJC9	gene	DNAJC9	DNAJC9	DNAJC9	0.0	0.0	0.0								
gene:KCTD15	gene	KCTD15	KCTD15	KCTD15	0.0	0.0	0.0								
gene:CDC42EP3	gene	CDC42EP3	CDC42EP3	CDC42EP3	0.0	0.0	0.0								
gene:ZNRF1	gene	ZNRF1	ZNRF1	ZNRF1	0.0	0.0	0.0								
gene:ZNF333	gene	ZNF333	ZNF333	ZNF333	0.0	0.0	0.0								
gene:CAMTA2	gene	CAMTA2	CAMTA2	CAMTA2	1.0	1.0	1.0								
gene:ZNF430	gene	ZNF430	ZNF430	ZNF430	0.0	0.0	0.0								
gene:PRPF6	gene	PRPF6	PRPF6	PRPF6	0.0	0.0	0.0								
gene:JDP2	gene	JDP2	JDP2	JDP2	0.0	0.0	0.0								
gene:AK5	gene	AK5	AK5	AK5	0.0	0.0	0.0								
gene:ZFP14	gene	ZFP14	ZFP14	ZFP14	0.0	0.0	0.0								
gene:CYP2R1	gene	CYP2R1	CYP2R1	CYP2R1	0.0	0.0	0.0								
gene:PER3	gene	PER3	PER3	PER3	0.0	0.0	0.0								
gene:YTHDF2	gene	YTHDF2	YTHDF2	YTHDF2	0.0	0.0	0.0								
gene:PMP22	gene	PMP22	PMP22	PMP22	0.0	0.0	0.0								
gene:CACNB2	gene	CACNB2	CACNB2	CACNB2	1.0	0.0	1.0								
gene:POLD3	gene	POLD3	POLD3	POLD3	0.0	0.0	0.0								
gene:RASD2	gene	RASD2	RASD2	RASD2	0.0	0.0	0.0								
gene:RETSAT	gene	RETSAT	RETSAT	RETSAT	0.0	0.0	0.0								
gene:GTPBP1	gene	GTPBP1	GTPBP1	GTPBP1	0.0	0.0	0.0								
gene:ADAMTS8	gene	ADAMTS8	ADAMTS8	ADAMTS8	0.0	0.0	0.0								
gene:DLL3	gene	DLL3	DLL3	DLL3	0.0	0.0	0.0								
gene:RPS15A	gene	RPS15A	RPS15A	RPS15A	0.0	0.0	0.0								
gene:SNRPF	gene	SNRPF	SNRPF	SNRPF	0.0	0.0	0.0								
gene:ARRDC3	gene	ARRDC3	ARRDC3	ARRDC3	0.0	0.0	0.0								
gene:SLC17A7	gene	SLC17A7	SLC17A7	SLC17A7	0.0	0.0	0.0								
gene:POLDIP3	gene	POLDIP3	POLDIP3	POLDIP3	0.0	0.0	0.0								
gene:RPS19	gene	RPS19	RPS19	RPS19	0.0	0.0	0.0								
gene:HDAC11	gene	HDAC11	HDAC11	HDAC11	0.0	0.0	0.0								
gene:SOX2-OT	gene	SOX2-OT	SOX2-OT	SOX2-OT	0.0	0.0	0.0								
gene:SUFU	gene	SUFU	SUFU	SUFU	0.0	0.0	0.0								
gene:RLF	gene	RLF	RLF	RLF	0.0	0.0	0.0								
gene:ERBB3	gene	ERBB3	ERBB3	ERBB3	0.0	0.0	0.0								
gene:USP10	gene	USP10	USP10	USP10	0.0	0.0	0.0								
gene:MT1M	gene	MT1M	MT1M	MT1M	0.0	0.0	0.0								
gene:HNRNPD	gene	HNRNPD	HNRNPD	HNRNPD	1.0	1.0	1.0								
gene:MED1	gene	MED1	MED1	MED1	0.0	0.0	0.0								
gene:ZNF581	gene	ZNF581	ZNF581	ZNF581	0.0	0.0	0.0								
gene:FARP1	gene	FARP1	FARP1	FARP1	0.0	0.0	0.0								
gene:WFDC1	gene	WFDC1	WFDC1	WFDC1	0.0	0.0	0.0								
gene:GPR155	gene	GPR155	GPR155	GPR155	0.0	0.0	0.0								
gene:ZNF620	gene	ZNF620	ZNF620	ZNF620	0.0	0.0	0.0								
gene:SLC6A1	gene	SLC6A1	SLC6A1	SLC6A1	1.0	1.0	1.0								
gene:MTF2	gene	MTF2	MTF2	MTF2	0.0	0.0	0.0								
gene:PRKCG	gene	PRKCG	PRKCG	PRKCG	0.0	0.0	0.0								
gene:KCTD5	gene	KCTD5	KCTD5	KCTD5	0.0	0.0	0.0								
gene:FANCF	gene	FANCF	FANCF	FANCF	0.0	0.0	0.0								
gene:ZBED5	gene	ZBED5	ZBED5	ZBED5	0.0	0.0	0.0								
gene:SDK1	gene	SDK1	SDK1	SDK1	0.0	0.0	0.0								
gene:ZNF527	gene	ZNF527	ZNF527	ZNF527	0.0	0.0	0.0								
gene:RCOR1	gene	RCOR1	RCOR1	RCOR1	0.0	0.0	0.0								
gene:KATNA1	gene	KATNA1	KATNA1	KATNA1	0.0	0.0	0.0								
gene:PAQR8	gene	PAQR8	PAQR8	PAQR8	0.0	0.0	0.0								
gene:NDRG2	gene	NDRG2	NDRG2	NDRG2	0.0	0.0	0.0								
gene:KCNIP2	gene	KCNIP2	KCNIP2	KCNIP2	0.0	0.0	0.0								
gene:ELOVL1	gene	ELOVL1	ELOVL1	ELOVL1	0.0	0.0	0.0								
gene:KLHL21	gene	KLHL21	KLHL21	KLHL21	0.0	0.0	0.0								
gene:PMP2	gene	PMP2	PMP2	PMP2	0.0	0.0	0.0								
gene:KARS	gene	KARS	KARS	KARS	0.0	0.0	0.0								
gene:RMI1	gene	RMI1	RMI1	RMI1	0.0	0.0	0.0								
gene:ACOT4	gene	ACOT4	ACOT4	ACOT4	0.0	0.0	0.0								
gene:RILP	gene	RILP	RILP	RILP	0.0	0.0	0.0								
gene:SHANK3	gene	SHANK3	SHANK3	SHANK3	1.0	1.0	1.0								
gene:PRR13	gene	PRR13	PRR13	PRR13	0.0	0.0	0.0								
gene:FAM47E	gene	FAM47E	FAM47E	FAM47E	0.0	0.0	0.0								
gene:TAPBP	gene	TAPBP	TAPBP	TAPBP	0.0	0.0	0.0								
gene:ARAP2	gene	ARAP2	ARAP2	ARAP2	0.0	0.0	0.0								
gene:ENAH	gene	ENAH	ENAH	ENAH	0.0	0.0	0.0								
gene:C14ORF93	gene	C14ORF93	C14orf93	C14ORF93	0.0	0.0	0.0								
gene:ZNF671	gene	ZNF671	ZNF671	ZNF671	0.0	0.0	0.0								
gene:DHX9	gene	DHX9	DHX9	DHX9	1.0	1.0	1.0								
gene:KCTD12	gene	KCTD12	KCTD12	KCTD12	0.0	0.0	0.0								
gene:FRMD4B	gene	FRMD4B	FRMD4B	FRMD4B	0.0	0.0	0.0								
gene:STAC2	gene	STAC2	STAC2	STAC2	0.0	0.0	0.0								
gene:NEK7	gene	NEK7	NEK7	NEK7	0.0	0.0	0.0								
gene:HRH3	gene	HRH3	HRH3	HRH3	0.0	0.0	0.0								
gene:TPPP	gene	TPPP	TPPP	TPPP	0.0	0.0	0.0								
gene:RAB11FIP5	gene	RAB11FIP5	RAB11FIP5	RAB11FIP5	1.0	0.0	1.0								
gene:NINL	gene	NINL	NINL	NINL	1.0	0.0	1.0								
gene:CBR1	gene	CBR1	CBR1	CBR1	0.0	0.0	0.0								
gene:PKP4	gene	PKP4	PKP4	PKP4	0.0	0.0	0.0								
gene:SYT6	gene	SYT6	SYT6	SYT6	0.0	0.0	0.0								
gene:ZNF320	gene	ZNF320	ZNF320	ZNF320	0.0	0.0	0.0								
gene:PTGDS	gene	PTGDS	PTGDS	PTGDS	0.0	0.0	0.0								
gene:RPS23	gene	RPS23	RPS23	RPS23	0.0	0.0	0.0								
gene:IL6ST	gene	IL6ST	IL6ST	IL6ST	0.0	0.0	0.0								
gene:SLC30A3	gene	SLC30A3	SLC30A3	SLC30A3	0.0	0.0	0.0								
gene:CYTH2	gene	CYTH2	CYTH2	CYTH2	0.0	0.0	0.0								
gene:PGBD1	gene	PGBD1	PGBD1	PGBD1	0.0	0.0	0.0								
gene:CLMP	gene	CLMP	CLMP	CLMP	0.0	0.0	0.0								
gene:NEO1	gene	NEO1	NEO1	NEO1	1.0	0.0	1.0								
gene:TNFSF12	gene	TNFSF12	TNFSF12	TNFSF12	0.0	0.0	0.0								
gene:UBE2I	gene	UBE2I	UBE2I	UBE2I	0.0	0.0	0.0								
gene:ATXN7L1	gene	ATXN7L1	ATXN7L1	ATXN7L1	0.0	0.0	0.0								
gene:SLC9A2	gene	SLC9A2	SLC9A2	SLC9A2	0.0	0.0	0.0								
gene:ZNF697	gene	ZNF697	ZNF697	ZNF697	0.0	0.0	0.0								
gene:POU3F2	gene	POU3F2	POU3F2	POU3F2	0.0	0.0	0.0								
gene:ZNF85	gene	ZNF85	ZNF85	ZNF85	0.0	0.0	0.0								
gene:ZNF260	gene	ZNF260	ZNF260	ZNF260	0.0	0.0	0.0								
gene:ALKBH6	gene	ALKBH6	ALKBH6	ALKBH6	0.0	0.0	0.0								
gene:ALKBH2	gene	ALKBH2	ALKBH2	ALKBH2	0.0	0.0	0.0								
gene:DYSF	gene	DYSF	DYSF	DYSF	0.0	0.0	0.0								
gene:ARHGDIG	gene	ARHGDIG	ARHGDIG	ARHGDIG	0.0	0.0	0.0								
gene:CAMK2G	gene	CAMK2G	CAMK2G	CAMK2G	0.0	0.0	0.0								
gene:PCDHB15	gene	PCDHB15	PCDHB15	PCDHB15	0.0	0.0	0.0								
gene:CHD3	gene	CHD3	CHD3	CHD3	1.0	1.0	1.0								
gene:TCTA	gene	TCTA	TCTA	TCTA	0.0	0.0	0.0								
gene:RILPL2	gene	RILPL2	RILPL2	RILPL2	0.0	0.0	0.0								
gene:HR	gene	HR	HR	HR	0.0	0.0	0.0								
gene:NFYA	gene	NFYA	NFYA	NFYA	0.0	0.0	0.0								
gene:BCL11A	gene	BCL11A	BCL11A	BCL11A	1.0	1.0	1.0								
gene:SET	gene	SET	SET	SET	1.0	0.0	1.0								
gene:CLDND1	gene	CLDND1	CLDND1	CLDND1	0.0	0.0	0.0								
gene:VEZF1	gene	VEZF1	VEZF1	VEZF1	1.0	1.0	1.0								
gene:MICAL2	gene	MICAL2	MICAL2	MICAL2	0.0	0.0	0.0								
gene:SAMD4A	gene	SAMD4A	SAMD4A	SAMD4A	0.0	0.0	0.0								
gene:NCKAP5	gene	NCKAP5	NCKAP5	NCKAP5	1.0	0.0	1.0								
gene:TP53RK	gene	TP53RK	TP53RK	TP53RK	0.0	0.0	0.0								
gene:TRAF3IP2-AS1	gene	TRAF3IP2-AS1	TRAF3IP2-AS1	TRAF3IP2-AS1	0.0	0.0	0.0								
gene:KCTD8	gene	KCTD8	KCTD8	KCTD8	0.0	0.0	0.0								
gene:PTHLH	gene	PTHLH	PTHLH	PTHLH	0.0	0.0	0.0								
gene:ISG20L2	gene	ISG20L2	ISG20L2	ISG20L2	0.0	0.0	0.0								
gene:STK32B	gene	STK32B	STK32B	STK32B	0.0	0.0	0.0								
gene:SH3GLB1	gene	SH3GLB1	SH3GLB1	SH3GLB1	0.0	0.0	0.0								
gene:RPLP2	gene	RPLP2	RPLP2	RPLP2	0.0	0.0	0.0								
gene:WDR20	gene	WDR20	WDR20	WDR20	0.0	0.0	0.0								
gene:PGLS	gene	PGLS	PGLS	PGLS	0.0	0.0	0.0								
gene:PHYHIP	gene	PHYHIP	PHYHIP	PHYHIP	0.0	0.0	0.0								
gene:SNCAIP	gene	SNCAIP	SNCAIP	SNCAIP	1.0	0.0	0.0								
gene:DDX5	gene	DDX5	DDX5	DDX5	0.0	0.0	0.0								
gene:GJC2	gene	GJC2	GJC2	GJC2	0.0	0.0	0.0								
gene:NRF1	gene	NRF1	NRF1	NRF1	0.0	0.0	0.0								
gene:DBP	gene	DBP	DBP	DBP	0.0	0.0	0.0								
gene:TRIM27	gene	TRIM27	TRIM27	TRIM27	0.0	0.0	0.0								
gene:ARHGAP10	gene	ARHGAP10	ARHGAP10	ARHGAP10	0.0	0.0	0.0								
gene:CAMK2N1	gene	CAMK2N1	CAMK2N1	CAMK2N1	0.0	0.0	0.0								
gene:CNPPD1	gene	CNPPD1	CNPPD1	CNPPD1	0.0	0.0	0.0								
gene:DHRS13	gene	DHRS13	DHRS13	DHRS13	0.0	0.0	0.0								
gene:PRRT3	gene	PRRT3	PRRT3	PRRT3	0.0	0.0	0.0								
gene:ZNF212	gene	ZNF212	ZNF212	ZNF212	0.0	0.0	0.0								
gene:DAZAP1	gene	DAZAP1	DAZAP1	DAZAP1	0.0	0.0	0.0								
gene:PLEKHA2	gene	PLEKHA2	PLEKHA2	PLEKHA2	0.0	0.0	0.0								
gene:GNG7	gene	GNG7	GNG7	GNG7	0.0	0.0	0.0								
gene:ZNF33A	gene	ZNF33A	ZNF33A	ZNF33A	0.0	0.0	0.0								
gene:SERINC3	gene	SERINC3	SERINC3	SERINC3	0.0	0.0	0.0								
gene:SCRG1	gene	SCRG1	SCRG1	SCRG1	0.0	0.0	0.0								
gene:SPEF1	gene	SPEF1	SPEF1	SPEF1	0.0	0.0	0.0								
gene:HRK	gene	HRK	HRK	HRK	0.0	0.0	0.0								
gene:TIGD7	gene	TIGD7	TIGD7	TIGD7	0.0	0.0	0.0								
gene:SLC5A11	gene	SLC5A11	SLC5A11	SLC5A11	0.0	0.0	0.0								
gene:COPS7A	gene	COPS7A	COPS7A	COPS7A	0.0	0.0	0.0								
gene:FBLN1	gene	FBLN1	FBLN1	FBLN1	0.0	0.0	0.0								
gene:ANKRD50	gene	ANKRD50	ANKRD50	ANKRD50	0.0	0.0	0.0								
gene:HNRNPL	gene	HNRNPL	HNRNPL	HNRNPL	1.0	0.0	0.0								
gene:PRKCQ	gene	PRKCQ	PRKCQ	PRKCQ	0.0	0.0	0.0								
gene:RPL6	gene	RPL6	RPL6	RPL6	0.0	0.0	0.0								
gene:H1FX	gene	H1FX	H1FX	H1FX	0.0	0.0	0.0								
gene:CD9	gene	CD9	CD9	CD9	0.0	0.0	0.0								
gene:PLA2G4C	gene	PLA2G4C	PLA2G4C	PLA2G4C	0.0	0.0	0.0								
gene:NSG1	gene	NSG1	NSG1	NSG1	0.0	0.0	0.0								
gene:CCDC28A	gene	CCDC28A	CCDC28A	CCDC28A	0.0	0.0	0.0								
gene:TYW3	gene	TYW3	TYW3	TYW3	0.0	0.0	0.0								
gene:TSPAN15	gene	TSPAN15	TSPAN15	TSPAN15	0.0	0.0	0.0								
gene:SEMA3C	gene	SEMA3C	SEMA3C	SEMA3C	0.0	0.0	0.0								
gene:INTS7	gene	INTS7	INTS7	INTS7	0.0	0.0	0.0								
gene:HOPX	gene	HOPX	HOPX	HOPX	0.0	0.0	0.0								
gene:NTSR2	gene	NTSR2	NTSR2	NTSR2	0.0	0.0	0.0								
gene:DGKB	gene	DGKB	DGKB	DGKB	0.0	0.0	0.0								
gene:MARCH4	gene	MARCH4	MARCH4	MARCH4	0.0	0.0	0.0								
gene:OLIG1	gene	OLIG1	OLIG1	OLIG1	0.0	0.0	0.0								
gene:TRPM2	gene	TRPM2	TRPM2	TRPM2	0.0	0.0	0.0								
gene:ARHGAP24	gene	ARHGAP24	ARHGAP24	ARHGAP24	0.0	0.0	0.0								
gene:IRF2BP2	gene	IRF2BP2	IRF2BP2	IRF2BP2	0.0	0.0	0.0								
gene:MOSPD3	gene	MOSPD3	MOSPD3	MOSPD3	0.0	0.0	0.0								
gene:P2RX7	gene	P2RX7	P2RX7	P2RX7	0.0	0.0	0.0								
gene:PPIP5K2	gene	PPIP5K2	PPIP5K2	PPIP5K2	0.0	0.0	0.0								
gene:CTCF	gene	CTCF	CTCF	CTCF	1.0	1.0	1.0								
gene:GM2A	gene	GM2A	GM2A	GM2A	0.0	0.0	0.0								
gene:CNNM1	gene	CNNM1	CNNM1	CNNM1	0.0	0.0	0.0								
gene:CNP	gene	CNP	CNP	CNP	0.0	0.0	0.0								
gene:POP1	gene	POP1	POP1	POP1	0.0	0.0	0.0								
gene:RPS11	gene	RPS11	RPS11	RPS11	0.0	0.0	0.0								
gene:PCBP2	gene	PCBP2	PCBP2	PCBP2	0.0	0.0	0.0								
gene:ALAD	gene	ALAD	ALAD	ALAD	0.0	0.0	0.0								
gene:EPM2A	gene	EPM2A	EPM2A	EPM2A	0.0	0.0	0.0								
gene:ATF7IP	gene	ATF7IP	ATF7IP	ATF7IP	0.0	0.0	0.0								
gene:PDE9A	gene	PDE9A	PDE9A	PDE9A	0.0	0.0	0.0								
gene:PHC1	gene	PHC1	PHC1	PHC1	0.0	0.0	0.0								
gene:RSPH1	gene	RSPH1	RSPH1	RSPH1	0.0	0.0	0.0								
gene:TAF5L	gene	TAF5L	TAF5L	TAF5L	0.0	0.0	0.0								
gene:ABTB1	gene	ABTB1	ABTB1	ABTB1	0.0	0.0	0.0								
gene:ZWILCH	gene	ZWILCH	ZWILCH	ZWILCH	1.0	0.0	1.0								
gene:FEZF2	gene	FEZF2	FEZF2	FEZF2	1.0	0.0	1.0								
gene:ASPHD1	gene	ASPHD1	ASPHD1	ASPHD1	0.0	0.0	0.0								
gene:UNC80	gene	UNC80	UNC80	UNC80	1.0	0.0	1.0								
gene:GNL2	gene	GNL2	GNL2	GNL2	0.0	0.0	0.0								
gene:SEMA3B	gene	SEMA3B	SEMA3B	SEMA3B	0.0	0.0	0.0								
gene:STX2	gene	STX2	STX2	STX2	0.0	0.0	0.0								
gene:ZNF678	gene	ZNF678	ZNF678	ZNF678	0.0	0.0	0.0								
gene:PEX13	gene	PEX13	PEX13	PEX13	0.0	0.0	0.0								
gene:ZNF433	gene	ZNF433	ZNF433	ZNF433	0.0	0.0	0.0								
gene:TP53I11	gene	TP53I11	TP53I11	TP53I11	0.0	0.0	0.0								
gene:BHLHE40	gene	BHLHE40	BHLHE40	BHLHE40	0.0	0.0	0.0								
gene:GLE1	gene	GLE1	GLE1	GLE1	0.0	0.0	0.0								
gene:ZNF543	gene	ZNF543	ZNF543	ZNF543	0.0	0.0	0.0								
gene:RIMS2	gene	RIMS2	RIMS2	RIMS2	1.0	1.0	1.0								
gene:MED26	gene	MED26	MED26	MED26	0.0	0.0	0.0								
gene:U2AF2	gene	U2AF2	U2AF2	U2AF2	1.0	0.0	0.0								
gene:ZBTB2	gene	ZBTB2	ZBTB2	ZBTB2	0.0	0.0	0.0								
gene:ACVR2B	gene	ACVR2B	ACVR2B	ACVR2B	0.0	0.0	0.0								
gene:PITPNM3	gene	PITPNM3	PITPNM3	PITPNM3	0.0	0.0	0.0								
gene:XRCC5	gene	XRCC5	XRCC5	XRCC5	0.0	0.0	0.0								
gene:C9ORF64	gene	C9ORF64	C9orf64	C9ORF64	0.0	0.0	0.0								
gene:ZNF33B	gene	ZNF33B	ZNF33B	ZNF33B	0.0	0.0	0.0								
gene:DHX58	gene	DHX58	DHX58	DHX58	0.0	0.0	0.0								
gene:PLA2G4A	gene	PLA2G4A	PLA2G4A	PLA2G4A	0.0	0.0	0.0								
gene:FUS	gene	FUS	FUS	FUS	0.0	0.0	0.0								
gene:PSAP	gene	PSAP	PSAP	PSAP	0.0	0.0	0.0								
gene:ZNF614	gene	ZNF614	ZNF614	ZNF614	0.0	0.0	0.0								
gene:KLF6	gene	KLF6	KLF6	KLF6	0.0	0.0	0.0								
gene:NUP205	gene	NUP205	NUP205	NUP205	0.0	0.0	0.0								
gene:SCN4B	gene	SCN4B	SCN4B	SCN4B	0.0	0.0	0.0								
gene:NCEH1	gene	NCEH1	NCEH1	NCEH1	0.0	0.0	0.0								
gene:RPL11	gene	RPL11	RPL11	RPL11	0.0	0.0	0.0								
gene:LATS1	gene	LATS1	LATS1	LATS1	0.0	0.0	0.0								
gene:ENSA	gene	ENSA	ENSA	ENSA	0.0	0.0	0.0								
gene:MARCH3	gene	MARCH3	MARCH3	MARCH3	0.0	0.0	0.0								
gene:GPSM1	gene	GPSM1	GPSM1	GPSM1	0.0	0.0	0.0								
gene:ZMYM1	gene	ZMYM1	ZMYM1	ZMYM1	0.0	0.0	0.0								
gene:LIMK2	gene	LIMK2	LIMK2	LIMK2	0.0	0.0	0.0								
gene:ALMS1	gene	ALMS1	ALMS1	ALMS1	0.0	0.0	0.0								
gene:NCOA5	gene	NCOA5	NCOA5	NCOA5	0.0	0.0	0.0								
gene:DUSP18	gene	DUSP18	DUSP18	DUSP18	0.0	0.0	0.0								
gene:BIVM	gene	BIVM	BIVM	BIVM	0.0	0.0	0.0								
gene:RPL18A	gene	RPL18A	RPL18A	RPL18A	0.0	0.0	0.0								
gene:CAST	gene	CAST	CAST	CAST	0.0	0.0	0.0								
gene:MPPED2	gene	MPPED2	MPPED2	MPPED2	0.0	0.0	0.0								
gene:RPRM	gene	RPRM	RPRM	RPRM	0.0	0.0	0.0								
gene:NDRG4	gene	NDRG4	NDRG4	NDRG4	0.0	0.0	0.0								
gene:UBTF	gene	UBTF	UBTF	UBTF	0.0	0.0	0.0								
gene:PRUNE2	gene	PRUNE2	PRUNE2	PRUNE2	1.0	0.0	1.0								
gene:HERC6	gene	HERC6	HERC6	HERC6	0.0	0.0	0.0								
gene:FAM171A2	gene	FAM171A2	FAM171A2	FAM171A2	0.0	0.0	0.0								
gene:BTN3A3	gene	BTN3A3	BTN3A3	BTN3A3	0.0	0.0	0.0								
gene:ZBTB6	gene	ZBTB6	ZBTB6	ZBTB6	0.0	0.0	0.0								
gene:PLXDC1	gene	PLXDC1	PLXDC1	PLXDC1	0.0	0.0	0.0								
gene:SYT17	gene	SYT17	SYT17	SYT17	1.0	0.0	1.0								
gene:HSF2	gene	HSF2	HSF2	HSF2	0.0	0.0	0.0								
gene:C19ORF44	gene	C19ORF44	C19orf44	C19ORF44	0.0	0.0	0.0								
gene:ADAMTS4	gene	ADAMTS4	ADAMTS4	ADAMTS4	0.0	0.0	0.0								
gene:SLC6A12	gene	SLC6A12	SLC6A12	SLC6A12	0.0	0.0	0.0								
gene:TPP1	gene	TPP1	TPP1	TPP1	0.0	0.0	0.0								
gene:ARHGAP33	gene	ARHGAP33	ARHGAP33	ARHGAP33	0.0	0.0	0.0								
gene:CLIP4	gene	CLIP4	CLIP4	CLIP4	0.0	0.0	0.0								
gene:FCF1	gene	FCF1	FCF1	FCF1	0.0	0.0	0.0								
gene:ZBTB9	gene	ZBTB9	ZBTB9	ZBTB9	0.0	0.0	0.0								
gene:CCDC28B	gene	CCDC28B	CCDC28B	CCDC28B	0.0	0.0	0.0								
gene:MFAP3	gene	MFAP3	MFAP3	MFAP3	0.0	0.0	0.0								
gene:SPOCK3	gene	SPOCK3	SPOCK3	SPOCK3	0.0	0.0	0.0								
gene:AKAP13	gene	AKAP13	AKAP13	AKAP13	0.0	0.0	0.0								
gene:TMEM235	gene	TMEM235	TMEM235	TMEM235	0.0	0.0	0.0								
gene:PES1	gene	PES1	PES1	PES1	0.0	0.0	0.0								
gene:SPATA5L1	gene	SPATA5L1	SPATA5L1	SPATA5L1	0.0	0.0	0.0								
gene:ZNF701	gene	ZNF701	ZNF701	ZNF701	0.0	0.0	0.0								
gene:ST7	gene	ST7	ST7	ST7	1.0	0.0	1.0								
gene:SPAST	gene	SPAST	SPAST	SPAST	1.0	1.0	1.0								
gene:FCHSD2	gene	FCHSD2	FCHSD2	FCHSD2	0.0	0.0	0.0								
gene:C10ORF90	gene	C10ORF90	C10orf90	C10ORF90	0.0	0.0	0.0								
gene:ASS1	gene	ASS1	ASS1	ASS1	0.0	0.0	0.0								
gene:TET2	gene	TET2	TET2	TET2	1.0	0.0	1.0								
gene:PRMT1	gene	PRMT1	PRMT1	PRMT1	0.0	0.0	0.0								
gene:SUV39H2	gene	SUV39H2	SUV39H2	SUV39H2	0.0	0.0	0.0								
gene:ERMP1	gene	ERMP1	ERMP1	ERMP1	0.0	0.0	0.0								
gene:RNF13	gene	RNF13	RNF13	RNF13	0.0	0.0	0.0								
gene:RBMXL1	gene	RBMXL1	RBMXL1	RBMXL1	0.0	0.0	0.0								
gene:ZCCHC14	gene	ZCCHC14	ZCCHC14	ZCCHC14	0.0	0.0	0.0								
gene:ZNF304	gene	ZNF304	ZNF304	ZNF304	0.0	0.0	0.0								
gene:HLA-DPA1	gene	HLA-DPA1	HLA-DPA1	HLA-DPA1	0.0	0.0	0.0								
gene:ZNF398	gene	ZNF398	ZNF398	ZNF398	0.0	0.0	0.0								
gene:SVIP	gene	SVIP	SVIP	SVIP	0.0	0.0	0.0								
gene:TIGD5	gene	TIGD5	TIGD5	TIGD5	0.0	0.0	0.0								
gene:GOT1	gene	GOT1	GOT1	GOT1	0.0	0.0	0.0								
gene:PTOV1	gene	PTOV1	PTOV1	PTOV1	0.0	0.0	0.0								
gene:CYP2J2	gene	CYP2J2	CYP2J2	CYP2J2	0.0	0.0	0.0								
gene:QSER1	gene	QSER1	QSER1	QSER1	0.0	0.0	0.0								
gene:PLEKHM2	gene	PLEKHM2	PLEKHM2	PLEKHM2	0.0	0.0	0.0								
gene:TMEM54	gene	TMEM54	TMEM54	TMEM54	0.0	0.0	0.0								
gene:HTRA1	gene	HTRA1	HTRA1	HTRA1	0.0	0.0	0.0								
gene:LRRK2	gene	LRRK2	LRRK2	LRRK2	0.0	0.0	0.0								
gene:FHDC1	gene	FHDC1	FHDC1	FHDC1	0.0	0.0	0.0								
gene:ZNF488	gene	ZNF488	ZNF488	ZNF488	0.0	0.0	0.0								
gene:RASGRF2	gene	RASGRF2	RASGRF2	RASGRF2	0.0	0.0	0.0								
gene:ENPP5	gene	ENPP5	ENPP5	ENPP5	0.0	0.0	0.0								
gene:KLHDC9	gene	KLHDC9	KLHDC9	KLHDC9	0.0	0.0	0.0								
gene:WSCD2	gene	WSCD2	WSCD2	WSCD2	0.0	0.0	0.0								
gene:MXRA7	gene	MXRA7	MXRA7	MXRA7	0.0	0.0	0.0								
gene:THSD7B	gene	THSD7B	THSD7B	THSD7B	0.0	0.0	0.0								
gene:LY86-AS1	gene	LY86-AS1	LY86-AS1	LY86-AS1	0.0	0.0	0.0								
gene:HSPB3	gene	HSPB3	HSPB3	HSPB3	0.0	0.0	0.0								
gene:PAPOLG	gene	PAPOLG	PAPOLG	PAPOLG	1.0	0.0	1.0								
gene:COIL	gene	COIL	COIL	COIL	0.0	0.0	0.0								
gene:HNRNPU	gene	HNRNPU	HNRNPU	HNRNPU	1.0	1.0	1.0								
gene:BTBD7	gene	BTBD7	BTBD7	BTBD7	0.0	0.0	0.0								
gene:GPR12	gene	GPR12	GPR12	GPR12	0.0	0.0	0.0								
gene:ZNF454	gene	ZNF454	ZNF454	ZNF454	0.0	0.0	0.0								
gene:ENPP6	gene	ENPP6	ENPP6	ENPP6	0.0	0.0	0.0								
gene:FTSJ3	gene	FTSJ3	FTSJ3	FTSJ3	0.0	0.0	0.0								
gene:ZNF43	gene	ZNF43	ZNF43	ZNF43	0.0	0.0	0.0								
gene:KLHL7	gene	KLHL7	KLHL7	KLHL7	0.0	0.0	0.0								
gene:EIF3E	gene	EIF3E	EIF3E	EIF3E	0.0	0.0	0.0								
gene:PCDHB8	gene	PCDHB8	PCDHB8	PCDHB8	0.0	0.0	0.0								
gene:S100A6	gene	S100A6	S100A6	S100A6	0.0	0.0	0.0								
gene:ZNF92	gene	ZNF92	ZNF92	ZNF92	0.0	0.0	0.0								
gene:ZNF644	gene	ZNF644	ZNF644	ZNF644	1.0	0.0	0.0								
gene:BMPR1A	gene	BMPR1A	BMPR1A	BMPR1A	0.0	0.0	0.0								
gene:GABPB1	gene	GABPB1	GABPB1	GABPB1	0.0	0.0	0.0								
gene:TRA2A	gene	TRA2A	TRA2A	TRA2A	0.0	0.0	0.0								
gene:ZFP28	gene	ZFP28	ZFP28	ZFP28	0.0	0.0	0.0								
gene:SERBP1	gene	SERBP1	SERBP1	SERBP1	0.0	0.0	0.0								
gene:APAF1	gene	APAF1	APAF1	APAF1	0.0	0.0	0.0								
gene:ICAM5	gene	ICAM5	ICAM5	ICAM5	0.0	0.0	0.0								
gene:PBX1	gene	PBX1	PBX1	PBX1	1.0	0.0	1.0								
gene:KREMEN2	gene	KREMEN2	KREMEN2	KREMEN2	0.0	0.0	0.0								
gene:THRAP3	gene	THRAP3	THRAP3	THRAP3	0.0	0.0	0.0								
gene:ANKRD9	gene	ANKRD9	ANKRD9	ANKRD9	0.0	0.0	0.0								
gene:ANKRD13B	gene	ANKRD13B	ANKRD13B	ANKRD13B	0.0	0.0	0.0								
gene:CAPS2	gene	CAPS2	CAPS2	CAPS2	0.0	0.0	0.0								
gene:VSNL1	gene	VSNL1	VSNL1	VSNL1	0.0	0.0	0.0								
gene:MAPK4	gene	MAPK4	MAPK4	MAPK4	0.0	0.0	0.0								
gene:TRNAU1AP	gene	TRNAU1AP	TRNAU1AP	TRNAU1AP	0.0	0.0	0.0								
gene:TSPAN33	gene	TSPAN33	TSPAN33	TSPAN33	0.0	0.0	0.0								
gene:DCAF8	gene	DCAF8	DCAF8	DCAF8	0.0	0.0	0.0								
gene:YPEL1	gene	YPEL1	YPEL1	YPEL1	0.0	0.0	0.0								
gene:H3F3A	gene	H3F3A	H3F3A	H3F3A	0.0	0.0	0.0								
gene:HERPUD1	gene	HERPUD1	HERPUD1	HERPUD1	0.0	0.0	0.0								
gene:RCOR2	gene	RCOR2	RCOR2	RCOR2	0.0	0.0	0.0								
gene:INPP4B	gene	INPP4B	INPP4B	INPP4B	0.0	0.0	0.0								
gene:PPP6R1	gene	PPP6R1	PPP6R1	PPP6R1	0.0	0.0	0.0								
gene:PRPF40A	gene	PRPF40A	PRPF40A	PRPF40A	0.0	0.0	0.0								
gene:SF3B2	gene	SF3B2	SF3B2	SF3B2	0.0	0.0	0.0								
gene:RPL7A	gene	RPL7A	RPL7A	RPL7A	0.0	0.0	0.0								
gene:PRRT1	gene	PRRT1	PRRT1	PRRT1	0.0	0.0	0.0								
gene:BAALC	gene	BAALC	BAALC	BAALC	0.0	0.0	0.0								
gene:ABHD12B	gene	ABHD12B	ABHD12B	ABHD12B	0.0	0.0	0.0								
gene:DUSP3	gene	DUSP3	DUSP3	DUSP3	0.0	0.0	0.0								
gene:TOM1	gene	TOM1	TOM1	TOM1	0.0	0.0	0.0								
gene:CHRD	gene	CHRD	CHRD	CHRD	0.0	0.0	0.0								
gene:NAA40	gene	NAA40	NAA40	NAA40	0.0	0.0	0.0								
gene:ENO4	gene	ENO4	ENO4	ENO4	0.0	0.0	0.0								
gene:ZNF793	gene	ZNF793	ZNF793	ZNF793	0.0	0.0	0.0								
gene:SEMA4C	gene	SEMA4C	SEMA4C	SEMA4C	0.0	0.0	0.0								
gene:TRIM25	gene	TRIM25	TRIM25	TRIM25	0.0	0.0	0.0								
gene:ANO3	gene	ANO3	ANO3	ANO3	0.0	0.0	0.0								
gene:TPD52L1	gene	TPD52L1	TPD52L1	TPD52L1	0.0	0.0	0.0								
gene:TAF5	gene	TAF5	TAF5	TAF5	0.0	0.0	0.0								
gene:ZBTB4	gene	ZBTB4	ZBTB4	ZBTB4	0.0	0.0	0.0								
gene:TP53INP1	gene	TP53INP1	TP53INP1	TP53INP1	0.0	0.0	0.0								
gene:DCAF13	gene	DCAF13	DCAF13	DCAF13	0.0	0.0	0.0								
gene:CCDC88C	gene	CCDC88C	CCDC88C	CCDC88C	1.0	0.0	1.0								
gene:LIPA	gene	LIPA	LIPA	LIPA	0.0	0.0	0.0								
gene:DLGAP3	gene	DLGAP3	DLGAP3	DLGAP3	1.0	0.0	1.0								
gene:PTMA	gene	PTMA	PTMA	PTMA	0.0	0.0	0.0								
gene:PTH1R	gene	PTH1R	PTH1R	PTH1R	0.0	0.0	0.0								
gene:EIF4G2	gene	EIF4G2	EIF4G2	EIF4G2	0.0	0.0	0.0								
gene:FNDC9	gene	FNDC9	FNDC9	FNDC9	0.0	0.0	0.0								
gene:DDIT3	gene	DDIT3	DDIT3	DDIT3	0.0	0.0	0.0								
gene:NALCN	gene	NALCN	NALCN	NALCN	0.0	0.0	0.0								
gene:RRM1	gene	RRM1	RRM1	RRM1	0.0	0.0	0.0								
gene:TAP2	gene	TAP2	TAP2	TAP2	0.0	0.0	0.0								
gene:SYNE2	gene	SYNE2	SYNE2	SYNE2	0.0	0.0	0.0								
gene:ZCCHC24	gene	ZCCHC24	ZCCHC24	ZCCHC24	0.0	0.0	0.0								
gene:RPL3	gene	RPL3	RPL3	RPL3	0.0	0.0	0.0								
gene:RPL10A	gene	RPL10A	RPL10A	RPL10A	0.0	0.0	0.0								
gene:MYO5B	gene	MYO5B	MYO5B	MYO5B	0.0	0.0	0.0								
gene:RBBP4	gene	RBBP4	RBBP4	RBBP4	0.0	0.0	0.0								
gene:PPP1R3E	gene	PPP1R3E	PPP1R3E	PPP1R3E	0.0	0.0	0.0								
gene:SSR2	gene	SSR2	SSR2	SSR2	0.0	0.0	0.0								
gene:NXT1	gene	NXT1	NXT1	NXT1	0.0	0.0	0.0								
gene:DTX4	gene	DTX4	DTX4	DTX4	0.0	0.0	0.0								
gene:MYH11	gene	MYH11	MYH11	MYH11	0.0	0.0	0.0								
gene:CST3	gene	CST3	CST3	CST3	0.0	0.0	0.0								
gene:ZNF468	gene	ZNF468	ZNF468	ZNF468	0.0	0.0	0.0								
gene:MR1	gene	MR1	MR1	MR1	0.0	0.0	0.0								
gene:ADRA2A	gene	ADRA2A	ADRA2A	ADRA2A	0.0	0.0	0.0								
gene:PPP2R2C	gene	PPP2R2C	PPP2R2C	PPP2R2C	0.0	0.0	0.0								
gene:RPL30	gene	RPL30	RPL30	RPL30	0.0	0.0	0.0								
gene:SEZ6	gene	SEZ6	SEZ6	SEZ6	0.0	0.0	0.0								
gene:SENP7	gene	SENP7	SENP7	SENP7	0.0	0.0	0.0								
gene:BFAR	gene	BFAR	BFAR	BFAR	0.0	0.0	0.0								
gene:ZNF319	gene	ZNF319	ZNF319	ZNF319	0.0	0.0	0.0								
gene:BTBD11	gene	BTBD11	BTBD11	BTBD11	0.0	0.0	0.0								
gene:KIAA1549	gene	KIAA1549	KIAA1549	KIAA1549	0.0	0.0	0.0								
gene:RIOK1	gene	RIOK1	RIOK1	RIOK1	0.0	0.0	0.0								
gene:HP1BP3	gene	HP1BP3	HP1BP3	HP1BP3	0.0	0.0	0.0								
gene:PDCL	gene	PDCL	PDCL	PDCL	0.0	0.0	0.0								
gene:ZNF649	gene	ZNF649	ZNF649	ZNF649	0.0	0.0	0.0								
gene:C1QL2	gene	C1QL2	C1QL2	C1QL2	0.0	0.0	0.0								
gene:MCM6	gene	MCM6	MCM6	MCM6	1.0	0.0	1.0								
gene:KIF21B	gene	KIF21B	KIF21B	KIF21B	0.0	0.0	0.0								
gene:TESK2	gene	TESK2	TESK2	TESK2	0.0	0.0	0.0								
gene:ZNF646	gene	ZNF646	ZNF646	ZNF646	0.0	0.0	0.0								
gene:TIA1	gene	TIA1	TIA1	TIA1	0.0	0.0	0.0								
gene:ZKSCAN5	gene	ZKSCAN5	ZKSCAN5	ZKSCAN5	0.0	0.0	0.0								
gene:PCDHB16	gene	PCDHB16	PCDHB16	PCDHB16	0.0	0.0	0.0								
gene:AP3M1	gene	AP3M1	AP3M1	AP3M1	0.0	0.0	0.0								
gene:FMNL1	gene	FMNL1	FMNL1	FMNL1	0.0	0.0	0.0								
gene:ARHGEF4	gene	ARHGEF4	ARHGEF4	ARHGEF4	0.0	0.0	0.0								
gene:ZNF696	gene	ZNF696	ZNF696	ZNF696	0.0	0.0	0.0								
gene:OCEL1	gene	OCEL1	OCEL1	OCEL1	0.0	0.0	0.0								
gene:PCGF3	gene	PCGF3	PCGF3	PCGF3	0.0	0.0	0.0								
gene:SF3B3	gene	SF3B3	SF3B3	SF3B3	0.0	0.0	0.0								
gene:EFR3A	gene	EFR3A	EFR3A	EFR3A	1.0	0.0	1.0								
gene:NAP1L4	gene	NAP1L4	NAP1L4	NAP1L4	0.0	0.0	0.0								
gene:ZSCAN23	gene	ZSCAN23	ZSCAN23	ZSCAN23	0.0	0.0	0.0								
gene:RPS3	gene	RPS3	RPS3	RPS3	0.0	0.0	0.0								
gene:ERGIC3	gene	ERGIC3	ERGIC3	ERGIC3	0.0	0.0	0.0								
gene:BUD13	gene	BUD13	BUD13	BUD13	0.0	0.0	0.0								
gene:TMEM63A	gene	TMEM63A	TMEM63A	TMEM63A	0.0	0.0	0.0								
gene:CRK	gene	CRK	CRK	CRK	0.0	0.0	0.0								
gene:TSC22D4	gene	TSC22D4	TSC22D4	TSC22D4	0.0	0.0	0.0								
gene:CBS	gene	CBS	CBS	CBS	0.0	0.0	0.0								
gene:SCN1A	gene	SCN1A	SCN1A	SCN1A	1.0	1.0	1.0								
gene:KLHL36	gene	KLHL36	KLHL36	KLHL36	0.0	0.0	0.0								
gene:MYLK	gene	MYLK	MYLK	MYLK	1.0	0.0	0.0								
gene:DUSP4	gene	DUSP4	DUSP4	DUSP4	0.0	0.0	0.0								
gene:LRRC27	gene	LRRC27	LRRC27	LRRC27	0.0	0.0	0.0								
gene:ADAP1	gene	ADAP1	ADAP1	ADAP1	0.0	0.0	0.0								
gene:CLMN	gene	CLMN	CLMN	CLMN	0.0	0.0	0.0								
gene:ENOX1	gene	ENOX1	ENOX1	ENOX1	0.0	0.0	0.0								
gene:TUG1	gene	TUG1	TUG1	TUG1	0.0	0.0	0.0								
gene:MAP6D1	gene	MAP6D1	MAP6D1	MAP6D1	0.0	0.0	0.0								
gene:PLEKHA8	gene	PLEKHA8	PLEKHA8	PLEKHA8	1.0	0.0	0.0								
gene:C16ORF87	gene	C16ORF87	C16orf87	C16ORF87	0.0	0.0	0.0								
gene:KAT6A	gene	KAT6A	KAT6A	KAT6A	1.0	1.0	1.0								
gene:RASGRF1	gene	RASGRF1	RASGRF1	RASGRF1	0.0	0.0	0.0								
gene:DPYSL4	gene	DPYSL4	DPYSL4	DPYSL4	0.0	0.0	0.0								
gene:WDR3	gene	WDR3	WDR3	WDR3	0.0	0.0	0.0								
gene:ZNF217	gene	ZNF217	ZNF217	ZNF217	0.0	0.0	0.0								
gene:RPL23	gene	RPL23	RPL23	RPL23	0.0	0.0	0.0								
gene:SMCHD1	gene	SMCHD1	SMCHD1	SMCHD1	0.0	0.0	0.0								
gene:MIR22HG	gene	MIR22HG	MIR22HG	MIR22HG	0.0	0.0	0.0								
gene:DONSON	gene	DONSON	DONSON	DONSON	0.0	0.0	0.0								
gene:LASP1	gene	LASP1	LASP1	LASP1	0.0	0.0	0.0								
gene:CDK5RAP2	gene	CDK5RAP2	CDK5RAP2	CDK5RAP2	1.0	0.0	0.0								
gene:EGR3	gene	EGR3	EGR3	EGR3	1.0	0.0	1.0								
gene:IGF1R	gene	IGF1R	IGF1R	IGF1R	0.0	0.0	0.0								
gene:RALGAPA2	gene	RALGAPA2	RALGAPA2	RALGAPA2	0.0	0.0	0.0								
gene:EHMT2	gene	EHMT2	EHMT2	EHMT2	0.0	0.0	0.0								
gene:RALGPS2	gene	RALGPS2	RALGPS2	RALGPS2	0.0	0.0	0.0								
gene:UTP6	gene	UTP6	UTP6	UTP6	0.0	0.0	0.0								
gene:EWSR1	gene	EWSR1	EWSR1	EWSR1	0.0	0.0	0.0								
gene:CMTM4	gene	CMTM4	CMTM4	CMTM4	0.0	0.0	0.0								
gene:CALHM1	gene	CALHM1	CALHM1	CALHM1	0.0	0.0	0.0								
gene:TMBIM1	gene	TMBIM1	TMBIM1	TMBIM1	0.0	0.0	0.0								
gene:HRH1	gene	HRH1	HRH1	HRH1	0.0	0.0	0.0								
gene:HMGN1	gene	HMGN1	HMGN1	HMGN1	1.0	0.0	1.0								
gene:RUNDC3A	gene	RUNDC3A	RUNDC3A	RUNDC3A	0.0	0.0	0.0								
gene:PAAF1	gene	PAAF1	PAAF1	PAAF1	0.0	0.0	0.0								
gene:MTA1	gene	MTA1	MTA1	MTA1	0.0	0.0	0.0								
gene:FRMD4A	gene	FRMD4A	FRMD4A	FRMD4A	0.0	0.0	0.0								
gene:DPP3	gene	DPP3	DPP3	DPP3	1.0	0.0	1.0								
gene:ROBO2	gene	ROBO2	ROBO2	ROBO2	1.0	0.0	1.0								
gene:TRIM17	gene	TRIM17	TRIM17	TRIM17	0.0	0.0	0.0								
gene:CELSR3	gene	CELSR3	CELSR3	CELSR3	0.0	0.0	0.0								
gene:SLC46A3	gene	SLC46A3	SLC46A3	SLC46A3	0.0	0.0	0.0								
gene:CIB1	gene	CIB1	CIB1	CIB1	0.0	0.0	0.0								
gene:BLMH	gene	BLMH	BLMH	BLMH	0.0	0.0	0.0								
gene:PTPN9	gene	PTPN9	PTPN9	PTPN9	0.0	0.0	0.0								
gene:ZNF879	gene	ZNF879	ZNF879	ZNF879	0.0	0.0	0.0								
gene:OSBPL11	gene	OSBPL11	OSBPL11	OSBPL11	0.0	0.0	0.0								
gene:SBDS	gene	SBDS	SBDS	SBDS	0.0	0.0	0.0								
gene:DSE	gene	DSE	DSE	DSE	0.0	0.0	0.0								
gene:ZNF16	gene	ZNF16	ZNF16	ZNF16	0.0	0.0	0.0								
gene:DVL3	gene	DVL3	DVL3	DVL3	1.0	0.0	1.0								
gene:ZNF473	gene	ZNF473	ZNF473	ZNF473	0.0	0.0	0.0								
gene:PRSS12	gene	PRSS12	PRSS12	PRSS12	0.0	0.0	0.0								
gene:SIRT1	gene	SIRT1	SIRT1	SIRT1	0.0	0.0	0.0								
gene:TBP	gene	TBP	TBP	TBP	0.0	0.0	0.0								
gene:TPRG1L	gene	TPRG1L	TPRG1L	TPRG1L	0.0	0.0	0.0								
gene:RGS14	gene	RGS14	RGS14	RGS14	0.0	0.0	0.0								
gene:RBM14	gene	RBM14	RBM14	RBM14	0.0	0.0	0.0								
gene:COMMD2	gene	COMMD2	COMMD2	COMMD2	0.0	0.0	0.0								
gene:TMPO	gene	TMPO	TMPO	TMPO	0.0	0.0	0.0								
gene:ZBTB39	gene	ZBTB39	ZBTB39	ZBTB39	0.0	0.0	0.0								
gene:SFPQ	gene	SFPQ	SFPQ	SFPQ	0.0	0.0	0.0								
gene:PCDH9	gene	PCDH9	PCDH9	PCDH9	1.0	0.0	1.0								
gene:SLC37A1	gene	SLC37A1	SLC37A1	SLC37A1	0.0	0.0	0.0								
gene:FAM162B	gene	FAM162B	FAM162B	FAM162B	0.0	0.0	0.0								
gene:DAXX	gene	DAXX	DAXX	DAXX	0.0	0.0	0.0								
gene:PKN1	gene	PKN1	PKN1	PKN1	0.0	0.0	0.0								
gene:NR3C2	gene	NR3C2	NR3C2	NR3C2	1.0	1.0	1.0								
gene:RHBDD2	gene	RHBDD2	RHBDD2	RHBDD2	0.0	0.0	0.0								
gene:NAA38	gene	NAA38	NAA38	NAA38	0.0	0.0	0.0								
gene:KIF20B	gene	KIF20B	KIF20B	KIF20B	0.0	0.0	0.0								
gene:SHROOM1	gene	SHROOM1	SHROOM1	SHROOM1	0.0	0.0	0.0								
gene:PRKAB2	gene	PRKAB2	PRKAB2	PRKAB2	0.0	0.0	0.0								
gene:PTPRO	gene	PTPRO	PTPRO	PTPRO	0.0	0.0	0.0								
gene:BFSP1	gene	BFSP1	BFSP1	BFSP1	0.0	0.0	0.0								
gene:G2E3	gene	G2E3	G2E3	G2E3	0.0	0.0	0.0								
gene:SYNCRIP	gene	SYNCRIP	SYNCRIP	SYNCRIP	1.0	0.0	1.0								
gene:TTC7B	gene	TTC7B	TTC7B	TTC7B	0.0	0.0	0.0								
gene:ERCC8	gene	ERCC8	ERCC8	ERCC8	0.0	0.0	0.0								
gene:SDCCAG8	gene	SDCCAG8	SDCCAG8	SDCCAG8	0.0	0.0	0.0								
gene:ERI1	gene	ERI1	ERI1	ERI1	0.0	0.0	0.0								
gene:GSTA4	gene	GSTA4	GSTA4	GSTA4	0.0	0.0	0.0								
gene:S100A13	gene	S100A13	S100A13	S100A13	0.0	0.0	0.0								
gene:DCC	gene	DCC	DCC	DCC	1.0	0.0	1.0								
gene:CNOT8	gene	CNOT8	CNOT8	CNOT8	0.0	0.0	0.0								
gene:MBNL1	gene	MBNL1	MBNL1	MBNL1	0.0	0.0	0.0								
gene:CLASP1	gene	CLASP1	CLASP1	CLASP1	1.0	0.0	1.0								
gene:THBS4	gene	THBS4	THBS4	THBS4	0.0	0.0	0.0								
gene:SLC12A5	gene	SLC12A5	SLC12A5	SLC12A5	1.0	0.0	1.0								
gene:EPAS1	gene	EPAS1	EPAS1	EPAS1	0.0	0.0	0.0								
gene:HNRNPH3	gene	HNRNPH3	HNRNPH3	HNRNPH3	0.0	0.0	0.0								
gene:CCDC97	gene	CCDC97	CCDC97	CCDC97	0.0	0.0	0.0								
gene:KIAA0895L	gene	KIAA0895L	KIAA0895L	KIAA0895L	0.0	0.0	0.0								
gene:KIF1C	gene	KIF1C	KIF1C	KIF1C	0.0	0.0	0.0								
gene:SH3PXD2B	gene	SH3PXD2B	SH3PXD2B	SH3PXD2B	0.0	0.0	0.0								
gene:RIN1	gene	RIN1	RIN1	RIN1	0.0	0.0	0.0								
gene:PLXNB2	gene	PLXNB2	PLXNB2	PLXNB2	0.0	0.0	0.0								
gene:ZNF829	gene	ZNF829	ZNF829	ZNF829	0.0	0.0	0.0								
gene:C20ORF96	gene	C20ORF96	C20orf96	C20ORF96	0.0	0.0	0.0								
gene:TUBA8	gene	TUBA8	TUBA8	TUBA8	0.0	0.0	0.0								
gene:PRCC	gene	PRCC	PRCC	PRCC	0.0	0.0	0.0								
gene:IRS1	gene	IRS1	IRS1	IRS1	0.0	0.0	0.0								
gene:DDX21	gene	DDX21	DDX21	DDX21	0.0	0.0	0.0								
gene:CHD2	gene	CHD2	CHD2	CHD2	1.0	1.0	1.0								
gene:SLC4A7	gene	SLC4A7	SLC4A7	SLC4A7	0.0	0.0	0.0								
gene:RSBN1L	gene	RSBN1L	RSBN1L	RSBN1L	0.0	0.0	0.0								
gene:LIX1L	gene	LIX1L	LIX1L	LIX1L	0.0	0.0	0.0								
gene:SNAPC5	gene	SNAPC5	SNAPC5	SNAPC5	0.0	0.0	0.0								
gene:KCNT1	gene	KCNT1	KCNT1	KCNT1	0.0	0.0	0.0								
gene:CHST11	gene	CHST11	CHST11	CHST11	0.0	0.0	0.0								
gene:GPRC5B	gene	GPRC5B	GPRC5B	GPRC5B	0.0	0.0	0.0								
gene:H3F3B	gene	H3F3B	H3F3B	H3F3B	0.0	0.0	0.0								
gene:ZSWIM6	gene	ZSWIM6	ZSWIM6	ZSWIM6	1.0	1.0	1.0								
gene:NT5C2	gene	NT5C2	NT5C2	NT5C2	0.0	0.0	0.0								
gene:ANKRD34C	gene	ANKRD34C	ANKRD34C	ANKRD34C	0.0	0.0	0.0								
gene:SKAP2	gene	SKAP2	SKAP2	SKAP2	0.0	0.0	0.0								
gene:TTYH2	gene	TTYH2	TTYH2	TTYH2	0.0	0.0	0.0								
gene:ZNF235	gene	ZNF235	ZNF235	ZNF235	0.0	0.0	0.0								
gene:POLR1B	gene	POLR1B	POLR1B	POLR1B	0.0	0.0	0.0								
gene:SNCB	gene	SNCB	SNCB	SNCB	0.0	0.0	0.0								
gene:DDX23	gene	DDX23	DDX23	DDX23	1.0	1.0	1.0								
gene:DDX39A	gene	DDX39A	DDX39A	DDX39A	0.0	0.0	0.0								
gene:REXO4	gene	REXO4	REXO4	REXO4	0.0	0.0	0.0								
gene:CA10	gene	CA10	CA10	CA10	0.0	0.0	0.0								
gene:RPS5	gene	RPS5	RPS5	RPS5	0.0	0.0	0.0								
gene:SOX10	gene	SOX10	SOX10	SOX10	0.0	0.0	0.0								
gene:FAM32A	gene	FAM32A	FAM32A	FAM32A	0.0	0.0	0.0								
gene:NPR3	gene	NPR3	NPR3	NPR3	0.0	0.0	0.0								
gene:NUP188	gene	NUP188	NUP188	NUP188	0.0	0.0	0.0								
gene:AKTIP	gene	AKTIP	AKTIP	AKTIP	0.0	0.0	0.0								
gene:CTDSPL2	gene	CTDSPL2	CTDSPL2	CTDSPL2	0.0	0.0	0.0								
gene:EIF4EBP2	gene	EIF4EBP2	EIF4EBP2	EIF4EBP2	0.0	0.0	0.0								
gene:RHBDL2	gene	RHBDL2	RHBDL2	RHBDL2	0.0	0.0	0.0								
gene:PKIA	gene	PKIA	PKIA	PKIA	0.0	0.0	0.0								
gene:ZNF749	gene	ZNF749	ZNF749	ZNF749	0.0	0.0	0.0								
gene:DCP1B	gene	DCP1B	DCP1B	DCP1B	0.0	0.0	0.0								
gene:EPHB1	gene	EPHB1	EPHB1	EPHB1	1.0	0.0	0.0								
gene:SMARCE1	gene	SMARCE1	SMARCE1	SMARCE1	0.0	0.0	0.0								
gene:AC003682.1	gene	AC003682.1	AC003682.1	AC003682.1	0.0	0.0	0.0								
gene:CCDC152	gene	CCDC152	CCDC152	CCDC152	0.0	0.0	0.0								
gene:THADA	gene	THADA	THADA	THADA	0.0	0.0	0.0								
gene:CBX3	gene	CBX3	CBX3	CBX3	0.0	0.0	0.0								
gene:HTR1E	gene	HTR1E	HTR1E	HTR1E	0.0	0.0	0.0								
gene:CD274	gene	CD274	CD274	CD274	0.0	0.0	0.0								
gene:DDRGK1	gene	DDRGK1	DDRGK1	DDRGK1	0.0	0.0	0.0								
gene:CEBPB	gene	CEBPB	CEBPB	CEBPB	0.0	0.0	0.0								
gene:NRAS	gene	NRAS	NRAS	NRAS	0.0	0.0	0.0								
gene:RPN2	gene	RPN2	RPN2	RPN2	0.0	0.0	0.0								
gene:MICAL1	gene	MICAL1	MICAL1	MICAL1	0.0	0.0	0.0								
gene:ZNF562	gene	ZNF562	ZNF562	ZNF562	0.0	0.0	0.0								
gene:HNRNPK	gene	HNRNPK	HNRNPK	HNRNPK	1.0	1.0	1.0								
gene:PARP3	gene	PARP3	PARP3	PARP3	0.0	0.0	0.0								
gene:TTC17	gene	TTC17	TTC17	TTC17	0.0	0.0	0.0								
gene:MFHAS1	gene	MFHAS1	MFHAS1	MFHAS1	0.0	0.0	0.0								
gene:VIPR1-AS1	gene	VIPR1-AS1	VIPR1-AS1	VIPR1-AS1	0.0	0.0	0.0								
gene:PLEKHH1	gene	PLEKHH1	PLEKHH1	PLEKHH1	0.0	0.0	0.0								
gene:PANX1	gene	PANX1	PANX1	PANX1	0.0	0.0	0.0								
gene:CCNF	gene	CCNF	CCNF	CCNF	0.0	0.0	0.0								
gene:PTBP2	gene	PTBP2	PTBP2	PTBP2	1.0	0.0	1.0								
gene:GALNT6	gene	GALNT6	GALNT6	GALNT6	0.0	0.0	0.0								
gene:L3MBTL3	gene	L3MBTL3	L3MBTL3	L3MBTL3	0.0	0.0	0.0								
gene:CD59	gene	CD59	CD59	CD59	0.0	0.0	0.0								
gene:UBR5	gene	UBR5	UBR5	UBR5	1.0	0.0	1.0								
gene:NAA15	gene	NAA15	NAA15	NAA15	1.0	1.0	1.0								
gene:AC011995.1	gene	AC011995.1	AC011995.1	AC011995.1	0.0	0.0	0.0								
gene:FOLH1	gene	FOLH1	FOLH1	FOLH1	0.0	0.0	0.0								
gene:TTC13	gene	TTC13	TTC13	TTC13	0.0	0.0	0.0								
gene:SYT15	gene	SYT15	SYT15	SYT15	0.0	0.0	0.0								
gene:ZNF140	gene	ZNF140	ZNF140	ZNF140	0.0	0.0	0.0								
gene:ZNF439	gene	ZNF439	ZNF439	ZNF439	0.0	0.0	0.0								
gene:MAZ	gene	MAZ	MAZ	MAZ	0.0	0.0	0.0								
gene:NAV1	gene	NAV1	NAV1	NAV1	0.0	0.0	0.0								
gene:ARC	gene	ARC	ARC	ARC	0.0	0.0	0.0								
gene:CLDN11	gene	CLDN11	CLDN11	CLDN11	0.0	0.0	0.0								
gene:GPR85	gene	GPR85	GPR85	GPR85	1.0	0.0	1.0								
gene:ZEB2	gene	ZEB2	ZEB2	ZEB2	1.0	0.0	0.0								
gene:RASGEF1A	gene	RASGEF1A	RASGEF1A	RASGEF1A	0.0	0.0	0.0								
gene:CAMSAP3	gene	CAMSAP3	CAMSAP3	CAMSAP3	0.0	0.0	0.0								
gene:BCL9L	gene	BCL9L	BCL9L	BCL9L	0.0	0.0	0.0								
gene:KIAA1671	gene	KIAA1671	KIAA1671	KIAA1671	0.0	0.0	0.0								
gene:NEDD9	gene	NEDD9	NEDD9	NEDD9	0.0	0.0	0.0								
gene:AFAP1L2	gene	AFAP1L2	AFAP1L2	AFAP1L2	0.0	0.0	0.0								
gene:FAM107A	gene	FAM107A	FAM107A	FAM107A	0.0	0.0	0.0								
gene:BCL7B	gene	BCL7B	BCL7B	BCL7B	0.0	0.0	0.0								
gene:CTSH	gene	CTSH	CTSH	CTSH	0.0	0.0	0.0								
gene:DIDO1	gene	DIDO1	DIDO1	DIDO1	0.0	0.0	0.0								
gene:SP3	gene	SP3	SP3	SP3	0.0	0.0	0.0								
gene:ANKRD45	gene	ANKRD45	ANKRD45	ANKRD45	0.0	0.0	0.0								
gene:PPARGC1B	gene	PPARGC1B	PPARGC1B	PPARGC1B	0.0	0.0	0.0								
gene:GAD2	gene	GAD2	GAD2	GAD2	0.0	0.0	0.0								
gene:SNW1	gene	SNW1	SNW1	SNW1	0.0	0.0	0.0								
gene:NBPF1	gene	NBPF1	NBPF1	NBPF1	0.0	0.0	0.0								
gene:RNF6	gene	RNF6	RNF6	RNF6	0.0	0.0	0.0								
gene:MMP24	gene	MMP24	MMP24	MMP24	0.0	0.0	0.0								
gene:ZNF180	gene	ZNF180	ZNF180	ZNF180	0.0	0.0	0.0								
gene:CCDC138	gene	CCDC138	CCDC138	CCDC138	0.0	0.0	0.0								
gene:PDCD11	gene	PDCD11	PDCD11	PDCD11	0.0	0.0	0.0								
gene:NAGPA	gene	NAGPA	NAGPA	NAGPA	0.0	0.0	0.0								
gene:TAC3	gene	TAC3	TAC3	TAC3	0.0	0.0	0.0								
gene:C15ORF41	gene	C15ORF41	C15orf41	C15ORF41	0.0	0.0	0.0								
gene:ZMIZ1	gene	ZMIZ1	ZMIZ1	ZMIZ1	1.0	1.0	1.0								
gene:CSNK2A1	gene	CSNK2A1	CSNK2A1	CSNK2A1	1.0	1.0	1.0								
gene:FJX1	gene	FJX1	FJX1	FJX1	0.0	0.0	0.0								
gene:RNF182	gene	RNF182	RNF182	RNF182	0.0	0.0	0.0								
gene:PIP4K2A	gene	PIP4K2A	PIP4K2A	PIP4K2A	0.0	0.0	0.0								
gene:MSL2	gene	MSL2	MSL2	MSL2	1.0	0.0	0.0								
gene:BBS9	gene	BBS9	BBS9	BBS9	0.0	0.0	0.0								
gene:KY	gene	KY	KY	KY	0.0	0.0	0.0								
gene:ST8SIA3	gene	ST8SIA3	ST8SIA3	ST8SIA3	0.0	0.0	0.0								
gene:ZNF681	gene	ZNF681	ZNF681	ZNF681	0.0	0.0	0.0								
gene:PA2G4	gene	PA2G4	PA2G4	PA2G4	0.0	0.0	0.0								
gene:KCNH1-IT1	gene	KCNH1-IT1	KCNH1-IT1	KCNH1-IT1	0.0	0.0	0.0								
gene:ZNF595	gene	ZNF595	ZNF595	ZNF595	0.0	0.0	0.0								
gene:CMYA5	gene	CMYA5	CMYA5	CMYA5	0.0	0.0	0.0								
gene:SH3BGR	gene	SH3BGR	SH3BGR	SH3BGR	0.0	0.0	0.0								
gene:GPRIN1	gene	GPRIN1	GPRIN1	GPRIN1	0.0	0.0	0.0								
gene:GSTO1	gene	GSTO1	GSTO1	GSTO1	0.0	0.0	0.0								
gene:SYNPO2	gene	SYNPO2	SYNPO2	SYNPO2	0.0	0.0	0.0								
gene:ACTB	gene	ACTB	ACTB	ACTB	1.0	1.0	1.0								
gene:SMPD3	gene	SMPD3	SMPD3	SMPD3	0.0	0.0	0.0								
gene:UBXN1	gene	UBXN1	UBXN1	UBXN1	0.0	0.0	0.0								
gene:GPR27	gene	GPR27	GPR27	GPR27	0.0	0.0	0.0								
gene:KLHL9	gene	KLHL9	KLHL9	KLHL9	0.0	0.0	0.0								
gene:OSBPL5	gene	OSBPL5	OSBPL5	OSBPL5	0.0	0.0	0.0								
gene:CHI3L1	gene	CHI3L1	CHI3L1	CHI3L1	0.0	0.0	0.0								
gene:BAZ1A	gene	BAZ1A	BAZ1A	BAZ1A	0.0	0.0	0.0								
gene:LRRC37B	gene	LRRC37B	LRRC37B	LRRC37B	0.0	0.0	0.0								
gene:N4BP2L1	gene	N4BP2L1	N4BP2L1	N4BP2L1	0.0	0.0	0.0								
gene:RAB35	gene	RAB35	RAB35	RAB35	0.0	0.0	0.0								
gene:DALRD3	gene	DALRD3	DALRD3	DALRD3	0.0	0.0	0.0								
gene:SAMD1	gene	SAMD1	SAMD1	SAMD1	0.0	0.0	0.0								
gene:PTPN1	gene	PTPN1	PTPN1	PTPN1	0.0	0.0	0.0								
gene:RBM7	gene	RBM7	RBM7	RBM7	0.0	0.0	0.0								
gene:DGCR8	gene	DGCR8	DGCR8	DGCR8	0.0	0.0	0.0								
gene:CBFB	gene	CBFB	CBFB	CBFB	0.0	0.0	0.0								
gene:SLC7A8	gene	SLC7A8	SLC7A8	SLC7A8	0.0	0.0	0.0								
gene:LPCAT1	gene	LPCAT1	LPCAT1	LPCAT1	0.0	0.0	0.0								
gene:ATP6V1E1	gene	ATP6V1E1	ATP6V1E1	ATP6V1E1	0.0	0.0	0.0								
gene:USP45	gene	USP45	USP45	USP45	1.0	0.0	1.0								
gene:PAPPA2	gene	PAPPA2	PAPPA2	PAPPA2	0.0	0.0	0.0								
gene:ZNF317	gene	ZNF317	ZNF317	ZNF317	0.0	0.0	0.0								
gene:ZNF559	gene	ZNF559	ZNF559	ZNF559	1.0	0.0	1.0								
gene:ZNF605	gene	ZNF605	ZNF605	ZNF605	0.0	0.0	0.0								
gene:ZNF641	gene	ZNF641	ZNF641	ZNF641	0.0	0.0	0.0								
gene:PDXK	gene	PDXK	PDXK	PDXK	0.0	0.0	0.0								
gene:CD55	gene	CD55	CD55	CD55	0.0	0.0	0.0								
gene:DCP1A	gene	DCP1A	DCP1A	DCP1A	0.0	0.0	0.0								
gene:CDK19	gene	CDK19	CDK19	CDK19	1.0	1.0	1.0								
gene:ZNF746	gene	ZNF746	ZNF746	ZNF746	0.0	0.0	0.0								
gene:HLA-E	gene	HLA-E	HLA-E	HLA-E	0.0	0.0	0.0								
gene:ERC1	gene	ERC1	ERC1	ERC1	0.0	0.0	0.0								
gene:EAF2	gene	EAF2	EAF2	EAF2	0.0	0.0	0.0								
gene:MORC2-AS1	gene	MORC2-AS1	MORC2-AS1	MORC2-AS1	0.0	0.0	0.0								
gene:RALGPS1	gene	RALGPS1	RALGPS1	RALGPS1	0.0	0.0	0.0								
gene:DPH5	gene	DPH5	DPH5	DPH5	0.0	0.0	0.0								
gene:ZNF485	gene	ZNF485	ZNF485	ZNF485	0.0	0.0	0.0								
gene:RPL19	gene	RPL19	RPL19	RPL19	0.0	0.0	0.0								
gene:ZNF136	gene	ZNF136	ZNF136	ZNF136	0.0	0.0	0.0								
gene:YPEL4	gene	YPEL4	YPEL4	YPEL4	0.0	0.0	0.0								
gene:AFF3	gene	AFF3	AFF3	AFF3	0.0	0.0	0.0								
gene:PLEKHO1	gene	PLEKHO1	PLEKHO1	PLEKHO1	0.0	0.0	0.0								
gene:PDAP1	gene	PDAP1	PDAP1	PDAP1	0.0	0.0	0.0								
gene:ZBTB26	gene	ZBTB26	ZBTB26	ZBTB26	0.0	0.0	0.0								
gene:LIN9	gene	LIN9	LIN9	LIN9	0.0	0.0	0.0								
gene:CRELD1	gene	CRELD1	CRELD1	CRELD1	0.0	0.0	0.0								
gene:CHD1	gene	CHD1	CHD1	CHD1	1.0	1.0	1.0								
gene:LMAN2L	gene	LMAN2L	LMAN2L	LMAN2L	0.0	0.0	0.0								
gene:CAPRIN1	gene	CAPRIN1	CAPRIN1	CAPRIN1	1.0	1.0	1.0								
gene:PCBP1-AS1	gene	PCBP1-AS1	PCBP1-AS1	PCBP1-AS1	0.0	0.0	0.0								
gene:SMAD3	gene	SMAD3	SMAD3	SMAD3	0.0	0.0	0.0								
gene:CHADL	gene	CHADL	CHADL	CHADL	0.0	0.0	0.0								
gene:INSM1	gene	INSM1	INSM1	INSM1	0.0	0.0	0.0								
gene:CHSY1	gene	CHSY1	CHSY1	CHSY1	0.0	0.0	0.0								
gene:ZNF350	gene	ZNF350	ZNF350	ZNF350	0.0	0.0	0.0								
gene:CAMK1G	gene	CAMK1G	CAMK1G	CAMK1G	0.0	0.0	0.0								
gene:SNTA1	gene	SNTA1	SNTA1	SNTA1	0.0	0.0	0.0								
gene:TOP1	gene	TOP1	TOP1	TOP1	0.0	0.0	0.0								
gene:SLC9A5	gene	SLC9A5	SLC9A5	SLC9A5	0.0	0.0	0.0								
gene:SQSTM1	gene	SQSTM1	SQSTM1	SQSTM1	0.0	0.0	0.0								
gene:TRPV3	gene	TRPV3	TRPV3	TRPV3	0.0	0.0	0.0								
gene:SUPT16H	gene	SUPT16H	SUPT16H	SUPT16H	1.0	1.0	1.0								
gene:ZNF254	gene	ZNF254	ZNF254	ZNF254	0.0	0.0	0.0								
gene:DISP1	gene	DISP1	DISP1	DISP1	0.0	0.0	0.0								
gene:ABCC12	gene	ABCC12	ABCC12	ABCC12	0.0	0.0	0.0								
gene:PYGM	gene	PYGM	PYGM	PYGM	0.0	0.0	0.0								
gene:RNF144B	gene	RNF144B	RNF144B	RNF144B	0.0	0.0	0.0								
gene:TCF3	gene	TCF3	TCF3	TCF3	0.0	0.0	0.0								
gene:TIGD2	gene	TIGD2	TIGD2	TIGD2	0.0	0.0	0.0								
gene:FAM161B	gene	FAM161B	FAM161B	FAM161B	0.0	0.0	0.0								
gene:PDGFC	gene	PDGFC	PDGFC	PDGFC	0.0	0.0	0.0								
gene:NCAM1	gene	NCAM1	NCAM1	NCAM1	0.0	0.0	0.0								
gene:DHX15	gene	DHX15	DHX15	DHX15	0.0	0.0	0.0								
gene:CHST10	gene	CHST10	CHST10	CHST10	0.0	0.0	0.0								
gene:MB21D2	gene	MB21D2	MB21D2	MB21D2	0.0	0.0	0.0								
gene:XPNPEP1	gene	XPNPEP1	XPNPEP1	XPNPEP1	0.0	0.0	0.0								
gene:LCP2	gene	LCP2	LCP2	LCP2	0.0	0.0	0.0								
gene:TMEM184B	gene	TMEM184B	TMEM184B	TMEM184B	0.0	0.0	0.0								
gene:GAS5	gene	GAS5	GAS5	GAS5	0.0	0.0	0.0								
gene:FAM174A	gene	FAM174A	FAM174A	FAM174A	0.0	0.0	0.0								
gene:ELL2	gene	ELL2	ELL2	ELL2	0.0	0.0	0.0								
gene:RRAS2	gene	RRAS2	RRAS2	RRAS2	0.0	0.0	0.0								
gene:SNHG1	gene	SNHG1	SNHG1	SNHG1	0.0	0.0	0.0								
gene:SIAH3	gene	SIAH3	SIAH3	SIAH3	0.0	0.0	0.0								
gene:CASQ1	gene	CASQ1	CASQ1	CASQ1	0.0	0.0	0.0								
gene:LMOD1	gene	LMOD1	LMOD1	LMOD1	0.0	0.0	0.0								
gene:PCSK1	gene	PCSK1	PCSK1	PCSK1	0.0	0.0	0.0								
gene:HLA-F	gene	HLA-F	HLA-F	HLA-F	0.0	0.0	0.0								
gene:TNFAIP8L3	gene	TNFAIP8L3	TNFAIP8L3	TNFAIP8L3	0.0	0.0	0.0								
gene:RPL32	gene	RPL32	RPL32	RPL32	0.0	0.0	0.0								
gene:ZNF610	gene	ZNF610	ZNF610	ZNF610	0.0	0.0	0.0								
gene:EEF1B2	gene	EEF1B2	EEF1B2	EEF1B2	0.0	0.0	0.0								
gene:ZNF506	gene	ZNF506	ZNF506	ZNF506	0.0	0.0	0.0								
gene:PDE1B	gene	PDE1B	PDE1B	PDE1B	0.0	0.0	0.0								
gene:POU3F3	gene	POU3F3	POU3F3	POU3F3	1.0	1.0	1.0								
gene:KIAA1586	gene	KIAA1586	KIAA1586	KIAA1586	1.0	0.0	1.0								
gene:ZNF519	gene	ZNF519	ZNF519	ZNF519	0.0	0.0	0.0								
gene:FNDC5	gene	FNDC5	FNDC5	FNDC5	0.0	0.0	0.0								
gene:MLH3	gene	MLH3	MLH3	MLH3	0.0	0.0	0.0								
gene:SAR1B	gene	SAR1B	SAR1B	SAR1B	0.0	0.0	0.0								
gene:MLLT10	gene	MLLT10	MLLT10	MLLT10	0.0	0.0	0.0								
gene:MKRN1	gene	MKRN1	MKRN1	MKRN1	1.0	0.0	0.0								
gene:GAS2L1	gene	GAS2L1	GAS2L1	GAS2L1	0.0	0.0	0.0								
gene:TMEM97	gene	TMEM97	TMEM97	TMEM97	0.0	0.0	0.0								
gene:RBP4	gene	RBP4	RBP4	RBP4	0.0	0.0	0.0								
gene:ZNF589	gene	ZNF589	ZNF589	ZNF589	0.0	0.0	0.0								
gene:FBXW8	gene	FBXW8	FBXW8	FBXW8	0.0	0.0	0.0								
gene:PPT1	gene	PPT1	PPT1	PPT1	0.0	0.0	0.0								
gene:ZNF205	gene	ZNF205	ZNF205	ZNF205	0.0	0.0	0.0								
gene:PHF20	gene	PHF20	PHF20	PHF20	0.0	0.0	0.0								
gene:PRR3	gene	PRR3	PRR3	PRR3	0.0	0.0	0.0								
gene:ZNF17	gene	ZNF17	ZNF17	ZNF17	0.0	0.0	0.0								
gene:ST8SIA4	gene	ST8SIA4	ST8SIA4	ST8SIA4	0.0	0.0	0.0								
gene:SEC61A1	gene	SEC61A1	SEC61A1	SEC61A1	0.0	0.0	0.0								
gene:ZNF773	gene	ZNF773	ZNF773	ZNF773	0.0	0.0	0.0								
gene:CHMP7	gene	CHMP7	CHMP7	CHMP7	0.0	0.0	0.0								
gene:ZNF200	gene	ZNF200	ZNF200	ZNF200	0.0	0.0	0.0								
gene:GDA	gene	GDA	GDA	GDA	1.0	0.0	1.0								
gene:RBM22	gene	RBM22	RBM22	RBM22	0.0	0.0	0.0								
gene:PPIL2	gene	PPIL2	PPIL2	PPIL2	0.0	0.0	0.0								
gene:SLC22A9	gene	SLC22A9	SLC22A9	SLC22A9	1.0	0.0	1.0								
gene:KDELR2	gene	KDELR2	KDELR2	KDELR2	0.0	0.0	0.0								
gene:PCDHB9	gene	PCDHB9	PCDHB9	PCDHB9	0.0	0.0	0.0								
gene:RNF138	gene	RNF138	RNF138	RNF138	0.0	0.0	0.0								
gene:BST2	gene	BST2	BST2	BST2	0.0	0.0	0.0								
gene:RPL14	gene	RPL14	RPL14	RPL14	0.0	0.0	0.0								
gene:RAB8A	gene	RAB8A	RAB8A	RAB8A	0.0	0.0	0.0								
gene:FBLN7	gene	FBLN7	FBLN7	FBLN7	0.0	0.0	0.0								
gene:HPCAL1	gene	HPCAL1	HPCAL1	HPCAL1	0.0	0.0	0.0								
gene:ABCG2	gene	ABCG2	ABCG2	ABCG2	0.0	0.0	0.0								
gene:PUS7L	gene	PUS7L	PUS7L	PUS7L	0.0	0.0	0.0								
gene:ZNF14	gene	ZNF14	ZNF14	ZNF14	0.0	0.0	0.0								
gene:PXK	gene	PXK	PXK	PXK	0.0	0.0	0.0								
gene:DNAJB5	gene	DNAJB5	DNAJB5	DNAJB5	0.0	0.0	0.0								
gene:ITSN2	gene	ITSN2	ITSN2	ITSN2	0.0	0.0	0.0								
gene:WIZ	gene	WIZ	WIZ	WIZ	0.0	0.0	0.0								
gene:NRN1	gene	NRN1	NRN1	NRN1	0.0	0.0	0.0								
gene:SNAP25	gene	SNAP25	SNAP25	SNAP25	1.0	0.0	1.0								
gene:ARL1	gene	ARL1	ARL1	ARL1	0.0	0.0	0.0								
gene:TPK1	gene	TPK1	TPK1	TPK1	0.0	0.0	0.0								
gene:PPL	gene	PPL	PPL	PPL	0.0	0.0	0.0								
gene:PFAS	gene	PFAS	PFAS	PFAS	0.0	0.0	0.0								
gene:LSM7	gene	LSM7	LSM7	LSM7	0.0	0.0	0.0								
gene:SMAD1	gene	SMAD1	SMAD1	SMAD1	0.0	0.0	0.0								
gene:ARID1A	gene	ARID1A	ARID1A	ARID1A	1.0	1.0	1.0								
gene:TRHDE	gene	TRHDE	TRHDE	TRHDE	0.0	0.0	0.0								
gene:ART3	gene	ART3	ART3	ART3	0.0	0.0	0.0								
gene:ZNF532	gene	ZNF532	ZNF532	ZNF532	1.0	0.0	0.0								
gene:SLC2A8	gene	SLC2A8	SLC2A8	SLC2A8	0.0	0.0	0.0								
gene:CRLF1	gene	CRLF1	CRLF1	CRLF1	0.0	0.0	0.0								
gene:TSTD2	gene	TSTD2	TSTD2	TSTD2	0.0	0.0	0.0								
gene:HNRNPM	gene	HNRNPM	HNRNPM	HNRNPM	0.0	0.0	0.0								
gene:PCIF1	gene	PCIF1	PCIF1	PCIF1	0.0	0.0	0.0								
gene:SNRNP40	gene	SNRNP40	SNRNP40	SNRNP40	0.0	0.0	0.0								
gene:ZNF623	gene	ZNF623	ZNF623	ZNF623	0.0	0.0	0.0								
gene:TLL2	gene	TLL2	TLL2	TLL2	0.0	0.0	0.0								
gene:STXBP6	gene	STXBP6	STXBP6	STXBP6	0.0	0.0	0.0								
gene:PDE8B	gene	PDE8B	PDE8B	PDE8B	0.0	0.0	0.0								
gene:DPP8	gene	DPP8	DPP8	DPP8	0.0	0.0	0.0								
gene:SLC37A3	gene	SLC37A3	SLC37A3	SLC37A3	0.0	0.0	0.0								
gene:PMM2	gene	PMM2	PMM2	PMM2	0.0	0.0	0.0								
gene:RPL13A	gene	RPL13A	RPL13A	RPL13A	0.0	0.0	0.0								
gene:EGR1	gene	EGR1	EGR1	EGR1	0.0	0.0	0.0								
gene:ZFYVE21	gene	ZFYVE21	ZFYVE21	ZFYVE21	0.0	0.0	0.0								
gene:CHST6	gene	CHST6	CHST6	CHST6	0.0	0.0	0.0								
gene:C18ORF54	gene	C18ORF54	C18orf54	C18ORF54	0.0	0.0	0.0								
gene:ECE2	gene	ECE2	ECE2	ECE2	0.0	0.0	0.0								
gene:NNMT	gene	NNMT	NNMT	NNMT	0.0	0.0	0.0								
gene:PHF21A	gene	PHF21A	PHF21A	PHF21A	1.0	1.0	1.0								
gene:MX1	gene	MX1	MX1	MX1	0.0	0.0	0.0								
gene:DEDD	gene	DEDD	DEDD	DEDD	0.0	0.0	0.0								
gene:FABP7	gene	FABP7	FABP7	FABP7	0.0	0.0	0.0								
gene:RALY	gene	RALY	RALY	RALY	0.0	0.0	0.0								
gene:SPRYD3	gene	SPRYD3	SPRYD3	SPRYD3	0.0	0.0	0.0								
gene:KAT2B	gene	KAT2B	KAT2B	KAT2B	1.0	0.0	1.0								
gene:LCOR	gene	LCOR	LCOR	LCOR	0.0	0.0	0.0								
gene:EXOC4	gene	EXOC4	EXOC4	EXOC4	0.0	0.0	0.0								
gene:CTR9	gene	CTR9	CTR9	CTR9	1.0	1.0	1.0								
gene:NECAB2	gene	NECAB2	NECAB2	NECAB2	0.0	0.0	0.0								
gene:IGSF11	gene	IGSF11	IGSF11	IGSF11	0.0	0.0	0.0								
gene:RERG	gene	RERG	RERG	RERG	0.0	0.0	0.0								
gene:CDKN2AIP	gene	CDKN2AIP	CDKN2AIP	CDKN2AIP	0.0	0.0	0.0								
gene:UCK2	gene	UCK2	UCK2	UCK2	0.0	0.0	0.0								
gene:SETMAR	gene	SETMAR	SETMAR	SETMAR	0.0	0.0	0.0								
gene:RPL13	gene	RPL13	RPL13	RPL13	0.0	0.0	0.0								
gene:JRKL	gene	JRKL	JRKL	JRKL	0.0	0.0	0.0								
gene:GPATCH1	gene	GPATCH1	GPATCH1	GPATCH1	0.0	0.0	0.0								
gene:EIF4E1B	gene	EIF4E1B	EIF4E1B	EIF4E1B	0.0	0.0	0.0								
gene:DDX52	gene	DDX52	DDX52	DDX52	0.0	0.0	0.0								
gene:ARNTL	gene	ARNTL	ARNTL	ARNTL	0.0	0.0	0.0								
gene:SV2B	gene	SV2B	SV2B	SV2B	0.0	0.0	0.0								
gene:EXOC2	gene	EXOC2	EXOC2	EXOC2	0.0	0.0	0.0								
gene:UBXN2A	gene	UBXN2A	UBXN2A	UBXN2A	0.0	0.0	0.0								
gene:TMX2	gene	TMX2	TMX2	TMX2	0.0	0.0	0.0								
gene:ZNF10	gene	ZNF10	ZNF10	ZNF10	0.0	0.0	0.0								
gene:NAPEPLD	gene	NAPEPLD	NAPEPLD	NAPEPLD	0.0	0.0	0.0								
gene:C16ORF46	gene	C16ORF46	C16orf46	C16ORF46	0.0	0.0	0.0								
gene:C1QTNF1	gene	C1QTNF1	C1QTNF1	C1QTNF1	0.0	0.0	0.0								
gene:ZNF256	gene	ZNF256	ZNF256	ZNF256	0.0	0.0	0.0								
gene:KCNIP4	gene	KCNIP4	KCNIP4	KCNIP4	0.0	0.0	0.0								
gene:ZNF146	gene	ZNF146	ZNF146	ZNF146	0.0	0.0	0.0								
gene:TECR	gene	TECR	TECR	TECR	0.0	0.0	0.0								
gene:CREG2	gene	CREG2	CREG2	CREG2	0.0	0.0	0.0								
gene:LPL	gene	LPL	LPL	LPL	0.0	0.0	0.0								
gene:NRXN3	gene	NRXN3	NRXN3	NRXN3	1.0	1.0	1.0								
gene:PDE4C	gene	PDE4C	PDE4C	PDE4C	0.0	0.0	0.0								
gene:NR4A1	gene	NR4A1	NR4A1	NR4A1	0.0	0.0	0.0								
gene:MYRIP	gene	MYRIP	MYRIP	MYRIP	0.0	0.0	0.0								
gene:TCF4	gene	TCF4	TCF4	TCF4	1.0	1.0	1.0								
gene:PPIL6	gene	PPIL6	PPIL6	PPIL6	0.0	0.0	0.0								
gene:ZNF354A	gene	ZNF354A	ZNF354A	ZNF354A	0.0	0.0	0.0								
gene:PPM1H	gene	PPM1H	PPM1H	PPM1H	0.0	0.0	0.0								
gene:NOL8	gene	NOL8	NOL8	NOL8	0.0	0.0	0.0								
gene:CREM	gene	CREM	CREM	CREM	0.0	0.0	0.0								
gene:ZC3HAV1L	gene	ZC3HAV1L	ZC3HAV1L	ZC3HAV1L	0.0	0.0	0.0								
gene:HAR1A	gene	HAR1A	HAR1A	HAR1A	0.0	0.0	0.0								
gene:ZNF420	gene	ZNF420	ZNF420	ZNF420	0.0	0.0	0.0								
gene:ATP1B1	gene	ATP1B1	ATP1B1	ATP1B1	0.0	0.0	0.0								
gene:HLA-DRB1	gene	HLA-DRB1	HLA-DRB1	HLA-DRB1	1.0	0.0	1.0								
gene:CLTCL1	gene	CLTCL1	CLTCL1	CLTCL1	1.0	0.0	1.0								
gene:ZNF699	gene	ZNF699	ZNF699	ZNF699	0.0	0.0	0.0								
gene:ZNF639	gene	ZNF639	ZNF639	ZNF639	0.0	0.0	0.0								
gene:IREB2	gene	IREB2	IREB2	IREB2	0.0	0.0	0.0								
gene:NUP155	gene	NUP155	NUP155	NUP155	1.0	1.0	1.0								
gene:CPM	gene	CPM	CPM	CPM	0.0	0.0	0.0								
gene:TNPO3	gene	TNPO3	TNPO3	TNPO3	1.0	0.0	0.0								
gene:SAMD10	gene	SAMD10	SAMD10	SAMD10	0.0	0.0	0.0								
gene:CBY1	gene	CBY1	CBY1	CBY1	0.0	0.0	0.0								
gene:SIDT1	gene	SIDT1	SIDT1	SIDT1	0.0	0.0	0.0								
gene:MINK1	gene	MINK1	MINK1	MINK1	1.0	0.0	0.0								
gene:RBFOX2	gene	RBFOX2	RBFOX2	RBFOX2	0.0	0.0	0.0								
gene:SF3A3	gene	SF3A3	SF3A3	SF3A3	0.0	0.0	0.0								
gene:NAV2	gene	NAV2	NAV2	NAV2	1.0	0.0	1.0								
gene:ST3GAL1	gene	ST3GAL1	ST3GAL1	ST3GAL1	0.0	0.0	0.0								
gene:TJP2	gene	TJP2	TJP2	TJP2	0.0	0.0	0.0								
gene:TMEM159	gene	TMEM159	TMEM159	TMEM159	0.0	0.0	0.0								
gene:TIFA	gene	TIFA	TIFA	TIFA	0.0	0.0	0.0								
gene:TMEM141	gene	TMEM141	TMEM141	TMEM141	0.0	0.0	0.0								
gene:POLR2B	gene	POLR2B	POLR2B	POLR2B	0.0	0.0	0.0								
gene:ZNF69	gene	ZNF69	ZNF69	ZNF69	0.0	0.0	0.0								
gene:TMEM130	gene	TMEM130	TMEM130	TMEM130	0.0	0.0	0.0								
gene:MIOS	gene	MIOS	MIOS	MIOS	0.0	0.0	0.0								
gene:SGK2	gene	SGK2	SGK2	SGK2	0.0	0.0	0.0								
gene:ZNF34	gene	ZNF34	ZNF34	ZNF34	0.0	0.0	0.0								
gene:IFIT3	gene	IFIT3	IFIT3	IFIT3	0.0	0.0	0.0								
gene:KCTD10	gene	KCTD10	KCTD10	KCTD10	0.0	0.0	0.0								
gene:MAPK3	gene	MAPK3	MAPK3	MAPK3	1.0	0.0	1.0								
gene:IPCEF1	gene	IPCEF1	IPCEF1	IPCEF1	0.0	0.0	0.0								
gene:SLC20A2	gene	SLC20A2	SLC20A2	SLC20A2	0.0	0.0	0.0								
gene:NXN	gene	NXN	NXN	NXN	0.0	0.0	0.0								
gene:DDX49	gene	DDX49	DDX49	DDX49	0.0	0.0	0.0								
gene:HELB	gene	HELB	HELB	HELB	0.0	0.0	0.0								
gene:ARPC5L	gene	ARPC5L	ARPC5L	ARPC5L	0.0	0.0	0.0								
gene:PANX2	gene	PANX2	PANX2	PANX2	0.0	0.0	0.0								
gene:DDX31	gene	DDX31	DDX31	DDX31	0.0	0.0	0.0								
gene:CTSD	gene	CTSD	CTSD	CTSD	0.0	0.0	0.0								
gene:TMEM169	gene	TMEM169	TMEM169	TMEM169	0.0	0.0	0.0								
gene:KBTBD12	gene	KBTBD12	KBTBD12	KBTBD12	0.0	0.0	0.0								
gene:CHERP	gene	CHERP	CHERP	CHERP	0.0	0.0	0.0								
gene:AAAS	gene	AAAS	AAAS	AAAS	0.0	0.0	0.0								
gene:STAU1	gene	STAU1	STAU1	STAU1	0.0	0.0	0.0								
gene:FAM120A	gene	FAM120A	FAM120A	FAM120A	0.0	0.0	0.0								
gene:ZNF608	gene	ZNF608	ZNF608	ZNF608	0.0	0.0	0.0								
gene:C17ORF58	gene	C17ORF58	C17orf58	C17ORF58	0.0	0.0	0.0								
gene:KCTD7	gene	KCTD7	KCTD7	KCTD7	0.0	0.0	0.0								
gene:B4GALT3	gene	B4GALT3	B4GALT3	B4GALT3	0.0	0.0	0.0								
gene:RASSF4	gene	RASSF4	RASSF4	RASSF4	0.0	0.0	0.0								
gene:CELF1	gene	CELF1	CELF1	CELF1	0.0	0.0	0.0								
gene:PHF13	gene	PHF13	PHF13	PHF13	0.0	0.0	0.0								
gene:APH1A	gene	APH1A	APH1A	APH1A	1.0	0.0	1.0								
gene:KLK7	gene	KLK7	KLK7	KLK7	0.0	0.0	0.0								
gene:TTC8	gene	TTC8	TTC8	TTC8	0.0	0.0	0.0								
gene:PRKCD	gene	PRKCD	PRKCD	PRKCD	0.0	0.0	0.0								
gene:FRMPD2	gene	FRMPD2	FRMPD2	FRMPD2	0.0	0.0	0.0								
gene:C2ORF88	gene	C2ORF88	C2orf88	C2ORF88	0.0	0.0	0.0								
gene:CHRNA2	gene	CHRNA2	CHRNA2	CHRNA2	0.0	0.0	0.0								
gene:ZNF576	gene	ZNF576	ZNF576	ZNF576	0.0	0.0	0.0								
gene:ZNF565	gene	ZNF565	ZNF565	ZNF565	0.0	0.0	0.0								
gene:GBP4	gene	GBP4	GBP4	GBP4	0.0	0.0	0.0								
gene:GSN	gene	GSN	GSN	GSN	0.0	0.0	0.0								
gene:CTTNBP2	gene	CTTNBP2	CTTNBP2	CTTNBP2	1.0	0.0	1.0								
gene:PPP1R10	gene	PPP1R10	PPP1R10	PPP1R10	0.0	0.0	0.0								
gene:ASCC2	gene	ASCC2	ASCC2	ASCC2	0.0	0.0	0.0								
gene:CD22	gene	CD22	CD22	CD22	0.0	0.0	0.0								
gene:WDR34	gene	WDR34	WDR34	WDR34	0.0	0.0	0.0								
gene:SMAP1	gene	SMAP1	SMAP1	SMAP1	0.0	0.0	0.0								
gene:SRGAP2	gene	SRGAP2	SRGAP2	SRGAP2	0.0	0.0	0.0								
gene:RAE1	gene	RAE1	RAE1	RAE1	0.0	0.0	0.0								
gene:CLP1	gene	CLP1	CLP1	CLP1	0.0	0.0	0.0								
gene:FUT1	gene	FUT1	FUT1	FUT1	0.0	0.0	0.0								
gene:ZNF574	gene	ZNF574	ZNF574	ZNF574	0.0	0.0	0.0								
gene:MARCH9	gene	MARCH9	MARCH9	MARCH9	0.0	0.0	0.0								
gene:DHX29	gene	DHX29	DHX29	DHX29	0.0	0.0	0.0								
gene:ZNF609	gene	ZNF609	ZNF609	ZNF609	0.0	0.0	0.0								
gene:PCP4	gene	PCP4	PCP4	PCP4	0.0	0.0	0.0								
gene:FCHO2	gene	FCHO2	FCHO2	FCHO2	0.0	0.0	0.0								
gene:ZNF416	gene	ZNF416	ZNF416	ZNF416	0.0	0.0	0.0								
gene:PPP1R12C	gene	PPP1R12C	PPP1R12C	PPP1R12C	0.0	0.0	0.0								
gene:ZNF284	gene	ZNF284	ZNF284	ZNF284	0.0	0.0	0.0								
gene:RGS17	gene	RGS17	RGS17	RGS17	0.0	0.0	0.0								
gene:SNRNP200	gene	SNRNP200	SNRNP200	SNRNP200	0.0	0.0	0.0								
gene:SLC45A4	gene	SLC45A4	SLC45A4	SLC45A4	0.0	0.0	0.0								
gene:SPECC1	gene	SPECC1	SPECC1	SPECC1	0.0	0.0	0.0								
gene:NR2C2AP	gene	NR2C2AP	NR2C2AP	NR2C2AP	0.0	0.0	0.0								
gene:LUZP1	gene	LUZP1	LUZP1	LUZP1	0.0	0.0	0.0								
gene:SNX29	gene	SNX29	SNX29	SNX29	0.0	0.0	0.0								
gene:STT3B	gene	STT3B	STT3B	STT3B	0.0	0.0	0.0								
gene:PDE8A	gene	PDE8A	PDE8A	PDE8A	0.0	0.0	0.0								
gene:ARHGAP9	gene	ARHGAP9	ARHGAP9	ARHGAP9	0.0	0.0	0.0								
gene:CCBE1	gene	CCBE1	CCBE1	CCBE1	0.0	0.0	0.0								
gene:ELP2	gene	ELP2	ELP2	ELP2	1.0	1.0	1.0								
gene:PTK7	gene	PTK7	PTK7	PTK7	1.0	1.0	1.0								
gene:HIC2	gene	HIC2	HIC2	HIC2	0.0	0.0	0.0								
gene:JMJD6	gene	JMJD6	JMJD6	JMJD6	0.0	0.0	0.0								
gene:SMARCAL1	gene	SMARCAL1	SMARCAL1	SMARCAL1	0.0	0.0	0.0								
gene:GDE1	gene	GDE1	GDE1	GDE1	0.0	0.0	0.0								
gene:CAMKMT	gene	CAMKMT	CAMKMT	CAMKMT	0.0	0.0	0.0								
gene:HAUS6	gene	HAUS6	HAUS6	HAUS6	0.0	0.0	0.0								
gene:ZNF835	gene	ZNF835	ZNF835	ZNF835	0.0	0.0	0.0								
gene:HDDC2	gene	HDDC2	HDDC2	HDDC2	0.0	0.0	0.0								
gene:PIBF1	gene	PIBF1	PIBF1	PIBF1	0.0	0.0	0.0								
gene:RHEBL1	gene	RHEBL1	RHEBL1	RHEBL1	0.0	0.0	0.0								
gene:PRELP	gene	PRELP	PRELP	PRELP	0.0	0.0	0.0								
gene:DGCR6	gene	DGCR6	DGCR6	DGCR6	0.0	0.0	0.0								
gene:DIO2	gene	DIO2	DIO2	DIO2	0.0	0.0	0.0								
gene:MAP2K1	gene	MAP2K1	MAP2K1	MAP2K1	0.0	0.0	0.0								
gene:PCF11	gene	PCF11	PCF11	PCF11	0.0	0.0	0.0								
gene:ZDHHC18	gene	ZDHHC18	ZDHHC18	ZDHHC18	0.0	0.0	0.0								
gene:DNM1	gene	DNM1	DNM1	DNM1	1.0	0.0	0.0								
gene:SF1	gene	SF1	SF1	SF1	1.0	1.0	1.0								
gene:LRPAP1	gene	LRPAP1	LRPAP1	LRPAP1	0.0	0.0	0.0								
gene:NUP54	gene	NUP54	NUP54	NUP54	0.0	0.0	0.0								
gene:FAM131A	gene	FAM131A	FAM131A	FAM131A	0.0	0.0	0.0								
gene:TPCN1	gene	TPCN1	TPCN1	TPCN1	0.0	0.0	0.0								
gene:ENPP4	gene	ENPP4	ENPP4	ENPP4	0.0	0.0	0.0								
gene:FXYD7	gene	FXYD7	FXYD7	FXYD7	0.0	0.0	0.0								
gene:RAB26	gene	RAB26	RAB26	RAB26	0.0	0.0	0.0								
gene:SORT1	gene	SORT1	SORT1	SORT1	0.0	0.0	0.0								
gene:PELI3	gene	PELI3	PELI3	PELI3	0.0	0.0	0.0								
gene:NRIP2	gene	NRIP2	NRIP2	NRIP2	0.0	0.0	0.0								
gene:SESTD1	gene	SESTD1	SESTD1	SESTD1	0.0	0.0	0.0								
gene:TRPV2	gene	TRPV2	TRPV2	TRPV2	0.0	0.0	0.0								
gene:DGKA	gene	DGKA	DGKA	DGKA	0.0	0.0	0.0								
gene:MAN2B1	gene	MAN2B1	MAN2B1	MAN2B1	0.0	0.0	0.0								
gene:WBP2	gene	WBP2	WBP2	WBP2	0.0	0.0	0.0								
gene:PKD2L1	gene	PKD2L1	PKD2L1	PKD2L1	0.0	0.0	0.0								
gene:WDR5	gene	WDR5	WDR5	WDR5	1.0	1.0	1.0								
gene:KIAA0586	gene	KIAA0586	KIAA0586	KIAA0586	0.0	0.0	0.0								
gene:PRR14	gene	PRR14	PRR14	PRR14	0.0	0.0	0.0								
gene:RUNX1T1	gene	RUNX1T1	RUNX1T1	RUNX1T1	1.0	1.0	1.0								
gene:DDX20	gene	DDX20	DDX20	DDX20	0.0	0.0	0.0								
gene:NMT2	gene	NMT2	NMT2	NMT2	0.0	0.0	0.0								
gene:ZNF583	gene	ZNF583	ZNF583	ZNF583	0.0	0.0	0.0								
gene:SIN3A	gene	SIN3A	SIN3A	SIN3A	1.0	1.0	1.0								
gene:PHF12	gene	PHF12	PHF12	PHF12	1.0	1.0	1.0								
gene:LRCH1	gene	LRCH1	LRCH1	LRCH1	0.0	0.0	0.0								
gene:MVP	gene	MVP	MVP	MVP	0.0	0.0	0.0								
gene:VAMP3	gene	VAMP3	VAMP3	VAMP3	0.0	0.0	0.0								
gene:TSG101	gene	TSG101	TSG101	TSG101	0.0	0.0	0.0								
gene:DUSP12	gene	DUSP12	DUSP12	DUSP12	0.0	0.0	0.0								
gene:LYSMD1	gene	LYSMD1	LYSMD1	LYSMD1	0.0	0.0	0.0								
gene:ZNF91	gene	ZNF91	ZNF91	ZNF91	0.0	0.0	0.0								
gene:SMG8	gene	SMG8	SMG8	SMG8	0.0	0.0	0.0								
gene:ZXDC	gene	ZXDC	ZXDC	ZXDC	0.0	0.0	0.0								
gene:ADCY2	gene	ADCY2	ADCY2	ADCY2	0.0	0.0	0.0								
gene:DAZAP2	gene	DAZAP2	DAZAP2	DAZAP2	0.0	0.0	0.0								
gene:SPTSSB	gene	SPTSSB	SPTSSB	SPTSSB	0.0	0.0	0.0								
gene:SPECC1L	gene	SPECC1L	SPECC1L	SPECC1L	0.0	0.0	0.0								
gene:B4GALT6	gene	B4GALT6	B4GALT6	B4GALT6	0.0	0.0	0.0								
gene:TLK2	gene	TLK2	TLK2	TLK2	1.0	1.0	1.0								
gene:PPARGC1A	gene	PPARGC1A	PPARGC1A	PPARGC1A	0.0	0.0	0.0								
gene:RASL10B	gene	RASL10B	RASL10B	RASL10B	0.0	0.0	0.0								
gene:SIRT6	gene	SIRT6	SIRT6	SIRT6	0.0	0.0	0.0								
gene:FSCN1	gene	FSCN1	FSCN1	FSCN1	0.0	0.0	0.0								
gene:GSPT1	gene	GSPT1	GSPT1	GSPT1	0.0	0.0	0.0								
gene:PUS3	gene	PUS3	PUS3	PUS3	0.0	0.0	0.0								
gene:TRA2B	gene	TRA2B	TRA2B	TRA2B	0.0	0.0	0.0								
gene:PTGIS	gene	PTGIS	PTGIS	PTGIS	0.0	0.0	0.0								
gene:CPLX2	gene	CPLX2	CPLX2	CPLX2	0.0	0.0	0.0								
gene:RIMS1	gene	RIMS1	RIMS1	RIMS1	1.0	1.0	1.0								
gene:TTF1	gene	TTF1	TTF1	TTF1	0.0	0.0	0.0								
gene:EEFSEC	gene	EEFSEC	EEFSEC	EEFSEC	0.0	0.0	0.0								
gene:RPL18	gene	RPL18	RPL18	RPL18	0.0	0.0	0.0								
gene:MCHR1	gene	MCHR1	MCHR1	MCHR1	0.0	0.0	0.0								
gene:PCDH20	gene	PCDH20	PCDH20	PCDH20	0.0	0.0	0.0								
gene:ETNK2	gene	ETNK2	ETNK2	ETNK2	0.0	0.0	0.0								
gene:AC134312.1	gene	AC134312.1	AC134312.1	AC134312.1	0.0	0.0	0.0								
gene:PXDN	gene	PXDN	PXDN	PXDN	1.0	0.0	1.0								
gene:MCF2L2	gene	MCF2L2	MCF2L2	MCF2L2	0.0	0.0	0.0								
gene:MAST2	gene	MAST2	MAST2	MAST2	0.0	0.0	0.0								
gene:EHD2	gene	EHD2	EHD2	EHD2	0.0	0.0	0.0								
gene:ELAVL3	gene	ELAVL3	ELAVL3	ELAVL3	1.0	1.0	1.0								
gene:CFDP1	gene	CFDP1	CFDP1	CFDP1	0.0	0.0	0.0								
gene:ING4	gene	ING4	ING4	ING4	0.0	0.0	0.0								
gene:BACH1	gene	BACH1	BACH1	BACH1	0.0	0.0	0.0								
gene:THUMPD3	gene	THUMPD3	THUMPD3	THUMPD3	0.0	0.0	0.0								
gene:HECTD3	gene	HECTD3	HECTD3	HECTD3	0.0	0.0	0.0								
gene:CORO6	gene	CORO6	CORO6	CORO6	0.0	0.0	0.0								
gene:DDX46	gene	DDX46	DDX46	DDX46	0.0	0.0	0.0								
gene:WDR82	gene	WDR82	WDR82	WDR82	0.0	0.0	0.0								
gene:ARID3B	gene	ARID3B	ARID3B	ARID3B	0.0	0.0	0.0								
gene:LRIG2	gene	LRIG2	LRIG2	LRIG2	0.0	0.0	0.0								
gene:CBX5	gene	CBX5	CBX5	CBX5	0.0	0.0	0.0								
gene:NEDD4L	gene	NEDD4L	NEDD4L	NEDD4L	0.0	0.0	0.0								
gene:EHD1	gene	EHD1	EHD1	EHD1	0.0	0.0	0.0								
gene:NIPBL	gene	NIPBL	NIPBL	NIPBL	1.0	1.0	1.0								
gene:ALG10	gene	ALG10	ALG10	ALG10	0.0	0.0	0.0								
gene:PLD5	gene	PLD5	PLD5	PLD5	0.0	0.0	0.0								
gene:MIIP	gene	MIIP	MIIP	MIIP	0.0	0.0	0.0								
gene:KLHL20	gene	KLHL20	KLHL20	KLHL20	1.0	1.0	1.0								
gene:RASSF3	gene	RASSF3	RASSF3	RASSF3	0.0	0.0	0.0								
gene:SRSF4	gene	SRSF4	SRSF4	SRSF4	0.0	0.0	0.0								
gene:RAPGEF5	gene	RAPGEF5	RAPGEF5	RAPGEF5	0.0	0.0	0.0								
gene:RNF2	gene	RNF2	RNF2	RNF2	0.0	0.0	0.0								
gene:RFX1	gene	RFX1	RFX1	RFX1	0.0	0.0	0.0								
gene:AGBL5	gene	AGBL5	AGBL5	AGBL5	0.0	0.0	0.0								
gene:TRIM66	gene	TRIM66	TRIM66	TRIM66	0.0	0.0	0.0								
gene:ATP1A2	gene	ATP1A2	ATP1A2	ATP1A2	0.0	0.0	0.0								
gene:KDM5A	gene	KDM5A	KDM5A	KDM5A	1.0	0.0	1.0								
gene:CDC5L	gene	CDC5L	CDC5L	CDC5L	0.0	0.0	0.0								
gene:FAHD2B	gene	FAHD2B	FAHD2B	FAHD2B	0.0	0.0	0.0								
gene:KCTD4	gene	KCTD4	KCTD4	KCTD4	0.0	0.0	0.0								
gene:FAT3	gene	FAT3	FAT3	FAT3	0.0	0.0	0.0								
gene:CREB1	gene	CREB1	CREB1	CREB1	0.0	0.0	0.0								
gene:WDR48	gene	WDR48	WDR48	WDR48	0.0	0.0	0.0								
gene:ZNF431	gene	ZNF431	ZNF431	ZNF431	0.0	0.0	0.0								
gene:PTPRS	gene	PTPRS	PTPRS	PTPRS	1.0	0.0	0.0								
gene:SRR	gene	SRR	SRR	SRR	0.0	0.0	0.0								
gene:WIPF1	gene	WIPF1	WIPF1	WIPF1	0.0	0.0	0.0								
gene:ZBTB7B	gene	ZBTB7B	ZBTB7B	ZBTB7B	0.0	0.0	0.0								
gene:SIL1	gene	SIL1	SIL1	SIL1	0.0	0.0	0.0								
gene:SCN3A	gene	SCN3A	SCN3A	SCN3A	1.0	0.0	0.0								
gene:AKR1C3	gene	AKR1C3	AKR1C3	AKR1C3	0.0	0.0	0.0								
gene:ARHGAP11A	gene	ARHGAP11A	ARHGAP11A	ARHGAP11A	0.0	0.0	0.0								
gene:MAPK8	gene	MAPK8	MAPK8	MAPK8	0.0	0.0	0.0								
gene:CCNE1	gene	CCNE1	CCNE1	CCNE1	0.0	0.0	0.0								
gene:SOCS6	gene	SOCS6	SOCS6	SOCS6	0.0	0.0	0.0								
gene:ZNF714	gene	ZNF714	ZNF714	ZNF714	0.0	0.0	0.0								
gene:AXIN1	gene	AXIN1	AXIN1	AXIN1	0.0	0.0	0.0								
gene:NQO2	gene	NQO2	NQO2	NQO2	0.0	0.0	0.0								
gene:ZFP64	gene	ZFP64	ZFP64	ZFP64	0.0	0.0	0.0								
gene:SLC24A4	gene	SLC24A4	SLC24A4	SLC24A4	0.0	0.0	0.0								
gene:HTR3B	gene	HTR3B	HTR3B	HTR3B	0.0	0.0	0.0								
gene:MT2A	gene	MT2A	MT2A	MT2A	0.0	0.0	0.0								
gene:CIRBP	gene	CIRBP	CIRBP	CIRBP	0.0	0.0	0.0								
gene:DOCK5	gene	DOCK5	DOCK5	DOCK5	0.0	0.0	0.0								
gene:KCNS1	gene	KCNS1	KCNS1	KCNS1	0.0	0.0	0.0								
gene:SOCS2	gene	SOCS2	SOCS2	SOCS2	0.0	0.0	0.0								
gene:CTSZ	gene	CTSZ	CTSZ	CTSZ	0.0	0.0	0.0								
gene:ZNF613	gene	ZNF613	ZNF613	ZNF613	0.0	0.0	0.0								
gene:DAP	gene	DAP	DAP	DAP	0.0	0.0	0.0								
gene:ZNF823	gene	ZNF823	ZNF823	ZNF823	0.0	0.0	0.0								
gene:MPHOSPH10	gene	MPHOSPH10	MPHOSPH10	MPHOSPH10	0.0	0.0	0.0								
gene:SCLT1	gene	SCLT1	SCLT1	SCLT1	0.0	0.0	0.0								
gene:TNK2	gene	TNK2	TNK2	TNK2	0.0	0.0	0.0								
gene:LRRC29	gene	LRRC29	LRRC29	LRRC29	0.0	0.0	0.0								
gene:AC007620.3	gene	AC007620.3	AC007620.3	AC007620.3	0.0	0.0	0.0								
gene:CDH3	gene	CDH3	CDH3	CDH3	0.0	0.0	0.0								
gene:FICD	gene	FICD	FICD	FICD	0.0	0.0	0.0								
gene:UHRF2	gene	UHRF2	UHRF2	UHRF2	0.0	0.0	0.0								
gene:BARD1	gene	BARD1	BARD1	BARD1	0.0	0.0	0.0								
gene:CHAMP1	gene	CHAMP1	CHAMP1	CHAMP1	1.0	1.0	1.0								
gene:CDHR3	gene	CDHR3	CDHR3	CDHR3	0.0	0.0	0.0								
gene:TIAM2	gene	TIAM2	TIAM2	TIAM2	0.0	0.0	0.0								
gene:GNG2	gene	GNG2	GNG2	GNG2	0.0	0.0	0.0								
gene:UMPS	gene	UMPS	UMPS	UMPS	0.0	0.0	0.0								
gene:RNF169	gene	RNF169	RNF169	RNF169	0.0	0.0	0.0								
gene:ANKRD65	gene	ANKRD65	ANKRD65	ANKRD65	0.0	0.0	0.0								
gene:BAMBI	gene	BAMBI	BAMBI	BAMBI	0.0	0.0	0.0								
gene:MED13L	gene	MED13L	MED13L	MED13L	1.0	1.0	1.0								
gene:CAMK1	gene	CAMK1	CAMK1	CAMK1	0.0	0.0	0.0								
gene:ESYT3	gene	ESYT3	ESYT3	ESYT3	0.0	0.0	0.0								
gene:ZC3HC1	gene	ZC3HC1	ZC3HC1	ZC3HC1	0.0	0.0	0.0								
gene:NPAS2	gene	NPAS2	NPAS2	NPAS2	1.0	0.0	1.0								
gene:AIF1L	gene	AIF1L	AIF1L	AIF1L	0.0	0.0	0.0								
gene:PRKCB	gene	PRKCB	PRKCB	PRKCB	1.0	0.0	1.0								
gene:CTSO	gene	CTSO	CTSO	CTSO	0.0	0.0	0.0								
gene:CCNG2	gene	CCNG2	CCNG2	CCNG2	0.0	0.0	0.0								
gene:VWC2	gene	VWC2	VWC2	VWC2	0.0	0.0	0.0								
gene:APOE	gene	APOE	APOE	APOE	0.0	0.0	0.0								
gene:PIK3C2B	gene	PIK3C2B	PIK3C2B	PIK3C2B	0.0	0.0	0.0								
gene:ABCB1	gene	ABCB1	ABCB1	ABCB1	0.0	0.0	0.0								
gene:ARHGAP25	gene	ARHGAP25	ARHGAP25	ARHGAP25	0.0	0.0	0.0								
gene:RFWD3	gene	RFWD3	RFWD3	RFWD3	0.0	0.0	0.0								
gene:NT5E	gene	NT5E	NT5E	NT5E	0.0	0.0	0.0								
gene:RPS24	gene	RPS24	RPS24	RPS24	0.0	0.0	0.0								
gene:SEC24A	gene	SEC24A	SEC24A	SEC24A	0.0	0.0	0.0								
gene:JRK	gene	JRK	JRK	JRK	0.0	0.0	0.0								
gene:TMSB10	gene	TMSB10	TMSB10	TMSB10	0.0	0.0	0.0								
gene:ZNF131	gene	ZNF131	ZNF131	ZNF131	0.0	0.0	0.0								
gene:THNSL2	gene	THNSL2	THNSL2	THNSL2	0.0	0.0	0.0								
gene:ZNF510	gene	ZNF510	ZNF510	ZNF510	0.0	0.0	0.0								
gene:NBL1	gene	NBL1	NBL1	NBL1	0.0	0.0	0.0								
gene:LRWD1	gene	LRWD1	LRWD1	LRWD1	0.0	0.0	0.0								
gene:ABL1	gene	ABL1	ABL1	ABL1	0.0	0.0	0.0								
gene:KBTBD6	gene	KBTBD6	KBTBD6	KBTBD6	0.0	0.0	0.0								
gene:KCNH1	gene	KCNH1	KCNH1	KCNH1	1.0	1.0	1.0								
gene:TSR1	gene	TSR1	TSR1	TSR1	0.0	0.0	0.0								
gene:FAM193A	gene	FAM193A	FAM193A	FAM193A	0.0	0.0	0.0								
gene:NBPF15	gene	NBPF15	NBPF15	NBPF15	0.0	0.0	0.0								
gene:ST8SIA5	gene	ST8SIA5	ST8SIA5	ST8SIA5	0.0	0.0	0.0								
gene:ARMC6	gene	ARMC6	ARMC6	ARMC6	0.0	0.0	0.0								
gene:IPO13	gene	IPO13	IPO13	IPO13	0.0	0.0	0.0								
gene:TRIM9	gene	TRIM9	TRIM9	TRIM9	0.0	0.0	0.0								
gene:GDI2	gene	GDI2	GDI2	GDI2	0.0	0.0	0.0								
gene:STAT4	gene	STAT4	STAT4	STAT4	0.0	0.0	0.0								
gene:GDAP2	gene	GDAP2	GDAP2	GDAP2	0.0	0.0	0.0								
gene:ASPH	gene	ASPH	ASPH	ASPH	0.0	0.0	0.0								
gene:VPS37B	gene	VPS37B	VPS37B	VPS37B	0.0	0.0	0.0								
gene:CCT6A	gene	CCT6A	CCT6A	CCT6A	0.0	0.0	0.0								
gene:GCC2	gene	GCC2	GCC2	GCC2	0.0	0.0	0.0								
gene:CUL7	gene	CUL7	CUL7	CUL7	1.0	0.0	1.0								
gene:ATF6B	gene	ATF6B	ATF6B	ATF6B	0.0	0.0	0.0								
gene:ZNF35	gene	ZNF35	ZNF35	ZNF35	0.0	0.0	0.0								
gene:TSHZ3	gene	TSHZ3	TSHZ3	TSHZ3	1.0	1.0	1.0								
gene:RALA	gene	RALA	RALA	RALA	1.0	1.0	1.0								
gene:TRDMT1	gene	TRDMT1	TRDMT1	TRDMT1	0.0	0.0	0.0								
gene:CCND3	gene	CCND3	CCND3	CCND3	0.0	0.0	0.0								
gene:KDM1B	gene	KDM1B	KDM1B	KDM1B	1.0	0.0	1.0								
gene:PCDHB2	gene	PCDHB2	PCDHB2	PCDHB2	0.0	0.0	0.0								
gene:EPRS	gene	EPRS	EPRS	EPRS	0.0	0.0	0.0								
gene:CCDC85B	gene	CCDC85B	CCDC85B	CCDC85B	0.0	0.0	0.0								
gene:ST7-AS2	gene	ST7-AS2	ST7-AS2	ST7-AS2	0.0	0.0	0.0								
gene:ABCA2	gene	ABCA2	ABCA2	ABCA2	1.0	0.0	0.0								
gene:CLDN10	gene	CLDN10	CLDN10	CLDN10	0.0	0.0	0.0								
gene:SECISBP2	gene	SECISBP2	SECISBP2	SECISBP2	0.0	0.0	0.0								
gene:NR1H2	gene	NR1H2	NR1H2	NR1H2	0.0	0.0	0.0								
gene:NPM2	gene	NPM2	NPM2	NPM2	0.0	0.0	0.0								
gene:APOL4	gene	APOL4	APOL4	APOL4	0.0	0.0	0.0								
gene:TIGD3	gene	TIGD3	TIGD3	TIGD3	0.0	0.0	0.0								
gene:DNAH10	gene	DNAH10	DNAH10	DNAH10	1.0	0.0	1.0								
gene:TCFL5	gene	TCFL5	TCFL5	TCFL5	0.0	0.0	0.0								
gene:GPD1	gene	GPD1	GPD1	GPD1	0.0	0.0	0.0								
gene:SYNC	gene	SYNC	SYNC	SYNC	0.0	0.0	0.0								
gene:NRSN1	gene	NRSN1	NRSN1	NRSN1	0.0	0.0	0.0								
gene:RPL37A	gene	RPL37A	RPL37A	RPL37A	0.0	0.0	0.0								
gene:MAML3	gene	MAML3	MAML3	MAML3	0.0	0.0	0.0								
gene:TPI1	gene	TPI1	TPI1	TPI1	0.0	0.0	0.0								
gene:TRADD	gene	TRADD	TRADD	TRADD	0.0	0.0	0.0								
gene:C2ORF68	gene	C2ORF68	C2orf68	C2ORF68	0.0	0.0	0.0								
gene:CCT2	gene	CCT2	CCT2	CCT2	0.0	0.0	0.0								
gene:TPST2	gene	TPST2	TPST2	TPST2	0.0	0.0	0.0								
gene:POGK	gene	POGK	POGK	POGK	0.0	0.0	0.0								
gene:PPM1D	gene	PPM1D	PPM1D	PPM1D	1.0	1.0	1.0								
gene:ZNF141	gene	ZNF141	ZNF141	ZNF141	0.0	0.0	0.0								
gene:ZNF718	gene	ZNF718	ZNF718	ZNF718	0.0	0.0	0.0								
gene:TCP1	gene	TCP1	TCP1	TCP1	0.0	0.0	0.0								
gene:PTPRB	gene	PTPRB	PTPRB	PTPRB	1.0	0.0	1.0								
gene:TBR1	gene	TBR1	TBR1	TBR1	1.0	1.0	1.0								
gene:BOD1	gene	BOD1	BOD1	BOD1	0.0	0.0	0.0								
gene:TOM1L2	gene	TOM1L2	TOM1L2	TOM1L2	0.0	0.0	0.0								
gene:ZFP90	gene	ZFP90	ZFP90	ZFP90	0.0	0.0	0.0								
gene:ZNF134	gene	ZNF134	ZNF134	ZNF134	0.0	0.0	0.0								
gene:GABBR1	gene	GABBR1	GABBR1	GABBR1	0.0	0.0	0.0								
gene:COPB1	gene	COPB1	COPB1	COPB1	0.0	0.0	0.0								
gene:ITPR1	gene	ITPR1	ITPR1	ITPR1	1.0	0.0	1.0								
gene:GCLC	gene	GCLC	GCLC	GCLC	0.0	0.0	0.0								
gene:ZNF230	gene	ZNF230	ZNF230	ZNF230	0.0	0.0	0.0								
gene:ZNF629	gene	ZNF629	ZNF629	ZNF629	0.0	0.0	0.0								
gene:SARM1	gene	SARM1	SARM1	SARM1	0.0	0.0	0.0								
gene:RPS13	gene	RPS13	RPS13	RPS13	0.0	0.0	0.0								
gene:HSPA14	gene	HSPA14	HSPA14	HSPA14	0.0	0.0	0.0								
gene:UBE2L6	gene	UBE2L6	UBE2L6	UBE2L6	0.0	0.0	0.0								
gene:SERPINF1	gene	SERPINF1	SERPINF1	SERPINF1	0.0	0.0	0.0								
gene:SRBD1	gene	SRBD1	SRBD1	SRBD1	0.0	0.0	0.0								
gene:DVL2	gene	DVL2	DVL2	DVL2	0.0	0.0	0.0								
gene:RPS3A	gene	RPS3A	RPS3A	RPS3A	0.0	0.0	0.0								
gene:MMP15	gene	MMP15	MMP15	MMP15	0.0	0.0	0.0								
gene:TMC6	gene	TMC6	TMC6	TMC6	0.0	0.0	0.0								
gene:MED12L	gene	MED12L	MED12L	MED12L	1.0	1.0	1.0								
gene:YTHDC1	gene	YTHDC1	YTHDC1	YTHDC1	0.0	0.0	0.0								
gene:GRIA4	gene	GRIA4	GRIA4	GRIA4	0.0	0.0	0.0								
gene:SRSF1	gene	SRSF1	SRSF1	SRSF1	1.0	1.0	1.0								
gene:MED29	gene	MED29	MED29	MED29	0.0	0.0	0.0								
gene:ACER3	gene	ACER3	ACER3	ACER3	0.0	0.0	0.0								
gene:USF1	gene	USF1	USF1	USF1	0.0	0.0	0.0								
gene:FAM13C	gene	FAM13C	FAM13C	FAM13C	0.0	0.0	0.0								
gene:UNK	gene	UNK	UNK	UNK	0.0	0.0	0.0								
gene:MPPED1	gene	MPPED1	MPPED1	MPPED1	0.0	0.0	0.0								
gene:RSBN1	gene	RSBN1	RSBN1	RSBN1	0.0	0.0	0.0								
gene:WTAP	gene	WTAP	WTAP	WTAP	0.0	0.0	0.0								
gene:COL4A1	gene	COL4A1	COL4A1	COL4A1	0.0	0.0	0.0								
gene:SGMS2	gene	SGMS2	SGMS2	SGMS2	0.0	0.0	0.0								
gene:RXFP1	gene	RXFP1	RXFP1	RXFP1	0.0	0.0	0.0								
gene:CCDC159	gene	CCDC159	CCDC159	CCDC159	0.0	0.0	0.0								
gene:HTR5A	gene	HTR5A	HTR5A	HTR5A	0.0	0.0	0.0								
gene:NME5	gene	NME5	NME5	NME5	0.0	0.0	0.0								
gene:ALKBH8	gene	ALKBH8	ALKBH8	ALKBH8	0.0	0.0	0.0								
gene:WIF1	gene	WIF1	WIF1	WIF1	0.0	0.0	0.0								
gene:TMEM43	gene	TMEM43	TMEM43	TMEM43	0.0	0.0	0.0								
gene:GNA13	gene	GNA13	GNA13	GNA13	0.0	0.0	0.0								
gene:NARF	gene	NARF	NARF	NARF	0.0	0.0	0.0								
gene:PAMR1	gene	PAMR1	PAMR1	PAMR1	0.0	0.0	0.0								
gene:POPDC3	gene	POPDC3	POPDC3	POPDC3	0.0	0.0	0.0								
gene:AL450992.2	gene	AL450992.2	AL450992.2	AL450992.2	0.0	0.0	0.0								
gene:SART3	gene	SART3	SART3	SART3	0.0	0.0	0.0								
gene:ZNF79	gene	ZNF79	ZNF79	ZNF79	0.0	0.0	0.0								
gene:ZNF526	gene	ZNF526	ZNF526	ZNF526	0.0	0.0	0.0								
gene:CCT3	gene	CCT3	CCT3	CCT3	0.0	0.0	0.0								
gene:TINF2	gene	TINF2	TINF2	TINF2	0.0	0.0	0.0								
gene:ZNF660	gene	ZNF660	ZNF660	ZNF660	0.0	0.0	0.0								
gene:MITF	gene	MITF	MITF	MITF	0.0	0.0	0.0								
gene:MYLK4	gene	MYLK4	MYLK4	MYLK4	0.0	0.0	0.0								
gene:PTK2B	gene	PTK2B	PTK2B	PTK2B	0.0	0.0	0.0								
gene:NCOA6	gene	NCOA6	NCOA6	NCOA6	0.0	0.0	0.0								
gene:USP37	gene	USP37	USP37	USP37	0.0	0.0	0.0								
gene:NFE2L3	gene	NFE2L3	NFE2L3	NFE2L3	1.0	0.0	1.0								
gene:ASB2	gene	ASB2	ASB2	ASB2	0.0	0.0	0.0								
gene:CCDC71	gene	CCDC71	CCDC71	CCDC71	0.0	0.0	0.0								
gene:SLC39A8	gene	SLC39A8	SLC39A8	SLC39A8	0.0	0.0	0.0								
gene:STXBP3	gene	STXBP3	STXBP3	STXBP3	0.0	0.0	0.0								
gene:PRDM8	gene	PRDM8	PRDM8	PRDM8	0.0	0.0	0.0								
gene:SYNGR1	gene	SYNGR1	SYNGR1	SYNGR1	0.0	0.0	0.0								
gene:SFMBT1	gene	SFMBT1	SFMBT1	SFMBT1	0.0	0.0	0.0								
gene:MICALL1	gene	MICALL1	MICALL1	MICALL1	0.0	0.0	0.0								
gene:CXXC5	gene	CXXC5	CXXC5	CXXC5	1.0	0.0	0.0								
gene:FBXO27	gene	FBXO27	FBXO27	FBXO27	0.0	0.0	0.0								
gene:RPL35A	gene	RPL35A	RPL35A	RPL35A	0.0	0.0	0.0								
gene:RAD18	gene	RAD18	RAD18	RAD18	0.0	0.0	0.0								
gene:CXXC1	gene	CXXC1	CXXC1	CXXC1	0.0	0.0	0.0								
gene:BDNF	gene	BDNF	BDNF	BDNF	0.0	0.0	0.0								
gene:CCNDBP1	gene	CCNDBP1	CCNDBP1	CCNDBP1	0.0	0.0	0.0								
gene:NIPAL4	gene	NIPAL4	NIPAL4	NIPAL4	0.0	0.0	0.0								
gene:CCDC68	gene	CCDC68	CCDC68	CCDC68	0.0	0.0	0.0								
gene:CSRNP2	gene	CSRNP2	CSRNP2	CSRNP2	0.0	0.0	0.0								
gene:ZNF211	gene	ZNF211	ZNF211	ZNF211	0.0	0.0	0.0								
gene:SLC35D2	gene	SLC35D2	SLC35D2	SLC35D2	0.0	0.0	0.0								
gene:NASP	gene	NASP	NASP	NASP	1.0	0.0	0.0								
gene:RPL12	gene	RPL12	RPL12	RPL12	0.0	0.0	0.0								
gene:FBXO42	gene	FBXO42	FBXO42	FBXO42	0.0	0.0	0.0								
gene:DEK	gene	DEK	DEK	DEK	0.0	0.0	0.0								
gene:GLUL	gene	GLUL	GLUL	GLUL	0.0	0.0	0.0								
gene:CHD9	gene	CHD9	CHD9	CHD9	1.0	0.0	0.0								
gene:QRICH1	gene	QRICH1	QRICH1	QRICH1	1.0	0.0	1.0								
gene:HLA-C	gene	HLA-C	HLA-C	HLA-C	0.0	0.0	0.0								
gene:CRHBP	gene	CRHBP	CRHBP	CRHBP	0.0	0.0	0.0								
gene:CEP95	gene	CEP95	CEP95	CEP95	0.0	0.0	0.0								
gene:U2AF1	gene	U2AF1	U2AF1	U2AF1	0.0	0.0	0.0								
gene:CDK4	gene	CDK4	CDK4	CDK4	0.0	0.0	0.0								
gene:HAP1	gene	HAP1	HAP1	HAP1	0.0	0.0	0.0								
gene:MINPP1	gene	MINPP1	MINPP1	MINPP1	0.0	0.0	0.0								
gene:INPP1	gene	INPP1	INPP1	INPP1	1.0	0.0	1.0								
gene:SYT14	gene	SYT14	SYT14	SYT14	0.0	0.0	0.0								
gene:UBA52	gene	UBA52	UBA52	UBA52	0.0	0.0	0.0								
gene:WDR43	gene	WDR43	WDR43	WDR43	0.0	0.0	0.0								
gene:ICOSLG	gene	ICOSLG	ICOSLG	ICOSLG	0.0	0.0	0.0								
gene:SNRPE	gene	SNRPE	SNRPE	SNRPE	0.0	0.0	0.0								
gene:JAK3	gene	JAK3	JAK3	JAK3	0.0	0.0	0.0								
gene:ZNF569	gene	ZNF569	ZNF569	ZNF569	0.0	0.0	0.0								
gene:ZNF611	gene	ZNF611	ZNF611	ZNF611	0.0	0.0	0.0								
gene:VGF	gene	VGF	VGF	VGF	0.0	0.0	0.0								
gene:MIER3	gene	MIER3	MIER3	MIER3	0.0	0.0	0.0								
gene:REV1	gene	REV1	REV1	REV1	0.0	0.0	0.0								
gene:SCAF8	gene	SCAF8	SCAF8	SCAF8	0.0	0.0	0.0								
gene:CCDC77	gene	CCDC77	CCDC77	CCDC77	0.0	0.0	0.0								
gene:CA13	gene	CA13	CA13	CA13	0.0	0.0	0.0								
gene:RBM15	gene	RBM15	RBM15	RBM15	0.0	0.0	0.0								
gene:UBAP2	gene	UBAP2	UBAP2	UBAP2	0.0	0.0	0.0								
gene:ABCA8	gene	ABCA8	ABCA8	ABCA8	0.0	0.0	0.0								
gene:POLD4	gene	POLD4	POLD4	POLD4	0.0	0.0	0.0								
gene:MARCH5	gene	MARCH5	MARCH5	MARCH5	0.0	0.0	0.0								
gene:SF3B1	gene	SF3B1	SF3B1	SF3B1	1.0	0.0	1.0								
gene:EPC2	gene	EPC2	EPC2	EPC2	1.0	0.0	1.0								
gene:PTP4A1	gene	PTP4A1	PTP4A1	PTP4A1	0.0	0.0	0.0								
gene:SASH1	gene	SASH1	SASH1	SASH1	1.0	0.0	1.0								
gene:ITM2C	gene	ITM2C	ITM2C	ITM2C	0.0	0.0	0.0								
gene:TNFRSF14	gene	TNFRSF14	TNFRSF14	TNFRSF14	0.0	0.0	0.0								
gene:CDK8	gene	CDK8	CDK8	CDK8	1.0	1.0	1.0								
gene:GATAD2B	gene	GATAD2B	GATAD2B	GATAD2B	0.0	0.0	0.0								
gene:PACSIN3	gene	PACSIN3	PACSIN3	PACSIN3	0.0	0.0	0.0								
gene:RPS16	gene	RPS16	RPS16	RPS16	0.0	0.0	0.0								
gene:MMP16	gene	MMP16	MMP16	MMP16	0.0	0.0	0.0								
gene:SMURF2	gene	SMURF2	SMURF2	SMURF2	0.0	0.0	0.0								
gene:ZNF239	gene	ZNF239	ZNF239	ZNF239	0.0	0.0	0.0								
gene:PIGZ	gene	PIGZ	PIGZ	PIGZ	0.0	0.0	0.0								
gene:DNAAF2	gene	DNAAF2	DNAAF2	DNAAF2	0.0	0.0	0.0								
gene:PTPRE	gene	PTPRE	PTPRE	PTPRE	0.0	0.0	0.0								
gene:HIF1A	gene	HIF1A	HIF1A	HIF1A	0.0	0.0	0.0								
gene:ADAM11	gene	ADAM11	ADAM11	ADAM11	0.0	0.0	0.0								
gene:TCF20	gene	TCF20	TCF20	TCF20	1.0	1.0	1.0								
gene:LGR5	gene	LGR5	LGR5	LGR5	0.0	0.0	0.0								
gene:MARCH7	gene	MARCH7	MARCH7	MARCH7	0.0	0.0	0.0								
gene:ZNF700	gene	ZNF700	ZNF700	ZNF700	0.0	0.0	0.0								
gene:GTF2IRD2	gene	GTF2IRD2	GTF2IRD2	GTF2IRD2	0.0	0.0	0.0								
gene:PHYHIPL	gene	PHYHIPL	PHYHIPL	PHYHIPL	0.0	0.0	0.0								
gene:AKR1A1	gene	AKR1A1	AKR1A1	AKR1A1	0.0	0.0	0.0								
gene:SLC7A6OS	gene	SLC7A6OS	SLC7A6OS	SLC7A6OS	0.0	0.0	0.0								
gene:RNF40	gene	RNF40	RNF40	RNF40	0.0	0.0	0.0								
gene:MRVI1	gene	MRVI1	MRVI1	MRVI1	0.0	0.0	0.0								
gene:SAFB	gene	SAFB	SAFB	SAFB	0.0	0.0	0.0								
gene:TMEFF1	gene	TMEFF1	TMEFF1	TMEFF1	0.0	0.0	0.0								
gene:NOVA2	gene	NOVA2	NOVA2	NOVA2	1.0	1.0	1.0								
gene:ZNF44	gene	ZNF44	ZNF44	ZNF44	0.0	0.0	0.0								
gene:ACIN1	gene	ACIN1	ACIN1	ACIN1	0.0	0.0	0.0								
gene:MTMR3	gene	MTMR3	MTMR3	MTMR3	0.0	0.0	0.0								
gene:ZNF274	gene	ZNF274	ZNF274	ZNF274	0.0	0.0	0.0								
gene:NPTX1	gene	NPTX1	NPTX1	NPTX1	0.0	0.0	0.0								
gene:SCN9A	gene	SCN9A	SCN9A	SCN9A	1.0	0.0	1.0								
gene:IFI6	gene	IFI6	IFI6	IFI6	0.0	0.0	0.0								
gene:ZDHHC23	gene	ZDHHC23	ZDHHC23	ZDHHC23	0.0	0.0	0.0								
gene:CAMSAP1	gene	CAMSAP1	CAMSAP1	CAMSAP1	0.0	0.0	0.0								
gene:TAP1	gene	TAP1	TAP1	TAP1	0.0	0.0	0.0								
gene:HHIP	gene	HHIP	HHIP	HHIP	0.0	0.0	0.0								
gene:CPE	gene	CPE	CPE	CPE	0.0	0.0	0.0								
gene:MPP7	gene	MPP7	MPP7	MPP7	0.0	0.0	0.0								
gene:TRIM46	gene	TRIM46	TRIM46	TRIM46	0.0	0.0	0.0								
gene:HPCAL4	gene	HPCAL4	HPCAL4	HPCAL4	0.0	0.0	0.0								
gene:TNNT1	gene	TNNT1	TNNT1	TNNT1	0.0	0.0	0.0								
gene:B4GALT5	gene	B4GALT5	B4GALT5	B4GALT5	0.0	0.0	0.0								
gene:PDS5A	gene	PDS5A	PDS5A	PDS5A	0.0	0.0	0.0								
gene:SUSD4	gene	SUSD4	SUSD4	SUSD4	0.0	0.0	0.0								
gene:HIPK2	gene	HIPK2	HIPK2	HIPK2	0.0	0.0	0.0								
gene:RTF1	gene	RTF1	RTF1	RTF1	0.0	0.0	0.0								
gene:RSF1	gene	RSF1	RSF1	RSF1	0.0	0.0	0.0								
gene:LRRC43	gene	LRRC43	LRRC43	LRRC43	0.0	0.0	0.0								
gene:TOPORS	gene	TOPORS	TOPORS	TOPORS	0.0	0.0	0.0								
gene:ZNF658	gene	ZNF658	ZNF658	ZNF658	0.0	0.0	0.0								
gene:SBF2	gene	SBF2	SBF2	SBF2	0.0	0.0	0.0								
gene:ZMYND8	gene	ZMYND8	ZMYND8	ZMYND8	1.0	1.0	1.0								
gene:KCNC2	gene	KCNC2	KCNC2	KCNC2	1.0	0.0	0.0								
gene:REEP1	gene	REEP1	REEP1	REEP1	0.0	0.0	0.0								
gene:AMOTL1	gene	AMOTL1	AMOTL1	AMOTL1	0.0	0.0	0.0								
gene:ST6GAL1	gene	ST6GAL1	ST6GAL1	ST6GAL1	0.0	0.0	0.0								
gene:GNA15	gene	GNA15	GNA15	GNA15	0.0	0.0	0.0								
gene:ALPL	gene	ALPL	ALPL	ALPL	0.0	0.0	0.0								
gene:SH3TC2	gene	SH3TC2	SH3TC2	SH3TC2	0.0	0.0	0.0								
gene:RPSA	gene	RPSA	RPSA	RPSA	0.0	0.0	0.0								
gene:VPS16	gene	VPS16	VPS16	VPS16	0.0	0.0	0.0								
gene:NCKIPSD	gene	NCKIPSD	NCKIPSD	NCKIPSD	0.0	0.0	0.0								
gene:ZNF440	gene	ZNF440	ZNF440	ZNF440	0.0	0.0	0.0								
gene:IWS1	gene	IWS1	IWS1	IWS1	0.0	0.0	0.0								
gene:SEC24C	gene	SEC24C	SEC24C	SEC24C	0.0	0.0	0.0								
gene:ZNF346	gene	ZNF346	ZNF346	ZNF346	0.0	0.0	0.0								
gene:TMEM87B	gene	TMEM87B	TMEM87B	TMEM87B	0.0	0.0	0.0								
gene:GNB4	gene	GNB4	GNB4	GNB4	0.0	0.0	0.0								
gene:SLC35A3	gene	SLC35A3	SLC35A3	SLC35A3	0.0	0.0	0.0								
gene:SLC1A2	gene	SLC1A2	SLC1A2	SLC1A2	1.0	0.0	0.0								
gene:ZNF446	gene	ZNF446	ZNF446	ZNF446	0.0	0.0	0.0								
gene:RBM12B	gene	RBM12B	RBM12B	RBM12B	0.0	0.0	0.0								
gene:AXIN2	gene	AXIN2	AXIN2	AXIN2	0.0	0.0	0.0								
gene:ZNF451	gene	ZNF451	ZNF451	ZNF451	0.0	0.0	0.0								
gene:LRP12	gene	LRP12	LRP12	LRP12	0.0	0.0	0.0								
gene:SNRPB2	gene	SNRPB2	SNRPB2	SNRPB2	0.0	0.0	0.0								
gene:ANXA4	gene	ANXA4	ANXA4	ANXA4	0.0	0.0	0.0								
gene:LEO1	gene	LEO1	LEO1	LEO1	1.0	0.0	1.0								
gene:SH3GLB2	gene	SH3GLB2	SH3GLB2	SH3GLB2	0.0	0.0	0.0								
gene:PSMG4	gene	PSMG4	PSMG4	PSMG4	0.0	0.0	0.0								
gene:ZNF831	gene	ZNF831	ZNF831	ZNF831	0.0	0.0	0.0								
gene:SNX24	gene	SNX24	SNX24	SNX24	0.0	0.0	0.0								
gene:SMAD2	gene	SMAD2	SMAD2	SMAD2	0.0	0.0	0.0								
gene:NANOS1	gene	NANOS1	NANOS1	NANOS1	0.0	0.0	0.0								
gene:AC011498.1	gene	AC011498.1	AC011498.1	AC011498.1	0.0	0.0	0.0								
gene:OGFRL1	gene	OGFRL1	OGFRL1	OGFRL1	0.0	0.0	0.0								
gene:GFPT1	gene	GFPT1	GFPT1	GFPT1	0.0	0.0	0.0								
gene:ZMYM2	gene	ZMYM2	ZMYM2	ZMYM2	1.0	1.0	1.0								
gene:NFIA	gene	NFIA	NFIA	NFIA	1.0	0.0	1.0								
gene:NCBP1	gene	NCBP1	NCBP1	NCBP1	0.0	0.0	0.0								
gene:CSDE1	gene	CSDE1	CSDE1	CSDE1	1.0	1.0	1.0								
gene:KSR2	gene	KSR2	KSR2	KSR2	0.0	0.0	0.0								
gene:ZNF493	gene	ZNF493	ZNF493	ZNF493	0.0	0.0	0.0								
gene:SYN2	gene	SYN2	SYN2	SYN2	1.0	0.0	1.0								
gene:SLC7A6	gene	SLC7A6	SLC7A6	SLC7A6	0.0	0.0	0.0								
gene:TRIM36	gene	TRIM36	TRIM36	TRIM36	0.0	0.0	0.0								
gene:SRSF10	gene	SRSF10	SRSF10	SRSF10	0.0	0.0	0.0								
gene:TAF4	gene	TAF4	TAF4	TAF4	1.0	1.0	1.0								
gene:ENTPD3-AS1	gene	ENTPD3-AS1	ENTPD3-AS1	ENTPD3-AS1	0.0	0.0	0.0								
gene:YKT6	gene	YKT6	YKT6	YKT6	0.0	0.0	0.0								
gene:VRK1	gene	VRK1	VRK1	VRK1	0.0	0.0	0.0								
gene:NOP58	gene	NOP58	NOP58	NOP58	0.0	0.0	0.0								
gene:RELL2	gene	RELL2	RELL2	RELL2	0.0	0.0	0.0								
gene:METTL21A	gene	METTL21A	METTL21A	METTL21A	0.0	0.0	0.0								
gene:RPS18	gene	RPS18	RPS18	RPS18	0.0	0.0	0.0								
gene:MAP6	gene	MAP6	MAP6	MAP6	0.0	0.0	0.0								
gene:NFXL1	gene	NFXL1	NFXL1	NFXL1	0.0	0.0	0.0								
gene:SLC22A23	gene	SLC22A23	SLC22A23	SLC22A23	0.0	0.0	0.0								
gene:KLF3	gene	KLF3	KLF3	KLF3	0.0	0.0	0.0								
gene:RIMS3	gene	RIMS3	RIMS3	RIMS3	1.0	0.0	1.0								
gene:GRIN2C	gene	GRIN2C	GRIN2C	GRIN2C	0.0	0.0	0.0								
gene:RASGRP1	gene	RASGRP1	RASGRP1	RASGRP1	0.0	0.0	0.0								
gene:ZBTB16	gene	ZBTB16	ZBTB16	ZBTB16	1.0	0.0	1.0								
gene:KHSRP	gene	KHSRP	KHSRP	KHSRP	0.0	0.0	0.0								
gene:SERPINE2	gene	SERPINE2	SERPINE2	SERPINE2	0.0	0.0	0.0								
gene:GTF3C2	gene	GTF3C2	GTF3C2	GTF3C2	0.0	0.0	0.0								
gene:ARSG	gene	ARSG	ARSG	ARSG	0.0	0.0	0.0								
gene:ZNF384	gene	ZNF384	ZNF384	ZNF384	0.0	0.0	0.0								
gene:RPL29	gene	RPL29	RPL29	RPL29	0.0	0.0	0.0								
gene:CDK12	gene	CDK12	CDK12	CDK12	0.0	0.0	0.0								
gene:ZNF704	gene	ZNF704	ZNF704	ZNF704	0.0	0.0	0.0								
gene:RPL28	gene	RPL28	RPL28	RPL28	0.0	0.0	0.0								
gene:GPR83	gene	GPR83	GPR83	GPR83	0.0	0.0	0.0								
gene:ZNF443	gene	ZNF443	ZNF443	ZNF443	0.0	0.0	0.0								
gene:AGBL4	gene	AGBL4	AGBL4	AGBL4	1.0	0.0	1.0								
gene:GPC5	gene	GPC5	GPC5	GPC5	1.0	0.0	0.0								
gene:NAPA	gene	NAPA	NAPA	NAPA	0.0	0.0	0.0								
gene:PCMTD2	gene	PCMTD2	PCMTD2	PCMTD2	0.0	0.0	0.0								
gene:TNNT2	gene	TNNT2	TNNT2	TNNT2	0.0	0.0	0.0								
gene:ASL	gene	ASL	ASL	ASL	0.0	0.0	0.0								
gene:KCNG3	gene	KCNG3	KCNG3	KCNG3	0.0	0.0	0.0								
gene:SAMD12	gene	SAMD12	SAMD12	SAMD12	0.0	0.0	0.0								
gene:CDHR2	gene	CDHR2	CDHR2	CDHR2	0.0	0.0	0.0								
gene:BTBD3	gene	BTBD3	BTBD3	BTBD3	0.0	0.0	0.0								
gene:FAM200A	gene	FAM200A	FAM200A	FAM200A	0.0	0.0	0.0								
gene:ZNF662	gene	ZNF662	ZNF662	ZNF662	0.0	0.0	0.0								
gene:PURA	gene	PURA	PURA	PURA	0.0	0.0	0.0								
gene:POGZ	gene	POGZ	POGZ	POGZ	1.0	1.0	1.0								
gene:MBD2	gene	MBD2	MBD2	MBD2	0.0	0.0	0.0								
gene:VIPR2	gene	VIPR2	VIPR2	VIPR2	0.0	0.0	0.0								
gene:INF2	gene	INF2	INF2	INF2	0.0	0.0	0.0								
gene:MCM2	gene	MCM2	MCM2	MCM2	0.0	0.0	0.0								
gene:MDK	gene	MDK	MDK	MDK	0.0	0.0	0.0								
gene:DNAH10OS	gene	DNAH10OS	DNAH10OS	DNAH10OS	0.0	0.0	0.0								
gene:GPR61	gene	GPR61	GPR61	GPR61	0.0	0.0	0.0								
gene:USP1	gene	USP1	USP1	USP1	0.0	0.0	0.0								
gene:B3GAT2	gene	B3GAT2	B3GAT2	B3GAT2	0.0	0.0	0.0								
gene:FSTL4	gene	FSTL4	FSTL4	FSTL4	0.0	0.0	0.0								
gene:GNPAT	gene	GNPAT	GNPAT	GNPAT	0.0	0.0	0.0								
gene:PAH	gene	PAH	PAH	PAH	1.0	1.0	1.0								
gene:MYH15	gene	MYH15	MYH15	MYH15	0.0	0.0	0.0								
gene:POLR1D	gene	POLR1D	POLR1D	POLR1D	0.0	0.0	0.0								
gene:SPATA5	gene	SPATA5	SPATA5	SPATA5	0.0	0.0	0.0								
gene:OBSCN	gene	OBSCN	OBSCN	OBSCN	0.0	0.0	0.0								
gene:RXRG	gene	RXRG	RXRG	RXRG	0.0	0.0	0.0								
gene:SH3BP5	gene	SH3BP5	SH3BP5	SH3BP5	0.0	0.0	0.0								
gene:TMEM151A	gene	TMEM151A	TMEM151A	TMEM151A	0.0	0.0	0.0								
gene:SLC9A9	gene	SLC9A9	SLC9A9	SLC9A9	1.0	0.0	1.0								
gene:PBXIP1	gene	PBXIP1	PBXIP1	PBXIP1	0.0	0.0	0.0								
gene:DERL2	gene	DERL2	DERL2	DERL2	0.0	0.0	0.0								
gene:CARM1	gene	CARM1	CARM1	CARM1	0.0	0.0	0.0								
gene:TAF2	gene	TAF2	TAF2	TAF2	0.0	0.0	0.0								
gene:NOB1	gene	NOB1	NOB1	NOB1	0.0	0.0	0.0								
gene:FERMT1	gene	FERMT1	FERMT1	FERMT1	0.0	0.0	0.0								
gene:SYNJ2	gene	SYNJ2	SYNJ2	SYNJ2	0.0	0.0	0.0								
gene:SCYL2	gene	SCYL2	SCYL2	SCYL2	0.0	0.0	0.0								
gene:SGK3	gene	SGK3	SGK3	SGK3	0.0	0.0	0.0								
gene:DUSP22	gene	DUSP22	DUSP22	DUSP22	0.0	0.0	0.0								
gene:PWP1	gene	PWP1	PWP1	PWP1	0.0	0.0	0.0								
gene:TRIM39	gene	TRIM39	TRIM39	TRIM39	0.0	0.0	0.0								
gene:UBE2J1	gene	UBE2J1	UBE2J1	UBE2J1	0.0	0.0	0.0								
gene:SLC4A4	gene	SLC4A4	SLC4A4	SLC4A4	0.0	0.0	0.0								
gene:SEMA4D	gene	SEMA4D	SEMA4D	SEMA4D	0.0	0.0	0.0								
gene:RAP1GAP	gene	RAP1GAP	RAP1GAP	RAP1GAP	0.0	0.0	0.0								
gene:USP39	gene	USP39	USP39	USP39	0.0	0.0	0.0								
gene:FBXO40	gene	FBXO40	FBXO40	FBXO40	1.0	0.0	1.0								
gene:KCNK2	gene	KCNK2	KCNK2	KCNK2	0.0	0.0	0.0								
gene:PFKFB2	gene	PFKFB2	PFKFB2	PFKFB2	0.0	0.0	0.0								
gene:ZNF385A	gene	ZNF385A	ZNF385A	ZNF385A	0.0	0.0	0.0								
gene:MOB3A	gene	MOB3A	MOB3A	MOB3A	0.0	0.0	0.0								
gene:EPHX4	gene	EPHX4	EPHX4	EPHX4	0.0	0.0	0.0								
gene:RNASEL	gene	RNASEL	RNASEL	RNASEL	0.0	0.0	0.0								
gene:CDC42	gene	CDC42	CDC42	CDC42	0.0	0.0	0.0								
gene:PLAGL2	gene	PLAGL2	PLAGL2	PLAGL2	0.0	0.0	0.0								
gene:TBC1D30	gene	TBC1D30	TBC1D30	TBC1D30	0.0	0.0	0.0								
gene:MED28	gene	MED28	MED28	MED28	0.0	0.0	0.0								
gene:ACTR5	gene	ACTR5	ACTR5	ACTR5	0.0	0.0	0.0								
gene:ZC3H6	gene	ZC3H6	ZC3H6	ZC3H6	0.0	0.0	0.0								
gene:CREBL2	gene	CREBL2	CREBL2	CREBL2	0.0	0.0	0.0								
gene:ZNF227	gene	ZNF227	ZNF227	ZNF227	0.0	0.0	0.0								
gene:DNAJA4	gene	DNAJA4	DNAJA4	DNAJA4	0.0	0.0	0.0								
gene:DROSHA	gene	DROSHA	DROSHA	DROSHA	0.0	0.0	0.0								
gene:CARD11	gene	CARD11	CARD11	CARD11	1.0	0.0	1.0								
gene:ZNF594	gene	ZNF594	ZNF594	ZNF594	0.0	0.0	0.0								
gene:KBTBD4	gene	KBTBD4	KBTBD4	KBTBD4	0.0	0.0	0.0								
gene:HDGF	gene	HDGF	HDGF	HDGF	0.0	0.0	0.0								
gene:NEAT1	gene	NEAT1	NEAT1	NEAT1	0.0	0.0	0.0								
gene:B3GALT6	gene	B3GALT6	B3GALT6	B3GALT6	0.0	0.0	0.0								
gene:BUB3	gene	BUB3	BUB3	BUB3	0.0	0.0	0.0								
gene:ZC3H4	gene	ZC3H4	ZC3H4	ZC3H4	1.0	0.0	1.0								
gene:TDP1	gene	TDP1	TDP1	TDP1	0.0	0.0	0.0								
gene:KCNC3	gene	KCNC3	KCNC3	KCNC3	0.0	0.0	0.0								
gene:LYPD5	gene	LYPD5	LYPD5	LYPD5	0.0	0.0	0.0								
gene:EPHA3	gene	EPHA3	EPHA3	EPHA3	0.0	0.0	0.0								
gene:TMEM199	gene	TMEM199	TMEM199	TMEM199	0.0	0.0	0.0								
gene:GJB6	gene	GJB6	GJB6	GJB6	0.0	0.0	0.0								
gene:HPCA	gene	HPCA	HPCA	HPCA	0.0	0.0	0.0								
gene:P4HTM	gene	P4HTM	P4HTM	P4HTM	0.0	0.0	0.0								
gene:GEMIN5	gene	GEMIN5	GEMIN5	GEMIN5	0.0	0.0	0.0								
gene:METTL14	gene	METTL14	METTL14	METTL14	1.0	0.0	0.0								
gene:MAP4K2	gene	MAP4K2	MAP4K2	MAP4K2	0.0	0.0	0.0								
gene:GCNT4	gene	GCNT4	GCNT4	GCNT4	0.0	0.0	0.0								
gene:SNX3	gene	SNX3	SNX3	SNX3	0.0	0.0	0.0								
gene:CD2BP2	gene	CD2BP2	CD2BP2	CD2BP2	0.0	0.0	0.0								
gene:ROM1	gene	ROM1	ROM1	ROM1	0.0	0.0	0.0								
gene:ST6GALNAC3	gene	ST6GALNAC3	ST6GALNAC3	ST6GALNAC3	0.0	0.0	0.0								
gene:PTPRN	gene	PTPRN	PTPRN	PTPRN	0.0	0.0	0.0								
gene:SDCBP2	gene	SDCBP2	SDCBP2	SDCBP2	0.0	0.0	0.0								
gene:NFKBIB	gene	NFKBIB	NFKBIB	NFKBIB	0.0	0.0	0.0								
gene:TNS1	gene	TNS1	TNS1	TNS1	0.0	0.0	0.0								
gene:PIGH	gene	PIGH	PIGH	PIGH	0.0	0.0	0.0								
gene:SLC6A17	gene	SLC6A17	SLC6A17	SLC6A17	0.0	0.0	0.0								
gene:CPNE6	gene	CPNE6	CPNE6	CPNE6	0.0	0.0	0.0								
gene:LGALS1	gene	LGALS1	LGALS1	LGALS1	0.0	0.0	0.0								
gene:CAPN7	gene	CAPN7	CAPN7	CAPN7	0.0	0.0	0.0								
gene:BRMS1	gene	BRMS1	BRMS1	BRMS1	0.0	0.0	0.0								
gene:NETO2	gene	NETO2	NETO2	NETO2	0.0	0.0	0.0								
gene:SNIP1	gene	SNIP1	SNIP1	SNIP1	0.0	0.0	0.0								
gene:WIPF2	gene	WIPF2	WIPF2	WIPF2	0.0	0.0	0.0								
gene:ZBTB7C	gene	ZBTB7C	ZBTB7C	ZBTB7C	0.0	0.0	0.0								
gene:AC022098.1	gene	AC022098.1	AC022098.1	AC022098.1	0.0	0.0	0.0								
gene:GHDC	gene	GHDC	GHDC	GHDC	0.0	0.0	0.0								
gene:KIF6	gene	KIF6	KIF6	KIF6	0.0	0.0	0.0								
gene:NAGK	gene	NAGK	NAGK	NAGK	0.0	0.0	0.0								
gene:TMEM42	gene	TMEM42	TMEM42	TMEM42	0.0	0.0	0.0								
gene:PART1	gene	PART1	PART1	PART1	0.0	0.0	0.0								
gene:ARVCF	gene	ARVCF	ARVCF	ARVCF	0.0	0.0	0.0								
gene:AMY2B	gene	AMY2B	AMY2B	AMY2B	0.0	0.0	0.0								
gene:ZMYND19	gene	ZMYND19	ZMYND19	ZMYND19	0.0	0.0	0.0								
gene:GALNT1	gene	GALNT1	GALNT1	GALNT1	0.0	0.0	0.0								
gene:RBPJ	gene	RBPJ	RBPJ	RBPJ	0.0	0.0	0.0								
gene:NCL	gene	NCL	NCL	NCL	0.0	0.0	0.0								
gene:SETD2	gene	SETD2	SETD2	SETD2	1.0	1.0	1.0								
gene:CELF3	gene	CELF3	CELF3	CELF3	0.0	0.0	0.0								
gene:MALT1	gene	MALT1	MALT1	MALT1	0.0	0.0	0.0								
gene:DIS3	gene	DIS3	DIS3	DIS3	0.0	0.0	0.0								
gene:DPP4	gene	DPP4	DPP4	DPP4	1.0	0.0	1.0								
gene:ZNF148	gene	ZNF148	ZNF148	ZNF148	0.0	0.0	0.0								
gene:TAF13	gene	TAF13	TAF13	TAF13	0.0	0.0	0.0								
gene:HIST3H2A	gene	HIST3H2A	HIST3H2A	HIST3H2A	0.0	0.0	0.0								
gene:RNF34	gene	RNF34	RNF34	RNF34	0.0	0.0	0.0								
gene:HMGN4	gene	HMGN4	HMGN4	HMGN4	0.0	0.0	0.0								
gene:BIRC3	gene	BIRC3	BIRC3	BIRC3	0.0	0.0	0.0								
gene:LRMP	gene	LRMP	LRMP	LRMP	0.0	0.0	0.0								
gene:ACBD4	gene	ACBD4	ACBD4	ACBD4	0.0	0.0	0.0								
gene:PAIP1	gene	PAIP1	PAIP1	PAIP1	0.0	0.0	0.0								
gene:PCDHB11	gene	PCDHB11	PCDHB11	PCDHB11	0.0	0.0	0.0								
gene:ZNF121	gene	ZNF121	ZNF121	ZNF121	0.0	0.0	0.0								
gene:SAP130	gene	SAP130	SAP130	SAP130	0.0	0.0	0.0								
gene:KBTBD7	gene	KBTBD7	KBTBD7	KBTBD7	0.0	0.0	0.0								
gene:LDLRAP1	gene	LDLRAP1	LDLRAP1	LDLRAP1	0.0	0.0	0.0								
gene:NAPB	gene	NAPB	NAPB	NAPB	0.0	0.0	0.0								
gene:PTPN3	gene	PTPN3	PTPN3	PTPN3	0.0	0.0	0.0								
gene:CTDNEP1	gene	CTDNEP1	CTDNEP1	CTDNEP1	0.0	0.0	0.0								
gene:IFITM1	gene	IFITM1	IFITM1	IFITM1	0.0	0.0	0.0								
gene:JMJD1C	gene	JMJD1C	JMJD1C	JMJD1C	1.0	0.0	1.0								
gene:CRNKL1	gene	CRNKL1	CRNKL1	CRNKL1	0.0	0.0	0.0								
gene:DDAH1	gene	DDAH1	DDAH1	DDAH1	0.0	0.0	0.0								
gene:CSNK1A1	gene	CSNK1A1	CSNK1A1	CSNK1A1	0.0	0.0	0.0								
gene:MED13	gene	MED13	MED13	MED13	1.0	1.0	1.0								
gene:NPTXR	gene	NPTXR	NPTXR	NPTXR	0.0	0.0	0.0								
gene:RFPL2	gene	RFPL2	RFPL2	RFPL2	0.0	0.0	0.0								
gene:MKX	gene	MKX	MKX	MKX	1.0	1.0	1.0								
gene:SERTAD1	gene	SERTAD1	SERTAD1	SERTAD1	0.0	0.0	0.0								
gene:CPSF7	gene	CPSF7	CPSF7	CPSF7	1.0	1.0	1.0								
gene:STK39	gene	STK39	STK39	STK39	1.0	0.0	1.0								
gene:NT5DC1	gene	NT5DC1	NT5DC1	NT5DC1	0.0	0.0	0.0								
gene:EIF3M	gene	EIF3M	EIF3M	EIF3M	0.0	0.0	0.0								
gene:UGP2	gene	UGP2	UGP2	UGP2	0.0	0.0	0.0								
gene:HSD17B6	gene	HSD17B6	HSD17B6	HSD17B6	0.0	0.0	0.0								
gene:TNKS	gene	TNKS	TNKS	TNKS	0.0	0.0	0.0								
gene:KCND3	gene	KCND3	KCND3	KCND3	1.0	0.0	1.0								
gene:KCNJ16	gene	KCNJ16	KCNJ16	KCNJ16	0.0	0.0	0.0								
gene:PTDSS1	gene	PTDSS1	PTDSS1	PTDSS1	1.0	0.0	0.0								
gene:NOMO1	gene	NOMO1	NOMO1	NOMO1	0.0	0.0	0.0								
gene:SYT9	gene	SYT9	SYT9	SYT9	0.0	0.0	0.0								
gene:FMN1	gene	FMN1	FMN1	FMN1	0.0	0.0	0.0								
gene:TOR1B	gene	TOR1B	TOR1B	TOR1B	0.0	0.0	0.0								
gene:BYSL	gene	BYSL	BYSL	BYSL	0.0	0.0	0.0								
gene:DYM	gene	DYM	DYM	DYM	0.0	0.0	0.0								
gene:SH3GL1	gene	SH3GL1	SH3GL1	SH3GL1	0.0	0.0	0.0								
gene:REV3L	gene	REV3L	REV3L	REV3L	0.0	0.0	0.0								
gene:CAMKK1	gene	CAMKK1	CAMKK1	CAMKK1	0.0	0.0	0.0								
gene:ZMYM4	gene	ZMYM4	ZMYM4	ZMYM4	0.0	0.0	0.0								
gene:ATP6V1C1	gene	ATP6V1C1	ATP6V1C1	ATP6V1C1	0.0	0.0	0.0								
gene:PKIG	gene	PKIG	PKIG	PKIG	0.0	0.0	0.0								
gene:CLVS1	gene	CLVS1	CLVS1	CLVS1	0.0	0.0	0.0								
gene:ARL8A	gene	ARL8A	ARL8A	ARL8A	0.0	0.0	0.0								
gene:PARP6	gene	PARP6	PARP6	PARP6	0.0	0.0	0.0								
gene:LTK	gene	LTK	LTK	LTK	0.0	0.0	0.0								
gene:RARS	gene	RARS	RARS	RARS	0.0	0.0	0.0								
gene:HSD17B14	gene	HSD17B14	HSD17B14	HSD17B14	0.0	0.0	0.0								
gene:STT3A	gene	STT3A	STT3A	STT3A	0.0	0.0	0.0								
gene:PGM1	gene	PGM1	PGM1	PGM1	0.0	0.0	0.0								
gene:NAIF1	gene	NAIF1	NAIF1	NAIF1	0.0	0.0	0.0								
gene:OTUD7B	gene	OTUD7B	OTUD7B	OTUD7B	0.0	0.0	0.0								
gene:SELENBP1	gene	SELENBP1	SELENBP1	SELENBP1	0.0	0.0	0.0								
gene:CHD8	gene	CHD8	CHD8	CHD8	1.0	1.0	1.0								
gene:GPR62	gene	GPR62	GPR62	GPR62	0.0	0.0	0.0								
gene:ATP9B	gene	ATP9B	ATP9B	ATP9B	0.0	0.0	0.0								
gene:WDR89	gene	WDR89	WDR89	WDR89	0.0	0.0	0.0								
gene:ZNF322	gene	ZNF322	ZNF322	ZNF322	0.0	0.0	0.0								
gene:UHMK1	gene	UHMK1	UHMK1	UHMK1	0.0	0.0	0.0								
gene:UAP1L1	gene	UAP1L1	UAP1L1	UAP1L1	0.0	0.0	0.0								
gene:EPB41L4A	gene	EPB41L4A	EPB41L4A	EPB41L4A	0.0	0.0	0.0								
gene:SLC9A1	gene	SLC9A1	SLC9A1	SLC9A1	1.0	1.0	1.0								
gene:SH3BP2	gene	SH3BP2	SH3BP2	SH3BP2	0.0	0.0	0.0								
gene:ZNF708	gene	ZNF708	ZNF708	ZNF708	0.0	0.0	0.0								
gene:PCSK5	gene	PCSK5	PCSK5	PCSK5	0.0	0.0	0.0								
gene:PLEKHG3	gene	PLEKHG3	PLEKHG3	PLEKHG3	0.0	0.0	0.0								
gene:GBP2	gene	GBP2	GBP2	GBP2	0.0	0.0	0.0								
gene:STXBP4	gene	STXBP4	STXBP4	STXBP4	0.0	0.0	0.0								
gene:HNRNPA2B1	gene	HNRNPA2B1	HNRNPA2B1	HNRNPA2B1	0.0	0.0	0.0								
gene:SIRT2	gene	SIRT2	SIRT2	SIRT2	0.0	0.0	0.0								
gene:RFC4	gene	RFC4	RFC4	RFC4	0.0	0.0	0.0								
gene:TMC7	gene	TMC7	TMC7	TMC7	0.0	0.0	0.0								
gene:ACTL6A	gene	ACTL6A	ACTL6A	ACTL6A	0.0	0.0	0.0								
gene:DOLPP1	gene	DOLPP1	DOLPP1	DOLPP1	0.0	0.0	0.0								
gene:SUZ12	gene	SUZ12	SUZ12	SUZ12	0.0	0.0	0.0								
gene:CCDC88A	gene	CCDC88A	CCDC88A	CCDC88A	0.0	0.0	0.0								
gene:ZNF280D	gene	ZNF280D	ZNF280D	ZNF280D	0.0	0.0	0.0								
gene:IGSF10	gene	IGSF10	IGSF10	IGSF10	0.0	0.0	0.0								
gene:PIGP	gene	PIGP	PIGP	PIGP	0.0	0.0	0.0								
gene:ZNF432	gene	ZNF432	ZNF432	ZNF432	0.0	0.0	0.0								
gene:RPS6	gene	RPS6	RPS6	RPS6	0.0	0.0	0.0								
gene:GABRG1	gene	GABRG1	GABRG1	GABRG1	0.0	0.0	0.0								
gene:TET3	gene	TET3	TET3	TET3	1.0	1.0	1.0								
gene:NBEAL1	gene	NBEAL1	NBEAL1	NBEAL1	0.0	0.0	0.0								
gene:H2AFY	gene	H2AFY	H2AFY	H2AFY	0.0	0.0	0.0								
gene:ARPC5	gene	ARPC5	ARPC5	ARPC5	0.0	0.0	0.0								
gene:KIF17	gene	KIF17	KIF17	KIF17	0.0	0.0	0.0								
gene:ZNF484	gene	ZNF484	ZNF484	ZNF484	0.0	0.0	0.0								
gene:U2SURP	gene	U2SURP	U2SURP	U2SURP	0.0	0.0	0.0								
gene:UBA6	gene	UBA6	UBA6	UBA6	0.0	0.0	0.0								
gene:IGFBP6	gene	IGFBP6	IGFBP6	IGFBP6	0.0	0.0	0.0								
gene:RBBP9	gene	RBBP9	RBBP9	RBBP9	0.0	0.0	0.0								
gene:PIAS4	gene	PIAS4	PIAS4	PIAS4	0.0	0.0	0.0								
gene:PTP4A3	gene	PTP4A3	PTP4A3	PTP4A3	0.0	0.0	0.0								
gene:PHTF2	gene	PHTF2	PHTF2	PHTF2	0.0	0.0	0.0								
gene:IER5L	gene	IER5L	IER5L	IER5L	0.0	0.0	0.0								
gene:S100PBP	gene	S100PBP	S100PBP	S100PBP	0.0	0.0	0.0								
gene:ITPKB	gene	ITPKB	ITPKB	ITPKB	0.0	0.0	0.0								
gene:LOXL3	gene	LOXL3	LOXL3	LOXL3	0.0	0.0	0.0								
gene:ACSL5	gene	ACSL5	ACSL5	ACSL5	0.0	0.0	0.0								
gene:ACTA2	gene	ACTA2	ACTA2	ACTA2	0.0	0.0	0.0								
gene:RIT1	gene	RIT1	RIT1	RIT1	0.0	0.0	0.0								
gene:HNRNPC	gene	HNRNPC	HNRNPC	HNRNPC	0.0	0.0	0.0								
gene:ERCC5	gene	ERCC5	ERCC5	ERCC5	0.0	0.0	0.0								
gene:PRPF31	gene	PRPF31	PRPF31	PRPF31	0.0	0.0	0.0								
gene:FRMPD1	gene	FRMPD1	FRMPD1	FRMPD1	0.0	0.0	0.0								
gene:CSTF3	gene	CSTF3	CSTF3	CSTF3	0.0	0.0	0.0								
gene:LRFN4	gene	LRFN4	LRFN4	LRFN4	0.0	0.0	0.0								
gene:GBA	gene	GBA	GBA	GBA	0.0	0.0	0.0								
gene:SNHG5	gene	SNHG5	SNHG5	SNHG5	0.0	0.0	0.0								
gene:NTNG1	gene	NTNG1	NTNG1	NTNG1	1.0	1.0	1.0								
gene:FAM78A	gene	FAM78A	FAM78A	FAM78A	0.0	0.0	0.0								
gene:PLCXD2	gene	PLCXD2	PLCXD2	PLCXD2	0.0	0.0	0.0								
gene:PEX19	gene	PEX19	PEX19	PEX19	0.0	0.0	0.0								
gene:ZNF207	gene	ZNF207	ZNF207	ZNF207	0.0	0.0	0.0								
gene:SRGN	gene	SRGN	SRGN	SRGN	0.0	0.0	0.0								
gene:ZNF264	gene	ZNF264	ZNF264	ZNF264	0.0	0.0	0.0								
gene:CYGB	gene	CYGB	CYGB	CYGB	0.0	0.0	0.0								
gene:HNRNPA3	gene	HNRNPA3	HNRNPA3	HNRNPA3	0.0	0.0	0.0								
gene:NECAB3	gene	NECAB3	NECAB3	NECAB3	0.0	0.0	0.0								
gene:MED30	gene	MED30	MED30	MED30	0.0	0.0	0.0								
gene:CYBRD1	gene	CYBRD1	CYBRD1	CYBRD1	0.0	0.0	0.0								
gene:GADD45B	gene	GADD45B	GADD45B	GADD45B	0.0	0.0	0.0								
gene:HIST1H4H	gene	HIST1H4H	HIST1H4H	HIST1H4H	0.0	0.0	0.0								
gene:UTP20	gene	UTP20	UTP20	UTP20	0.0	0.0	0.0								
gene:KLF16	gene	KLF16	KLF16	KLF16	1.0	0.0	1.0								
gene:BIN1	gene	BIN1	BIN1	BIN1	0.0	0.0	0.0								
gene:EXOSC8	gene	EXOSC8	EXOSC8	EXOSC8	0.0	0.0	0.0								
gene:UGDH	gene	UGDH	UGDH	UGDH	0.0	0.0	0.0								
gene:SEC61B	gene	SEC61B	SEC61B	SEC61B	0.0	0.0	0.0								
gene:SORL1	gene	SORL1	SORL1	SORL1	0.0	0.0	0.0								
gene:SLC39A12	gene	SLC39A12	SLC39A12	SLC39A12	0.0	0.0	0.0								
gene:SATB2	gene	SATB2	SATB2	SATB2	1.0	1.0	1.0								
gene:PLIN2	gene	PLIN2	PLIN2	PLIN2	0.0	0.0	0.0								
gene:TNFRSF19	gene	TNFRSF19	TNFRSF19	TNFRSF19	0.0	0.0	0.0								
gene:GTF2IRD2B	gene	GTF2IRD2B	GTF2IRD2B	GTF2IRD2B	0.0	0.0	0.0								
gene:METTL7A	gene	METTL7A	METTL7A	METTL7A	0.0	0.0	0.0								
gene:SNX10	gene	SNX10	SNX10	SNX10	0.0	0.0	0.0								
gene:GRK5	gene	GRK5	GRK5	GRK5	0.0	0.0	0.0								
gene:SUMF1	gene	SUMF1	SUMF1	SUMF1	0.0	0.0	0.0								
gene:LPCAT4	gene	LPCAT4	LPCAT4	LPCAT4	0.0	0.0	0.0								
gene:TTC3	gene	TTC3	TTC3	TTC3	0.0	0.0	0.0								
gene:KLHDC8A	gene	KLHDC8A	KLHDC8A	KLHDC8A	0.0	0.0	0.0								
gene:TTI1	gene	TTI1	TTI1	TTI1	0.0	0.0	0.0								
gene:SNRNP25	gene	SNRNP25	SNRNP25	SNRNP25	0.0	0.0	0.0								
gene:PEG10	gene	PEG10	PEG10	PEG10	0.0	0.0	0.0								
gene:SRP72	gene	SRP72	SRP72	SRP72	0.0	0.0	0.0								
gene:TMEM74	gene	TMEM74	TMEM74	TMEM74	0.0	0.0	0.0								
gene:SLC39A11	gene	SLC39A11	SLC39A11	SLC39A11	0.0	0.0	0.0								
gene:ZNF107	gene	ZNF107	ZNF107	ZNF107	0.0	0.0	0.0								
gene:PIN1	gene	PIN1	PIN1	PIN1	0.0	0.0	0.0								
gene:PHF14	gene	PHF14	PHF14	PHF14	1.0	0.0	0.0								
gene:SRPK1	gene	SRPK1	SRPK1	SRPK1	0.0	0.0	0.0								
gene:BRPF1	gene	BRPF1	BRPF1	BRPF1	0.0	0.0	0.0								
gene:WDHD1	gene	WDHD1	WDHD1	WDHD1	0.0	0.0	0.0								
gene:AC011322.1	gene	AC011322.1	AC011322.1	AC011322.1	0.0	0.0	0.0								
gene:MGA	gene	MGA	MGA	MGA	0.0	0.0	0.0								
gene:UBIAD1	gene	UBIAD1	UBIAD1	UBIAD1	0.0	0.0	0.0								
gene:TTC26	gene	TTC26	TTC26	TTC26	0.0	0.0	0.0								
gene:FOXN3	gene	FOXN3	FOXN3	FOXN3	0.0	0.0	0.0								
gene:HDHD2	gene	HDHD2	HDHD2	HDHD2	0.0	0.0	0.0								
gene:NTRK2	gene	NTRK2	NTRK2	NTRK2	1.0	1.0	1.0								
gene:MYOT	gene	MYOT	MYOT	MYOT	0.0	0.0	0.0								
gene:LAYN	gene	LAYN	LAYN	LAYN	0.0	0.0	0.0								
gene:ATP2B2	gene	ATP2B2	ATP2B2	ATP2B2	1.0	0.0	1.0								
gene:FABP5	gene	FABP5	FABP5	FABP5	1.0	0.0	1.0								
gene:DOK5	gene	DOK5	DOK5	DOK5	0.0	0.0	0.0								
gene:UBTD1	gene	UBTD1	UBTD1	UBTD1	0.0	0.0	0.0								
gene:FAM43B	gene	FAM43B	FAM43B	FAM43B	0.0	0.0	0.0								
gene:DHX35	gene	DHX35	DHX35	DHX35	0.0	0.0	0.0								
gene:LY6E	gene	LY6E	LY6E	LY6E	0.0	0.0	0.0								
gene:RAD54L2	gene	RAD54L2	RAD54L2	RAD54L2	0.0	0.0	0.0								
gene:CPSF3	gene	CPSF3	CPSF3	CPSF3	0.0	0.0	0.0								
gene:RANBP3L	gene	RANBP3L	RANBP3L	RANBP3L	0.0	0.0	0.0								
gene:GREB1	gene	GREB1	GREB1	GREB1	0.0	0.0	0.0								
gene:COL16A1	gene	COL16A1	COL16A1	COL16A1	0.0	0.0	0.0								
gene:MCM4	gene	MCM4	MCM4	MCM4	1.0	0.0	1.0								
gene:CRYL1	gene	CRYL1	CRYL1	CRYL1	0.0	0.0	0.0								
gene:PCDHB3	gene	PCDHB3	PCDHB3	PCDHB3	0.0	0.0	0.0								
gene:TNFSF10	gene	TNFSF10	TNFSF10	TNFSF10	0.0	0.0	0.0								
gene:UPP1	gene	UPP1	UPP1	UPP1	0.0	0.0	0.0								
gene:AIMP2	gene	AIMP2	AIMP2	AIMP2	0.0	0.0	0.0								
gene:SERPINB1	gene	SERPINB1	SERPINB1	SERPINB1	0.0	0.0	0.0								
gene:GNA14	gene	GNA14	GNA14	GNA14	0.0	0.0	0.0								
gene:CHML	gene	CHML	CHML	CHML	0.0	0.0	0.0								
gene:PAX7	gene	PAX7	PAX7	PAX7	0.0	0.0	0.0								
gene:PPP2R5E	gene	PPP2R5E	PPP2R5E	PPP2R5E	0.0	0.0	0.0								
gene:DIRAS2	gene	DIRAS2	DIRAS2	DIRAS2	0.0	0.0	0.0								
gene:AKT3	gene	AKT3	AKT3	AKT3	0.0	0.0	0.0								
gene:EED	gene	EED	EED	EED	0.0	0.0	0.0								
gene:OS9	gene	OS9	OS9	OS9	0.0	0.0	0.0								
gene:YY1AP1	gene	YY1AP1	YY1AP1	YY1AP1	0.0	0.0	0.0								
gene:CRCP	gene	CRCP	CRCP	CRCP	0.0	0.0	0.0								
gene:LRP6	gene	LRP6	LRP6	LRP6	0.0	0.0	0.0								
gene:RAB31	gene	RAB31	RAB31	RAB31	0.0	0.0	0.0								
gene:LYAR	gene	LYAR	LYAR	LYAR	0.0	0.0	0.0								
gene:METAP2	gene	METAP2	METAP2	METAP2	0.0	0.0	0.0								
gene:COPG2	gene	COPG2	COPG2	COPG2	0.0	0.0	0.0								
gene:HEATR1	gene	HEATR1	HEATR1	HEATR1	0.0	0.0	0.0								
gene:SYNRG	gene	SYNRG	SYNRG	SYNRG	0.0	0.0	0.0								
gene:OLIG2	gene	OLIG2	OLIG2	OLIG2	0.0	0.0	0.0								
gene:ACTR3	gene	ACTR3	ACTR3	ACTR3	0.0	0.0	0.0								
gene:RPS29	gene	RPS29	RPS29	RPS29	0.0	0.0	0.0								
gene:PCDHB10	gene	PCDHB10	PCDHB10	PCDHB10	0.0	0.0	0.0								
gene:FDFT1	gene	FDFT1	FDFT1	FDFT1	0.0	0.0	0.0								
gene:LZIC	gene	LZIC	LZIC	LZIC	0.0	0.0	0.0								
gene:SSPN	gene	SSPN	SSPN	SSPN	0.0	0.0	0.0								
gene:STX16	gene	STX16	STX16	STX16	0.0	0.0	0.0								
gene:FCHSD1	gene	FCHSD1	FCHSD1	FCHSD1	0.0	0.0	0.0								
gene:TFEB	gene	TFEB	TFEB	TFEB	0.0	0.0	0.0								
gene:CAMK2N2	gene	CAMK2N2	CAMK2N2	CAMK2N2	0.0	0.0	0.0								
gene:GTF2E2	gene	GTF2E2	GTF2E2	GTF2E2	0.0	0.0	0.0								
gene:STK16	gene	STK16	STK16	STK16	0.0	0.0	0.0								
gene:COCH	gene	COCH	COCH	COCH	0.0	0.0	0.0								
gene:PACS1	gene	PACS1	PACS1	PACS1	1.0	1.0	1.0								
gene:POLD1	gene	POLD1	POLD1	POLD1	0.0	0.0	0.0								
gene:CNTNAP3	gene	CNTNAP3	CNTNAP3	CNTNAP3	1.0	0.0	1.0								
gene:RPL8	gene	RPL8	RPL8	RPL8	0.0	0.0	0.0								
gene:NDFIP2	gene	NDFIP2	NDFIP2	NDFIP2	0.0	0.0	0.0								
gene:C3ORF18	gene	C3ORF18	C3orf18	C3ORF18	0.0	0.0	0.0								
gene:CRTAC1	gene	CRTAC1	CRTAC1	CRTAC1	0.0	0.0	0.0								
gene:RPLP1	gene	RPLP1	RPLP1	RPLP1	0.0	0.0	0.0								
gene:ADRA1A	gene	ADRA1A	ADRA1A	ADRA1A	0.0	0.0	0.0								
gene:NCOA3	gene	NCOA3	NCOA3	NCOA3	0.0	0.0	0.0								
gene:CGRRF1	gene	CGRRF1	CGRRF1	CGRRF1	0.0	0.0	0.0								
gene:CDH20	gene	CDH20	CDH20	CDH20	0.0	0.0	0.0								
gene:ZNF736	gene	ZNF736	ZNF736	ZNF736	0.0	0.0	0.0								
gene:TIPIN	gene	TIPIN	TIPIN	TIPIN	0.0	0.0	0.0								
gene:SULT4A1	gene	SULT4A1	SULT4A1	SULT4A1	0.0	0.0	0.0								
gene:NOL4	gene	NOL4	NOL4	NOL4	0.0	0.0	0.0								
gene:KIAA1217	gene	KIAA1217	KIAA1217	KIAA1217	0.0	0.0	0.0								
gene:RNF145	gene	RNF145	RNF145	RNF145	0.0	0.0	0.0								
gene:ZNF214	gene	ZNF214	ZNF214	ZNF214	0.0	0.0	0.0								
gene:MKRN3	gene	MKRN3	MKRN3	MKRN3	0.0	0.0	0.0								
gene:RASGRP3	gene	RASGRP3	RASGRP3	RASGRP3	0.0	0.0	0.0								
gene:MAPK10	gene	MAPK10	MAPK10	MAPK10	0.0	0.0	0.0								
gene:TOX	gene	TOX	TOX	TOX	0.0	0.0	0.0								
gene:MATK	gene	MATK	MATK	MATK	0.0	0.0	0.0								
gene:ZNF675	gene	ZNF675	ZNF675	ZNF675	0.0	0.0	0.0								
gene:PLCH2	gene	PLCH2	PLCH2	PLCH2	0.0	0.0	0.0								
gene:TNFRSF11A	gene	TNFRSF11A	TNFRSF11A	TNFRSF11A	0.0	0.0	0.0								
gene:GABRB2	gene	GABRB2	GABRB2	GABRB2	1.0	1.0	1.0								
gene:NGB	gene	NGB	NGB	NGB	0.0	0.0	0.0								
gene:NENF	gene	NENF	NENF	NENF	0.0	0.0	0.0								
gene:ZNRF2	gene	ZNRF2	ZNRF2	ZNRF2	0.0	0.0	0.0								
gene:DHX34	gene	DHX34	DHX34	DHX34	0.0	0.0	0.0								
gene:DACT3	gene	DACT3	DACT3	DACT3	0.0	0.0	0.0								
gene:LARP6	gene	LARP6	LARP6	LARP6	0.0	0.0	0.0								
gene:ADNP2	gene	ADNP2	ADNP2	ADNP2	0.0	0.0	0.0								
gene:CAD	gene	CAD	CAD	CAD	0.0	0.0	0.0								
gene:SDC4	gene	SDC4	SDC4	SDC4	0.0	0.0	0.0								
gene:MAP2K6	gene	MAP2K6	MAP2K6	MAP2K6	0.0	0.0	0.0								
gene:ACTR8	gene	ACTR8	ACTR8	ACTR8	0.0	0.0	0.0								
gene:DET1	gene	DET1	DET1	DET1	0.0	0.0	0.0								
gene:FBXO44	gene	FBXO44	FBXO44	FBXO44	0.0	0.0	0.0								
gene:ADD3	gene	ADD3	ADD3	ADD3	0.0	0.0	0.0								
gene:DERL1	gene	DERL1	DERL1	DERL1	0.0	0.0	0.0								
gene:LRRK1	gene	LRRK1	LRRK1	LRRK1	0.0	0.0	0.0								
gene:TBCCD1	gene	TBCCD1	TBCCD1	TBCCD1	0.0	0.0	0.0								
gene:PALB2	gene	PALB2	PALB2	PALB2	0.0	0.0	0.0								
gene:ZNF805	gene	ZNF805	ZNF805	ZNF805	0.0	0.0	0.0								
gene:PAIP2B	gene	PAIP2B	PAIP2B	PAIP2B	0.0	0.0	0.0								
gene:ARID4A	gene	ARID4A	ARID4A	ARID4A	0.0	0.0	0.0								
gene:VAMP2	gene	VAMP2	VAMP2	VAMP2	1.0	1.0	1.0								
gene:CSE1L	gene	CSE1L	CSE1L	CSE1L	0.0	0.0	0.0								
gene:MTMR10	gene	MTMR10	MTMR10	MTMR10	0.0	0.0	0.0								
gene:APLP2	gene	APLP2	APLP2	APLP2	0.0	0.0	0.0								
gene:KIAA0408	gene	KIAA0408	KIAA0408	KIAA0408	0.0	0.0	0.0								
gene:COL4A2	gene	COL4A2	COL4A2	COL4A2	0.0	0.0	0.0								
gene:NFIC	gene	NFIC	NFIC	NFIC	0.0	0.0	0.0								
gene:ESCO1	gene	ESCO1	ESCO1	ESCO1	0.0	0.0	0.0								
gene:ADAMTSL2	gene	ADAMTSL2	ADAMTSL2	ADAMTSL2	0.0	0.0	0.0								
gene:DLX6-AS1	gene	DLX6-AS1	DLX6-AS1	DLX6-AS1	0.0	0.0	0.0								
gene:PCDHB12	gene	PCDHB12	PCDHB12	PCDHB12	0.0	0.0	0.0								
gene:ZNF672	gene	ZNF672	ZNF672	ZNF672	0.0	0.0	0.0								
gene:STX1A	gene	STX1A	STX1A	STX1A	1.0	0.0	1.0								
gene:MUS81	gene	MUS81	MUS81	MUS81	0.0	0.0	0.0								
gene:ANLN	gene	ANLN	ANLN	ANLN	0.0	0.0	0.0								
gene:VEZT	gene	VEZT	VEZT	VEZT	0.0	0.0	0.0								
gene:KCNAB1	gene	KCNAB1	KCNAB1	KCNAB1	0.0	0.0	0.0								
gene:SDR16C5	gene	SDR16C5	SDR16C5	SDR16C5	0.0	0.0	0.0								
gene:LGI4	gene	LGI4	LGI4	LGI4	0.0	0.0	0.0								
gene:TAGLN	gene	TAGLN	TAGLN	TAGLN	0.0	0.0	0.0								
gene:SLC2A11	gene	SLC2A11	SLC2A11	SLC2A11	0.0	0.0	0.0								
gene:ZNF251	gene	ZNF251	ZNF251	ZNF251	0.0	0.0	0.0								
gene:ZBTB47	gene	ZBTB47	ZBTB47	ZBTB47	1.0	0.0	0.0								
gene:CDV3	gene	CDV3	CDV3	CDV3	0.0	0.0	0.0								
gene:ATG4C	gene	ATG4C	ATG4C	ATG4C	0.0	0.0	0.0								
gene:C17ORF102	gene	C17ORF102	C17orf102	C17ORF102	0.0	0.0	0.0								
gene:NME9	gene	NME9	NME9	NME9	0.0	0.0	0.0								
gene:MYEF2	gene	MYEF2	MYEF2	MYEF2	0.0	0.0	0.0								
gene:MGLL	gene	MGLL	MGLL	MGLL	0.0	0.0	0.0								
gene:SSH2	gene	SSH2	SSH2	SSH2	0.0	0.0	0.0								
gene:MED19	gene	MED19	MED19	MED19	0.0	0.0	0.0								
gene:ZNF26	gene	ZNF26	ZNF26	ZNF26	0.0	0.0	0.0								
gene:SCAPER	gene	SCAPER	SCAPER	SCAPER	0.0	0.0	0.0								
gene:DUS4L	gene	DUS4L	DUS4L	DUS4L	0.0	0.0	0.0								
gene:ZNF287	gene	ZNF287	ZNF287	ZNF287	0.0	0.0	0.0								
gene:RAPGEFL1	gene	RAPGEFL1	RAPGEFL1	RAPGEFL1	0.0	0.0	0.0								
gene:RNPEP	gene	RNPEP	RNPEP	RNPEP	0.0	0.0	0.0								
gene:RC3H2	gene	RC3H2	RC3H2	RC3H2	0.0	0.0	0.0								
gene:DEGS2	gene	DEGS2	DEGS2	DEGS2	0.0	0.0	0.0								
gene:VHL	gene	VHL	VHL	VHL	0.0	0.0	0.0								
gene:GTPBP4	gene	GTPBP4	GTPBP4	GTPBP4	0.0	0.0	0.0								
gene:LSM11	gene	LSM11	LSM11	LSM11	0.0	0.0	0.0								
gene:LSM14B	gene	LSM14B	LSM14B	LSM14B	0.0	0.0	0.0								
gene:PHACTR4	gene	PHACTR4	PHACTR4	PHACTR4	0.0	0.0	0.0								
gene:SFT2D1	gene	SFT2D1	SFT2D1	SFT2D1	0.0	0.0	0.0								
gene:GRIK4	gene	GRIK4	GRIK4	GRIK4	1.0	0.0	1.0								
gene:FAM124A	gene	FAM124A	FAM124A	FAM124A	0.0	0.0	0.0								
gene:SNURF	gene	SNURF	SNURF	SNURF	0.0	0.0	0.0								
gene:GPR26	gene	GPR26	GPR26	GPR26	0.0	0.0	0.0								
gene:ARPP19	gene	ARPP19	ARPP19	ARPP19	0.0	0.0	0.0								
gene:HMGCR	gene	HMGCR	HMGCR	HMGCR	0.0	0.0	0.0								
gene:GTPBP2	gene	GTPBP2	GTPBP2	GTPBP2	0.0	0.0	0.0								
gene:ZNF529	gene	ZNF529	ZNF529	ZNF529	0.0	0.0	0.0								
gene:KCNC4	gene	KCNC4	KCNC4	KCNC4	0.0	0.0	0.0								
gene:TNIK	gene	TNIK	TNIK	TNIK	0.0	0.0	0.0								
gene:ZNF324B	gene	ZNF324B	ZNF324B	ZNF324B	0.0	0.0	0.0								
gene:ZNF436	gene	ZNF436	ZNF436	ZNF436	0.0	0.0	0.0								
gene:ZNF160	gene	ZNF160	ZNF160	ZNF160	0.0	0.0	0.0								
gene:STX18	gene	STX18	STX18	STX18	0.0	0.0	0.0								
gene:DHX38	gene	DHX38	DHX38	DHX38	0.0	0.0	0.0								
gene:NRSN2	gene	NRSN2	NRSN2	NRSN2	0.0	0.0	0.0								
gene:PTGFRN	gene	PTGFRN	PTGFRN	PTGFRN	0.0	0.0	0.0								
gene:REEP5	gene	REEP5	REEP5	REEP5	0.0	0.0	0.0								
gene:DNAH17	gene	DNAH17	DNAH17	DNAH17	1.0	0.0	1.0								
gene:CDH19	gene	CDH19	CDH19	CDH19	0.0	0.0	0.0								
gene:ISG15	gene	ISG15	ISG15	ISG15	0.0	0.0	0.0								
gene:GSG1	gene	GSG1	GSG1	GSG1	0.0	0.0	0.0								
gene:CDC7	gene	CDC7	CDC7	CDC7	0.0	0.0	0.0								
gene:KIF27	gene	KIF27	KIF27	KIF27	0.0	0.0	0.0								
gene:LAMB3	gene	LAMB3	LAMB3	LAMB3	0.0	0.0	0.0								
gene:RPAIN	gene	RPAIN	RPAIN	RPAIN	0.0	0.0	0.0								
gene:MMD2	gene	MMD2	MMD2	MMD2	0.0	0.0	0.0								
gene:ARID4B	gene	ARID4B	ARID4B	ARID4B	0.0	0.0	0.0								
gene:ZNF225	gene	ZNF225	ZNF225	ZNF225	0.0	0.0	0.0								
gene:POLR3C	gene	POLR3C	POLR3C	POLR3C	0.0	0.0	0.0								
gene:KDELR1	gene	KDELR1	KDELR1	KDELR1	0.0	0.0	0.0								
gene:SERPINB9	gene	SERPINB9	SERPINB9	SERPINB9	0.0	0.0	0.0								
gene:ZNF572	gene	ZNF572	ZNF572	ZNF572	0.0	0.0	0.0								
gene:PIGB	gene	PIGB	PIGB	PIGB	0.0	0.0	0.0								
gene:XAB2	gene	XAB2	XAB2	XAB2	0.0	0.0	0.0								
gene:INSR	gene	INSR	INSR	INSR	0.0	0.0	0.0								
gene:ARHGAP28	gene	ARHGAP28	ARHGAP28	ARHGAP28	0.0	0.0	0.0								
gene:UBE2F	gene	UBE2F	UBE2F	UBE2F	0.0	0.0	0.0								
gene:MARCH2	gene	MARCH2	MARCH2	MARCH2	0.0	0.0	0.0								
gene:GCNT2	gene	GCNT2	GCNT2	GCNT2	0.0	0.0	0.0								
gene:RSAD2	gene	RSAD2	RSAD2	RSAD2	0.0	0.0	0.0								
gene:C19ORF48	gene	C19ORF48	C19orf48	C19ORF48	0.0	0.0	0.0								
gene:SLC35C1	gene	SLC35C1	SLC35C1	SLC35C1	0.0	0.0	0.0								
gene:METTL2B	gene	METTL2B	METTL2B	METTL2B	0.0	0.0	0.0								
gene:MED23	gene	MED23	MED23	MED23	1.0	0.0	1.0								
gene:OTOGL	gene	OTOGL	OTOGL	OTOGL	0.0	0.0	0.0								
gene:C1S	gene	C1S	C1S	C1S	0.0	0.0	0.0								
gene:SUPT3H	gene	SUPT3H	SUPT3H	SUPT3H	0.0	0.0	0.0								
gene:DDOST	gene	DDOST	DDOST	DDOST	0.0	0.0	0.0								
gene:ZNF668	gene	ZNF668	ZNF668	ZNF668	0.0	0.0	0.0								
gene:TMEM214	gene	TMEM214	TMEM214	TMEM214	0.0	0.0	0.0								
gene:NCKAP5L	gene	NCKAP5L	NCKAP5L	NCKAP5L	0.0	0.0	0.0								
gene:CEBPG	gene	CEBPG	CEBPG	CEBPG	0.0	0.0	0.0								
gene:RP9	gene	RP9	RP9	RP9	0.0	0.0	0.0								
gene:PEF1	gene	PEF1	PEF1	PEF1	0.0	0.0	0.0								
gene:PON2	gene	PON2	PON2	PON2	0.0	0.0	0.0								
gene:NUP43	gene	NUP43	NUP43	NUP43	0.0	0.0	0.0								
gene:GPCPD1	gene	GPCPD1	GPCPD1	GPCPD1	0.0	0.0	0.0								
gene:UROS	gene	UROS	UROS	UROS	0.0	0.0	0.0								
gene:ZNF181	gene	ZNF181	ZNF181	ZNF181	0.0	0.0	0.0								
gene:DUSP6	gene	DUSP6	DUSP6	DUSP6	0.0	0.0	0.0								
gene:MRAP2	gene	MRAP2	MRAP2	MRAP2	0.0	0.0	0.0								
gene:GRIK5	gene	GRIK5	GRIK5	GRIK5	1.0	0.0	1.0								
gene:ZNF222	gene	ZNF222	ZNF222	ZNF222	0.0	0.0	0.0								
gene:NT5C1A	gene	NT5C1A	NT5C1A	NT5C1A	0.0	0.0	0.0								
gene:DDX6	gene	DDX6	DDX6	DDX6	0.0	0.0	0.0								
gene:THRB	gene	THRB	THRB	THRB	0.0	0.0	0.0								
gene:RFTN1	gene	RFTN1	RFTN1	RFTN1	0.0	0.0	0.0								
gene:ARSB	gene	ARSB	ARSB	ARSB	0.0	0.0	0.0								
gene:PPARD	gene	PPARD	PPARD	PPARD	0.0	0.0	0.0								
gene:CALCOCO2	gene	CALCOCO2	CALCOCO2	CALCOCO2	0.0	0.0	0.0								
gene:PLEKHA1	gene	PLEKHA1	PLEKHA1	PLEKHA1	0.0	0.0	0.0								
gene:STAT5A	gene	STAT5A	STAT5A	STAT5A	0.0	0.0	0.0								
gene:KCNN1	gene	KCNN1	KCNN1	KCNN1	0.0	0.0	0.0								
gene:CSPP1	gene	CSPP1	CSPP1	CSPP1	0.0	0.0	0.0								
gene:ACAT2	gene	ACAT2	ACAT2	ACAT2	0.0	0.0	0.0								
gene:OAF	gene	OAF	OAF	OAF	0.0	0.0	0.0								
gene:BRD9	gene	BRD9	BRD9	BRD9	0.0	0.0	0.0								
gene:WRN	gene	WRN	WRN	WRN	0.0	0.0	0.0								
gene:KLHL8	gene	KLHL8	KLHL8	KLHL8	0.0	0.0	0.0								
gene:ASB1	gene	ASB1	ASB1	ASB1	0.0	0.0	0.0								
gene:CCDC167	gene	CCDC167	CCDC167	CCDC167	0.0	0.0	0.0								
gene:ADAMTSL1	gene	ADAMTSL1	ADAMTSL1	ADAMTSL1	0.0	0.0	0.0								
gene:EXPH5	gene	EXPH5	EXPH5	EXPH5	0.0	0.0	0.0								
gene:GLRA3	gene	GLRA3	GLRA3	GLRA3	0.0	0.0	0.0								
gene:RFX3	gene	RFX3	RFX3	RFX3	1.0	1.0	1.0								
gene:PITPNM2	gene	PITPNM2	PITPNM2	PITPNM2	0.0	0.0	0.0								
gene:HMOX2	gene	HMOX2	HMOX2	HMOX2	0.0	0.0	0.0								
gene:LIN7C	gene	LIN7C	LIN7C	LIN7C	0.0	0.0	0.0								
gene:AQP9	gene	AQP9	AQP9	AQP9	0.0	0.0	0.0								
gene:TAF4B	gene	TAF4B	TAF4B	TAF4B	0.0	0.0	0.0								
gene:SKA2	gene	SKA2	SKA2	SKA2	0.0	0.0	0.0								
gene:SEC13	gene	SEC13	SEC13	SEC13	0.0	0.0	0.0								
gene:YEATS2	gene	YEATS2	YEATS2	YEATS2	1.0	0.0	1.0								
gene:PATL1	gene	PATL1	PATL1	PATL1	0.0	0.0	0.0								
gene:BBOX1	gene	BBOX1	BBOX1	BBOX1	0.0	0.0	0.0								
gene:NPTX2	gene	NPTX2	NPTX2	NPTX2	0.0	0.0	0.0								
gene:ZDHHC14	gene	ZDHHC14	ZDHHC14	ZDHHC14	0.0	0.0	0.0								
gene:RPL27A	gene	RPL27A	RPL27A	RPL27A	0.0	0.0	0.0								
gene:SEC22A	gene	SEC22A	SEC22A	SEC22A	0.0	0.0	0.0								
gene:CEP41	gene	CEP41	CEP41	CEP41	1.0	0.0	1.0								
gene:SH3BGRL2	gene	SH3BGRL2	SH3BGRL2	SH3BGRL2	0.0	0.0	0.0								
gene:NSD1	gene	NSD1	NSD1	NSD1	1.0	1.0	1.0								
gene:KLHDC1	gene	KLHDC1	KLHDC1	KLHDC1	0.0	0.0	0.0								
gene:APOL3	gene	APOL3	APOL3	APOL3	0.0	0.0	0.0								
gene:GTF3C4	gene	GTF3C4	GTF3C4	GTF3C4	0.0	0.0	0.0								
gene:ANO5	gene	ANO5	ANO5	ANO5	0.0	0.0	0.0								
gene:LRP5	gene	LRP5	LRP5	LRP5	0.0	0.0	0.0								
gene:STXBP5L	gene	STXBP5L	STXBP5L	STXBP5L	0.0	0.0	0.0								
gene:PGBD2	gene	PGBD2	PGBD2	PGBD2	0.0	0.0	0.0								
gene:GLTP	gene	GLTP	GLTP	GLTP	0.0	0.0	0.0								
gene:PIK3IP1	gene	PIK3IP1	PIK3IP1	PIK3IP1	0.0	0.0	0.0								
gene:PPP3CC	gene	PPP3CC	PPP3CC	PPP3CC	0.0	0.0	0.0								
gene:TRIM41	gene	TRIM41	TRIM41	TRIM41	0.0	0.0	0.0								
gene:P2RY14	gene	P2RY14	P2RY14	P2RY14	0.0	0.0	0.0								
gene:UGGT1	gene	UGGT1	UGGT1	UGGT1	1.0	1.0	1.0								
gene:PAK1IP1	gene	PAK1IP1	PAK1IP1	PAK1IP1	0.0	0.0	0.0								
gene:NUPR1	gene	NUPR1	NUPR1	NUPR1	0.0	0.0	0.0								
gene:NFE2L2	gene	NFE2L2	NFE2L2	NFE2L2	0.0	0.0	0.0								
gene:SNTG1	gene	SNTG1	SNTG1	SNTG1	0.0	0.0	0.0								
gene:HES6	gene	HES6	HES6	HES6	0.0	0.0	0.0								
gene:LRRC7	gene	LRRC7	LRRC7	LRRC7	0.0	0.0	0.0								
gene:DNAJB2	gene	DNAJB2	DNAJB2	DNAJB2	0.0	0.0	0.0								
gene:ACTR1B	gene	ACTR1B	ACTR1B	ACTR1B	0.0	0.0	0.0								
gene:DFFB	gene	DFFB	DFFB	DFFB	0.0	0.0	0.0								
gene:DOT1L	gene	DOT1L	DOT1L	DOT1L	1.0	1.0	1.0								
gene:IFRD1	gene	IFRD1	IFRD1	IFRD1	0.0	0.0	0.0								
gene:WDR77	gene	WDR77	WDR77	WDR77	0.0	0.0	0.0								
gene:GNG4	gene	GNG4	GNG4	GNG4	0.0	0.0	0.0								
gene:THBS2	gene	THBS2	THBS2	THBS2	0.0	0.0	0.0								
gene:RPL24	gene	RPL24	RPL24	RPL24	0.0	0.0	0.0								
gene:GRIK3	gene	GRIK3	GRIK3	GRIK3	1.0	0.0	1.0								
gene:NOP2	gene	NOP2	NOP2	NOP2	0.0	0.0	0.0								
gene:WFS1	gene	WFS1	WFS1	WFS1	0.0	0.0	0.0								
gene:ZNF507	gene	ZNF507	ZNF507	ZNF507	0.0	0.0	0.0								
gene:RHPN1	gene	RHPN1	RHPN1	RHPN1	0.0	0.0	0.0								
gene:ATF7IP2	gene	ATF7IP2	ATF7IP2	ATF7IP2	0.0	0.0	0.0								
gene:TTI2	gene	TTI2	TTI2	TTI2	1.0	1.0	1.0								
gene:EXT2	gene	EXT2	EXT2	EXT2	0.0	0.0	0.0								
gene:ANKRD12	gene	ANKRD12	ANKRD12	ANKRD12	0.0	0.0	0.0								
gene:LZTS1	gene	LZTS1	LZTS1	LZTS1	0.0	0.0	0.0								
gene:CHD4	gene	CHD4	CHD4	CHD4	1.0	1.0	1.0								
gene:CITED4	gene	CITED4	CITED4	CITED4	0.0	0.0	0.0								
gene:CTDP1	gene	CTDP1	CTDP1	CTDP1	0.0	0.0	0.0								
gene:ADARB2	gene	ADARB2	ADARB2	ADARB2	0.0	0.0	0.0								
gene:ARL5B	gene	ARL5B	ARL5B	ARL5B	0.0	0.0	0.0								
gene:CGGBP1	gene	CGGBP1	CGGBP1	CGGBP1	0.0	0.0	0.0								
gene:GPX3	gene	GPX3	GPX3	GPX3	0.0	0.0	0.0								
gene:NUP153	gene	NUP153	NUP153	NUP153	0.0	0.0	0.0								
gene:TMEM59L	gene	TMEM59L	TMEM59L	TMEM59L	0.0	0.0	0.0								
gene:RTTN	gene	RTTN	RTTN	RTTN	0.0	0.0	0.0								
gene:RNF20	gene	RNF20	RNF20	RNF20	0.0	0.0	0.0								
gene:SRSF3	gene	SRSF3	SRSF3	SRSF3	0.0	0.0	0.0								
gene:AC027763.2	gene	AC027763.2	AC027763.2	AC027763.2	0.0	0.0	0.0								
gene:THEMIS	gene	THEMIS	THEMIS	THEMIS	0.0	0.0	0.0								
gene:STRN4	gene	STRN4	STRN4	STRN4	0.0	0.0	0.0								
gene:RBAK	gene	RBAK	RBAK	RBAK	0.0	0.0	0.0								
gene:TNRC18	gene	TNRC18	TNRC18	TNRC18	0.0	0.0	0.0								
gene:C12ORF66	gene	C12ORF66	C12orf66	C12ORF66	0.0	0.0	0.0								
gene:PAM	gene	PAM	PAM	PAM	0.0	0.0	0.0								
gene:ZNF281	gene	ZNF281	ZNF281	ZNF281	0.0	0.0	0.0								
gene:VGLL4	gene	VGLL4	VGLL4	VGLL4	0.0	0.0	0.0								
gene:NAA35	gene	NAA35	NAA35	NAA35	0.0	0.0	0.0								
gene:ZNF778	gene	ZNF778	ZNF778	ZNF778	0.0	0.0	0.0								
gene:FBXO9	gene	FBXO9	FBXO9	FBXO9	0.0	0.0	0.0								
gene:CABLES2	gene	CABLES2	CABLES2	CABLES2	0.0	0.0	0.0								
gene:LONRF1	gene	LONRF1	LONRF1	LONRF1	0.0	0.0	0.0								
gene:SNRPN	gene	SNRPN	SNRPN	SNRPN	0.0	0.0	0.0								
gene:STAT5B	gene	STAT5B	STAT5B	STAT5B	0.0	0.0	0.0								
gene:POFUT1	gene	POFUT1	POFUT1	POFUT1	0.0	0.0	0.0								
gene:MARK1	gene	MARK1	MARK1	MARK1	1.0	0.0	1.0								
gene:AHI1	gene	AHI1	AHI1	AHI1	1.0	1.0	1.0								
gene:DEPTOR	gene	DEPTOR	DEPTOR	DEPTOR	0.0	0.0	0.0								
gene:KIAA0319L	gene	KIAA0319L	KIAA0319L	KIAA0319L	0.0	0.0	0.0								
gene:RRP9	gene	RRP9	RRP9	RRP9	0.0	0.0	0.0								
gene:DOCK10	gene	DOCK10	DOCK10	DOCK10	0.0	0.0	0.0								
gene:STMN1	gene	STMN1	STMN1	STMN1	0.0	0.0	0.0								
gene:CENPF	gene	CENPF	CENPF	CENPF	0.0	0.0	0.0								
gene:ANKLE2	gene	ANKLE2	ANKLE2	ANKLE2	0.0	0.0	0.0								
gene:DENND4C	gene	DENND4C	DENND4C	DENND4C	0.0	0.0	0.0								
gene:DDX17	gene	DDX17	DDX17	DDX17	0.0	0.0	0.0								
gene:C1ORF131	gene	C1ORF131	C1orf131	C1ORF131	0.0	0.0	0.0								
gene:NOS2	gene	NOS2	NOS2	NOS2	0.0	0.0	0.0								
gene:KPNB1	gene	KPNB1	KPNB1	KPNB1	0.0	0.0	0.0								
gene:TTYH3	gene	TTYH3	TTYH3	TTYH3	0.0	0.0	0.0								
gene:TARS	gene	TARS	TARS	TARS	0.0	0.0	0.0								
gene:KLHL35	gene	KLHL35	KLHL35	KLHL35	0.0	0.0	0.0								
gene:CTNND1	gene	CTNND1	CTNND1	CTNND1	1.0	0.0	1.0								
gene:ARID1B	gene	ARID1B	ARID1B	ARID1B	1.0	1.0	1.0								
gene:GNB2	gene	GNB2	GNB2	GNB2	1.0	1.0	1.0								
gene:ARL6IP6	gene	ARL6IP6	ARL6IP6	ARL6IP6	0.0	0.0	0.0								
gene:CCT8	gene	CCT8	CCT8	CCT8	0.0	0.0	0.0								
gene:PFKP	gene	PFKP	PFKP	PFKP	0.0	0.0	0.0								
gene:CWC27	gene	CWC27	CWC27	CWC27	0.0	0.0	0.0								
gene:CXCL16	gene	CXCL16	CXCL16	CXCL16	0.0	0.0	0.0								
gene:DKK3	gene	DKK3	DKK3	DKK3	0.0	0.0	0.0								
gene:FAM98A	gene	FAM98A	FAM98A	FAM98A	0.0	0.0	0.0								
gene:RPL7	gene	RPL7	RPL7	RPL7	0.0	0.0	0.0								
gene:RFX5	gene	RFX5	RFX5	RFX5	0.0	0.0	0.0								
gene:GBP1	gene	GBP1	GBP1	GBP1	0.0	0.0	0.0								
gene:TMTC4	gene	TMTC4	TMTC4	TMTC4	0.0	0.0	0.0								
gene:ZNF2	gene	ZNF2	ZNF2	ZNF2	0.0	0.0	0.0								
gene:ABCC8	gene	ABCC8	ABCC8	ABCC8	0.0	0.0	0.0								
gene:SH3BP1	gene	SH3BP1	SH3BP1	SH3BP1	0.0	0.0	0.0								
gene:ZNF483	gene	ZNF483	ZNF483	ZNF483	0.0	0.0	0.0								
gene:MCM5	gene	MCM5	MCM5	MCM5	0.0	0.0	0.0								
gene:CEBPZ	gene	CEBPZ	CEBPZ	CEBPZ	0.0	0.0	0.0								
gene:BAZ1B	gene	BAZ1B	BAZ1B	BAZ1B	0.0	0.0	0.0								
gene:RYK	gene	RYK	RYK	RYK	0.0	0.0	0.0								
gene:ACOT8	gene	ACOT8	ACOT8	ACOT8	0.0	0.0	0.0								
gene:MED25	gene	MED25	MED25	MED25	0.0	0.0	0.0								
gene:CD93	gene	CD93	CD93	CD93	0.0	0.0	0.0								
gene:CEP63	gene	CEP63	CEP63	CEP63	0.0	0.0	0.0								
gene:ACVR1B	gene	ACVR1B	ACVR1B	ACVR1B	0.0	0.0	0.0								
gene:GSTCD	gene	GSTCD	GSTCD	GSTCD	0.0	0.0	0.0								
gene:EDIL3	gene	EDIL3	EDIL3	EDIL3	0.0	0.0	0.0								
gene:FSD1L	gene	FSD1L	FSD1L	FSD1L	0.0	0.0	0.0								
gene:CNOT1	gene	CNOT1	CNOT1	CNOT1	1.0	1.0	1.0								
gene:CNIH2	gene	CNIH2	CNIH2	CNIH2	0.0	0.0	0.0								
gene:ERCC4	gene	ERCC4	ERCC4	ERCC4	0.0	0.0	0.0								
gene:BEND6	gene	BEND6	BEND6	BEND6	0.0	0.0	0.0								
gene:PRPF4	gene	PRPF4	PRPF4	PRPF4	0.0	0.0	0.0								
gene:AMIGO1	gene	AMIGO1	AMIGO1	AMIGO1	0.0	0.0	0.0								
gene:RPS14	gene	RPS14	RPS14	RPS14	0.0	0.0	0.0								
gene:GNG3	gene	GNG3	GNG3	GNG3	0.0	0.0	0.0								
gene:CDK5R2	gene	CDK5R2	CDK5R2	CDK5R2	0.0	0.0	0.0								
gene:EMB	gene	EMB	EMB	EMB	0.0	0.0	0.0								
gene:RND2	gene	RND2	RND2	RND2	0.0	0.0	0.0								
gene:PCSK6	gene	PCSK6	PCSK6	PCSK6	0.0	0.0	0.0								
gene:DSEL	gene	DSEL	DSEL	DSEL	0.0	0.0	0.0								
gene:IRF2	gene	IRF2	IRF2	IRF2	0.0	0.0	0.0								
gene:MFSD9	gene	MFSD9	MFSD9	MFSD9	0.0	0.0	0.0								
gene:GLIS1	gene	GLIS1	GLIS1	GLIS1	1.0	0.0	1.0								
gene:CHIC2	gene	CHIC2	CHIC2	CHIC2	0.0	0.0	0.0								
gene:DHX37	gene	DHX37	DHX37	DHX37	0.0	0.0	0.0								
gene:RSPO3	gene	RSPO3	RSPO3	RSPO3	0.0	0.0	0.0								
gene:GGH	gene	GGH	GGH	GGH	0.0	0.0	0.0								
gene:SLC12A2	gene	SLC12A2	SLC12A2	SLC12A2	0.0	0.0	0.0								
gene:MAPK9	gene	MAPK9	MAPK9	MAPK9	0.0	0.0	0.0								
gene:ZNF570	gene	ZNF570	ZNF570	ZNF570	0.0	0.0	0.0								
gene:NFKBIL1	gene	NFKBIL1	NFKBIL1	NFKBIL1	0.0	0.0	0.0								
gene:PIGV	gene	PIGV	PIGV	PIGV	0.0	0.0	0.0								
gene:ADAM9	gene	ADAM9	ADAM9	ADAM9	0.0	0.0	0.0								
gene:ZMAT4	gene	ZMAT4	ZMAT4	ZMAT4	0.0	0.0	0.0								
gene:NUDT22	gene	NUDT22	NUDT22	NUDT22	0.0	0.0	0.0								
gene:SMC6	gene	SMC6	SMC6	SMC6	0.0	0.0	0.0								
gene:TTC5	gene	TTC5	TTC5	TTC5	0.0	0.0	0.0								
gene:CDH4	gene	CDH4	CDH4	CDH4	0.0	0.0	0.0								
gene:FAM184B	gene	FAM184B	FAM184B	FAM184B	0.0	0.0	0.0								
gene:FGFR1OP2	gene	FGFR1OP2	FGFR1OP2	FGFR1OP2	0.0	0.0	0.0								
gene:SERPINB6	gene	SERPINB6	SERPINB6	SERPINB6	0.0	0.0	0.0								
gene:SEC31A	gene	SEC31A	SEC31A	SEC31A	0.0	0.0	0.0								
gene:RPRD1B	gene	RPRD1B	RPRD1B	RPRD1B	0.0	0.0	0.0								
gene:JARID2	gene	JARID2	JARID2	JARID2	1.0	0.0	1.0								
gene:SLC35E2B	gene	SLC35E2B	SLC35E2B	SLC35E2B	0.0	0.0	0.0								
gene:ANGEL1	gene	ANGEL1	ANGEL1	ANGEL1	0.0	0.0	0.0								
gene:SYT2	gene	SYT2	SYT2	SYT2	0.0	0.0	0.0								
gene:SGTB	gene	SGTB	SGTB	SGTB	0.0	0.0	0.0								
gene:REPS1	gene	REPS1	REPS1	REPS1	0.0	0.0	0.0								
gene:PPAT	gene	PPAT	PPAT	PPAT	0.0	0.0	0.0								
gene:ZNF830	gene	ZNF830	ZNF830	ZNF830	0.0	0.0	0.0								
gene:DIP2C	gene	DIP2C	DIP2C	DIP2C	1.0	0.0	1.0								
gene:IK	gene	IK	IK	IK	0.0	0.0	0.0								
gene:TMEM132D	gene	TMEM132D	TMEM132D	TMEM132D	0.0	0.0	0.0								
gene:NCAN	gene	NCAN	NCAN	NCAN	0.0	0.0	0.0								
gene:TOR2A	gene	TOR2A	TOR2A	TOR2A	0.0	0.0	0.0								
gene:HNRNPA1L2	gene	HNRNPA1L2	HNRNPA1L2	HNRNPA1L2	0.0	0.0	0.0								
gene:ZNF626	gene	ZNF626	ZNF626	ZNF626	1.0	0.0	1.0								
gene:RNGTT	gene	RNGTT	RNGTT	RNGTT	0.0	0.0	0.0								
gene:FAM153B	gene	FAM153B	FAM153B	FAM153B	0.0	0.0	0.0								
gene:EPHX1	gene	EPHX1	EPHX1	EPHX1	0.0	0.0	0.0								
gene:SH3RF3	gene	SH3RF3	SH3RF3	SH3RF3	1.0	0.0	1.0								
gene:DTX1	gene	DTX1	DTX1	DTX1	0.0	0.0	0.0								
gene:TMEM176B	gene	TMEM176B	TMEM176B	TMEM176B	0.0	0.0	0.0								
gene:AC092661.1	gene	AC092661.1	AC092661.1	AC092661.1	0.0	0.0	0.0								
gene:PRPSAP1	gene	PRPSAP1	PRPSAP1	PRPSAP1	0.0	0.0	0.0								
gene:TIMP4	gene	TIMP4	TIMP4	TIMP4	0.0	0.0	0.0								
gene:CASC2	gene	CASC2	CASC2	CASC2	0.0	0.0	0.0								
gene:ENTPD6	gene	ENTPD6	ENTPD6	ENTPD6	0.0	0.0	0.0								
gene:PWWP2A	gene	PWWP2A	PWWP2A	PWWP2A	0.0	0.0	0.0								
gene:ZNF385B	gene	ZNF385B	ZNF385B	ZNF385B	1.0	0.0	1.0								
gene:ANKRD49	gene	ANKRD49	ANKRD49	ANKRD49	0.0	0.0	0.0								
gene:TNFSF4	gene	TNFSF4	TNFSF4	TNFSF4	0.0	0.0	0.0								
gene:SETD1B	gene	SETD1B	SETD1B	SETD1B	1.0	1.0	1.0								
gene:DHPS	gene	DHPS	DHPS	DHPS	0.0	0.0	0.0								
gene:IST1	gene	IST1	IST1	IST1	0.0	0.0	0.0								
gene:ABCG4	gene	ABCG4	ABCG4	ABCG4	0.0	0.0	0.0								
gene:STX7	gene	STX7	STX7	STX7	0.0	0.0	0.0								
gene:ZNF395	gene	ZNF395	ZNF395	ZNF395	0.0	0.0	0.0								
gene:KANK1	gene	KANK1	KANK1	KANK1	1.0	0.0	1.0								
gene:RHOG	gene	RHOG	RHOG	RHOG	0.0	0.0	0.0								
gene:RASD1	gene	RASD1	RASD1	RASD1	0.0	0.0	0.0								
gene:PLXNA2	gene	PLXNA2	PLXNA2	PLXNA2	0.0	0.0	0.0								
gene:RAB8B	gene	RAB8B	RAB8B	RAB8B	0.0	0.0	0.0								
gene:PANK3	gene	PANK3	PANK3	PANK3	0.0	0.0	0.0								
gene:SMC5	gene	SMC5	SMC5	SMC5	0.0	0.0	0.0								
gene:PTPN2	gene	PTPN2	PTPN2	PTPN2	0.0	0.0	0.0								
gene:GABRA4	gene	GABRA4	GABRA4	GABRA4	1.0	0.0	1.0								
gene:TM2D1	gene	TM2D1	TM2D1	TM2D1	0.0	0.0	0.0								
gene:THBS1	gene	THBS1	THBS1	THBS1	1.0	0.0	1.0								
gene:AMOTL2	gene	AMOTL2	AMOTL2	AMOTL2	0.0	0.0	0.0								
gene:AGPAT3	gene	AGPAT3	AGPAT3	AGPAT3	0.0	0.0	0.0								
gene:PHF23	gene	PHF23	PHF23	PHF23	0.0	0.0	0.0								
gene:ENTPD3	gene	ENTPD3	ENTPD3	ENTPD3	0.0	0.0	0.0								
gene:FZR1	gene	FZR1	FZR1	FZR1	0.0	0.0	0.0								
gene:MAT2B	gene	MAT2B	MAT2B	MAT2B	0.0	0.0	0.0								
gene:PTMS	gene	PTMS	PTMS	PTMS	0.0	0.0	0.0								
gene:KDM3B	gene	KDM3B	KDM3B	KDM3B	1.0	1.0	1.0								
gene:SMC4	gene	SMC4	SMC4	SMC4	0.0	0.0	0.0								
gene:URB2	gene	URB2	URB2	URB2	0.0	0.0	0.0								
gene:RNF180	gene	RNF180	RNF180	RNF180	0.0	0.0	0.0								
gene:TP53TG5	gene	TP53TG5	TP53TG5	TP53TG5	0.0	0.0	0.0								
gene:KIN	gene	KIN	KIN	KIN	0.0	0.0	0.0								
gene:ZNF852	gene	ZNF852	ZNF852	ZNF852	0.0	0.0	0.0								
gene:ATP10B	gene	ATP10B	ATP10B	ATP10B	0.0	0.0	0.0								
gene:TRIB3	gene	TRIB3	TRIB3	TRIB3	0.0	0.0	0.0								
gene:MED22	gene	MED22	MED22	MED22	0.0	0.0	0.0								
gene:SNX17	gene	SNX17	SNX17	SNX17	0.0	0.0	0.0								
gene:GALNT2	gene	GALNT2	GALNT2	GALNT2	1.0	1.0	1.0								
gene:A2M	gene	A2M	A2M	A2M	0.0	0.0	0.0								
gene:DTNBP1	gene	DTNBP1	DTNBP1	DTNBP1	0.0	0.0	0.0								
gene:USP22	gene	USP22	USP22	USP22	0.0	0.0	0.0								
gene:ZNF557	gene	ZNF557	ZNF557	ZNF557	0.0	0.0	0.0								
gene:RNF170	gene	RNF170	RNF170	RNF170	0.0	0.0	0.0								
gene:THOC5	gene	THOC5	THOC5	THOC5	0.0	0.0	0.0								
gene:SLC30A7	gene	SLC30A7	SLC30A7	SLC30A7	0.0	0.0	0.0								
gene:GRIN1	gene	GRIN1	GRIN1	GRIN1	1.0	1.0	1.0								
gene:PEA15	gene	PEA15	PEA15	PEA15	0.0	0.0	0.0								
gene:ADORA1	gene	ADORA1	ADORA1	ADORA1	0.0	0.0	0.0								
gene:RECQL	gene	RECQL	RECQL	RECQL	0.0	0.0	0.0								
gene:C2CD2	gene	C2CD2	C2CD2	C2CD2	0.0	0.0	0.0								
gene:MYNN	gene	MYNN	MYNN	MYNN	0.0	0.0	0.0								
gene:PTH2R	gene	PTH2R	PTH2R	PTH2R	0.0	0.0	0.0								
gene:ATP10A	gene	ATP10A	ATP10A	ATP10A	1.0	0.0	1.0								
gene:BEGAIN	gene	BEGAIN	BEGAIN	BEGAIN	0.0	0.0	0.0								
gene:BIRC2	gene	BIRC2	BIRC2	BIRC2	0.0	0.0	0.0								
gene:LNX2	gene	LNX2	LNX2	LNX2	0.0	0.0	0.0								
gene:CYB5R2	gene	CYB5R2	CYB5R2	CYB5R2	0.0	0.0	0.0								
gene:SGCE	gene	SGCE	SGCE	SGCE	0.0	0.0	0.0								
gene:ICMT	gene	ICMT	ICMT	ICMT	0.0	0.0	0.0								
gene:MPP5	gene	MPP5	MPP5	MPP5	0.0	0.0	0.0								
gene:SRSF12	gene	SRSF12	SRSF12	SRSF12	0.0	0.0	0.0								
gene:ADAMTS10	gene	ADAMTS10	ADAMTS10	ADAMTS10	0.0	0.0	0.0								
gene:RHOQ	gene	RHOQ	RHOQ	RHOQ	0.0	0.0	0.0								
gene:LMBRD1	gene	LMBRD1	LMBRD1	LMBRD1	0.0	0.0	0.0								
gene:C16ORF89	gene	C16ORF89	C16orf89	C16ORF89	0.0	0.0	0.0								
gene:SOBP	gene	SOBP	SOBP	SOBP	0.0	0.0	0.0								
gene:UBXN2B	gene	UBXN2B	UBXN2B	UBXN2B	0.0	0.0	0.0								
gene:ZNF18	gene	ZNF18	ZNF18	ZNF18	1.0	0.0	1.0								
gene:RALGDS	gene	RALGDS	RALGDS	RALGDS	0.0	0.0	0.0								
gene:RELA	gene	RELA	RELA	RELA	0.0	0.0	0.0								
gene:MYT1	gene	MYT1	MYT1	MYT1	0.0	0.0	0.0								
gene:MAP4K5	gene	MAP4K5	MAP4K5	MAP4K5	0.0	0.0	0.0								
gene:DLGAP2	gene	DLGAP2	DLGAP2	DLGAP2	1.0	0.0	1.0								
gene:MYOM1	gene	MYOM1	MYOM1	MYOM1	0.0	0.0	0.0								
gene:S100A16	gene	S100A16	S100A16	S100A16	0.0	0.0	0.0								
gene:XAF1	gene	XAF1	XAF1	XAF1	0.0	0.0	0.0								
gene:TTC39A	gene	TTC39A	TTC39A	TTC39A	0.0	0.0	0.0								
gene:EIF3A	gene	EIF3A	EIF3A	EIF3A	0.0	0.0	0.0								
gene:NUP35	gene	NUP35	NUP35	NUP35	0.0	0.0	0.0								
gene:RBM27	gene	RBM27	RBM27	RBM27	1.0	0.0	1.0								
gene:LRRC49	gene	LRRC49	LRRC49	LRRC49	0.0	0.0	0.0								
gene:FADD	gene	FADD	FADD	FADD	0.0	0.0	0.0								
gene:PAPOLA	gene	PAPOLA	PAPOLA	PAPOLA	0.0	0.0	0.0								
gene:CWC22	gene	CWC22	CWC22	CWC22	0.0	0.0	0.0								
gene:ZNF786	gene	ZNF786	ZNF786	ZNF786	0.0	0.0	0.0								
gene:PALMD	gene	PALMD	PALMD	PALMD	0.0	0.0	0.0								
gene:ZNF30	gene	ZNF30	ZNF30	ZNF30	0.0	0.0	0.0								
gene:STAT1	gene	STAT1	STAT1	STAT1	0.0	0.0	0.0								
gene:MDH1	gene	MDH1	MDH1	MDH1	0.0	0.0	0.0								
gene:KATNAL2	gene	KATNAL2	KATNAL2	KATNAL2	1.0	1.0	1.0								
gene:MAN2A2	gene	MAN2A2	MAN2A2	MAN2A2	0.0	0.0	0.0								
gene:NPM1	gene	NPM1	NPM1	NPM1	0.0	0.0	0.0								
gene:EGFL7	gene	EGFL7	EGFL7	EGFL7	0.0	0.0	0.0								
gene:BAIAP3	gene	BAIAP3	BAIAP3	BAIAP3	0.0	0.0	0.0								
gene:FAM107B	gene	FAM107B	FAM107B	FAM107B	0.0	0.0	0.0								
gene:POLE	gene	POLE	POLE	POLE	0.0	0.0	0.0								
gene:TBRG1	gene	TBRG1	TBRG1	TBRG1	0.0	0.0	0.0								
gene:UTRN	gene	UTRN	UTRN	UTRN	0.0	0.0	0.0								
gene:GPRIN3	gene	GPRIN3	GPRIN3	GPRIN3	0.0	0.0	0.0								
gene:KIFC2	gene	KIFC2	KIFC2	KIFC2	0.0	0.0	0.0								
gene:ABL2	gene	ABL2	ABL2	ABL2	1.0	0.0	0.0								
gene:BOP1	gene	BOP1	BOP1	BOP1	0.0	0.0	0.0								
gene:PHIP	gene	PHIP	PHIP	PHIP	1.0	1.0	1.0								
gene:NES	gene	NES	NES	NES	0.0	0.0	0.0								
gene:SLC16A14	gene	SLC16A14	SLC16A14	SLC16A14	0.0	0.0	0.0								
gene:ZNF490	gene	ZNF490	ZNF490	ZNF490	0.0	0.0	0.0								
gene:ZNF461	gene	ZNF461	ZNF461	ZNF461	0.0	0.0	0.0								
gene:ZCWPW1	gene	ZCWPW1	ZCWPW1	ZCWPW1	0.0	0.0	0.0								
gene:MLC1	gene	MLC1	MLC1	MLC1	0.0	0.0	0.0								
gene:NUP85	gene	NUP85	NUP85	NUP85	0.0	0.0	0.0								
gene:NCAPG2	gene	NCAPG2	NCAPG2	NCAPG2	0.0	0.0	0.0								
gene:PPFIA4	gene	PPFIA4	PPFIA4	PPFIA4	0.0	0.0	0.0								
gene:DYRK3	gene	DYRK3	DYRK3	DYRK3	0.0	0.0	0.0								
gene:AFF4	gene	AFF4	AFF4	AFF4	0.0	0.0	0.0								
gene:FBXO21	gene	FBXO21	FBXO21	FBXO21	0.0	0.0	0.0								
gene:CDH24	gene	CDH24	CDH24	CDH24	0.0	0.0	0.0								
gene:EBPL	gene	EBPL	EBPL	EBPL	0.0	0.0	0.0								
gene:PRPF4B	gene	PRPF4B	PRPF4B	PRPF4B	0.0	0.0	0.0								
gene:PLD1	gene	PLD1	PLD1	PLD1	0.0	0.0	0.0								
gene:AC058791.1	gene	AC058791.1	AC058791.1	AC058791.1	0.0	0.0	0.0								
gene:PURB	gene	PURB	PURB	PURB	0.0	0.0	0.0								
gene:EPS8L2	gene	EPS8L2	EPS8L2	EPS8L2	0.0	0.0	0.0								
gene:KRT222	gene	KRT222	KRT222	KRT222	0.0	0.0	0.0								
gene:RPL26	gene	RPL26	RPL26	RPL26	0.0	0.0	0.0								
gene:BRI3BP	gene	BRI3BP	BRI3BP	BRI3BP	0.0	0.0	0.0								
gene:ZC3H18	gene	ZC3H18	ZC3H18	ZC3H18	0.0	0.0	0.0								
gene:SNX21	gene	SNX21	SNX21	SNX21	0.0	0.0	0.0								
gene:HEBP2	gene	HEBP2	HEBP2	HEBP2	0.0	0.0	0.0								
gene:IL7	gene	IL7	IL7	IL7	0.0	0.0	0.0								
gene:PNPLA7	gene	PNPLA7	PNPLA7	PNPLA7	1.0	0.0	1.0								
gene:PHF11	gene	PHF11	PHF11	PHF11	0.0	0.0	0.0								
gene:RNF5	gene	RNF5	RNF5	RNF5	0.0	0.0	0.0								
gene:HEATR6	gene	HEATR6	HEATR6	HEATR6	0.0	0.0	0.0								
gene:ATP6V0E2	gene	ATP6V0E2	ATP6V0E2	ATP6V0E2	0.0	0.0	0.0								
gene:ZNF780A	gene	ZNF780A	ZNF780A	ZNF780A	0.0	0.0	0.0								
gene:SOS1	gene	SOS1	SOS1	SOS1	0.0	0.0	0.0								
gene:CINP	gene	CINP	CINP	CINP	0.0	0.0	0.0								
gene:PLSCR4	gene	PLSCR4	PLSCR4	PLSCR4	0.0	0.0	0.0								
gene:PHF3	gene	PHF3	PHF3	PHF3	1.0	1.0	1.0								
gene:SCAF4	gene	SCAF4	SCAF4	SCAF4	1.0	1.0	1.0								
gene:CSRNP1	gene	CSRNP1	CSRNP1	CSRNP1	0.0	0.0	0.0								
gene:PARVA	gene	PARVA	PARVA	PARVA	0.0	0.0	0.0								
gene:TIMP2	gene	TIMP2	TIMP2	TIMP2	0.0	0.0	0.0								
gene:TCF12	gene	TCF12	TCF12	TCF12	1.0	0.0	0.0								
gene:PARD6B	gene	PARD6B	PARD6B	PARD6B	0.0	0.0	0.0								
gene:ZNF408	gene	ZNF408	ZNF408	ZNF408	0.0	0.0	0.0								
gene:CFL1	gene	CFL1	CFL1	CFL1	0.0	0.0	0.0								
gene:NSUN6	gene	NSUN6	NSUN6	NSUN6	0.0	0.0	0.0								
gene:ELAVL1	gene	ELAVL1	ELAVL1	ELAVL1	0.0	0.0	0.0								
gene:PPP1R8	gene	PPP1R8	PPP1R8	PPP1R8	0.0	0.0	0.0								
gene:SRM	gene	SRM	SRM	SRM	0.0	0.0	0.0								
gene:MED20	gene	MED20	MED20	MED20	0.0	0.0	0.0								
gene:POLR3H	gene	POLR3H	POLR3H	POLR3H	0.0	0.0	0.0								
gene:C1R	gene	C1R	C1R	C1R	0.0	0.0	0.0								
gene:LOXHD1	gene	LOXHD1	LOXHD1	LOXHD1	0.0	0.0	0.0								
gene:RCAN1	gene	RCAN1	RCAN1	RCAN1	0.0	0.0	0.0								
gene:YWHAQ	gene	YWHAQ	YWHAQ	YWHAQ	0.0	0.0	0.0								
gene:PDIA4	gene	PDIA4	PDIA4	PDIA4	0.0	0.0	0.0								
gene:CASP8AP2	gene	CASP8AP2	CASP8AP2	CASP8AP2	0.0	0.0	0.0								
gene:MDH1B	gene	MDH1B	MDH1B	MDH1B	0.0	0.0	0.0								
gene:SLC27A3	gene	SLC27A3	SLC27A3	SLC27A3	0.0	0.0	0.0								
gene:NQO1	gene	NQO1	NQO1	NQO1	0.0	0.0	0.0								
gene:CCNY	gene	CCNY	CCNY	CCNY	0.0	0.0	0.0								
gene:TCTEX1D2	gene	TCTEX1D2	TCTEX1D2	TCTEX1D2	0.0	0.0	0.0								
gene:CCDC93	gene	CCDC93	CCDC93	CCDC93	0.0	0.0	0.0								
gene:HAPLN1	gene	HAPLN1	HAPLN1	HAPLN1	0.0	0.0	0.0								
gene:MAST4	gene	MAST4	MAST4	MAST4	0.0	0.0	0.0								
gene:KCNK10	gene	KCNK10	KCNK10	KCNK10	0.0	0.0	0.0								
gene:CLPTM1	gene	CLPTM1	CLPTM1	CLPTM1	0.0	0.0	0.0								
gene:RAB10	gene	RAB10	RAB10	RAB10	0.0	0.0	0.0								
gene:HTR1F	gene	HTR1F	HTR1F	HTR1F	0.0	0.0	0.0								
gene:RASSF8	gene	RASSF8	RASSF8	RASSF8	0.0	0.0	0.0								
gene:ZFP1	gene	ZFP1	ZFP1	ZFP1	0.0	0.0	0.0								
gene:ZFAT	gene	ZFAT	ZFAT	ZFAT	0.0	0.0	0.0								
gene:HMGN2	gene	HMGN2	HMGN2	HMGN2	0.0	0.0	0.0								
gene:B3GALT1	gene	B3GALT1	B3GALT1	B3GALT1	0.0	0.0	0.0								
gene:SLC13A5	gene	SLC13A5	SLC13A5	SLC13A5	0.0	0.0	0.0								
gene:LGALSL	gene	LGALSL	LGALSL	LGALSL	0.0	0.0	0.0								
gene:ZBTB17	gene	ZBTB17	ZBTB17	ZBTB17	0.0	0.0	0.0								
gene:BOLA3-AS1	gene	BOLA3-AS1	BOLA3-AS1	BOLA3-AS1	0.0	0.0	0.0								
gene:PPARG	gene	PPARG	PPARG	PPARG	0.0	0.0	0.0								
gene:PDE4D	gene	PDE4D	PDE4D	PDE4D	0.0	0.0	0.0								
gene:LINGO3	gene	LINGO3	LINGO3	LINGO3	0.0	0.0	0.0								
gene:USP47	gene	USP47	USP47	USP47	0.0	0.0	0.0								
gene:CALB1	gene	CALB1	CALB1	CALB1	0.0	0.0	0.0								
gene:SNX4	gene	SNX4	SNX4	SNX4	0.0	0.0	0.0								
gene:SYNPR	gene	SYNPR	SYNPR	SYNPR	0.0	0.0	0.0								
gene:LPXN	gene	LPXN	LPXN	LPXN	0.0	0.0	0.0								
gene:ANKRD35	gene	ANKRD35	ANKRD35	ANKRD35	0.0	0.0	0.0								
gene:ESD	gene	ESD	ESD	ESD	0.0	0.0	0.0								
gene:VSTM4	gene	VSTM4	VSTM4	VSTM4	0.0	0.0	0.0								
gene:ZNF263	gene	ZNF263	ZNF263	ZNF263	0.0	0.0	0.0								
gene:RBL1	gene	RBL1	RBL1	RBL1	0.0	0.0	0.0								
gene:PTPRR	gene	PTPRR	PTPRR	PTPRR	0.0	0.0	0.0								
gene:AKAP7	gene	AKAP7	AKAP7	AKAP7	0.0	0.0	0.0								
gene:ZNF547	gene	ZNF547	ZNF547	ZNF547	0.0	0.0	0.0								
gene:EFTUD2	gene	EFTUD2	EFTUD2	EFTUD2	0.0	0.0	0.0								
gene:SMPD1	gene	SMPD1	SMPD1	SMPD1	0.0	0.0	0.0								
gene:STK38	gene	STK38	STK38	STK38	0.0	0.0	0.0								
gene:RXRA	gene	RXRA	RXRA	RXRA	0.0	0.0	0.0								
gene:NEIL2	gene	NEIL2	NEIL2	NEIL2	0.0	0.0	0.0								
gene:POLR3E	gene	POLR3E	POLR3E	POLR3E	0.0	0.0	0.0								
gene:PCBP1	gene	PCBP1	PCBP1	PCBP1	0.0	0.0	0.0								
gene:XPO1	gene	XPO1	XPO1	XPO1	1.0	0.0	1.0								
gene:ST3GAL2	gene	ST3GAL2	ST3GAL2	ST3GAL2	0.0	0.0	0.0								
gene:XRCC1	gene	XRCC1	XRCC1	XRCC1	0.0	0.0	0.0								
gene:CREBBP	gene	CREBBP	CREBBP	CREBBP	1.0	1.0	1.0								
gene:RALB	gene	RALB	RALB	RALB	0.0	0.0	0.0								
gene:PCDHB13	gene	PCDHB13	PCDHB13	PCDHB13	0.0	0.0	0.0								
gene:TOX2	gene	TOX2	TOX2	TOX2	0.0	0.0	0.0								
gene:MAN1C1	gene	MAN1C1	MAN1C1	MAN1C1	0.0	0.0	0.0								
gene:KCNQ4	gene	KCNQ4	KCNQ4	KCNQ4	0.0	0.0	0.0								
gene:ZNF791	gene	ZNF791	ZNF791	ZNF791	0.0	0.0	0.0								
gene:MAEL	gene	MAEL	MAEL	MAEL	0.0	0.0	0.0								
gene:ZNF248	gene	ZNF248	ZNF248	ZNF248	0.0	0.0	0.0								
gene:PURG	gene	PURG	PURG	PURG	0.0	0.0	0.0								
gene:ZNF100	gene	ZNF100	ZNF100	ZNF100	0.0	0.0	0.0								
gene:DPYSL2	gene	DPYSL2	DPYSL2	DPYSL2	1.0	1.0	1.0								
gene:ARL8B	gene	ARL8B	ARL8B	ARL8B	0.0	0.0	0.0								
gene:HMG20A	gene	HMG20A	HMG20A	HMG20A	0.0	0.0	0.0								
gene:ZNF354B	gene	ZNF354B	ZNF354B	ZNF354B	0.0	0.0	0.0								
gene:ZFP3	gene	ZFP3	ZFP3	ZFP3	0.0	0.0	0.0								
gene:ZNF770	gene	ZNF770	ZNF770	ZNF770	0.0	0.0	0.0								
gene:CCDC14	gene	CCDC14	CCDC14	CCDC14	0.0	0.0	0.0								
gene:PTPRZ1	gene	PTPRZ1	PTPRZ1	PTPRZ1	0.0	0.0	0.0								
gene:SRD5A1	gene	SRD5A1	SRD5A1	SRD5A1	0.0	0.0	0.0								
gene:CHRM1	gene	CHRM1	CHRM1	CHRM1	0.0	0.0	0.0								
gene:TUBGCP2	gene	TUBGCP2	TUBGCP2	TUBGCP2	0.0	0.0	0.0								
gene:HDAC3	gene	HDAC3	HDAC3	HDAC3	0.0	0.0	0.0								
gene:FAM172A	gene	FAM172A	FAM172A	FAM172A	0.0	0.0	0.0								
gene:NUDT16	gene	NUDT16	NUDT16	NUDT16	0.0	0.0	0.0								
gene:KPNA5	gene	KPNA5	KPNA5	KPNA5	0.0	0.0	0.0								
gene:FHL2	gene	FHL2	FHL2	FHL2	0.0	0.0	0.0								
gene:FBXL12	gene	FBXL12	FBXL12	FBXL12	0.0	0.0	0.0								
gene:USH1C	gene	USH1C	USH1C	USH1C	0.0	0.0	0.0								
gene:OPRD1	gene	OPRD1	OPRD1	OPRD1	0.0	0.0	0.0								
gene:PLAC9	gene	PLAC9	PLAC9	PLAC9	0.0	0.0	0.0								
gene:ZNF777	gene	ZNF777	ZNF777	ZNF777	0.0	0.0	0.0								
gene:SERPINI1	gene	SERPINI1	SERPINI1	SERPINI1	0.0	0.0	0.0								
gene:PARM1	gene	PARM1	PARM1	PARM1	0.0	0.0	0.0								
gene:ZNF143	gene	ZNF143	ZNF143	ZNF143	0.0	0.0	0.0								
gene:POR	gene	POR	POR	POR	0.0	0.0	0.0								
gene:HTR4	gene	HTR4	HTR4	HTR4	0.0	0.0	0.0								
gene:LSG1	gene	LSG1	LSG1	LSG1	0.0	0.0	0.0								
gene:TYRP1	gene	TYRP1	TYRP1	TYRP1	0.0	0.0	0.0								
gene:FAM193B	gene	FAM193B	FAM193B	FAM193B	0.0	0.0	0.0								
gene:CEP128	gene	CEP128	CEP128	CEP128	0.0	0.0	0.0								
gene:MAU2	gene	MAU2	MAU2	MAU2	0.0	0.0	0.0								
gene:MRFAP1L1	gene	MRFAP1L1	MRFAP1L1	MRFAP1L1	0.0	0.0	0.0								
gene:CHMP4B	gene	CHMP4B	CHMP4B	CHMP4B	0.0	0.0	0.0								
gene:PCM1	gene	PCM1	PCM1	PCM1	1.0	0.0	1.0								
gene:DLL1	gene	DLL1	DLL1	DLL1	1.0	1.0	1.0								
gene:ABCA6	gene	ABCA6	ABCA6	ABCA6	0.0	0.0	0.0								
gene:ARHGAP44	gene	ARHGAP44	ARHGAP44	ARHGAP44	0.0	0.0	0.0								
gene:ZNF571	gene	ZNF571	ZNF571	ZNF571	0.0	0.0	0.0								
gene:JAKMIP2	gene	JAKMIP2	JAKMIP2	JAKMIP2	0.0	0.0	0.0								
gene:SMAD9	gene	SMAD9	SMAD9	SMAD9	0.0	0.0	0.0								
gene:SOCS4	gene	SOCS4	SOCS4	SOCS4	0.0	0.0	0.0								
gene:VTA1	gene	VTA1	VTA1	VTA1	0.0	0.0	0.0								
gene:LSS	gene	LSS	LSS	LSS	0.0	0.0	0.0								
gene:POLR2D	gene	POLR2D	POLR2D	POLR2D	0.0	0.0	0.0								
gene:VOPP1	gene	VOPP1	VOPP1	VOPP1	0.0	0.0	0.0								
gene:MYADML2	gene	MYADML2	MYADML2	MYADML2	0.0	0.0	0.0								
gene:SYNGR2	gene	SYNGR2	SYNGR2	SYNGR2	0.0	0.0	0.0								
gene:PTGS2	gene	PTGS2	PTGS2	PTGS2	1.0	0.0	1.0								
gene:FBXW4	gene	FBXW4	FBXW4	FBXW4	0.0	0.0	0.0								
gene:CDH9	gene	CDH9	CDH9	CDH9	1.0	0.0	1.0								
gene:ZNF175	gene	ZNF175	ZNF175	ZNF175	0.0	0.0	0.0								
gene:HSBP1L1	gene	HSBP1L1	HSBP1L1	HSBP1L1	0.0	0.0	0.0								
gene:ADPRHL2	gene	ADPRHL2	ADPRHL2	ADPRHL2	0.0	0.0	0.0								
gene:TFPI	gene	TFPI	TFPI	TFPI	0.0	0.0	0.0								
gene:YLPM1	gene	YLPM1	YLPM1	YLPM1	0.0	0.0	0.0								
gene:IPMK	gene	IPMK	IPMK	IPMK	0.0	0.0	0.0								
gene:SLCO1C1	gene	SLCO1C1	SLCO1C1	SLCO1C1	0.0	0.0	0.0								
gene:TCTN2	gene	TCTN2	TCTN2	TCTN2	0.0	0.0	0.0								
gene:KIF7	gene	KIF7	KIF7	KIF7	0.0	0.0	0.0								
gene:GPATCH4	gene	GPATCH4	GPATCH4	GPATCH4	0.0	0.0	0.0								
gene:HAUS2	gene	HAUS2	HAUS2	HAUS2	0.0	0.0	0.0								
gene:ZNF740	gene	ZNF740	ZNF740	ZNF740	0.0	0.0	0.0								
gene:STMN4	gene	STMN4	STMN4	STMN4	0.0	0.0	0.0								
gene:SCG2	gene	SCG2	SCG2	SCG2	0.0	0.0	0.0								
gene:EXOC5	gene	EXOC5	EXOC5	EXOC5	1.0	0.0	1.0								
gene:UBE2D4	gene	UBE2D4	UBE2D4	UBE2D4	0.0	0.0	0.0								
gene:EEF1D	gene	EEF1D	EEF1D	EEF1D	0.0	0.0	0.0								
gene:CAPNS1	gene	CAPNS1	CAPNS1	CAPNS1	0.0	0.0	0.0								
gene:PPP1R1A	gene	PPP1R1A	PPP1R1A	PPP1R1A	0.0	0.0	0.0								
gene:SGCD	gene	SGCD	SGCD	SGCD	0.0	0.0	0.0								
gene:FAS	gene	FAS	FAS	FAS	0.0	0.0	0.0								
gene:SV2C	gene	SV2C	SV2C	SV2C	0.0	0.0	0.0								
gene:RORA	gene	RORA	RORA	RORA	1.0	1.0	1.0								
gene:AARS	gene	AARS	AARS	AARS	0.0	0.0	0.0								
gene:CCNT2	gene	CCNT2	CCNT2	CCNT2	0.0	0.0	0.0								
gene:RPL38	gene	RPL38	RPL38	RPL38	0.0	0.0	0.0								
gene:RGS11	gene	RGS11	RGS11	RGS11	0.0	0.0	0.0								
gene:RSU1	gene	RSU1	RSU1	RSU1	0.0	0.0	0.0								
gene:TRIM54	gene	TRIM54	TRIM54	TRIM54	0.0	0.0	0.0								
gene:IGDCC4	gene	IGDCC4	IGDCC4	IGDCC4	0.0	0.0	0.0								
gene:AGPAT2	gene	AGPAT2	AGPAT2	AGPAT2	0.0	0.0	0.0								
gene:ZNF410	gene	ZNF410	ZNF410	ZNF410	0.0	0.0	0.0								
gene:PAN3	gene	PAN3	PAN3	PAN3	0.0	0.0	0.0								
gene:PANK1	gene	PANK1	PANK1	PANK1	0.0	0.0	0.0								
gene:NACC1	gene	NACC1	NACC1	NACC1	1.0	1.0	1.0								
gene:ZNF133	gene	ZNF133	ZNF133	ZNF133	0.0	0.0	0.0								
gene:HMGB1	gene	HMGB1	HMGB1	HMGB1	0.0	0.0	0.0								
gene:NME7	gene	NME7	NME7	NME7	0.0	0.0	0.0								
gene:SASS6	gene	SASS6	SASS6	SASS6	0.0	0.0	0.0								
gene:RAB5B	gene	RAB5B	RAB5B	RAB5B	0.0	0.0	0.0								
gene:CHRM4	gene	CHRM4	CHRM4	CHRM4	0.0	0.0	0.0								
gene:SEC24B	gene	SEC24B	SEC24B	SEC24B	0.0	0.0	0.0								
gene:SEL1L3	gene	SEL1L3	SEL1L3	SEL1L3	0.0	0.0	0.0								
gene:HCLS1	gene	HCLS1	HCLS1	HCLS1	0.0	0.0	0.0								
gene:GPR21	gene	GPR21	GPR21	GPR21	0.0	0.0	0.0								
gene:PSPN	gene	PSPN	PSPN	PSPN	0.0	0.0	0.0								
gene:GOLM1	gene	GOLM1	GOLM1	GOLM1	0.0	0.0	0.0								
gene:RAP2B	gene	RAP2B	RAP2B	RAP2B	0.0	0.0	0.0								
gene:FBLN5	gene	FBLN5	FBLN5	FBLN5	0.0	0.0	0.0								
gene:SPRY2	gene	SPRY2	SPRY2	SPRY2	1.0	0.0	1.0								
gene:COL5A3	gene	COL5A3	COL5A3	COL5A3	0.0	0.0	0.0								
gene:FAM98C	gene	FAM98C	FAM98C	FAM98C	1.0	0.0	1.0								
gene:KHDRBS3	gene	KHDRBS3	KHDRBS3	KHDRBS3	0.0	0.0	0.0								
gene:GBP3	gene	GBP3	GBP3	GBP3	0.0	0.0	0.0								
gene:PGAP1	gene	PGAP1	PGAP1	PGAP1	0.0	0.0	0.0								
gene:SLC39A7	gene	SLC39A7	SLC39A7	SLC39A7	0.0	0.0	0.0								
gene:GLP2R	gene	GLP2R	GLP2R	GLP2R	0.0	0.0	0.0								
gene:ZNF7	gene	ZNF7	ZNF7	ZNF7	0.0	0.0	0.0								
gene:MANSC1	gene	MANSC1	MANSC1	MANSC1	0.0	0.0	0.0								
gene:BSCL2	gene	BSCL2	BSCL2	BSCL2	0.0	0.0	0.0								
gene:BTN3A2	gene	BTN3A2	BTN3A2	BTN3A2	0.0	0.0	0.0								
gene:SLC19A2	gene	SLC19A2	SLC19A2	SLC19A2	0.0	0.0	0.0								
gene:CNTNAP4	gene	CNTNAP4	CNTNAP4	CNTNAP4	1.0	0.0	1.0								
gene:CYB5R1	gene	CYB5R1	CYB5R1	CYB5R1	0.0	0.0	0.0								
gene:IQCE	gene	IQCE	IQCE	IQCE	0.0	0.0	0.0								
gene:RBM39	gene	RBM39	RBM39	RBM39	0.0	0.0	0.0								
gene:NLE1	gene	NLE1	NLE1	NLE1	0.0	0.0	0.0								
gene:MAPK13	gene	MAPK13	MAPK13	MAPK13	0.0	0.0	0.0								
gene:TRAPPC4	gene	TRAPPC4	TRAPPC4	TRAPPC4	0.0	0.0	0.0								
gene:TOM1L1	gene	TOM1L1	TOM1L1	TOM1L1	0.0	0.0	0.0								
gene:NEK1	gene	NEK1	NEK1	NEK1	0.0	0.0	0.0								
gene:EIF3C	gene	EIF3C	EIF3C	EIF3C	0.0	0.0	0.0								
gene:NETO1	gene	NETO1	NETO1	NETO1	0.0	0.0	0.0								
gene:NEUROD1	gene	NEUROD1	NEUROD1	NEUROD1	0.0	0.0	0.0								
gene:UBAP2L	gene	UBAP2L	UBAP2L	UBAP2L	1.0	1.0	1.0								
gene:NOL3	gene	NOL3	NOL3	NOL3	0.0	0.0	0.0								
gene:SLC9A3R1	gene	SLC9A3R1	SLC9A3R1	SLC9A3R1	0.0	0.0	0.0								
gene:DOC2A	gene	DOC2A	DOC2A	DOC2A	0.0	0.0	0.0								
gene:TINAGL1	gene	TINAGL1	TINAGL1	TINAGL1	0.0	0.0	0.0								
gene:SRRT	gene	SRRT	SRRT	SRRT	0.0	0.0	0.0								
gene:HLA-A	gene	HLA-A	HLA-A	HLA-A	1.0	0.0	1.0								
gene:KCNS2	gene	KCNS2	KCNS2	KCNS2	0.0	0.0	0.0								
gene:KLF12	gene	KLF12	KLF12	KLF12	0.0	0.0	0.0								
gene:TTYH1	gene	TTYH1	TTYH1	TTYH1	0.0	0.0	0.0								
gene:STAMBPL1	gene	STAMBPL1	STAMBPL1	STAMBPL1	0.0	0.0	0.0								
gene:PDE4A	gene	PDE4A	PDE4A	PDE4A	0.0	0.0	0.0								
gene:FYTTD1	gene	FYTTD1	FYTTD1	FYTTD1	0.0	0.0	0.0								
gene:TNFSF13B	gene	TNFSF13B	TNFSF13B	TNFSF13B	0.0	0.0	0.0								
gene:MOCS2	gene	MOCS2	MOCS2	MOCS2	0.0	0.0	0.0								
gene:ANO8	gene	ANO8	ANO8	ANO8	0.0	0.0	0.0								
gene:CEP57L1	gene	CEP57L1	CEP57L1	CEP57L1	0.0	0.0	0.0								
gene:MIA	gene	MIA	MIA	MIA	0.0	0.0	0.0								
gene:UROD	gene	UROD	UROD	UROD	0.0	0.0	0.0								
gene:JUNB	gene	JUNB	JUNB	JUNB	0.0	0.0	0.0								
gene:EFEMP1	gene	EFEMP1	EFEMP1	EFEMP1	0.0	0.0	0.0								
gene:MCM9	gene	MCM9	MCM9	MCM9	0.0	0.0	0.0								
gene:ZNF552	gene	ZNF552	ZNF552	ZNF552	0.0	0.0	0.0								
gene:TIMP3	gene	TIMP3	TIMP3	TIMP3	0.0	0.0	0.0								
gene:RLBP1	gene	RLBP1	RLBP1	RLBP1	0.0	0.0	0.0								
gene:PARP11	gene	PARP11	PARP11	PARP11	0.0	0.0	0.0								
gene:TRIO	gene	TRIO	TRIO	TRIO	1.0	1.0	1.0								
gene:BCLAF1	gene	BCLAF1	BCLAF1	BCLAF1	0.0	0.0	0.0								
gene:DNAJC27	gene	DNAJC27	DNAJC27	DNAJC27	0.0	0.0	0.0								
gene:CHD1L	gene	CHD1L	CHD1L	CHD1L	0.0	0.0	0.0								
gene:MCM3AP-AS1	gene	MCM3AP-AS1	MCM3AP-AS1	MCM3AP-AS1	0.0	0.0	0.0								
gene:NPC1	gene	NPC1	NPC1	NPC1	0.0	0.0	0.0								
gene:ITPK1	gene	ITPK1	ITPK1	ITPK1	0.0	0.0	0.0								
gene:CEP72	gene	CEP72	CEP72	CEP72	0.0	0.0	0.0								
gene:KCNK3	gene	KCNK3	KCNK3	KCNK3	0.0	0.0	0.0								
gene:PROSER1	gene	PROSER1	PROSER1	PROSER1	0.0	0.0	0.0								
gene:MREG	gene	MREG	MREG	MREG	0.0	0.0	0.0								
gene:JMJD8	gene	JMJD8	JMJD8	JMJD8	0.0	0.0	0.0								
gene:CRY2	gene	CRY2	CRY2	CRY2	0.0	0.0	0.0								
gene:AHDC1	gene	AHDC1	AHDC1	AHDC1	1.0	1.0	1.0								
gene:TMCC1	gene	TMCC1	TMCC1	TMCC1	0.0	0.0	0.0								
gene:RYR1	gene	RYR1	RYR1	RYR1	0.0	0.0	0.0								
gene:ANGPTL2	gene	ANGPTL2	ANGPTL2	ANGPTL2	0.0	0.0	0.0								
gene:NMT1	gene	NMT1	NMT1	NMT1	1.0	0.0	0.0								
gene:TOPBP1	gene	TOPBP1	TOPBP1	TOPBP1	0.0	0.0	0.0								
gene:PTPDC1	gene	PTPDC1	PTPDC1	PTPDC1	0.0	0.0	0.0								
gene:MEN1	gene	MEN1	MEN1	MEN1	0.0	0.0	0.0								
gene:VWA5A	gene	VWA5A	VWA5A	VWA5A	0.0	0.0	0.0								
gene:CEP44	gene	CEP44	CEP44	CEP44	0.0	0.0	0.0								
gene:CDON	gene	CDON	CDON	CDON	1.0	0.0	0.0								
gene:NPTN	gene	NPTN	NPTN	NPTN	1.0	0.0	0.0								
gene:PHF20L1	gene	PHF20L1	PHF20L1	PHF20L1	0.0	0.0	0.0								
gene:ACTN1	gene	ACTN1	ACTN1	ACTN1	0.0	0.0	0.0								
gene:EBF4	gene	EBF4	EBF4	EBF4	0.0	0.0	0.0								
gene:TRIM58	gene	TRIM58	TRIM58	TRIM58	0.0	0.0	0.0								
gene:ZSCAN30	gene	ZSCAN30	ZSCAN30	ZSCAN30	0.0	0.0	0.0								
gene:MSL1	gene	MSL1	MSL1	MSL1	0.0	0.0	0.0								
gene:RAD1	gene	RAD1	RAD1	RAD1	0.0	0.0	0.0								
gene:AQP1	gene	AQP1	AQP1	AQP1	0.0	0.0	0.0								
gene:GPR162	gene	GPR162	GPR162	GPR162	0.0	0.0	0.0								
gene:DYRK4	gene	DYRK4	DYRK4	DYRK4	0.0	0.0	0.0								
gene:KCNH4	gene	KCNH4	KCNH4	KCNH4	0.0	0.0	0.0								
gene:TUSC2	gene	TUSC2	TUSC2	TUSC2	0.0	0.0	0.0								
gene:TADA2B	gene	TADA2B	TADA2B	TADA2B	0.0	0.0	0.0								
gene:SLC46A1	gene	SLC46A1	SLC46A1	SLC46A1	0.0	0.0	0.0								
gene:DNAJC5G	gene	DNAJC5G	DNAJC5G	DNAJC5G	0.0	0.0	0.0								
gene:TRPV6	gene	TRPV6	TRPV6	TRPV6	0.0	0.0	0.0								
gene:THSD7A	gene	THSD7A	THSD7A	THSD7A	0.0	0.0	0.0								
gene:TANC1	gene	TANC1	TANC1	TANC1	0.0	0.0	0.0								
gene:RPL23A	gene	RPL23A	RPL23A	RPL23A	0.0	0.0	0.0								
gene:MARCH11	gene	MARCH11	MARCH11	MARCH11	0.0	0.0	0.0								
gene:ODF2	gene	ODF2	ODF2	ODF2	0.0	0.0	0.0								
gene:CYP4V2	gene	CYP4V2	CYP4V2	CYP4V2	0.0	0.0	0.0								
gene:CACNB4	gene	CACNB4	CACNB4	CACNB4	0.0	0.0	0.0								
gene:ATF5	gene	ATF5	ATF5	ATF5	0.0	0.0	0.0								
gene:EIF2A	gene	EIF2A	EIF2A	EIF2A	0.0	0.0	0.0								
gene:ABHD14B	gene	ABHD14B	ABHD14B	ABHD14B	0.0	0.0	0.0								
gene:KIF2A	gene	KIF2A	KIF2A	KIF2A	0.0	0.0	0.0								
gene:ACTR1A	gene	ACTR1A	ACTR1A	ACTR1A	0.0	0.0	0.0								
gene:ALDH1A3	gene	ALDH1A3	ALDH1A3	ALDH1A3	1.0	1.0	1.0								
gene:LSM14A	gene	LSM14A	LSM14A	LSM14A	0.0	0.0	0.0								
gene:LNPEP	gene	LNPEP	LNPEP	LNPEP	0.0	0.0	0.0								
gene:CDKN1B	gene	CDKN1B	CDKN1B	CDKN1B	0.0	0.0	0.0								
gene:PSPC1	gene	PSPC1	PSPC1	PSPC1	0.0	0.0	0.0								
gene:NUCB1	gene	NUCB1	NUCB1	NUCB1	0.0	0.0	0.0								
gene:CCDC3	gene	CCDC3	CCDC3	CCDC3	0.0	0.0	0.0								
gene:MEF2D	gene	MEF2D	MEF2D	MEF2D	0.0	0.0	0.0								
gene:MEG8	gene	MEG8	MEG8	MEG8	0.0	0.0	0.0								
gene:EPHB3	gene	EPHB3	EPHB3	EPHB3	0.0	0.0	0.0								
gene:CPSF6	gene	CPSF6	CPSF6	CPSF6	0.0	0.0	0.0								
gene:LGALS3BP	gene	LGALS3BP	LGALS3BP	LGALS3BP	0.0	0.0	0.0								
gene:IRGQ	gene	IRGQ	IRGQ	IRGQ	0.0	0.0	0.0								
gene:AC067956.1	gene	AC067956.1	AC067956.1	AC067956.1	0.0	0.0	0.0								
gene:P2RX5	gene	P2RX5	P2RX5	P2RX5	1.0	0.0	1.0								
gene:RPS9	gene	RPS9	RPS9	RPS9	0.0	0.0	0.0								
gene:ZNF500	gene	ZNF500	ZNF500	ZNF500	0.0	0.0	0.0								
gene:SRSF7	gene	SRSF7	SRSF7	SRSF7	0.0	0.0	0.0								
gene:RIC3	gene	RIC3	RIC3	RIC3	0.0	0.0	0.0								
gene:ELMOD2	gene	ELMOD2	ELMOD2	ELMOD2	0.0	0.0	0.0								
gene:SLC15A2	gene	SLC15A2	SLC15A2	SLC15A2	0.0	0.0	0.0								
gene:UTP15	gene	UTP15	UTP15	UTP15	0.0	0.0	0.0								
gene:TLE4	gene	TLE4	TLE4	TLE4	0.0	0.0	0.0								
gene:ZNF567	gene	ZNF567	ZNF567	ZNF567	0.0	0.0	0.0								
gene:STX6	gene	STX6	STX6	STX6	0.0	0.0	0.0								
gene:ARPP21-AS1	gene	ARPP21-AS1	ARPP21-AS1	ARPP21-AS1	0.0	0.0	0.0								
gene:NAP1L5	gene	NAP1L5	NAP1L5	NAP1L5	0.0	0.0	0.0								
gene:ADPRHL1	gene	ADPRHL1	ADPRHL1	ADPRHL1	0.0	0.0	0.0								
gene:NINJ1	gene	NINJ1	NINJ1	NINJ1	0.0	0.0	0.0								
gene:GNL3	gene	GNL3	GNL3	GNL3	0.0	0.0	0.0								
gene:DNTTIP2	gene	DNTTIP2	DNTTIP2	DNTTIP2	0.0	0.0	0.0								
gene:PDXP	gene	PDXP	PDXP	PDXP	0.0	0.0	0.0								
gene:USP24	gene	USP24	USP24	USP24	1.0	0.0	0.0								
gene:ADD2	gene	ADD2	ADD2	ADD2	0.0	0.0	0.0								
gene:NLRP3	gene	NLRP3	NLRP3	NLRP3	0.0	0.0	0.0								
gene:WNT7A	gene	WNT7A	WNT7A	WNT7A	0.0	0.0	0.0								
gene:CTBS	gene	CTBS	CTBS	CTBS	0.0	0.0	0.0								
gene:RAB11B	gene	RAB11B	RAB11B	RAB11B	0.0	0.0	0.0								
gene:PHACTR2	gene	PHACTR2	PHACTR2	PHACTR2	0.0	0.0	0.0								
gene:ZNF654	gene	ZNF654	ZNF654	ZNF654	0.0	0.0	0.0								
gene:WIPI1	gene	WIPI1	WIPI1	WIPI1	0.0	0.0	0.0								
gene:PRKAR2B	gene	PRKAR2B	PRKAR2B	PRKAR2B	0.0	0.0	0.0								
gene:CSTF1	gene	CSTF1	CSTF1	CSTF1	0.0	0.0	0.0								
gene:LUC7L2	gene	LUC7L2	LUC7L2	LUC7L2	0.0	0.0	0.0								
gene:DICER1	gene	DICER1	DICER1	DICER1	0.0	0.0	0.0								
gene:SLC1A3	gene	SLC1A3	SLC1A3	SLC1A3	0.0	0.0	0.0								
gene:CA14	gene	CA14	CA14	CA14	0.0	0.0	0.0								
gene:PTGS1	gene	PTGS1	PTGS1	PTGS1	0.0	0.0	0.0								
gene:WDYHV1	gene	WDYHV1	WDYHV1	WDYHV1	0.0	0.0	0.0								
gene:KIF13B	gene	KIF13B	KIF13B	KIF13B	1.0	0.0	1.0								
gene:RPS19BP1	gene	RPS19BP1	RPS19BP1	RPS19BP1	0.0	0.0	0.0								
gene:DHX8	gene	DHX8	DHX8	DHX8	0.0	0.0	0.0								
gene:CAMK2B	gene	CAMK2B	CAMK2B	CAMK2B	1.0	1.0	1.0								
gene:RAB27B	gene	RAB27B	RAB27B	RAB27B	0.0	0.0	0.0								
gene:CDS1	gene	CDS1	CDS1	CDS1	0.0	0.0	0.0								
gene:ITGA7	gene	ITGA7	ITGA7	ITGA7	0.0	0.0	0.0								
gene:APOL1	gene	APOL1	APOL1	APOL1	0.0	0.0	0.0								
gene:PLEKHF1	gene	PLEKHF1	PLEKHF1	PLEKHF1	0.0	0.0	0.0								
gene:NOS1	gene	NOS1	NOS1	NOS1	0.0	0.0	0.0								
gene:TLK1	gene	TLK1	TLK1	TLK1	0.0	0.0	0.0								
gene:TBC1D16	gene	TBC1D16	TBC1D16	TBC1D16	0.0	0.0	0.0								
gene:MGST2	gene	MGST2	MGST2	MGST2	0.0	0.0	0.0								
gene:COMMD3	gene	COMMD3	COMMD3	COMMD3	0.0	0.0	0.0								
gene:GTF3C5	gene	GTF3C5	GTF3C5	GTF3C5	0.0	0.0	0.0								
gene:INO80D	gene	INO80D	INO80D	INO80D	0.0	0.0	0.0								
gene:MATN2	gene	MATN2	MATN2	MATN2	0.0	0.0	0.0								
gene:POU2F2	gene	POU2F2	POU2F2	POU2F2	0.0	0.0	0.0								
gene:IQCG	gene	IQCG	IQCG	IQCG	0.0	0.0	0.0								
gene:NBEA	gene	NBEA	NBEA	NBEA	1.0	1.0	1.0								
gene:CCDC82	gene	CCDC82	CCDC82	CCDC82	0.0	0.0	0.0								
gene:ZSCAN20	gene	ZSCAN20	ZSCAN20	ZSCAN20	0.0	0.0	0.0								
gene:ASB7	gene	ASB7	ASB7	ASB7	0.0	0.0	0.0								
gene:MAML1	gene	MAML1	MAML1	MAML1	0.0	0.0	0.0								
gene:RFTN2	gene	RFTN2	RFTN2	RFTN2	0.0	0.0	0.0								
gene:GPR17	gene	GPR17	GPR17	GPR17	0.0	0.0	0.0								
gene:WDFY3-AS2	gene	WDFY3-AS2	WDFY3-AS2	WDFY3-AS2	0.0	0.0	0.0								
gene:CCNG1	gene	CCNG1	CCNG1	CCNG1	1.0	0.0	1.0								
gene:NFYC	gene	NFYC	NFYC	NFYC	0.0	0.0	0.0								
gene:WDR75	gene	WDR75	WDR75	WDR75	0.0	0.0	0.0								
gene:SLC9A8	gene	SLC9A8	SLC9A8	SLC9A8	0.0	0.0	0.0								
gene:NSF	gene	NSF	NSF	NSF	0.0	0.0	0.0								
gene:ASNSD1	gene	ASNSD1	ASNSD1	ASNSD1	0.0	0.0	0.0								
gene:SPATS2	gene	SPATS2	SPATS2	SPATS2	0.0	0.0	0.0								
gene:BCAN	gene	BCAN	BCAN	BCAN	0.0	0.0	0.0								
gene:GAL3ST1	gene	GAL3ST1	GAL3ST1	GAL3ST1	0.0	0.0	0.0								
gene:RFC2	gene	RFC2	RFC2	RFC2	0.0	0.0	0.0								
gene:COMMD6	gene	COMMD6	COMMD6	COMMD6	0.0	0.0	0.0								
gene:ATAD5	gene	ATAD5	ATAD5	ATAD5	0.0	0.0	0.0								
gene:ARRDC4	gene	ARRDC4	ARRDC4	ARRDC4	0.0	0.0	0.0								
gene:CDK13	gene	CDK13	CDK13	CDK13	1.0	1.0	1.0								
gene:ABCA5	gene	ABCA5	ABCA5	ABCA5	0.0	0.0	0.0								
gene:CGREF1	gene	CGREF1	CGREF1	CGREF1	0.0	0.0	0.0								
gene:STUB1	gene	STUB1	STUB1	STUB1	0.0	0.0	0.0								
gene:CHTF18	gene	CHTF18	CHTF18	CHTF18	0.0	0.0	0.0								
gene:NSA2	gene	NSA2	NSA2	NSA2	0.0	0.0	0.0								
gene:RAB2B	gene	RAB2B	RAB2B	RAB2B	0.0	0.0	0.0								
gene:COG4	gene	COG4	COG4	COG4	0.0	0.0	0.0								
gene:KCNJ3	gene	KCNJ3	KCNJ3	KCNJ3	0.0	0.0	0.0								
gene:ZNF266	gene	ZNF266	ZNF266	ZNF266	0.0	0.0	0.0								
gene:PLAA	gene	PLAA	PLAA	PLAA	1.0	0.0	0.0								
gene:PGAM1	gene	PGAM1	PGAM1	PGAM1	0.0	0.0	0.0								
gene:CC2D2A	gene	CC2D2A	CC2D2A	CC2D2A	0.0	0.0	0.0								
gene:ZC3H3	gene	ZC3H3	ZC3H3	ZC3H3	0.0	0.0	0.0								
gene:RPRD2	gene	RPRD2	RPRD2	RPRD2	0.0	0.0	0.0								
gene:SCHIP1	gene	SCHIP1	SCHIP1	SCHIP1	0.0	0.0	0.0								
gene:GPNMB	gene	GPNMB	GPNMB	GPNMB	0.0	0.0	0.0								
gene:UBE2G1	gene	UBE2G1	UBE2G1	UBE2G1	0.0	0.0	0.0								
gene:LCNL1	gene	LCNL1	LCNL1	LCNL1	0.0	0.0	0.0								
gene:PERP	gene	PERP	PERP	PERP	0.0	0.0	0.0								
gene:SEC31B	gene	SEC31B	SEC31B	SEC31B	0.0	0.0	0.0								
gene:SSH3	gene	SSH3	SSH3	SSH3	0.0	0.0	0.0								
gene:BPTF	gene	BPTF	BPTF	BPTF	0.0	0.0	0.0								
gene:THAP1	gene	THAP1	THAP1	THAP1	0.0	0.0	0.0								
gene:RPL15	gene	RPL15	RPL15	RPL15	0.0	0.0	0.0								
gene:STMN2	gene	STMN2	STMN2	STMN2	0.0	0.0	0.0								
gene:RNF152	gene	RNF152	RNF152	RNF152	0.0	0.0	0.0								
gene:TMEM140	gene	TMEM140	TMEM140	TMEM140	0.0	0.0	0.0								
gene:STX5	gene	STX5	STX5	STX5	0.0	0.0	0.0								
gene:TUBB2A	gene	TUBB2A	TUBB2A	TUBB2A	0.0	0.0	0.0								
gene:TSC2	gene	TSC2	TSC2	TSC2	1.0	1.0	1.0								
gene:COL10A1	gene	COL10A1	COL10A1	COL10A1	0.0	0.0	0.0								
gene:SLC25A17	gene	SLC25A17	SLC25A17	SLC25A17	0.0	0.0	0.0								
gene:CANT1	gene	CANT1	CANT1	CANT1	0.0	0.0	0.0								
gene:GAB2	gene	GAB2	GAB2	GAB2	0.0	0.0	0.0								
gene:TANK	gene	TANK	TANK	TANK	0.0	0.0	0.0								
gene:FBXO33	gene	FBXO33	FBXO33	FBXO33	1.0	0.0	1.0								
gene:CERCAM	gene	CERCAM	CERCAM	CERCAM	0.0	0.0	0.0								
gene:STK19	gene	STK19	STK19	STK19	0.0	0.0	0.0								
gene:SORD	gene	SORD	SORD	SORD	0.0	0.0	0.0								
gene:RPS25	gene	RPS25	RPS25	RPS25	0.0	0.0	0.0								
gene:PHRF1	gene	PHRF1	PHRF1	PHRF1	1.0	0.0	1.0								
gene:PRRC2B	gene	PRRC2B	PRRC2B	PRRC2B	0.0	0.0	0.0								
gene:PICALM	gene	PICALM	PICALM	PICALM	0.0	0.0	0.0								
gene:ADAM21	gene	ADAM21	ADAM21	ADAM21	0.0	0.0	0.0								
gene:ARF3	gene	ARF3	ARF3	ARF3	1.0	1.0	1.0								
gene:SLC7A14	gene	SLC7A14	SLC7A14	SLC7A14	0.0	0.0	0.0								
gene:BASP1	gene	BASP1	BASP1	BASP1	0.0	0.0	0.0								
gene:PIP4K2C	gene	PIP4K2C	PIP4K2C	PIP4K2C	0.0	0.0	0.0								
gene:NFX1	gene	NFX1	NFX1	NFX1	0.0	0.0	0.0								
gene:PPRC1	gene	PPRC1	PPRC1	PPRC1	0.0	0.0	0.0								
gene:SREBF2	gene	SREBF2	SREBF2	SREBF2	0.0	0.0	0.0								
gene:MTMR4	gene	MTMR4	MTMR4	MTMR4	0.0	0.0	0.0								
gene:TBCD	gene	TBCD	TBCD	TBCD	0.0	0.0	0.0								
gene:CYLD	gene	CYLD	CYLD	CYLD	0.0	0.0	0.0								
gene:MAP4	gene	MAP4	MAP4	MAP4	0.0	0.0	0.0								
gene:METTL2A	gene	METTL2A	METTL2A	METTL2A	0.0	0.0	0.0								
gene:IL1RAP	gene	IL1RAP	IL1RAP	IL1RAP	0.0	0.0	0.0								
gene:TMCO4	gene	TMCO4	TMCO4	TMCO4	0.0	0.0	0.0								
gene:CWC25	gene	CWC25	CWC25	CWC25	0.0	0.0	0.0								
gene:DIS3L2	gene	DIS3L2	DIS3L2	DIS3L2	0.0	0.0	0.0								
gene:DNMT1	gene	DNMT1	DNMT1	DNMT1	0.0	0.0	0.0								
gene:ZBTB22	gene	ZBTB22	ZBTB22	ZBTB22	0.0	0.0	0.0								
gene:WDR19	gene	WDR19	WDR19	WDR19	0.0	0.0	0.0								
gene:HSD17B7	gene	HSD17B7	HSD17B7	HSD17B7	0.0	0.0	0.0								
gene:USPL1	gene	USPL1	USPL1	USPL1	0.0	0.0	0.0								
gene:UBE2E3	gene	UBE2E3	UBE2E3	UBE2E3	0.0	0.0	0.0								
gene:TIAL1	gene	TIAL1	TIAL1	TIAL1	0.0	0.0	0.0								
gene:ZNF573	gene	ZNF573	ZNF573	ZNF573	0.0	0.0	0.0								
gene:ANKMY2	gene	ANKMY2	ANKMY2	ANKMY2	0.0	0.0	0.0								
gene:ARSK	gene	ARSK	ARSK	ARSK	0.0	0.0	0.0								
gene:DNAJC21	gene	DNAJC21	DNAJC21	DNAJC21	0.0	0.0	0.0								
gene:UBE2D1	gene	UBE2D1	UBE2D1	UBE2D1	0.0	0.0	0.0								
gene:MAL2	gene	MAL2	MAL2	MAL2	0.0	0.0	0.0								
gene:SIDT2	gene	SIDT2	SIDT2	SIDT2	0.0	0.0	0.0								
gene:DTNB	gene	DTNB	DTNB	DTNB	0.0	0.0	0.0								
gene:RCOR3	gene	RCOR3	RCOR3	RCOR3	0.0	0.0	0.0								
gene:PPP2R5A	gene	PPP2R5A	PPP2R5A	PPP2R5A	0.0	0.0	0.0								
gene:XKR8	gene	XKR8	XKR8	XKR8	0.0	0.0	0.0								
gene:STRBP	gene	STRBP	STRBP	STRBP	0.0	0.0	0.0								
gene:ZFPM2	gene	ZFPM2	ZFPM2	ZFPM2	0.0	0.0	0.0								
gene:TKT	gene	TKT	TKT	TKT	0.0	0.0	0.0								
gene:WHAMM	gene	WHAMM	WHAMM	WHAMM	0.0	0.0	0.0								
gene:CDK5R1	gene	CDK5R1	CDK5R1	CDK5R1	0.0	0.0	0.0								
gene:EFCAB7	gene	EFCAB7	EFCAB7	EFCAB7	0.0	0.0	0.0								
gene:ATP6V1G2	gene	ATP6V1G2	ATP6V1G2	ATP6V1G2	0.0	0.0	0.0								
gene:PDLIM2	gene	PDLIM2	PDLIM2	PDLIM2	0.0	0.0	0.0								
gene:ZNF329	gene	ZNF329	ZNF329	ZNF329	0.0	0.0	0.0								
gene:LRP11	gene	LRP11	LRP11	LRP11	0.0	0.0	0.0								
gene:FRG1	gene	FRG1	FRG1	FRG1	1.0	0.0	1.0								
gene:MERTK	gene	MERTK	MERTK	MERTK	0.0	0.0	0.0								
gene:APC2	gene	APC2	APC2	APC2	0.0	0.0	0.0								
gene:PIP5K1A	gene	PIP5K1A	PIP5K1A	PIP5K1A	0.0	0.0	0.0								
gene:TTC1	gene	TTC1	TTC1	TTC1	0.0	0.0	0.0								
gene:B3GNT9	gene	B3GNT9	B3GNT9	B3GNT9	0.0	0.0	0.0								
gene:CBFA2T3	gene	CBFA2T3	CBFA2T3	CBFA2T3	0.0	0.0	0.0								
gene:GSG1L	gene	GSG1L	GSG1L	GSG1L	0.0	0.0	0.0								
gene:PRKAR1B	gene	PRKAR1B	PRKAR1B	PRKAR1B	1.0	0.0	1.0								
gene:ADAMTS1	gene	ADAMTS1	ADAMTS1	ADAMTS1	0.0	0.0	0.0								
gene:PLXNA1	gene	PLXNA1	PLXNA1	PLXNA1	0.0	0.0	0.0								
gene:NAT10	gene	NAT10	NAT10	NAT10	0.0	0.0	0.0								
gene:DDX18	gene	DDX18	DDX18	DDX18	0.0	0.0	0.0								
gene:LRP4	gene	LRP4	LRP4	LRP4	0.0	0.0	0.0								
gene:TNS3	gene	TNS3	TNS3	TNS3	0.0	0.0	0.0								
gene:CCT4	gene	CCT4	CCT4	CCT4	1.0	0.0	1.0								
gene:TMEM39B	gene	TMEM39B	TMEM39B	TMEM39B	1.0	0.0	1.0								
gene:CCT5	gene	CCT5	CCT5	CCT5	0.0	0.0	0.0								
gene:SLC22A15	gene	SLC22A15	SLC22A15	SLC22A15	1.0	0.0	1.0								
gene:ATP6V0A2	gene	ATP6V0A2	ATP6V0A2	ATP6V0A2	1.0	0.0	1.0								
gene:NECAB1	gene	NECAB1	NECAB1	NECAB1	0.0	0.0	0.0								
gene:BAIAP2L2	gene	BAIAP2L2	BAIAP2L2	BAIAP2L2	0.0	0.0	0.0								
gene:CABYR	gene	CABYR	CABYR	CABYR	0.0	0.0	0.0								
gene:NCOA7	gene	NCOA7	NCOA7	NCOA7	0.0	0.0	0.0								
gene:UBQLN4	gene	UBQLN4	UBQLN4	UBQLN4	0.0	0.0	0.0								
gene:CALY	gene	CALY	CALY	CALY	0.0	0.0	0.0								
gene:APOL6	gene	APOL6	APOL6	APOL6	0.0	0.0	0.0								
gene:SLC7A4	gene	SLC7A4	SLC7A4	SLC7A4	0.0	0.0	0.0								
gene:BANP	gene	BANP	BANP	BANP	0.0	0.0	0.0								
gene:HIST1H2BD	gene	HIST1H2BD	HIST1H2BD	HIST1H2BD	0.0	0.0	0.0								
gene:PIK3R3	gene	PIK3R3	PIK3R3	PIK3R3	0.0	0.0	0.0								
gene:TARDBP	gene	TARDBP	TARDBP	TARDBP	0.0	0.0	0.0								
gene:PHF5A	gene	PHF5A	PHF5A	PHF5A	0.0	0.0	0.0								
gene:IL17RA	gene	IL17RA	IL17RA	IL17RA	0.0	0.0	0.0								
gene:SPOP	gene	SPOP	SPOP	SPOP	0.0	0.0	0.0								
gene:VWC2L	gene	VWC2L	VWC2L	VWC2L	0.0	0.0	0.0								
gene:CBFA2T2	gene	CBFA2T2	CBFA2T2	CBFA2T2	0.0	0.0	0.0								
gene:SHANK1	gene	SHANK1	SHANK1	SHANK1	1.0	0.0	1.0								
gene:MYO16	gene	MYO16	MYO16	MYO16	1.0	0.0	1.0								
gene:PHLDA3	gene	PHLDA3	PHLDA3	PHLDA3	0.0	0.0	0.0								
gene:SRI	gene	SRI	SRI	SRI	0.0	0.0	0.0								
gene:STYK1	gene	STYK1	STYK1	STYK1	1.0	0.0	1.0								
gene:PTPN12	gene	PTPN12	PTPN12	PTPN12	0.0	0.0	0.0								
gene:MANEAL	gene	MANEAL	MANEAL	MANEAL	0.0	0.0	0.0								
gene:EPHA5	gene	EPHA5	EPHA5	EPHA5	0.0	0.0	0.0								
gene:GAL3ST4	gene	GAL3ST4	GAL3ST4	GAL3ST4	0.0	0.0	0.0								
gene:PHC2	gene	PHC2	PHC2	PHC2	0.0	0.0	0.0								
gene:VPS13A	gene	VPS13A	VPS13A	VPS13A	0.0	0.0	0.0								
gene:SDS	gene	SDS	SDS	SDS	0.0	0.0	0.0								
gene:LRRC45	gene	LRRC45	LRRC45	LRRC45	0.0	0.0	0.0								
gene:NEURL1B	gene	NEURL1B	NEURL1B	NEURL1B	0.0	0.0	0.0								
gene:ZNF784	gene	ZNF784	ZNF784	ZNF784	0.0	0.0	0.0								
gene:VLDLR	gene	VLDLR	VLDLR	VLDLR	0.0	0.0	0.0								
gene:PSMB7	gene	PSMB7	PSMB7	PSMB7	0.0	0.0	0.0								
gene:MEG3	gene	MEG3	MEG3	MEG3	0.0	0.0	0.0								
gene:RASSF1	gene	RASSF1	RASSF1	RASSF1	0.0	0.0	0.0								
gene:RALBP1	gene	RALBP1	RALBP1	RALBP1	0.0	0.0	0.0								
gene:BRF1	gene	BRF1	BRF1	BRF1	0.0	0.0	0.0								
gene:FGFR3	gene	FGFR3	FGFR3	FGFR3	0.0	0.0	0.0								
gene:CBWD2	gene	CBWD2	CBWD2	CBWD2	0.0	0.0	0.0								
gene:TNFAIP8L1	gene	TNFAIP8L1	TNFAIP8L1	TNFAIP8L1	0.0	0.0	0.0								
gene:ECM1	gene	ECM1	ECM1	ECM1	0.0	0.0	0.0								
gene:SLC2A13	gene	SLC2A13	SLC2A13	SLC2A13	0.0	0.0	0.0								
gene:FAM201A	gene	FAM201A	FAM201A	FAM201A	0.0	0.0	0.0								
gene:GTF2I	gene	GTF2I	GTF2I	GTF2I	1.0	0.0	1.0								
gene:SMYD2	gene	SMYD2	SMYD2	SMYD2	0.0	0.0	0.0								
gene:TMEM109	gene	TMEM109	TMEM109	TMEM109	0.0	0.0	0.0								
gene:ESYT1	gene	ESYT1	ESYT1	ESYT1	0.0	0.0	0.0								
gene:C5ORF56	gene	C5ORF56	C5orf56	C5ORF56	0.0	0.0	0.0								
gene:DCAF16	gene	DCAF16	DCAF16	DCAF16	0.0	0.0	0.0								
gene:PRADC1	gene	PRADC1	PRADC1	PRADC1	0.0	0.0	0.0								
gene:ATG9A	gene	ATG9A	ATG9A	ATG9A	0.0	0.0	0.0								
gene:ARL13B	gene	ARL13B	ARL13B	ARL13B	0.0	0.0	0.0								
gene:GTF2F1	gene	GTF2F1	GTF2F1	GTF2F1	0.0	0.0	0.0								
gene:NEFL	gene	NEFL	NEFL	NEFL	0.0	0.0	0.0								
gene:RAMP3	gene	RAMP3	RAMP3	RAMP3	0.0	0.0	0.0								
gene:TPP2	gene	TPP2	TPP2	TPP2	0.0	0.0	0.0								
gene:PI4K2A	gene	PI4K2A	PI4K2A	PI4K2A	0.0	0.0	0.0								
gene:PDCD2	gene	PDCD2	PDCD2	PDCD2	0.0	0.0	0.0								
gene:RILPL1	gene	RILPL1	RILPL1	RILPL1	0.0	0.0	0.0								
gene:TOP3B	gene	TOP3B	TOP3B	TOP3B	1.0	0.0	1.0								
gene:TGM2	gene	TGM2	TGM2	TGM2	0.0	0.0	0.0								
gene:TP53	gene	TP53	TP53	TP53	0.0	0.0	0.0								
gene:PKIB	gene	PKIB	PKIB	PKIB	0.0	0.0	0.0								
gene:SYT11	gene	SYT11	SYT11	SYT11	0.0	0.0	0.0								
gene:IFI35	gene	IFI35	IFI35	IFI35	0.0	0.0	0.0								
gene:LINC00205	gene	LINC00205	LINC00205	LINC00205	0.0	0.0	0.0								
gene:KLHL3	gene	KLHL3	KLHL3	KLHL3	0.0	0.0	0.0								
gene:C22ORF23	gene	C22ORF23	C22orf23	C22ORF23	0.0	0.0	0.0								
gene:LYPLA2	gene	LYPLA2	LYPLA2	LYPLA2	0.0	0.0	0.0								
gene:LEPROTL1	gene	LEPROTL1	LEPROTL1	LEPROTL1	0.0	0.0	0.0								
gene:LAMP1	gene	LAMP1	LAMP1	LAMP1	0.0	0.0	0.0								
gene:INTS8	gene	INTS8	INTS8	INTS8	0.0	0.0	0.0								
gene:ZNF891	gene	ZNF891	ZNF891	ZNF891	0.0	0.0	0.0								
gene:MEGF6	gene	MEGF6	MEGF6	MEGF6	0.0	0.0	0.0								
gene:AMZ1	gene	AMZ1	AMZ1	AMZ1	0.0	0.0	0.0								
gene:RBFOX3	gene	RBFOX3	RBFOX3	RBFOX3	0.0	0.0	0.0								
gene:SPATS2L	gene	SPATS2L	SPATS2L	SPATS2L	0.0	0.0	0.0								
gene:CD164	gene	CD164	CD164	CD164	0.0	0.0	0.0								
gene:HINFP	gene	HINFP	HINFP	HINFP	0.0	0.0	0.0								
gene:SGCB	gene	SGCB	SGCB	SGCB	0.0	0.0	0.0								
gene:KIAA1755	gene	KIAA1755	KIAA1755	KIAA1755	0.0	0.0	0.0								
gene:VCP	gene	VCP	VCP	VCP	1.0	0.0	0.0								
gene:EPM2AIP1	gene	EPM2AIP1	EPM2AIP1	EPM2AIP1	0.0	0.0	0.0								
gene:BRD8	gene	BRD8	BRD8	BRD8	0.0	0.0	0.0								
gene:SLC9A3R2	gene	SLC9A3R2	SLC9A3R2	SLC9A3R2	0.0	0.0	0.0								
gene:WNT10B	gene	WNT10B	WNT10B	WNT10B	0.0	0.0	0.0								
gene:ACBD7	gene	ACBD7	ACBD7	ACBD7	0.0	0.0	0.0								
gene:BAG2	gene	BAG2	BAG2	BAG2	0.0	0.0	0.0								
gene:PDZD7	gene	PDZD7	PDZD7	PDZD7	0.0	0.0	0.0								
gene:LRCH3	gene	LRCH3	LRCH3	LRCH3	0.0	0.0	0.0								
gene:ALG10B	gene	ALG10B	ALG10B	ALG10B	0.0	0.0	0.0								
gene:USP13	gene	USP13	USP13	USP13	0.0	0.0	0.0								
gene:HNMT	gene	HNMT	HNMT	HNMT	0.0	0.0	0.0								
gene:WASL	gene	WASL	WASL	WASL	0.0	0.0	0.0								
gene:FGFR2	gene	FGFR2	FGFR2	FGFR2	0.0	0.0	0.0								
gene:FYN	gene	FYN	FYN	FYN	0.0	0.0	0.0								
gene:OPN3	gene	OPN3	OPN3	OPN3	0.0	0.0	0.0								
gene:PITPNA	gene	PITPNA	PITPNA	PITPNA	0.0	0.0	0.0								
gene:PSMD11	gene	PSMD11	PSMD11	PSMD11	1.0	1.0	1.0								
gene:IMPDH1	gene	IMPDH1	IMPDH1	IMPDH1	0.0	0.0	0.0								
gene:ABCA7	gene	ABCA7	ABCA7	ABCA7	1.0	0.0	1.0								
gene:PDGFA	gene	PDGFA	PDGFA	PDGFA	0.0	0.0	0.0								
gene:TRIM22	gene	TRIM22	TRIM22	TRIM22	0.0	0.0	0.0								
gene:E2F5	gene	E2F5	E2F5	E2F5	0.0	0.0	0.0								
gene:SNAI3	gene	SNAI3	SNAI3	SNAI3	0.0	0.0	0.0								
gene:IFITM3	gene	IFITM3	IFITM3	IFITM3	0.0	0.0	0.0								
gene:PRRX1	gene	PRRX1	PRRX1	PRRX1	0.0	0.0	0.0								
gene:IKZF4	gene	IKZF4	IKZF4	IKZF4	0.0	0.0	0.0								
gene:ACD	gene	ACD	ACD	ACD	0.0	0.0	0.0								
gene:JMY	gene	JMY	JMY	JMY	0.0	0.0	0.0								
gene:GJA1	gene	GJA1	GJA1	GJA1	0.0	0.0	0.0								
gene:LIMCH1	gene	LIMCH1	LIMCH1	LIMCH1	0.0	0.0	0.0								
gene:NLGN1	gene	NLGN1	NLGN1	NLGN1	1.0	0.0	1.0								
gene:B4GALNT4	gene	B4GALNT4	B4GALNT4	B4GALNT4	0.0	0.0	0.0								
gene:RPS12	gene	RPS12	RPS12	RPS12	0.0	0.0	0.0								
gene:FLG	gene	FLG	FLG	FLG	0.0	0.0	0.0								
gene:MFSD6	gene	MFSD6	MFSD6	MFSD6	0.0	0.0	0.0								
gene:IFIT5	gene	IFIT5	IFIT5	IFIT5	0.0	0.0	0.0								
gene:MLLT6	gene	MLLT6	MLLT6	MLLT6	0.0	0.0	0.0								
gene:THAP11	gene	THAP11	THAP11	THAP11	0.0	0.0	0.0								
gene:COG3	gene	COG3	COG3	COG3	0.0	0.0	0.0								
gene:ZNF347	gene	ZNF347	ZNF347	ZNF347	0.0	0.0	0.0								
gene:KIAA1328	gene	KIAA1328	KIAA1328	KIAA1328	0.0	0.0	0.0								
gene:C9ORF129	gene	C9ORF129	C9orf129	C9ORF129	0.0	0.0	0.0								
gene:KCNJ2	gene	KCNJ2	KCNJ2	KCNJ2	0.0	0.0	0.0								
gene:CRYBG3	gene	CRYBG3	CRYBG3	CRYBG3	0.0	0.0	0.0								
gene:THOP1	gene	THOP1	THOP1	THOP1	0.0	0.0	0.0								
gene:SNCA	gene	SNCA	SNCA	SNCA	0.0	0.0	0.0								
gene:ERLEC1	gene	ERLEC1	ERLEC1	ERLEC1	0.0	0.0	0.0								
gene:FREM3	gene	FREM3	FREM3	FREM3	0.0	0.0	0.0								
gene:RABL2B	gene	RABL2B	RABL2B	RABL2B	0.0	0.0	0.0								
gene:PTPN21	gene	PTPN21	PTPN21	PTPN21	0.0	0.0	0.0								
gene:EIF5A2	gene	EIF5A2	EIF5A2	EIF5A2	0.0	0.0	0.0								
gene:KCNB1	gene	KCNB1	KCNB1	KCNB1	1.0	1.0	1.0								
gene:C11ORF80	gene	C11ORF80	C11orf80	C11ORF80	0.0	0.0	0.0								
gene:AKAP9	gene	AKAP9	AKAP9	AKAP9	1.0	0.0	1.0								
gene:RYBP	gene	RYBP	RYBP	RYBP	0.0	0.0	0.0								
gene:CPNE3	gene	CPNE3	CPNE3	CPNE3	0.0	0.0	0.0								
gene:RPS20	gene	RPS20	RPS20	RPS20	0.0	0.0	0.0								
gene:CACNG3	gene	CACNG3	CACNG3	CACNG3	0.0	0.0	0.0								
gene:CDKN1A	gene	CDKN1A	CDKN1A	CDKN1A	0.0	0.0	0.0								
gene:METRN	gene	METRN	METRN	METRN	0.0	0.0	0.0								
gene:PPP1R15A	gene	PPP1R15A	PPP1R15A	PPP1R15A	0.0	0.0	0.0								
gene:GGPS1	gene	GGPS1	GGPS1	GGPS1	0.0	0.0	0.0								
gene:GAD1	gene	GAD1	GAD1	GAD1	0.0	0.0	0.0								
gene:RAB3D	gene	RAB3D	RAB3D	RAB3D	0.0	0.0	0.0								
gene:CCNT1	gene	CCNT1	CCNT1	CCNT1	0.0	0.0	0.0								
gene:MKS1	gene	MKS1	MKS1	MKS1	0.0	0.0	0.0								
gene:ANKRD24	gene	ANKRD24	ANKRD24	ANKRD24	0.0	0.0	0.0								
gene:SUMO2	gene	SUMO2	SUMO2	SUMO2	0.0	0.0	0.0								
gene:NBAS	gene	NBAS	NBAS	NBAS	0.0	0.0	0.0								
gene:MCHR2	gene	MCHR2	MCHR2	MCHR2	0.0	0.0	0.0								
gene:GNE	gene	GNE	GNE	GNE	0.0	0.0	0.0								
gene:SOX8	gene	SOX8	SOX8	SOX8	0.0	0.0	0.0								
gene:CLK2	gene	CLK2	CLK2	CLK2	0.0	0.0	0.0								
gene:DNAJB4	gene	DNAJB4	DNAJB4	DNAJB4	0.0	0.0	0.0								
gene:MFAP1	gene	MFAP1	MFAP1	MFAP1	0.0	0.0	0.0								
gene:KCTD20	gene	KCTD20	KCTD20	KCTD20	0.0	0.0	0.0								
gene:RAB11FIP4	gene	RAB11FIP4	RAB11FIP4	RAB11FIP4	1.0	0.0	0.0								
gene:SNHG6	gene	SNHG6	SNHG6	SNHG6	0.0	0.0	0.0								
gene:IQCK	gene	IQCK	IQCK	IQCK	0.0	0.0	0.0								
gene:KLF15	gene	KLF15	KLF15	KLF15	0.0	0.0	0.0								
gene:ZDHHC24	gene	ZDHHC24	ZDHHC24	ZDHHC24	0.0	0.0	0.0								
gene:MET	gene	MET	MET	MET	1.0	0.0	1.0								
gene:DUSP5	gene	DUSP5	DUSP5	DUSP5	0.0	0.0	0.0								
gene:CCAR1	gene	CCAR1	CCAR1	CCAR1	0.0	0.0	0.0								
gene:ARHGEF25	gene	ARHGEF25	ARHGEF25	ARHGEF25	0.0	0.0	0.0								
gene:KBTBD2	gene	KBTBD2	KBTBD2	KBTBD2	0.0	0.0	0.0								
gene:ALG6	gene	ALG6	ALG6	ALG6	1.0	1.0	1.0								
gene:MCAM	gene	MCAM	MCAM	MCAM	0.0	0.0	0.0								
gene:CAND1	gene	CAND1	CAND1	CAND1	0.0	0.0	0.0								
gene:EIF2B1	gene	EIF2B1	EIF2B1	EIF2B1	0.0	0.0	0.0								
gene:FLOT1	gene	FLOT1	FLOT1	FLOT1	0.0	0.0	0.0								
gene:NR1D2	gene	NR1D2	NR1D2	NR1D2	0.0	0.0	0.0								
gene:EMX1	gene	EMX1	EMX1	EMX1	0.0	0.0	0.0								
gene:SIK3	gene	SIK3	SIK3	SIK3	0.0	0.0	0.0								
gene:KCNJ12	gene	KCNJ12	KCNJ12	KCNJ12	0.0	0.0	0.0								
gene:OAS1	gene	OAS1	OAS1	OAS1	0.0	0.0	0.0								
gene:TFDP1	gene	TFDP1	TFDP1	TFDP1	0.0	0.0	0.0								
gene:AHCYL2	gene	AHCYL2	AHCYL2	AHCYL2	0.0	0.0	0.0								
gene:ZNF277	gene	ZNF277	ZNF277	ZNF277	0.0	0.0	0.0								
gene:SLC24A5	gene	SLC24A5	SLC24A5	SLC24A5	0.0	0.0	0.0								
gene:CNOT6L	gene	CNOT6L	CNOT6L	CNOT6L	0.0	0.0	0.0								
gene:MAP3K3	gene	MAP3K3	MAP3K3	MAP3K3	0.0	0.0	0.0								
gene:IRF1	gene	IRF1	IRF1	IRF1	0.0	0.0	0.0								
gene:USP8	gene	USP8	USP8	USP8	0.0	0.0	0.0								
gene:RPUSD2	gene	RPUSD2	RPUSD2	RPUSD2	0.0	0.0	0.0								
gene:PIK3CA	gene	PIK3CA	PIK3CA	PIK3CA	1.0	0.0	0.0								
gene:CNGB1	gene	CNGB1	CNGB1	CNGB1	0.0	0.0	0.0								
gene:COPS7B	gene	COPS7B	COPS7B	COPS7B	0.0	0.0	0.0								
gene:CCDC106	gene	CCDC106	CCDC106	CCDC106	0.0	0.0	0.0								
gene:LRRC41	gene	LRRC41	LRRC41	LRRC41	0.0	0.0	0.0								
gene:GPN1	gene	GPN1	GPN1	GPN1	0.0	0.0	0.0								
gene:NKIRAS1	gene	NKIRAS1	NKIRAS1	NKIRAS1	0.0	0.0	0.0								
gene:PCBP3	gene	PCBP3	PCBP3	PCBP3	0.0	0.0	0.0								
gene:SLC35G1	gene	SLC35G1	SLC35G1	SLC35G1	1.0	0.0	1.0								
gene:AASDH	gene	AASDH	AASDH	AASDH	0.0	0.0	0.0								
gene:MVD	gene	MVD	MVD	MVD	0.0	0.0	0.0								
gene:HSD17B12	gene	HSD17B12	HSD17B12	HSD17B12	0.0	0.0	0.0								
gene:GALT	gene	GALT	GALT	GALT	0.0	0.0	0.0								
gene:HHIPL1	gene	HHIPL1	HHIPL1	HHIPL1	0.0	0.0	0.0								
gene:NDRG3	gene	NDRG3	NDRG3	NDRG3	0.0	0.0	0.0								
gene:OTUD7A	gene	OTUD7A	OTUD7A	OTUD7A	1.0	0.0	1.0								
gene:LRRC8C	gene	LRRC8C	LRRC8C	LRRC8C	0.0	0.0	0.0								
gene:ZBTB40	gene	ZBTB40	ZBTB40	ZBTB40	0.0	0.0	0.0								
gene:INPP5A	gene	INPP5A	INPP5A	INPP5A	0.0	0.0	0.0								
gene:POLD2	gene	POLD2	POLD2	POLD2	0.0	0.0	0.0								
gene:SHD	gene	SHD	SHD	SHD	0.0	0.0	0.0								
gene:CASC3	gene	CASC3	CASC3	CASC3	0.0	0.0	0.0								
gene:ZNF337	gene	ZNF337	ZNF337	ZNF337	0.0	0.0	0.0								
gene:GLB1L2	gene	GLB1L2	GLB1L2	GLB1L2	0.0	0.0	0.0								
gene:WDR36	gene	WDR36	WDR36	WDR36	0.0	0.0	0.0								
gene:EPS15	gene	EPS15	EPS15	EPS15	0.0	0.0	0.0								
gene:LSM2	gene	LSM2	LSM2	LSM2	0.0	0.0	0.0								
gene:RARB	gene	RARB	RARB	RARB	0.0	0.0	0.0								
gene:EDNRB	gene	EDNRB	EDNRB	EDNRB	0.0	0.0	0.0								
gene:C3ORF49	gene	C3ORF49	C3orf49	C3ORF49	0.0	0.0	0.0								
gene:XRN1	gene	XRN1	XRN1	XRN1	0.0	0.0	0.0								
gene:SAC3D1	gene	SAC3D1	SAC3D1	SAC3D1	0.0	0.0	0.0								
gene:DDHD2	gene	DDHD2	DDHD2	DDHD2	1.0	0.0	1.0								
gene:CHAF1A	gene	CHAF1A	CHAF1A	CHAF1A	0.0	0.0	0.0								
gene:MATR3	gene	MATR3	MATR3	MATR3	0.0	0.0	0.0								
gene:PRMT8	gene	PRMT8	PRMT8	PRMT8	0.0	0.0	0.0								
gene:NUP133	gene	NUP133	NUP133	NUP133	1.0	0.0	1.0								
gene:C4ORF36	gene	C4ORF36	C4orf36	C4ORF36	0.0	0.0	0.0								
gene:COL23A1	gene	COL23A1	COL23A1	COL23A1	0.0	0.0	0.0								
gene:TAF11	gene	TAF11	TAF11	TAF11	0.0	0.0	0.0								
gene:HEATR3	gene	HEATR3	HEATR3	HEATR3	0.0	0.0	0.0								
gene:C2ORF16	gene	C2ORF16	C2orf16	C2ORF16	0.0	0.0	0.0								
gene:ZNF528	gene	ZNF528	ZNF528	ZNF528	0.0	0.0	0.0								
gene:TRIM33	gene	TRIM33	TRIM33	TRIM33	1.0	0.0	1.0								
gene:ATP6V0A1	gene	ATP6V0A1	ATP6V0A1	ATP6V0A1	0.0	0.0	0.0								
gene:ZNF418	gene	ZNF418	ZNF418	ZNF418	0.0	0.0	0.0								
gene:NLK	gene	NLK	NLK	NLK	0.0	0.0	0.0								
gene:CSRNP3	gene	CSRNP3	CSRNP3	CSRNP3	0.0	0.0	0.0								
gene:CNPY4	gene	CNPY4	CNPY4	CNPY4	0.0	0.0	0.0								
gene:GRIK1	gene	GRIK1	GRIK1	GRIK1	0.0	0.0	0.0								
gene:PDRG1	gene	PDRG1	PDRG1	PDRG1	0.0	0.0	0.0								
gene:IQCJ-SCHIP1	gene	IQCJ-SCHIP1	IQCJ-SCHIP1	IQCJ-SCHIP1	0.0	0.0	0.0								
gene:SEMA4B	gene	SEMA4B	SEMA4B	SEMA4B	0.0	0.0	0.0								
gene:NFIX	gene	NFIX	NFIX	NFIX	1.0	1.0	1.0								
gene:ZNF70	gene	ZNF70	ZNF70	ZNF70	0.0	0.0	0.0								
gene:ZFYVE1	gene	ZFYVE1	ZFYVE1	ZFYVE1	0.0	0.0	0.0								
gene:MTRR	gene	MTRR	MTRR	MTRR	0.0	0.0	0.0								
gene:PPP1R3D	gene	PPP1R3D	PPP1R3D	PPP1R3D	0.0	0.0	0.0								
gene:TXLNB	gene	TXLNB	TXLNB	TXLNB	0.0	0.0	0.0								
gene:EPB41L5	gene	EPB41L5	EPB41L5	EPB41L5	0.0	0.0	0.0								
gene:DENND4B	gene	DENND4B	DENND4B	DENND4B	0.0	0.0	0.0								
gene:AC147651.3	gene	AC147651.3	AC147651.3	AC147651.3	0.0	0.0	0.0								
gene:AMBRA1	gene	AMBRA1	AMBRA1	AMBRA1	0.0	0.0	0.0								
gene:NOC2L	gene	NOC2L	NOC2L	NOC2L	0.0	0.0	0.0								
gene:PEAK1	gene	PEAK1	PEAK1	PEAK1	0.0	0.0	0.0								
gene:FBLN2	gene	FBLN2	FBLN2	FBLN2	0.0	0.0	0.0								
gene:SLC19A3	gene	SLC19A3	SLC19A3	SLC19A3	0.0	0.0	0.0								
gene:KIAA1324L	gene	KIAA1324L	KIAA1324L	KIAA1324L	0.0	0.0	0.0								
gene:TAC1	gene	TAC1	TAC1	TAC1	0.0	0.0	0.0								
gene:SFT2D2	gene	SFT2D2	SFT2D2	SFT2D2	0.0	0.0	0.0								
gene:YTHDF1	gene	YTHDF1	YTHDF1	YTHDF1	0.0	0.0	0.0								
gene:UBXN8	gene	UBXN8	UBXN8	UBXN8	0.0	0.0	0.0								
gene:CPSF1	gene	CPSF1	CPSF1	CPSF1	0.0	0.0	0.0								
gene:PRPF8	gene	PRPF8	PRPF8	PRPF8	1.0	1.0	1.0								
gene:NMNAT1	gene	NMNAT1	NMNAT1	NMNAT1	0.0	0.0	0.0								
gene:FAF1	gene	FAF1	FAF1	FAF1	0.0	0.0	0.0								
gene:RET	gene	RET	RET	RET	0.0	0.0	0.0								
gene:HBEGF	gene	HBEGF	HBEGF	HBEGF	0.0	0.0	0.0								
gene:ATF1	gene	ATF1	ATF1	ATF1	0.0	0.0	0.0								
gene:LIMD1	gene	LIMD1	LIMD1	LIMD1	0.0	0.0	0.0								
gene:SEMA3G	gene	SEMA3G	SEMA3G	SEMA3G	0.0	0.0	0.0								
gene:SDC2	gene	SDC2	SDC2	SDC2	1.0	0.0	1.0								
gene:AQR	gene	AQR	AQR	AQR	0.0	0.0	0.0								
gene:SYNE1	gene	SYNE1	SYNE1	SYNE1	1.0	0.0	1.0								
gene:CTNNA3	gene	CTNNA3	CTNNA3	CTNNA3	1.0	0.0	1.0								
gene:MDM2	gene	MDM2	MDM2	MDM2	0.0	0.0	0.0								
gene:CCDC88B	gene	CCDC88B	CCDC88B	CCDC88B	0.0	0.0	0.0								
gene:SVIL	gene	SVIL	SVIL	SVIL	0.0	0.0	0.0								
gene:PMEPA1	gene	PMEPA1	PMEPA1	PMEPA1	0.0	0.0	0.0								
gene:METTL9	gene	METTL9	METTL9	METTL9	0.0	0.0	0.0								
gene:ERP29	gene	ERP29	ERP29	ERP29	0.0	0.0	0.0								
gene:POLR3A	gene	POLR3A	POLR3A	POLR3A	1.0	1.0	1.0								
gene:ZNF302	gene	ZNF302	ZNF302	ZNF302	0.0	0.0	0.0								
gene:EIF3B	gene	EIF3B	EIF3B	EIF3B	0.0	0.0	0.0								
gene:METRNL	gene	METRNL	METRNL	METRNL	0.0	0.0	0.0								
gene:NAB1	gene	NAB1	NAB1	NAB1	0.0	0.0	0.0								
gene:CTU1	gene	CTU1	CTU1	CTU1	0.0	0.0	0.0								
gene:ZNF324	gene	ZNF324	ZNF324	ZNF324	0.0	0.0	0.0								
gene:NOS1AP	gene	NOS1AP	NOS1AP	NOS1AP	0.0	0.0	0.0								
gene:PSME4	gene	PSME4	PSME4	PSME4	0.0	0.0	0.0								
gene:SNTB1	gene	SNTB1	SNTB1	SNTB1	0.0	0.0	0.0								
gene:GTF2F2	gene	GTF2F2	GTF2F2	GTF2F2	0.0	0.0	0.0								
gene:DGKQ	gene	DGKQ	DGKQ	DGKQ	0.0	0.0	0.0								
gene:TM7SF3	gene	TM7SF3	TM7SF3	TM7SF3	0.0	0.0	0.0								
gene:VSTM5	gene	VSTM5	VSTM5	VSTM5	0.0	0.0	0.0								
gene:GPANK1	gene	GPANK1	GPANK1	GPANK1	0.0	0.0	0.0								
gene:PSMG1	gene	PSMG1	PSMG1	PSMG1	0.0	0.0	0.0								
gene:ARHGEF26-AS1	gene	ARHGEF26-AS1	ARHGEF26-AS1	ARHGEF26-AS1	0.0	0.0	0.0								
gene:FRAT2	gene	FRAT2	FRAT2	FRAT2	0.0	0.0	0.0								
gene:FKBP11	gene	FKBP11	FKBP11	FKBP11	0.0	0.0	0.0								
gene:SENP2	gene	SENP2	SENP2	SENP2	0.0	0.0	0.0								
gene:GORASP1	gene	GORASP1	GORASP1	GORASP1	0.0	0.0	0.0								
gene:MFGE8	gene	MFGE8	MFGE8	MFGE8	0.0	0.0	0.0								
gene:DIMT1	gene	DIMT1	DIMT1	DIMT1	0.0	0.0	0.0								
gene:NPC2	gene	NPC2	NPC2	NPC2	0.0	0.0	0.0								
gene:ETV5	gene	ETV5	ETV5	ETV5	0.0	0.0	0.0								
gene:SLC41A1	gene	SLC41A1	SLC41A1	SLC41A1	0.0	0.0	0.0								
gene:DENND3	gene	DENND3	DENND3	DENND3	0.0	0.0	0.0								
gene:ISG20	gene	ISG20	ISG20	ISG20	0.0	0.0	0.0								
gene:TRPM6	gene	TRPM6	TRPM6	TRPM6	1.0	0.0	0.0								
gene:CD4	gene	CD4	CD4	CD4	0.0	0.0	0.0								
gene:ADAMTS9	gene	ADAMTS9	ADAMTS9	ADAMTS9	0.0	0.0	0.0								
gene:PIWIL4	gene	PIWIL4	PIWIL4	PIWIL4	0.0	0.0	0.0								
gene:VAPB	gene	VAPB	VAPB	VAPB	0.0	0.0	0.0								
gene:MAGOHB	gene	MAGOHB	MAGOHB	MAGOHB	0.0	0.0	0.0								
gene:ERAP1	gene	ERAP1	ERAP1	ERAP1	0.0	0.0	0.0								
gene:FEM1C	gene	FEM1C	FEM1C	FEM1C	0.0	0.0	0.0								
gene:CSNK2B	gene	CSNK2B	CSNK2B	CSNK2B	1.0	1.0	1.0								
gene:GFOD2	gene	GFOD2	GFOD2	GFOD2	0.0	0.0	0.0								
gene:IPO5	gene	IPO5	IPO5	IPO5	0.0	0.0	0.0								
gene:SLC22A10	gene	SLC22A10	SLC22A10	SLC22A10	0.0	0.0	0.0								
gene:CNDP2	gene	CNDP2	CNDP2	CNDP2	0.0	0.0	0.0								
gene:SARNP	gene	SARNP	SARNP	SARNP	0.0	0.0	0.0								
gene:NCOA2	gene	NCOA2	NCOA2	NCOA2	0.0	0.0	0.0								
gene:FOS	gene	FOS	FOS	FOS	0.0	0.0	0.0								
gene:LIMK1	gene	LIMK1	LIMK1	LIMK1	0.0	0.0	0.0								
gene:AL132709.8	gene	AL132709.8	AL132709.8	AL132709.8	0.0	0.0	0.0								
gene:RPS15	gene	RPS15	RPS15	RPS15	0.0	0.0	0.0								
gene:HSD11B1L	gene	HSD11B1L	HSD11B1L	HSD11B1L	0.0	0.0	0.0								
gene:WDR46	gene	WDR46	WDR46	WDR46	0.0	0.0	0.0								
gene:EPB41L4A-AS1	gene	EPB41L4A-AS1	EPB41L4A-AS1	EPB41L4A-AS1	0.0	0.0	0.0								
gene:MIS18A	gene	MIS18A	MIS18A	MIS18A	0.0	0.0	0.0								
gene:HAGHL	gene	HAGHL	HAGHL	HAGHL	0.0	0.0	0.0								
gene:LRRC1	gene	LRRC1	LRRC1	LRRC1	1.0	0.0	1.0								
gene:MOCS3	gene	MOCS3	MOCS3	MOCS3	0.0	0.0	0.0								
gene:MAPKAP1	gene	MAPKAP1	MAPKAP1	MAPKAP1	0.0	0.0	0.0								
gene:DTWD2	gene	DTWD2	DTWD2	DTWD2	0.0	0.0	0.0								
gene:CSF1	gene	CSF1	CSF1	CSF1	0.0	0.0	0.0								
gene:ZBTB37	gene	ZBTB37	ZBTB37	ZBTB37	0.0	0.0	0.0								
gene:SPG21	gene	SPG21	SPG21	SPG21	0.0	0.0	0.0								
gene:RPL27	gene	RPL27	RPL27	RPL27	0.0	0.0	0.0								
gene:PEX7	gene	PEX7	PEX7	PEX7	1.0	0.0	1.0								
gene:SRRM4	gene	SRRM4	SRRM4	SRRM4	0.0	0.0	0.0								
gene:RBM6	gene	RBM6	RBM6	RBM6	0.0	0.0	0.0								
gene:CSTF2T	gene	CSTF2T	CSTF2T	CSTF2T	0.0	0.0	0.0								
gene:SYNJ1	gene	SYNJ1	SYNJ1	SYNJ1	1.0	0.0	1.0								
gene:MGP	gene	MGP	MGP	MGP	0.0	0.0	0.0								
gene:SRSF9	gene	SRSF9	SRSF9	SRSF9	0.0	0.0	0.0								
gene:MMS22L	gene	MMS22L	MMS22L	MMS22L	0.0	0.0	0.0								
gene:PPP1R15B	gene	PPP1R15B	PPP1R15B	PPP1R15B	0.0	0.0	0.0								
gene:CEP120	gene	CEP120	CEP120	CEP120	0.0	0.0	0.0								
gene:IFFO1	gene	IFFO1	IFFO1	IFFO1	0.0	0.0	0.0								
gene:F3	gene	F3	F3	F3	0.0	0.0	0.0								
gene:ZNF117	gene	ZNF117	ZNF117	ZNF117	0.0	0.0	0.0								
gene:DNALI1	gene	DNALI1	DNALI1	DNALI1	0.0	0.0	0.0								
gene:COG5	gene	COG5	COG5	COG5	0.0	0.0	0.0								
gene:JAM2	gene	JAM2	JAM2	JAM2	0.0	0.0	0.0								
gene:FBXO7	gene	FBXO7	FBXO7	FBXO7	0.0	0.0	0.0								
gene:RPL36	gene	RPL36	RPL36	RPL36	0.0	0.0	0.0								
gene:PTPRU	gene	PTPRU	PTPRU	PTPRU	0.0	0.0	0.0								
gene:ZNF579	gene	ZNF579	ZNF579	ZNF579	0.0	0.0	0.0								
gene:KCNJ4	gene	KCNJ4	KCNJ4	KCNJ4	0.0	0.0	0.0								
gene:ZNF334	gene	ZNF334	ZNF334	ZNF334	0.0	0.0	0.0								
gene:P2RX4	gene	P2RX4	P2RX4	P2RX4	0.0	0.0	0.0								
gene:LRTM2	gene	LRTM2	LRTM2	LRTM2	0.0	0.0	0.0								
gene:FYCO1	gene	FYCO1	FYCO1	FYCO1	0.0	0.0	0.0								
gene:SPNS2	gene	SPNS2	SPNS2	SPNS2	0.0	0.0	0.0								
gene:SLC5A3	gene	SLC5A3	SLC5A3	SLC5A3	0.0	0.0	0.0								
gene:ZNF841	gene	ZNF841	ZNF841	ZNF841	0.0	0.0	0.0								
gene:FAM167A	gene	FAM167A	FAM167A	FAM167A	0.0	0.0	0.0								
gene:AATF	gene	AATF	AATF	AATF	0.0	0.0	0.0								
gene:STAT3	gene	STAT3	STAT3	STAT3	0.0	0.0	0.0								
gene:FAM20C	gene	FAM20C	FAM20C	FAM20C	0.0	0.0	0.0								
gene:DCTN4	gene	DCTN4	DCTN4	DCTN4	0.0	0.0	0.0								
gene:ZNF517	gene	ZNF517	ZNF517	ZNF517	1.0	0.0	1.0								
gene:C1QTNF6	gene	C1QTNF6	C1QTNF6	C1QTNF6	0.0	0.0	0.0								
gene:EVL	gene	EVL	EVL	EVL	0.0	0.0	0.0								
gene:UBXN10	gene	UBXN10	UBXN10	UBXN10	0.0	0.0	0.0								
gene:GLT1D1	gene	GLT1D1	GLT1D1	GLT1D1	0.0	0.0	0.0								
gene:BRAP	gene	BRAP	BRAP	BRAP	0.0	0.0	0.0								
gene:EIF2S2	gene	EIF2S2	EIF2S2	EIF2S2	0.0	0.0	0.0								
gene:PCBD1	gene	PCBD1	PCBD1	PCBD1	0.0	0.0	0.0								
gene:RNF157	gene	RNF157	RNF157	RNF157	0.0	0.0	0.0								
gene:ZDHHC1	gene	ZDHHC1	ZDHHC1	ZDHHC1	0.0	0.0	0.0								
gene:ZNF417	gene	ZNF417	ZNF417	ZNF417	0.0	0.0	0.0								
gene:SLCO2B1	gene	SLCO2B1	SLCO2B1	SLCO2B1	0.0	0.0	0.0								
gene:NWD1	gene	NWD1	NWD1	NWD1	0.0	0.0	0.0								
gene:ARHGAP19	gene	ARHGAP19	ARHGAP19	ARHGAP19	0.0	0.0	0.0								
gene:RNF19B	gene	RNF19B	RNF19B	RNF19B	0.0	0.0	0.0								
gene:CECR2	gene	CECR2	CECR2	CECR2	1.0	0.0	1.0								
gene:ABHD8	gene	ABHD8	ABHD8	ABHD8	0.0	0.0	0.0								
gene:RNF38	gene	RNF38	RNF38	RNF38	1.0	0.0	1.0								
gene:TMEM50A	gene	TMEM50A	TMEM50A	TMEM50A	0.0	0.0	0.0								
gene:SNX8	gene	SNX8	SNX8	SNX8	0.0	0.0	0.0								
gene:DYNLL2	gene	DYNLL2	DYNLL2	DYNLL2	0.0	0.0	0.0								
gene:TRRAP	gene	TRRAP	TRRAP	TRRAP	1.0	1.0	1.0								
gene:NGDN	gene	NGDN	NGDN	NGDN	0.0	0.0	0.0								
gene:FAM153A	gene	FAM153A	FAM153A	FAM153A	0.0	0.0	0.0								
gene:AL132709.7	gene	AL132709.7	AL132709.7	AL132709.7	0.0	0.0	0.0								
gene:TRAF6	gene	TRAF6	TRAF6	TRAF6	0.0	0.0	0.0								
gene:ZFAND2A	gene	ZFAND2A	ZFAND2A	ZFAND2A	0.0	0.0	0.0								
gene:ACTL6B	gene	ACTL6B	ACTL6B	ACTL6B	1.0	1.0	1.0								
gene:FKBP1B	gene	FKBP1B	FKBP1B	FKBP1B	0.0	0.0	0.0								
gene:NUCB2	gene	NUCB2	NUCB2	NUCB2	0.0	0.0	0.0								
gene:FAM13A	gene	FAM13A	FAM13A	FAM13A	0.0	0.0	0.0								
gene:ATP13A4	gene	ATP13A4	ATP13A4	ATP13A4	0.0	0.0	0.0								
gene:RAB28	gene	RAB28	RAB28	RAB28	0.0	0.0	0.0								
gene:ARHGEF17	gene	ARHGEF17	ARHGEF17	ARHGEF17	0.0	0.0	0.0								
gene:IL1R1	gene	IL1R1	IL1R1	IL1R1	0.0	0.0	0.0								
gene:TMEM158	gene	TMEM158	TMEM158	TMEM158	0.0	0.0	0.0								
gene:KIF26B	gene	KIF26B	KIF26B	KIF26B	0.0	0.0	0.0								
gene:STARD4	gene	STARD4	STARD4	STARD4	0.0	0.0	0.0								
gene:SLC27A5	gene	SLC27A5	SLC27A5	SLC27A5	0.0	0.0	0.0								
gene:ARL4D	gene	ARL4D	ARL4D	ARL4D	0.0	0.0	0.0								
gene:POMT1	gene	POMT1	POMT1	POMT1	1.0	0.0	1.0								
gene:WDR54	gene	WDR54	WDR54	WDR54	0.0	0.0	0.0								
gene:G3BP1	gene	G3BP1	G3BP1	G3BP1	0.0	0.0	0.0								
gene:AHNAK	gene	AHNAK	AHNAK	AHNAK	1.0	0.0	1.0								
gene:RCL1	gene	RCL1	RCL1	RCL1	0.0	0.0	0.0								
gene:FAH	gene	FAH	FAH	FAH	0.0	0.0	0.0								
gene:C2ORF72	gene	C2ORF72	C2orf72	C2ORF72	0.0	0.0	0.0								
gene:CCKBR	gene	CCKBR	CCKBR	CCKBR	0.0	0.0	0.0								
gene:C2CD3	gene	C2CD3	C2CD3	C2CD3	0.0	0.0	0.0								
gene:IPO9	gene	IPO9	IPO9	IPO9	0.0	0.0	0.0								
gene:KIAA0895	gene	KIAA0895	KIAA0895	KIAA0895	0.0	0.0	0.0								
gene:HK2	gene	HK2	HK2	HK2	0.0	0.0	0.0								
gene:GABPA	gene	GABPA	GABPA	GABPA	0.0	0.0	0.0								
gene:TARBP2	gene	TARBP2	TARBP2	TARBP2	0.0	0.0	0.0								
gene:SNX9	gene	SNX9	SNX9	SNX9	0.0	0.0	0.0								
gene:ZNF652	gene	ZNF652	ZNF652	ZNF652	0.0	0.0	0.0								
gene:PPP3CA	gene	PPP3CA	PPP3CA	PPP3CA	1.0	1.0	1.0								
gene:LMAN2	gene	LMAN2	LMAN2	LMAN2	0.0	0.0	0.0								
gene:CELF2	gene	CELF2	CELF2	CELF2	1.0	1.0	1.0								
gene:HAUS5	gene	HAUS5	HAUS5	HAUS5	0.0	0.0	0.0								
gene:LRP8	gene	LRP8	LRP8	LRP8	0.0	0.0	0.0								
gene:LGALS3	gene	LGALS3	LGALS3	LGALS3	0.0	0.0	0.0								
gene:PROM1	gene	PROM1	PROM1	PROM1	0.0	0.0	0.0								
gene:C1QL1	gene	C1QL1	C1QL1	C1QL1	0.0	0.0	0.0								
gene:BTAF1	gene	BTAF1	BTAF1	BTAF1	1.0	0.0	1.0								
gene:RIC8A	gene	RIC8A	RIC8A	RIC8A	0.0	0.0	0.0								
gene:PRPF38A	gene	PRPF38A	PRPF38A	PRPF38A	0.0	0.0	0.0								
gene:GABRB1	gene	GABRB1	GABRB1	GABRB1	0.0	0.0	0.0								
gene:CSNK1G3	gene	CSNK1G3	CSNK1G3	CSNK1G3	0.0	0.0	0.0								
gene:ANKZF1	gene	ANKZF1	ANKZF1	ANKZF1	0.0	0.0	0.0								
gene:PAXIP1	gene	PAXIP1	PAXIP1	PAXIP1	0.0	0.0	0.0								
gene:MPI	gene	MPI	MPI	MPI	0.0	0.0	0.0								
gene:SHPRH	gene	SHPRH	SHPRH	SHPRH	0.0	0.0	0.0								
gene:ADAT2	gene	ADAT2	ADAT2	ADAT2	0.0	0.0	0.0								
gene:C3ORF80	gene	C3ORF80	C3orf80	C3ORF80	0.0	0.0	0.0								
gene:GREM1	gene	GREM1	GREM1	GREM1	0.0	0.0	0.0								
gene:GDPD5	gene	GDPD5	GDPD5	GDPD5	0.0	0.0	0.0								
gene:KALRN	gene	KALRN	KALRN	KALRN	0.0	0.0	0.0								
gene:GIMAP7	gene	GIMAP7	GIMAP7	GIMAP7	0.0	0.0	0.0								
gene:AAGAB	gene	AAGAB	AAGAB	AAGAB	0.0	0.0	0.0								
gene:EFNA3	gene	EFNA3	EFNA3	EFNA3	0.0	0.0	0.0								
gene:SMPD4	gene	SMPD4	SMPD4	SMPD4	0.0	0.0	0.0								
gene:VAV3	gene	VAV3	VAV3	VAV3	0.0	0.0	0.0								
gene:RPL39L	gene	RPL39L	RPL39L	RPL39L	0.0	0.0	0.0								
gene:IFI27L2	gene	IFI27L2	IFI27L2	IFI27L2	0.0	0.0	0.0								
gene:SEC63	gene	SEC63	SEC63	SEC63	0.0	0.0	0.0								
gene:REEP3	gene	REEP3	REEP3	REEP3	1.0	0.0	1.0								
gene:PAFAH2	gene	PAFAH2	PAFAH2	PAFAH2	0.0	0.0	0.0								
gene:GPR108	gene	GPR108	GPR108	GPR108	0.0	0.0	0.0								
gene:FN3K	gene	FN3K	FN3K	FN3K	0.0	0.0	0.0								
gene:UBE2E2	gene	UBE2E2	UBE2E2	UBE2E2	0.0	0.0	0.0								
gene:CSMD2	gene	CSMD2	CSMD2	CSMD2	1.0	0.0	0.0								
gene:C19ORF81	gene	C19ORF81	C19orf81	C19ORF81	0.0	0.0	0.0								
gene:C16ORF72	gene	C16ORF72	C16orf72	C16ORF72	0.0	0.0	0.0								
gene:SKP2	gene	SKP2	SKP2	SKP2	0.0	0.0	0.0								
gene:TCERG1	gene	TCERG1	TCERG1	TCERG1	0.0	0.0	0.0								
gene:ACSS2	gene	ACSS2	ACSS2	ACSS2	0.0	0.0	0.0								
gene:RYR2	gene	RYR2	RYR2	RYR2	0.0	0.0	0.0								
gene:LOXL2	gene	LOXL2	LOXL2	LOXL2	0.0	0.0	0.0								
gene:HDDC3	gene	HDDC3	HDDC3	HDDC3	0.0	0.0	0.0								
gene:DCAF10	gene	DCAF10	DCAF10	DCAF10	0.0	0.0	0.0								
gene:PMS1	gene	PMS1	PMS1	PMS1	0.0	0.0	0.0								
gene:WIPF3	gene	WIPF3	WIPF3	WIPF3	0.0	0.0	0.0								
gene:TTLL11	gene	TTLL11	TTLL11	TTLL11	0.0	0.0	0.0								
gene:NAE1	gene	NAE1	NAE1	NAE1	0.0	0.0	0.0								
gene:TPX2	gene	TPX2	TPX2	TPX2	0.0	0.0	0.0								
gene:GINS1	gene	GINS1	GINS1	GINS1	0.0	0.0	0.0								
gene:PPP1R3C	gene	PPP1R3C	PPP1R3C	PPP1R3C	0.0	0.0	0.0								
gene:NEK10	gene	NEK10	NEK10	NEK10	0.0	0.0	0.0								
gene:RNF185	gene	RNF185	RNF185	RNF185	0.0	0.0	0.0								
gene:EDC4	gene	EDC4	EDC4	EDC4	0.0	0.0	0.0								
gene:SAP30BP	gene	SAP30BP	SAP30BP	SAP30BP	0.0	0.0	0.0								
gene:CDAN1	gene	CDAN1	CDAN1	CDAN1	0.0	0.0	0.0								
gene:ANXA5	gene	ANXA5	ANXA5	ANXA5	0.0	0.0	0.0								
gene:LIMS2	gene	LIMS2	LIMS2	LIMS2	0.0	0.0	0.0								
gene:PDGFB	gene	PDGFB	PDGFB	PDGFB	0.0	0.0	0.0								
gene:MBOAT7	gene	MBOAT7	MBOAT7	MBOAT7	1.0	1.0	1.0								
gene:ZMYM5	gene	ZMYM5	ZMYM5	ZMYM5	0.0	0.0	0.0								
gene:GATAD2A	gene	GATAD2A	GATAD2A	GATAD2A	0.0	0.0	0.0								
gene:WDR27	gene	WDR27	WDR27	WDR27	0.0	0.0	0.0								
gene:PAK6	gene	PAK6	PAK6	PAK6	0.0	0.0	0.0								
gene:CSNK2A2	gene	CSNK2A2	CSNK2A2	CSNK2A2	0.0	0.0	0.0								
gene:ICA1	gene	ICA1	ICA1	ICA1	1.0	0.0	1.0								
gene:CYP4F11	gene	CYP4F11	CYP4F11	CYP4F11	0.0	0.0	0.0								
gene:BDH2	gene	BDH2	BDH2	BDH2	0.0	0.0	0.0								
gene:TECPR2	gene	TECPR2	TECPR2	TECPR2	0.0	0.0	0.0								
gene:BZW1	gene	BZW1	BZW1	BZW1	0.0	0.0	0.0								
gene:CCP110	gene	CCP110	CCP110	CCP110	0.0	0.0	0.0								
gene:SUPT5H	gene	SUPT5H	SUPT5H	SUPT5H	0.0	0.0	0.0								
gene:CHD5	gene	CHD5	CHD5	CHD5	0.0	0.0	0.0								
gene:PRKCSH	gene	PRKCSH	PRKCSH	PRKCSH	0.0	0.0	0.0								
gene:EPS8	gene	EPS8	EPS8	EPS8	0.0	0.0	0.0								
gene:ATP1B2	gene	ATP1B2	ATP1B2	ATP1B2	0.0	0.0	0.0								
gene:IGFL4	gene	IGFL4	IGFL4	IGFL4	0.0	0.0	0.0								
gene:ATP6V1H	gene	ATP6V1H	ATP6V1H	ATP6V1H	0.0	0.0	0.0								
gene:IGSF8	gene	IGSF8	IGSF8	IGSF8	0.0	0.0	0.0								
gene:GDF7	gene	GDF7	GDF7	GDF7	0.0	0.0	0.0								
gene:KIAA0513	gene	KIAA0513	KIAA0513	KIAA0513	0.0	0.0	0.0								
gene:TMEM50B	gene	TMEM50B	TMEM50B	TMEM50B	0.0	0.0	0.0								
gene:FGGY	gene	FGGY	FGGY	FGGY	0.0	0.0	0.0								
gene:GRM8	gene	GRM8	GRM8	GRM8	0.0	0.0	0.0								
gene:PLRG1	gene	PLRG1	PLRG1	PLRG1	0.0	0.0	0.0								
gene:MBOAT2	gene	MBOAT2	MBOAT2	MBOAT2	0.0	0.0	0.0								
gene:CMTM3	gene	CMTM3	CMTM3	CMTM3	0.0	0.0	0.0								
gene:MFSD3	gene	MFSD3	MFSD3	MFSD3	0.0	0.0	0.0								
gene:SERTM1	gene	SERTM1	SERTM1	SERTM1	0.0	0.0	0.0								
gene:DCTPP1	gene	DCTPP1	DCTPP1	DCTPP1	0.0	0.0	0.0								
gene:ZNF226	gene	ZNF226	ZNF226	ZNF226	0.0	0.0	0.0								
gene:ZBTB24	gene	ZBTB24	ZBTB24	ZBTB24	0.0	0.0	0.0								
gene:PIGC	gene	PIGC	PIGC	PIGC	0.0	0.0	0.0								
gene:STOX1	gene	STOX1	STOX1	STOX1	0.0	0.0	0.0								
gene:ZNF615	gene	ZNF615	ZNF615	ZNF615	0.0	0.0	0.0								
gene:DHX36	gene	DHX36	DHX36	DHX36	0.0	0.0	0.0								
gene:USP21	gene	USP21	USP21	USP21	0.0	0.0	0.0								
gene:HS1BP3	gene	HS1BP3	HS1BP3	HS1BP3	0.0	0.0	0.0								
gene:CCT7	gene	CCT7	CCT7	CCT7	0.0	0.0	0.0								
gene:TMEM39A	gene	TMEM39A	TMEM39A	TMEM39A	0.0	0.0	0.0								
gene:PRDM10	gene	PRDM10	PRDM10	PRDM10	0.0	0.0	0.0								
gene:FAU	gene	FAU	FAU	FAU	0.0	0.0	0.0								
gene:EYA4	gene	EYA4	EYA4	EYA4	0.0	0.0	0.0								
gene:PSMD3	gene	PSMD3	PSMD3	PSMD3	0.0	0.0	0.0								
gene:ERH	gene	ERH	ERH	ERH	0.0	0.0	0.0								
gene:ZNF283	gene	ZNF283	ZNF283	ZNF283	0.0	0.0	0.0								
gene:DNAH1	gene	DNAH1	DNAH1	DNAH1	0.0	0.0	0.0								
gene:AC012313.1	gene	AC012313.1	AC012313.1	AC012313.1	0.0	0.0	0.0								
gene:LRRC23	gene	LRRC23	LRRC23	LRRC23	0.0	0.0	0.0								
gene:RANBP17	gene	RANBP17	RANBP17	RANBP17	1.0	0.0	1.0								
gene:KLHL2	gene	KLHL2	KLHL2	KLHL2	0.0	0.0	0.0								
gene:CIZ1	gene	CIZ1	CIZ1	CIZ1	0.0	0.0	0.0								
gene:NFE2L1	gene	NFE2L1	NFE2L1	NFE2L1	0.0	0.0	0.0								
gene:AC019118.2	gene	AC019118.2	AC019118.2	AC019118.2	0.0	0.0	0.0								
gene:NCOA4	gene	NCOA4	NCOA4	NCOA4	0.0	0.0	0.0								
gene:CCNI	gene	CCNI	CCNI	CCNI	0.0	0.0	0.0								
gene:LHFPL5	gene	LHFPL5	LHFPL5	LHFPL5	0.0	0.0	0.0								
gene:PRKDC	gene	PRKDC	PRKDC	PRKDC	1.0	0.0	1.0								
gene:CEP97	gene	CEP97	CEP97	CEP97	0.0	0.0	0.0								
gene:TARSL2	gene	TARSL2	TARSL2	TARSL2	0.0	0.0	0.0								
gene:CCDC117	gene	CCDC117	CCDC117	CCDC117	0.0	0.0	0.0								
gene:RC3H1	gene	RC3H1	RC3H1	RC3H1	0.0	0.0	0.0								
gene:PRR5L	gene	PRR5L	PRR5L	PRR5L	0.0	0.0	0.0								
gene:BVES	gene	BVES	BVES	BVES	0.0	0.0	0.0								
gene:ZNF782	gene	ZNF782	ZNF782	ZNF782	0.0	0.0	0.0								
gene:C2ORF50	gene	C2ORF50	C2orf50	C2ORF50	0.0	0.0	0.0								
gene:HFM1	gene	HFM1	HFM1	HFM1	0.0	0.0	0.0								
gene:MAD1L1	gene	MAD1L1	MAD1L1	MAD1L1	0.0	0.0	0.0								
gene:WDR74	gene	WDR74	WDR74	WDR74	0.0	0.0	0.0								
gene:B9D1	gene	B9D1	B9D1	B9D1	0.0	0.0	0.0								
gene:AGAP2	gene	AGAP2	AGAP2	AGAP2	1.0	0.0	1.0								
gene:ZNF513	gene	ZNF513	ZNF513	ZNF513	0.0	0.0	0.0								
gene:RSPO2	gene	RSPO2	RSPO2	RSPO2	0.0	0.0	0.0								
gene:BTF3L4	gene	BTF3L4	BTF3L4	BTF3L4	0.0	0.0	0.0								
gene:ANKS1A	gene	ANKS1A	ANKS1A	ANKS1A	0.0	0.0	0.0								
gene:MLF2	gene	MLF2	MLF2	MLF2	0.0	0.0	0.0								
gene:IL27RA	gene	IL27RA	IL27RA	IL27RA	0.0	0.0	0.0								
gene:NCDN	gene	NCDN	NCDN	NCDN	0.0	0.0	0.0								
gene:SPATA2	gene	SPATA2	SPATA2	SPATA2	0.0	0.0	0.0								
gene:ITGAV	gene	ITGAV	ITGAV	ITGAV	0.0	0.0	0.0								
gene:OSBPL3	gene	OSBPL3	OSBPL3	OSBPL3	0.0	0.0	0.0								
gene:ARIH1	gene	ARIH1	ARIH1	ARIH1	0.0	0.0	0.0								
gene:RPP30	gene	RPP30	RPP30	RPP30	0.0	0.0	0.0								
gene:SPPL3	gene	SPPL3	SPPL3	SPPL3	0.0	0.0	0.0								
gene:FBLL1	gene	FBLL1	FBLL1	FBLL1	0.0	0.0	0.0								
gene:RHEB	gene	RHEB	RHEB	RHEB	1.0	1.0	1.0								
gene:TIMELESS	gene	TIMELESS	TIMELESS	TIMELESS	0.0	0.0	0.0								
gene:EIF2B4	gene	EIF2B4	EIF2B4	EIF2B4	0.0	0.0	0.0								
gene:SSBP3	gene	SSBP3	SSBP3	SSBP3	0.0	0.0	0.0								
gene:SCN7A	gene	SCN7A	SCN7A	SCN7A	0.0	0.0	0.0								
gene:IPO7	gene	IPO7	IPO7	IPO7	0.0	0.0	0.0								
gene:DPP7	gene	DPP7	DPP7	DPP7	0.0	0.0	0.0								
gene:GPC6	gene	GPC6	GPC6	GPC6	1.0	0.0	1.0								
gene:OLR1	gene	OLR1	OLR1	OLR1	0.0	0.0	0.0								
gene:PIGU	gene	PIGU	PIGU	PIGU	0.0	0.0	0.0								
gene:CLSTN1	gene	CLSTN1	CLSTN1	CLSTN1	0.0	0.0	0.0								
gene:PDIA5	gene	PDIA5	PDIA5	PDIA5	0.0	0.0	0.0								
gene:ITGB1BP1	gene	ITGB1BP1	ITGB1BP1	ITGB1BP1	0.0	0.0	0.0								
gene:ZNF12	gene	ZNF12	ZNF12	ZNF12	0.0	0.0	0.0								
gene:GCLM	gene	GCLM	GCLM	GCLM	0.0	0.0	0.0								
gene:TMEM168	gene	TMEM168	TMEM168	TMEM168	0.0	0.0	0.0								
gene:TMEM132E	gene	TMEM132E	TMEM132E	TMEM132E	0.0	0.0	0.0								
gene:TFPT	gene	TFPT	TFPT	TFPT	0.0	0.0	0.0								
gene:TJP1	gene	TJP1	TJP1	TJP1	0.0	0.0	0.0								
gene:IFIH1	gene	IFIH1	IFIH1	IFIH1	0.0	0.0	0.0								
gene:SOX13	gene	SOX13	SOX13	SOX13	0.0	0.0	0.0								
gene:CREBZF	gene	CREBZF	CREBZF	CREBZF	0.0	0.0	0.0								
gene:SESN1	gene	SESN1	SESN1	SESN1	0.0	0.0	0.0								
gene:HIST1H2AC	gene	HIST1H2AC	HIST1H2AC	HIST1H2AC	0.0	0.0	0.0								
gene:TNKS2	gene	TNKS2	TNKS2	TNKS2	0.0	0.0	0.0								
gene:STIL	gene	STIL	STIL	STIL	0.0	0.0	0.0								
gene:RAP1GAP2	gene	RAP1GAP2	RAP1GAP2	RAP1GAP2	0.0	0.0	0.0								
gene:PRSS23	gene	PRSS23	PRSS23	PRSS23	0.0	0.0	0.0								
gene:CDH6	gene	CDH6	CDH6	CDH6	0.0	0.0	0.0								
gene:ITSN1	gene	ITSN1	ITSN1	ITSN1	1.0	0.0	1.0								
gene:KCTD13	gene	KCTD13	KCTD13	KCTD13	1.0	0.0	1.0								
gene:CADM1	gene	CADM1	CADM1	CADM1	1.0	0.0	1.0								
gene:LUC7L	gene	LUC7L	LUC7L	LUC7L	0.0	0.0	0.0								
gene:IQCA1	gene	IQCA1	IQCA1	IQCA1	0.0	0.0	0.0								
gene:MED7	gene	MED7	MED7	MED7	0.0	0.0	0.0								
gene:COL4A3	gene	COL4A3	COL4A3	COL4A3	0.0	0.0	0.0								
gene:CNOT4	gene	CNOT4	CNOT4	CNOT4	0.0	0.0	0.0								
gene:SNX5	gene	SNX5	SNX5	SNX5	1.0	0.0	1.0								
gene:ZDHHC13	gene	ZDHHC13	ZDHHC13	ZDHHC13	0.0	0.0	0.0								
gene:EXOSC2	gene	EXOSC2	EXOSC2	EXOSC2	0.0	0.0	0.0								
gene:SLC22A17	gene	SLC22A17	SLC22A17	SLC22A17	0.0	0.0	0.0								
gene:PTGR1	gene	PTGR1	PTGR1	PTGR1	0.0	0.0	0.0								
gene:EIF3I	gene	EIF3I	EIF3I	EIF3I	0.0	0.0	0.0								
gene:NUP214	gene	NUP214	NUP214	NUP214	0.0	0.0	0.0								
gene:RABGGTB	gene	RABGGTB	RABGGTB	RABGGTB	0.0	0.0	0.0								
gene:KLHDC3	gene	KLHDC3	KLHDC3	KLHDC3	0.0	0.0	0.0								
gene:ADI1	gene	ADI1	ADI1	ADI1	0.0	0.0	0.0								
gene:FAM110C	gene	FAM110C	FAM110C	FAM110C	0.0	0.0	0.0								
gene:CELF4	gene	CELF4	CELF4	CELF4	1.0	1.0	1.0								
gene:DDB1	gene	DDB1	DDB1	DDB1	0.0	0.0	0.0								
gene:SWI5	gene	SWI5	SWI5	SWI5	0.0	0.0	0.0								
gene:BMI1	gene	BMI1	BMI1	BMI1	0.0	0.0	0.0								
gene:FANCL	gene	FANCL	FANCL	FANCL	0.0	0.0	0.0								
gene:TRAF7	gene	TRAF7	TRAF7	TRAF7	1.0	1.0	1.0								
gene:RBP1	gene	RBP1	RBP1	RBP1	0.0	0.0	0.0								
gene:EFNB3	gene	EFNB3	EFNB3	EFNB3	0.0	0.0	0.0								
gene:MYOM2	gene	MYOM2	MYOM2	MYOM2	0.0	0.0	0.0								
gene:BLCAP	gene	BLCAP	BLCAP	BLCAP	0.0	0.0	0.0								
gene:NDN	gene	NDN	NDN	NDN	0.0	0.0	0.0								
gene:NAPG	gene	NAPG	NAPG	NAPG	0.0	0.0	0.0								
gene:OAS3	gene	OAS3	OAS3	OAS3	0.0	0.0	0.0								
gene:RPL26L1	gene	RPL26L1	RPL26L1	RPL26L1	0.0	0.0	0.0								
gene:LRRC40	gene	LRRC40	LRRC40	LRRC40	0.0	0.0	0.0								
gene:DENND1B	gene	DENND1B	DENND1B	DENND1B	0.0	0.0	0.0								
gene:SLC22A25	gene	SLC22A25	SLC22A25	SLC22A25	0.0	0.0	0.0								
gene:ALCAM	gene	ALCAM	ALCAM	ALCAM	0.0	0.0	0.0								
gene:GSTM5	gene	GSTM5	GSTM5	GSTM5	0.0	0.0	0.0								
gene:TIAM1	gene	TIAM1	TIAM1	TIAM1	0.0	0.0	0.0								
gene:LCA5	gene	LCA5	LCA5	LCA5	0.0	0.0	0.0								
gene:BEND5	gene	BEND5	BEND5	BEND5	0.0	0.0	0.0								
gene:IQCB1	gene	IQCB1	IQCB1	IQCB1	0.0	0.0	0.0								
gene:KIAA1191	gene	KIAA1191	KIAA1191	KIAA1191	0.0	0.0	0.0								
gene:R3HCC1	gene	R3HCC1	R3HCC1	R3HCC1	0.0	0.0	0.0								
gene:PM20D2	gene	PM20D2	PM20D2	PM20D2	0.0	0.0	0.0								
gene:DHRS7	gene	DHRS7	DHRS7	DHRS7	0.0	0.0	0.0								
gene:RPS28	gene	RPS28	RPS28	RPS28	0.0	0.0	0.0								
gene:RIOK3	gene	RIOK3	RIOK3	RIOK3	0.0	0.0	0.0								
gene:LRRC47	gene	LRRC47	LRRC47	LRRC47	0.0	0.0	0.0								
gene:SERTAD2	gene	SERTAD2	SERTAD2	SERTAD2	0.0	0.0	0.0								
gene:XRCC6	gene	XRCC6	XRCC6	XRCC6	1.0	0.0	0.0								
gene:UBE3A	gene	UBE3A	UBE3A	UBE3A	1.0	1.0	1.0								
gene:VASN	gene	VASN	VASN	VASN	0.0	0.0	0.0								
gene:CAMLG	gene	CAMLG	CAMLG	CAMLG	0.0	0.0	0.0								
gene:UPP2	gene	UPP2	UPP2	UPP2	0.0	0.0	0.0								
gene:JAKMIP3	gene	JAKMIP3	JAKMIP3	JAKMIP3	0.0	0.0	0.0								
gene:PPIB	gene	PPIB	PPIB	PPIB	0.0	0.0	0.0								
gene:WWOX	gene	WWOX	WWOX	WWOX	1.0	0.0	1.0								
gene:FAM120AOS	gene	FAM120AOS	FAM120AOS	FAM120AOS	0.0	0.0	0.0								
gene:SLC29A1	gene	SLC29A1	SLC29A1	SLC29A1	0.0	0.0	0.0								
gene:G6PC3	gene	G6PC3	G6PC3	G6PC3	0.0	0.0	0.0								
gene:THAP9	gene	THAP9	THAP9	THAP9	0.0	0.0	0.0								
gene:LRP2	gene	LRP2	LRP2	LRP2	1.0	0.0	1.0								
gene:ZBTB41	gene	ZBTB41	ZBTB41	ZBTB41	0.0	0.0	0.0								
gene:DNAJC24	gene	DNAJC24	DNAJC24	DNAJC24	0.0	0.0	0.0								
gene:FAM135A	gene	FAM135A	FAM135A	FAM135A	0.0	0.0	0.0								
gene:NPAT	gene	NPAT	NPAT	NPAT	0.0	0.0	0.0								
gene:PGM3	gene	PGM3	PGM3	PGM3	0.0	0.0	0.0								
gene:PLB1	gene	PLB1	PLB1	PLB1	0.0	0.0	0.0								
gene:HCFC2	gene	HCFC2	HCFC2	HCFC2	0.0	0.0	0.0								
gene:MOV10L1	gene	MOV10L1	MOV10L1	MOV10L1	0.0	0.0	0.0								
gene:COPZ1	gene	COPZ1	COPZ1	COPZ1	0.0	0.0	0.0								
gene:MAP1B	gene	MAP1B	MAP1B	MAP1B	1.0	0.0	1.0								
gene:PHYHD1	gene	PHYHD1	PHYHD1	PHYHD1	0.0	0.0	0.0								
gene:PLEKHA6	gene	PLEKHA6	PLEKHA6	PLEKHA6	0.0	0.0	0.0								
gene:CTSS	gene	CTSS	CTSS	CTSS	0.0	0.0	0.0								
gene:MOAP1	gene	MOAP1	MOAP1	MOAP1	0.0	0.0	0.0								
gene:RUSC1	gene	RUSC1	RUSC1	RUSC1	0.0	0.0	0.0								
gene:ARFGEF2	gene	ARFGEF2	ARFGEF2	ARFGEF2	0.0	0.0	0.0								
gene:TFRC	gene	TFRC	TFRC	TFRC	0.0	0.0	0.0								
gene:UBE2H	gene	UBE2H	UBE2H	UBE2H	1.0	0.0	1.0								
gene:LITAF	gene	LITAF	LITAF	LITAF	0.0	0.0	0.0								
gene:CLEC14A	gene	CLEC14A	CLEC14A	CLEC14A	0.0	0.0	0.0								
gene:RPL34	gene	RPL34	RPL34	RPL34	0.0	0.0	0.0								
gene:MANBAL	gene	MANBAL	MANBAL	MANBAL	0.0	0.0	0.0								
gene:EXOC7	gene	EXOC7	EXOC7	EXOC7	0.0	0.0	0.0								
gene:TXNIP	gene	TXNIP	TXNIP	TXNIP	0.0	0.0	0.0								
gene:SREK1IP1	gene	SREK1IP1	SREK1IP1	SREK1IP1	0.0	0.0	0.0								
gene:RIPK2	gene	RIPK2	RIPK2	RIPK2	0.0	0.0	0.0								
gene:THUMPD1	gene	THUMPD1	THUMPD1	THUMPD1	0.0	0.0	0.0								
gene:SFTA1P	gene	SFTA1P	SFTA1P	SFTA1P	0.0	0.0	0.0								
gene:ZNF138	gene	ZNF138	ZNF138	ZNF138	0.0	0.0	0.0								
gene:ETAA1	gene	ETAA1	ETAA1	ETAA1	0.0	0.0	0.0								
gene:OAS2	gene	OAS2	OAS2	OAS2	0.0	0.0	0.0								
gene:CLN6	gene	CLN6	CLN6	CLN6	0.0	0.0	0.0								
gene:PCDH18	gene	PCDH18	PCDH18	PCDH18	0.0	0.0	0.0								
gene:RNF167	gene	RNF167	RNF167	RNF167	0.0	0.0	0.0								
gene:SPRED1	gene	SPRED1	SPRED1	SPRED1	0.0	0.0	0.0								
gene:AMIGO2	gene	AMIGO2	AMIGO2	AMIGO2	0.0	0.0	0.0								
gene:BAIAP2	gene	BAIAP2	BAIAP2	BAIAP2	0.0	0.0	0.0								
gene:HEATR5B	gene	HEATR5B	HEATR5B	HEATR5B	0.0	0.0	0.0								
gene:ZNF471	gene	ZNF471	ZNF471	ZNF471	0.0	0.0	0.0								
gene:SMYD5	gene	SMYD5	SMYD5	SMYD5	0.0	0.0	0.0								
gene:SMG1	gene	SMG1	SMG1	SMG1	0.0	0.0	0.0								
gene:ZNF407	gene	ZNF407	ZNF407	ZNF407	0.0	0.0	0.0								
gene:HYAL2	gene	HYAL2	HYAL2	HYAL2	0.0	0.0	0.0								
gene:RNF165	gene	RNF165	RNF165	RNF165	0.0	0.0	0.0								
gene:ZNF132	gene	ZNF132	ZNF132	ZNF132	0.0	0.0	0.0								
gene:ADAMTS6	gene	ADAMTS6	ADAMTS6	ADAMTS6	0.0	0.0	0.0								
gene:SLC24A2	gene	SLC24A2	SLC24A2	SLC24A2	1.0	0.0	1.0								
gene:TBCB	gene	TBCB	TBCB	TBCB	1.0	0.0	0.0								
gene:DPY19L3	gene	DPY19L3	DPY19L3	DPY19L3	0.0	0.0	0.0								
gene:SNHG14	gene	SNHG14	SNHG14	SNHG14	0.0	0.0	0.0								
gene:CSPG5	gene	CSPG5	CSPG5	CSPG5	0.0	0.0	0.0								
gene:AKAP8	gene	AKAP8	AKAP8	AKAP8	0.0	0.0	0.0								
gene:ITGB5	gene	ITGB5	ITGB5	ITGB5	0.0	0.0	0.0								
gene:ZER1	gene	ZER1	ZER1	ZER1	0.0	0.0	0.0								
gene:NIN	gene	NIN	NIN	NIN	0.0	0.0	0.0								
gene:EXOSC10	gene	EXOSC10	EXOSC10	EXOSC10	0.0	0.0	0.0								
gene:PRR12	gene	PRR12	PRR12	PRR12	1.0	1.0	1.0								
gene:TRIM14	gene	TRIM14	TRIM14	TRIM14	0.0	0.0	0.0								
gene:UBFD1	gene	UBFD1	UBFD1	UBFD1	0.0	0.0	0.0								
gene:CCDC92	gene	CCDC92	CCDC92	CCDC92	0.0	0.0	0.0								
gene:LRRC59	gene	LRRC59	LRRC59	LRRC59	0.0	0.0	0.0								
gene:SCOC	gene	SCOC	SCOC	SCOC	0.0	0.0	0.0								
gene:ASRGL1	gene	ASRGL1	ASRGL1	ASRGL1	0.0	0.0	0.0								
gene:NELL2	gene	NELL2	NELL2	NELL2	0.0	0.0	0.0								
gene:HS6ST1	gene	HS6ST1	HS6ST1	HS6ST1	0.0	0.0	0.0								
gene:BSN	gene	BSN	BSN	BSN	1.0	0.0	0.0								
gene:BICD1	gene	BICD1	BICD1	BICD1	0.0	0.0	0.0								
gene:C1ORF112	gene	C1ORF112	C1orf112	C1ORF112	0.0	0.0	0.0								
gene:YJEFN3	gene	YJEFN3	YJEFN3	YJEFN3	0.0	0.0	0.0								
gene:COL24A1	gene	COL24A1	COL24A1	COL24A1	0.0	0.0	0.0								
gene:RANBP3	gene	RANBP3	RANBP3	RANBP3	0.0	0.0	0.0								
gene:TAF8	gene	TAF8	TAF8	TAF8	0.0	0.0	0.0								
gene:PNN	gene	PNN	PNN	PNN	0.0	0.0	0.0								
gene:POLR2G	gene	POLR2G	POLR2G	POLR2G	0.0	0.0	0.0								
gene:AP1AR	gene	AP1AR	AP1AR	AP1AR	0.0	0.0	0.0								
gene:DHRS3	gene	DHRS3	DHRS3	DHRS3	0.0	0.0	0.0								
gene:RAB33B	gene	RAB33B	RAB33B	RAB33B	0.0	0.0	0.0								
gene:ARSJ	gene	ARSJ	ARSJ	ARSJ	0.0	0.0	0.0								
gene:PRCP	gene	PRCP	PRCP	PRCP	0.0	0.0	0.0								
gene:HOOK1	gene	HOOK1	HOOK1	HOOK1	0.0	0.0	0.0								
gene:PIPOX	gene	PIPOX	PIPOX	PIPOX	0.0	0.0	0.0								
gene:SNRPD1	gene	SNRPD1	SNRPD1	SNRPD1	0.0	0.0	0.0								
gene:DUSP7	gene	DUSP7	DUSP7	DUSP7	0.0	0.0	0.0								
gene:GMPS	gene	GMPS	GMPS	GMPS	0.0	0.0	0.0								
gene:QRICH2	gene	QRICH2	QRICH2	QRICH2	0.0	0.0	0.0								
gene:TFCP2	gene	TFCP2	TFCP2	TFCP2	0.0	0.0	0.0								
gene:MAP4K4	gene	MAP4K4	MAP4K4	MAP4K4	1.0	0.0	1.0								
gene:CKAP5	gene	CKAP5	CKAP5	CKAP5	0.0	0.0	0.0								
gene:GIMAP4	gene	GIMAP4	GIMAP4	GIMAP4	0.0	0.0	0.0								
gene:MED16	gene	MED16	MED16	MED16	0.0	0.0	0.0								
gene:SLC35E3	gene	SLC35E3	SLC35E3	SLC35E3	0.0	0.0	0.0								
gene:ZNF530	gene	ZNF530	ZNF530	ZNF530	0.0	0.0	0.0								
gene:PARD6A	gene	PARD6A	PARD6A	PARD6A	0.0	0.0	0.0								
gene:AFF1	gene	AFF1	AFF1	AFF1	0.0	0.0	0.0								
gene:HAS1	gene	HAS1	HAS1	HAS1	0.0	0.0	0.0								
gene:KCTD9	gene	KCTD9	KCTD9	KCTD9	0.0	0.0	0.0								
gene:FBXO41	gene	FBXO41	FBXO41	FBXO41	0.0	0.0	0.0								
gene:YWHAE	gene	YWHAE	YWHAE	YWHAE	1.0	0.0	1.0								
gene:RAB6B	gene	RAB6B	RAB6B	RAB6B	0.0	0.0	0.0								
gene:MCTP2	gene	MCTP2	MCTP2	MCTP2	0.0	0.0	0.0								
gene:GABRA2	gene	GABRA2	GABRA2	GABRA2	1.0	0.0	0.0								
gene:TICAM1	gene	TICAM1	TICAM1	TICAM1	0.0	0.0	0.0								
gene:ARNT2	gene	ARNT2	ARNT2	ARNT2	1.0	0.0	1.0								
gene:ACVR1	gene	ACVR1	ACVR1	ACVR1	0.0	0.0	0.0								
gene:TMEM69	gene	TMEM69	TMEM69	TMEM69	0.0	0.0	0.0								
gene:KIAA0753	gene	KIAA0753	KIAA0753	KIAA0753	0.0	0.0	0.0								
gene:SWAP70	gene	SWAP70	SWAP70	SWAP70	0.0	0.0	0.0								
gene:OSBPL9	gene	OSBPL9	OSBPL9	OSBPL9	0.0	0.0	0.0								
gene:C9ORF24	gene	C9ORF24	C9orf24	C9ORF24	0.0	0.0	0.0								
gene:VIM	gene	VIM	VIM	VIM	0.0	0.0	0.0								
gene:ACOX3	gene	ACOX3	ACOX3	ACOX3	0.0	0.0	0.0								
gene:ZNF783	gene	ZNF783	ZNF783	ZNF783	0.0	0.0	0.0								
gene:GPBP1L1	gene	GPBP1L1	GPBP1L1	GPBP1L1	0.0	0.0	0.0								
gene:QKI	gene	QKI	QKI	QKI	0.0	0.0	0.0								
gene:TMEM167B	gene	TMEM167B	TMEM167B	TMEM167B	0.0	0.0	0.0								
gene:NCAM2	gene	NCAM2	NCAM2	NCAM2	0.0	0.0	0.0								
gene:CASKIN1	gene	CASKIN1	CASKIN1	CASKIN1	1.0	0.0	1.0								
gene:KIAA0319	gene	KIAA0319	KIAA0319	KIAA0319	0.0	0.0	0.0								
gene:FOXJ2	gene	FOXJ2	FOXJ2	FOXJ2	0.0	0.0	0.0								
gene:BCCIP	gene	BCCIP	BCCIP	BCCIP	0.0	0.0	0.0								
gene:PTPN14	gene	PTPN14	PTPN14	PTPN14	0.0	0.0	0.0								
gene:CETN3	gene	CETN3	CETN3	CETN3	0.0	0.0	0.0								
gene:IL6R	gene	IL6R	IL6R	IL6R	0.0	0.0	0.0								
gene:TMEM63B	gene	TMEM63B	TMEM63B	TMEM63B	0.0	0.0	0.0								
gene:HYOU1	gene	HYOU1	HYOU1	HYOU1	0.0	0.0	0.0								
gene:HSPA4L	gene	HSPA4L	HSPA4L	HSPA4L	0.0	0.0	0.0								
gene:DNASE2	gene	DNASE2	DNASE2	DNASE2	0.0	0.0	0.0								
gene:SGPL1	gene	SGPL1	SGPL1	SGPL1	0.0	0.0	0.0								
gene:MAF1	gene	MAF1	MAF1	MAF1	0.0	0.0	0.0								
gene:EP300	gene	EP300	EP300	EP300	1.0	1.0	1.0								
gene:C12ORF57	gene	C12ORF57	C12orf57	C12ORF57	1.0	1.0	1.0								
gene:ARF4	gene	ARF4	ARF4	ARF4	0.0	0.0	0.0								
gene:GFOD1	gene	GFOD1	GFOD1	GFOD1	0.0	0.0	0.0								
gene:ZBTB46	gene	ZBTB46	ZBTB46	ZBTB46	0.0	0.0	0.0								
gene:TGFBR3	gene	TGFBR3	TGFBR3	TGFBR3	0.0	0.0	0.0								
gene:ATP1A1	gene	ATP1A1	ATP1A1	ATP1A1	1.0	1.0	1.0								
gene:THOC1	gene	THOC1	THOC1	THOC1	0.0	0.0	0.0								
gene:IER5	gene	IER5	IER5	IER5	0.0	0.0	0.0								
gene:MKNK1	gene	MKNK1	MKNK1	MKNK1	0.0	0.0	0.0								
gene:MAD2L1BP	gene	MAD2L1BP	MAD2L1BP	MAD2L1BP	0.0	0.0	0.0								
gene:MYADM	gene	MYADM	MYADM	MYADM	0.0	0.0	0.0								
gene:IRAK1BP1	gene	IRAK1BP1	IRAK1BP1	IRAK1BP1	0.0	0.0	0.0								
gene:PCTP	gene	PCTP	PCTP	PCTP	0.0	0.0	0.0								
gene:TEK	gene	TEK	TEK	TEK	1.0	1.0	1.0								
gene:PRCD	gene	PRCD	PRCD	PRCD	0.0	0.0	0.0								
gene:PARVB	gene	PARVB	PARVB	PARVB	0.0	0.0	0.0								
gene:CD302	gene	CD302	CD302	CD302	0.0	0.0	0.0								
gene:USP53	gene	USP53	USP53	USP53	0.0	0.0	0.0								
gene:ZNF790	gene	ZNF790	ZNF790	ZNF790	0.0	0.0	0.0								
gene:PTER	gene	PTER	PTER	PTER	0.0	0.0	0.0								
gene:RAP2A	gene	RAP2A	RAP2A	RAP2A	0.0	0.0	0.0								
gene:CENPL	gene	CENPL	CENPL	CENPL	0.0	0.0	0.0								
gene:CACNA1D	gene	CACNA1D	CACNA1D	CACNA1D	1.0	0.0	1.0								
gene:MAS1	gene	MAS1	MAS1	MAS1	0.0	0.0	0.0								
gene:POLR1A	gene	POLR1A	POLR1A	POLR1A	0.0	0.0	0.0								
gene:RIT2	gene	RIT2	RIT2	RIT2	1.0	0.0	1.0								
gene:TMEM51	gene	TMEM51	TMEM51	TMEM51	0.0	0.0	0.0								
gene:INHBA	gene	INHBA	INHBA	INHBA	0.0	0.0	0.0								
gene:HTR1A	gene	HTR1A	HTR1A	HTR1A	0.0	0.0	0.0								
gene:PEX2	gene	PEX2	PEX2	PEX2	0.0	0.0	0.0								
gene:TPT1	gene	TPT1	TPT1	TPT1	0.0	0.0	0.0								
gene:CROCC	gene	CROCC	CROCC	CROCC	0.0	0.0	0.0								
gene:YPEL2	gene	YPEL2	YPEL2	YPEL2	0.0	0.0	0.0								
gene:C5ORF51	gene	C5ORF51	C5orf51	C5ORF51	0.0	0.0	0.0								
gene:ATXN10	gene	ATXN10	ATXN10	ATXN10	0.0	0.0	0.0								
gene:CYFIP1	gene	CYFIP1	CYFIP1	CYFIP1	1.0	0.0	1.0								
gene:ELOVL6	gene	ELOVL6	ELOVL6	ELOVL6	0.0	0.0	0.0								
gene:AKAP8L	gene	AKAP8L	AKAP8L	AKAP8L	0.0	0.0	0.0								
gene:RNF208	gene	RNF208	RNF208	RNF208	0.0	0.0	0.0								
gene:WWP1	gene	WWP1	WWP1	WWP1	1.0	0.0	0.0								
gene:SLC30A1	gene	SLC30A1	SLC30A1	SLC30A1	0.0	0.0	0.0								
gene:ITGAX	gene	ITGAX	ITGAX	ITGAX	0.0	0.0	0.0								
gene:LIG4	gene	LIG4	LIG4	LIG4	0.0	0.0	0.0								
gene:CKB	gene	CKB	CKB	CKB	0.0	0.0	0.0								
gene:DCTD	gene	DCTD	DCTD	DCTD	0.0	0.0	0.0								
gene:CDH22	gene	CDH22	CDH22	CDH22	1.0	0.0	1.0								
gene:PPIL4	gene	PPIL4	PPIL4	PPIL4	0.0	0.0	0.0								
gene:MAPT	gene	MAPT	MAPT	MAPT	1.0	0.0	0.0								
gene:SELPLG	gene	SELPLG	SELPLG	SELPLG	0.0	0.0	0.0								
gene:SLIT1	gene	SLIT1	SLIT1	SLIT1	0.0	0.0	0.0								
gene:ADAM12	gene	ADAM12	ADAM12	ADAM12	0.0	0.0	0.0								
gene:BAG3	gene	BAG3	BAG3	BAG3	0.0	0.0	0.0								
gene:LRRC28	gene	LRRC28	LRRC28	LRRC28	0.0	0.0	0.0								
gene:IL34	gene	IL34	IL34	IL34	0.0	0.0	0.0								
gene:GRB2	gene	GRB2	GRB2	GRB2	0.0	0.0	0.0								
gene:ZNF598	gene	ZNF598	ZNF598	ZNF598	0.0	0.0	0.0								
gene:STK32C	gene	STK32C	STK32C	STK32C	0.0	0.0	0.0								
gene:BECN1	gene	BECN1	BECN1	BECN1	0.0	0.0	0.0								
gene:ZNF24	gene	ZNF24	ZNF24	ZNF24	0.0	0.0	0.0								
gene:PUM2	gene	PUM2	PUM2	PUM2	0.0	0.0	0.0								
gene:TOE1	gene	TOE1	TOE1	TOE1	0.0	0.0	0.0								
gene:TAF7	gene	TAF7	TAF7	TAF7	0.0	0.0	0.0								
gene:CDH8	gene	CDH8	CDH8	CDH8	1.0	0.0	1.0								
gene:TP53BP1	gene	TP53BP1	TP53BP1	TP53BP1	0.0	0.0	0.0								
gene:ZCWPW2	gene	ZCWPW2	ZCWPW2	ZCWPW2	0.0	0.0	0.0								
gene:FUCA1	gene	FUCA1	FUCA1	FUCA1	0.0	0.0	0.0								
gene:ZNF691	gene	ZNF691	ZNF691	ZNF691	0.0	0.0	0.0								
gene:SLC38A11	gene	SLC38A11	SLC38A11	SLC38A11	0.0	0.0	0.0								
gene:MLXIP	gene	MLXIP	MLXIP	MLXIP	0.0	0.0	0.0								
gene:MMACHC	gene	MMACHC	MMACHC	MMACHC	0.0	0.0	0.0								
gene:SYPL1	gene	SYPL1	SYPL1	SYPL1	0.0	0.0	0.0								
gene:FIBIN	gene	FIBIN	FIBIN	FIBIN	0.0	0.0	0.0								
gene:NAA20	gene	NAA20	NAA20	NAA20	0.0	0.0	0.0								
gene:RASGEF1C	gene	RASGEF1C	RASGEF1C	RASGEF1C	0.0	0.0	0.0								
gene:LMF1	gene	LMF1	LMF1	LMF1	0.0	0.0	0.0								
gene:C3ORF70	gene	C3ORF70	C3orf70	C3ORF70	0.0	0.0	0.0								
gene:RNASEH2B	gene	RNASEH2B	RNASEH2B	RNASEH2B	0.0	0.0	0.0								
gene:SLC35B2	gene	SLC35B2	SLC35B2	SLC35B2	0.0	0.0	0.0								
gene:EFS	gene	EFS	EFS	EFS	0.0	0.0	0.0								
gene:SMNDC1	gene	SMNDC1	SMNDC1	SMNDC1	0.0	0.0	0.0								
gene:USP15	gene	USP15	USP15	USP15	1.0	0.0	1.0								
gene:CHTF8	gene	CHTF8	CHTF8	CHTF8	0.0	0.0	0.0								
gene:CENPJ	gene	CENPJ	CENPJ	CENPJ	0.0	0.0	0.0								
gene:TALDO1	gene	TALDO1	TALDO1	TALDO1	0.0	0.0	0.0								
gene:HIRIP3	gene	HIRIP3	HIRIP3	HIRIP3	0.0	0.0	0.0								
gene:INCA1	gene	INCA1	INCA1	INCA1	0.0	0.0	0.0								
gene:PPP1CC	gene	PPP1CC	PPP1CC	PPP1CC	0.0	0.0	0.0								
gene:TUFT1	gene	TUFT1	TUFT1	TUFT1	0.0	0.0	0.0								
gene:UBA7	gene	UBA7	UBA7	UBA7	0.0	0.0	0.0								
gene:VPS28	gene	VPS28	VPS28	VPS28	0.0	0.0	0.0								
gene:TLE1	gene	TLE1	TLE1	TLE1	0.0	0.0	0.0								
gene:GTF2E1	gene	GTF2E1	GTF2E1	GTF2E1	0.0	0.0	0.0								
gene:AIMP1	gene	AIMP1	AIMP1	AIMP1	0.0	0.0	0.0								
gene:ST5	gene	ST5	ST5	ST5	0.0	0.0	0.0								
gene:ADSSL1	gene	ADSSL1	ADSSL1	ADSSL1	0.0	0.0	0.0								
gene:MGAT4B	gene	MGAT4B	MGAT4B	MGAT4B	0.0	0.0	0.0								
gene:C1ORF115	gene	C1ORF115	C1orf115	C1ORF115	0.0	0.0	0.0								
gene:RAPGEF3	gene	RAPGEF3	RAPGEF3	RAPGEF3	0.0	0.0	0.0								
gene:KAZN	gene	KAZN	KAZN	KAZN	0.0	0.0	0.0								
gene:XYLT2	gene	XYLT2	XYLT2	XYLT2	0.0	0.0	0.0								
gene:LYSMD4	gene	LYSMD4	LYSMD4	LYSMD4	0.0	0.0	0.0								
gene:FLRT2	gene	FLRT2	FLRT2	FLRT2	0.0	0.0	0.0								
gene:SGSM1	gene	SGSM1	SGSM1	SGSM1	0.0	0.0	0.0								
gene:ZNF518A	gene	ZNF518A	ZNF518A	ZNF518A	0.0	0.0	0.0								
gene:FXR1	gene	FXR1	FXR1	FXR1	0.0	0.0	0.0								
gene:SALL2	gene	SALL2	SALL2	SALL2	0.0	0.0	0.0								
gene:CD163L1	gene	CD163L1	CD163L1	CD163L1	0.0	0.0	0.0								
gene:CUTC	gene	CUTC	CUTC	CUTC	0.0	0.0	0.0								
gene:ITPA	gene	ITPA	ITPA	ITPA	0.0	0.0	0.0								
gene:FKBP15	gene	FKBP15	FKBP15	FKBP15	0.0	0.0	0.0								
gene:MAFG	gene	MAFG	MAFG	MAFG	0.0	0.0	0.0								
gene:ZDHHC21	gene	ZDHHC21	ZDHHC21	ZDHHC21	0.0	0.0	0.0								
gene:CLIP2	gene	CLIP2	CLIP2	CLIP2	1.0	0.0	0.0								
gene:HECA	gene	HECA	HECA	HECA	0.0	0.0	0.0								
gene:MPP6	gene	MPP6	MPP6	MPP6	0.0	0.0	0.0								
gene:PTCH2	gene	PTCH2	PTCH2	PTCH2	0.0	0.0	0.0								
gene:BCL7C	gene	BCL7C	BCL7C	BCL7C	0.0	0.0	0.0								
gene:ST18	gene	ST18	ST18	ST18	0.0	0.0	0.0								
gene:AC009948.3	gene	AC009948.3	AC009948.3	AC009948.3	0.0	0.0	0.0								
gene:METTL16	gene	METTL16	METTL16	METTL16	0.0	0.0	0.0								
gene:TPH2	gene	TPH2	TPH2	TPH2	0.0	0.0	0.0								
gene:KBTBD8	gene	KBTBD8	KBTBD8	KBTBD8	0.0	0.0	0.0								
gene:GRM6	gene	GRM6	GRM6	GRM6	0.0	0.0	0.0								
gene:ERP44	gene	ERP44	ERP44	ERP44	0.0	0.0	0.0								
gene:C17ORF80	gene	C17ORF80	C17orf80	C17ORF80	0.0	0.0	0.0								
gene:PSIP1	gene	PSIP1	PSIP1	PSIP1	0.0	0.0	0.0								
gene:AGTPBP1	gene	AGTPBP1	AGTPBP1	AGTPBP1	0.0	0.0	0.0								
gene:SAMD14	gene	SAMD14	SAMD14	SAMD14	0.0	0.0	0.0								
gene:CACNA1I	gene	CACNA1I	CACNA1I	CACNA1I	1.0	0.0	1.0								
gene:C8ORF34	gene	C8ORF34	C8orf34	C8ORF34	0.0	0.0	0.0								
gene:BANF1	gene	BANF1	BANF1	BANF1	0.0	0.0	0.0								
gene:FLT1	gene	FLT1	FLT1	FLT1	0.0	0.0	0.0								
gene:NHLRC2	gene	NHLRC2	NHLRC2	NHLRC2	0.0	0.0	0.0								
gene:HEXA	gene	HEXA	HEXA	HEXA	0.0	0.0	0.0								
gene:ANKRD6	gene	ANKRD6	ANKRD6	ANKRD6	0.0	0.0	0.0								
gene:GGCT	gene	GGCT	GGCT	GGCT	0.0	0.0	0.0								
gene:KIF22	gene	KIF22	KIF22	KIF22	0.0	0.0	0.0								
gene:FKBP2	gene	FKBP2	FKBP2	FKBP2	0.0	0.0	0.0								
gene:FZD7	gene	FZD7	FZD7	FZD7	0.0	0.0	0.0								
gene:SLC6A13	gene	SLC6A13	SLC6A13	SLC6A13	0.0	0.0	0.0								
gene:STX1B	gene	STX1B	STX1B	STX1B	0.0	0.0	0.0								
gene:CNTFR	gene	CNTFR	CNTFR	CNTFR	0.0	0.0	0.0								
gene:TMIE	gene	TMIE	TMIE	TMIE	0.0	0.0	0.0								
gene:SSTR1	gene	SSTR1	SSTR1	SSTR1	0.0	0.0	0.0								
gene:RPS6KB1	gene	RPS6KB1	RPS6KB1	RPS6KB1	0.0	0.0	0.0								
gene:FBXL19	gene	FBXL19	FBXL19	FBXL19	0.0	0.0	0.0								
gene:SNTB2	gene	SNTB2	SNTB2	SNTB2	0.0	0.0	0.0								
gene:DEF8	gene	DEF8	DEF8	DEF8	0.0	0.0	0.0								
gene:SLC2A12	gene	SLC2A12	SLC2A12	SLC2A12	0.0	0.0	0.0								
gene:ATXN1L	gene	ATXN1L	ATXN1L	ATXN1L	0.0	0.0	0.0								
gene:ABHD15	gene	ABHD15	ABHD15	ABHD15	0.0	0.0	0.0								
gene:PRKAB1	gene	PRKAB1	PRKAB1	PRKAB1	0.0	0.0	0.0								
gene:MSH2	gene	MSH2	MSH2	MSH2	0.0	0.0	0.0								
gene:ZNF426	gene	ZNF426	ZNF426	ZNF426	0.0	0.0	0.0								
gene:EIF6	gene	EIF6	EIF6	EIF6	0.0	0.0	0.0								
gene:SLC44A1	gene	SLC44A1	SLC44A1	SLC44A1	0.0	0.0	0.0								
gene:HIST1H2BK	gene	HIST1H2BK	HIST1H2BK	HIST1H2BK	0.0	0.0	0.0								
gene:DGKE	gene	DGKE	DGKE	DGKE	0.0	0.0	0.0								
gene:OSCP1	gene	OSCP1	OSCP1	OSCP1	0.0	0.0	0.0								
gene:SPRYD7	gene	SPRYD7	SPRYD7	SPRYD7	0.0	0.0	0.0								
gene:MCFD2	gene	MCFD2	MCFD2	MCFD2	0.0	0.0	0.0								
gene:PPDPF	gene	PPDPF	PPDPF	PPDPF	0.0	0.0	0.0								
gene:TSGA10	gene	TSGA10	TSGA10	TSGA10	0.0	0.0	0.0								
gene:NFRKB	gene	NFRKB	NFRKB	NFRKB	0.0	0.0	0.0								
gene:COBLL1	gene	COBLL1	COBLL1	COBLL1	0.0	0.0	0.0								
gene:PSRC1	gene	PSRC1	PSRC1	PSRC1	0.0	0.0	0.0								
gene:NR2C2	gene	NR2C2	NR2C2	NR2C2	0.0	0.0	0.0								
gene:TUSC3	gene	TUSC3	TUSC3	TUSC3	0.0	0.0	0.0								
gene:C5ORF24	gene	C5ORF24	C5orf24	C5ORF24	0.0	0.0	0.0								
gene:USP12	gene	USP12	USP12	USP12	0.0	0.0	0.0								
gene:SCARA3	gene	SCARA3	SCARA3	SCARA3	0.0	0.0	0.0								
gene:INPP5J	gene	INPP5J	INPP5J	INPP5J	0.0	0.0	0.0								
gene:BRIX1	gene	BRIX1	BRIX1	BRIX1	0.0	0.0	0.0								
gene:DBF4	gene	DBF4	DBF4	DBF4	0.0	0.0	0.0								
gene:TASP1	gene	TASP1	TASP1	TASP1	0.0	0.0	0.0								
gene:WDR1	gene	WDR1	WDR1	WDR1	0.0	0.0	0.0								
gene:FBXO11	gene	FBXO11	FBXO11	FBXO11	1.0	1.0	1.0								
gene:BRD2	gene	BRD2	BRD2	BRD2	0.0	0.0	0.0								
gene:SLIT3	gene	SLIT3	SLIT3	SLIT3	0.0	0.0	0.0								
gene:TGFBRAP1	gene	TGFBRAP1	TGFBRAP1	TGFBRAP1	0.0	0.0	0.0								
gene:BIRC6	gene	BIRC6	BIRC6	BIRC6	1.0	0.0	1.0								
gene:AC011139.1	gene	AC011139.1	AC011139.1	AC011139.1	0.0	0.0	0.0								
gene:MLLT11	gene	MLLT11	MLLT11	MLLT11	0.0	0.0	0.0								
gene:CENPBD1	gene	CENPBD1	CENPBD1	CENPBD1	0.0	0.0	0.0								
gene:NTPCR	gene	NTPCR	NTPCR	NTPCR	0.0	0.0	0.0								
gene:PIGM	gene	PIGM	PIGM	PIGM	0.0	0.0	0.0								
gene:SRFBP1	gene	SRFBP1	SRFBP1	SRFBP1	0.0	0.0	0.0								
gene:ALK	gene	ALK	ALK	ALK	0.0	0.0	0.0								
gene:CPVL	gene	CPVL	CPVL	CPVL	0.0	0.0	0.0								
gene:DCTN5	gene	DCTN5	DCTN5	DCTN5	0.0	0.0	0.0								
gene:CAPN1	gene	CAPN1	CAPN1	CAPN1	0.0	0.0	0.0								
gene:WDR12	gene	WDR12	WDR12	WDR12	0.0	0.0	0.0								
gene:PAPSS1	gene	PAPSS1	PAPSS1	PAPSS1	0.0	0.0	0.0								
gene:C1ORF21	gene	C1ORF21	C1orf21	C1ORF21	0.0	0.0	0.0								
gene:FBXW2	gene	FBXW2	FBXW2	FBXW2	0.0	0.0	0.0								
gene:AC010336.1	gene	AC010336.1	AC010336.1	AC010336.1	0.0	0.0	0.0								
gene:CTDSPL	gene	CTDSPL	CTDSPL	CTDSPL	0.0	0.0	0.0								
gene:C2CD2L	gene	C2CD2L	C2CD2L	C2CD2L	0.0	0.0	0.0								
gene:RPS27	gene	RPS27	RPS27	RPS27	0.0	0.0	0.0								
gene:AHCTF1	gene	AHCTF1	AHCTF1	AHCTF1	0.0	0.0	0.0								
gene:DYRK1A	gene	DYRK1A	DYRK1A	DYRK1A	1.0	1.0	1.0								
gene:ARID3A	gene	ARID3A	ARID3A	ARID3A	0.0	0.0	0.0								
gene:YIPF3	gene	YIPF3	YIPF3	YIPF3	0.0	0.0	0.0								
gene:NUP98	gene	NUP98	NUP98	NUP98	0.0	0.0	0.0								
gene:UNC93B1	gene	UNC93B1	UNC93B1	UNC93B1	0.0	0.0	0.0								
gene:ZNF512B	gene	ZNF512B	ZNF512B	ZNF512B	0.0	0.0	0.0								
gene:SNX33	gene	SNX33	SNX33	SNX33	0.0	0.0	0.0								
gene:LIX1	gene	LIX1	LIX1	LIX1	0.0	0.0	0.0								
gene:NUDCD1	gene	NUDCD1	NUDCD1	NUDCD1	0.0	0.0	0.0								
gene:ZFP2	gene	ZFP2	ZFP2	ZFP2	0.0	0.0	0.0								
gene:ITGAM	gene	ITGAM	ITGAM	ITGAM	0.0	0.0	0.0								
gene:FNTA	gene	FNTA	FNTA	FNTA	0.0	0.0	0.0								
gene:PPM1E	gene	PPM1E	PPM1E	PPM1E	0.0	0.0	0.0								
gene:WASF3	gene	WASF3	WASF3	WASF3	0.0	0.0	0.0								
gene:POC1B	gene	POC1B	POC1B	POC1B	0.0	0.0	0.0								
gene:CADM4	gene	CADM4	CADM4	CADM4	0.0	0.0	0.0								
gene:CDKL1	gene	CDKL1	CDKL1	CDKL1	0.0	0.0	0.0								
gene:SREK1	gene	SREK1	SREK1	SREK1	0.0	0.0	0.0								
gene:GMDS	gene	GMDS	GMDS	GMDS	0.0	0.0	0.0								
gene:SEC11A	gene	SEC11A	SEC11A	SEC11A	0.0	0.0	0.0								
gene:SON	gene	SON	SON	SON	1.0	1.0	1.0								
gene:DSCAML1	gene	DSCAML1	DSCAML1	DSCAML1	0.0	0.0	0.0								
gene:RANBP1	gene	RANBP1	RANBP1	RANBP1	0.0	0.0	0.0								
gene:ENHO	gene	ENHO	ENHO	ENHO	0.0	0.0	0.0								
gene:PARP12	gene	PARP12	PARP12	PARP12	0.0	0.0	0.0								
gene:QPRT	gene	QPRT	QPRT	QPRT	0.0	0.0	0.0								
gene:SRPRB	gene	SRPRB	SRPRB	SRPRB	0.0	0.0	0.0								
gene:CNTLN	gene	CNTLN	CNTLN	CNTLN	0.0	0.0	0.0								
gene:NPL	gene	NPL	NPL	NPL	0.0	0.0	0.0								
gene:RADIL	gene	RADIL	RADIL	RADIL	0.0	0.0	0.0								
gene:USP19	gene	USP19	USP19	USP19	0.0	0.0	0.0								
gene:KLHL28	gene	KLHL28	KLHL28	KLHL28	0.0	0.0	0.0								
gene:SLC38A1	gene	SLC38A1	SLC38A1	SLC38A1	0.0	0.0	0.0								
gene:TGFBR2	gene	TGFBR2	TGFBR2	TGFBR2	0.0	0.0	0.0								
gene:ATP7B	gene	ATP7B	ATP7B	ATP7B	0.0	0.0	0.0								
gene:S1PR1	gene	S1PR1	S1PR1	S1PR1	0.0	0.0	0.0								
gene:WDR4	gene	WDR4	WDR4	WDR4	0.0	0.0	0.0								
gene:MYO5C	gene	MYO5C	MYO5C	MYO5C	1.0	0.0	1.0								
gene:IMPA1	gene	IMPA1	IMPA1	IMPA1	0.0	0.0	0.0								
gene:UBAP1L	gene	UBAP1L	UBAP1L	UBAP1L	0.0	0.0	0.0								
gene:SIX4	gene	SIX4	SIX4	SIX4	0.0	0.0	0.0								
gene:AXL	gene	AXL	AXL	AXL	0.0	0.0	0.0								
gene:RPS21	gene	RPS21	RPS21	RPS21	0.0	0.0	0.0								
gene:PRDM15	gene	PRDM15	PRDM15	PRDM15	0.0	0.0	0.0								
gene:CALCRL	gene	CALCRL	CALCRL	CALCRL	0.0	0.0	0.0								
gene:DLC1	gene	DLC1	DLC1	DLC1	0.0	0.0	0.0								
gene:ZCCHC10	gene	ZCCHC10	ZCCHC10	ZCCHC10	0.0	0.0	0.0								
gene:KCNJ8	gene	KCNJ8	KCNJ8	KCNJ8	0.0	0.0	0.0								
gene:ANKH	gene	ANKH	ANKH	ANKH	0.0	0.0	0.0								
gene:OAZ1	gene	OAZ1	OAZ1	OAZ1	0.0	0.0	0.0								
gene:TERF2	gene	TERF2	TERF2	TERF2	1.0	0.0	1.0								
gene:DCP2	gene	DCP2	DCP2	DCP2	0.0	0.0	0.0								
gene:ZNF563	gene	ZNF563	ZNF563	ZNF563	0.0	0.0	0.0								
gene:HERC5	gene	HERC5	HERC5	HERC5	0.0	0.0	0.0								
gene:KPNA3	gene	KPNA3	KPNA3	KPNA3	0.0	0.0	0.0								
gene:GON4L	gene	GON4L	GON4L	GON4L	0.0	0.0	0.0								
gene:DCAF6	gene	DCAF6	DCAF6	DCAF6	0.0	0.0	0.0								
gene:ENO1	gene	ENO1	ENO1	ENO1	0.0	0.0	0.0								
gene:LRRC6	gene	LRRC6	LRRC6	LRRC6	0.0	0.0	0.0								
gene:RGS20	gene	RGS20	RGS20	RGS20	0.0	0.0	0.0								
gene:B3GNT7	gene	B3GNT7	B3GNT7	B3GNT7	0.0	0.0	0.0								
gene:SLC12A8	gene	SLC12A8	SLC12A8	SLC12A8	0.0	0.0	0.0								
gene:EFCAB2	gene	EFCAB2	EFCAB2	EFCAB2	0.0	0.0	0.0								
gene:GIMAP5	gene	GIMAP5	GIMAP5	GIMAP5	0.0	0.0	0.0								
gene:FOXK2	gene	FOXK2	FOXK2	FOXK2	0.0	0.0	0.0								
gene:TEX264	gene	TEX264	TEX264	TEX264	0.0	0.0	0.0								
gene:P4HA2	gene	P4HA2	P4HA2	P4HA2	1.0	0.0	1.0								
gene:TBC1D22A	gene	TBC1D22A	TBC1D22A	TBC1D22A	0.0	0.0	0.0								
gene:PPM1M	gene	PPM1M	PPM1M	PPM1M	0.0	0.0	0.0								
gene:RBM45	gene	RBM45	RBM45	RBM45	0.0	0.0	0.0								
gene:ZNF419	gene	ZNF419	ZNF419	ZNF419	0.0	0.0	0.0								
gene:NR4A2	gene	NR4A2	NR4A2	NR4A2	1.0	1.0	1.0								
gene:TACC2	gene	TACC2	TACC2	TACC2	0.0	0.0	0.0								
gene:MAP3K7	gene	MAP3K7	MAP3K7	MAP3K7	0.0	0.0	0.0								
gene:PSMF1	gene	PSMF1	PSMF1	PSMF1	0.0	0.0	0.0								
gene:USP28	gene	USP28	USP28	USP28	0.0	0.0	0.0								
gene:TBCA	gene	TBCA	TBCA	TBCA	0.0	0.0	0.0								
gene:PLS1	gene	PLS1	PLS1	PLS1	0.0	0.0	0.0								
gene:ZNF638	gene	ZNF638	ZNF638	ZNF638	0.0	0.0	0.0								
gene:CACNA1E	gene	CACNA1E	CACNA1E	CACNA1E	1.0	1.0	1.0								
gene:KBTBD11	gene	KBTBD11	KBTBD11	KBTBD11	0.0	0.0	0.0								
gene:SPTLC1	gene	SPTLC1	SPTLC1	SPTLC1	0.0	0.0	0.0								
gene:KLHL22	gene	KLHL22	KLHL22	KLHL22	0.0	0.0	0.0								
gene:HSBP1	gene	HSBP1	HSBP1	HSBP1	0.0	0.0	0.0								
gene:ICAM3	gene	ICAM3	ICAM3	ICAM3	0.0	0.0	0.0								
gene:ING2	gene	ING2	ING2	ING2	0.0	0.0	0.0								
gene:MOGS	gene	MOGS	MOGS	MOGS	0.0	0.0	0.0								
gene:UBE4B	gene	UBE4B	UBE4B	UBE4B	0.0	0.0	0.0								
gene:VAV1	gene	VAV1	VAV1	VAV1	0.0	0.0	0.0								
gene:YPEL3	gene	YPEL3	YPEL3	YPEL3	0.0	0.0	0.0								
gene:TRAK2	gene	TRAK2	TRAK2	TRAK2	0.0	0.0	0.0								
gene:NUP50	gene	NUP50	NUP50	NUP50	0.0	0.0	0.0								
gene:NGEF	gene	NGEF	NGEF	NGEF	0.0	0.0	0.0								
gene:PLCL2	gene	PLCL2	PLCL2	PLCL2	0.0	0.0	0.0								
gene:DGAT2	gene	DGAT2	DGAT2	DGAT2	0.0	0.0	0.0								
gene:RAPGEF1	gene	RAPGEF1	RAPGEF1	RAPGEF1	0.0	0.0	0.0								
gene:LRRC4C	gene	LRRC4C	LRRC4C	LRRC4C	1.0	1.0	1.0								
gene:SNAPC3	gene	SNAPC3	SNAPC3	SNAPC3	0.0	0.0	0.0								
gene:AP1M1	gene	AP1M1	AP1M1	AP1M1	0.0	0.0	0.0								
gene:SGMS1	gene	SGMS1	SGMS1	SGMS1	0.0	0.0	0.0								
gene:CD63	gene	CD63	CD63	CD63	0.0	0.0	0.0								
gene:LRP10	gene	LRP10	LRP10	LRP10	0.0	0.0	0.0								
gene:UCKL1	gene	UCKL1	UCKL1	UCKL1	0.0	0.0	0.0								
gene:NOX4	gene	NOX4	NOX4	NOX4	0.0	0.0	0.0								
gene:CACNA1G	gene	CACNA1G	CACNA1G	CACNA1G	1.0	0.0	1.0								
gene:SERPINB8	gene	SERPINB8	SERPINB8	SERPINB8	0.0	0.0	0.0								
gene:KHDRBS2	gene	KHDRBS2	KHDRBS2	KHDRBS2	1.0	0.0	1.0								
gene:PEX5L	gene	PEX5L	PEX5L	PEX5L	0.0	0.0	0.0								
gene:FGL2	gene	FGL2	FGL2	FGL2	0.0	0.0	0.0								
gene:OAZ2	gene	OAZ2	OAZ2	OAZ2	0.0	0.0	0.0								
gene:RNF144A	gene	RNF144A	RNF144A	RNF144A	0.0	0.0	0.0								
gene:BTG1	gene	BTG1	BTG1	BTG1	0.0	0.0	0.0								
gene:ZNF883	gene	ZNF883	ZNF883	ZNF883	0.0	0.0	0.0								
gene:TMEM81	gene	TMEM81	TMEM81	TMEM81	0.0	0.0	0.0								
gene:GGT5	gene	GGT5	GGT5	GGT5	0.0	0.0	0.0								
gene:SNRPC	gene	SNRPC	SNRPC	SNRPC	0.0	0.0	0.0								
gene:ADAM10	gene	ADAM10	ADAM10	ADAM10	0.0	0.0	0.0								
gene:NAA16	gene	NAA16	NAA16	NAA16	0.0	0.0	0.0								
gene:SHC4	gene	SHC4	SHC4	SHC4	0.0	0.0	0.0								
gene:XPO6	gene	XPO6	XPO6	XPO6	0.0	0.0	0.0								
gene:SHISA6	gene	SHISA6	SHISA6	SHISA6	0.0	0.0	0.0								
gene:NID1	gene	NID1	NID1	NID1	0.0	0.0	0.0								
gene:ZKSCAN1	gene	ZKSCAN1	ZKSCAN1	ZKSCAN1	0.0	0.0	0.0								
gene:MCM3AP	gene	MCM3AP	MCM3AP	MCM3AP	0.0	0.0	0.0								
gene:CALHM2	gene	CALHM2	CALHM2	CALHM2	0.0	0.0	0.0								
gene:ZNF318	gene	ZNF318	ZNF318	ZNF318	0.0	0.0	0.0								
gene:DDX50	gene	DDX50	DDX50	DDX50	0.0	0.0	0.0								
gene:ZSWIM3	gene	ZSWIM3	ZSWIM3	ZSWIM3	0.0	0.0	0.0								
gene:ZNF596	gene	ZNF596	ZNF596	ZNF596	0.0	0.0	0.0								
gene:TMEM120A	gene	TMEM120A	TMEM120A	TMEM120A	0.0	0.0	0.0								
gene:ZC3HAV1	gene	ZC3HAV1	ZC3HAV1	ZC3HAV1	0.0	0.0	0.0								
gene:TM4SF1	gene	TM4SF1	TM4SF1	TM4SF1	0.0	0.0	0.0								
gene:PIK3R1	gene	PIK3R1	PIK3R1	PIK3R1	0.0	0.0	0.0								
gene:RASL12	gene	RASL12	RASL12	RASL12	0.0	0.0	0.0								
gene:MAP3K11	gene	MAP3K11	MAP3K11	MAP3K11	0.0	0.0	0.0								
gene:EIF2AK3	gene	EIF2AK3	EIF2AK3	EIF2AK3	0.0	0.0	0.0								
gene:NOC4L	gene	NOC4L	NOC4L	NOC4L	0.0	0.0	0.0								
gene:SIK1	gene	SIK1	SIK1	SIK1	1.0	1.0	1.0								
gene:RGS7BP	gene	RGS7BP	RGS7BP	RGS7BP	0.0	0.0	0.0								
gene:LPIN1	gene	LPIN1	LPIN1	LPIN1	0.0	0.0	0.0								
gene:DLK2	gene	DLK2	DLK2	DLK2	0.0	0.0	0.0								
gene:EPS15L1	gene	EPS15L1	EPS15L1	EPS15L1	0.0	0.0	0.0								
gene:ABCA10	gene	ABCA10	ABCA10	ABCA10	1.0	0.0	1.0								
gene:VANGL1	gene	VANGL1	VANGL1	VANGL1	0.0	0.0	0.0								
gene:LEMD2	gene	LEMD2	LEMD2	LEMD2	0.0	0.0	0.0								
gene:ACER2	gene	ACER2	ACER2	ACER2	0.0	0.0	0.0								
gene:KCNQ5	gene	KCNQ5	KCNQ5	KCNQ5	0.0	0.0	0.0								
gene:PDLIM5	gene	PDLIM5	PDLIM5	PDLIM5	0.0	0.0	0.0								
gene:SNAPC4	gene	SNAPC4	SNAPC4	SNAPC4	0.0	0.0	0.0								
gene:EZH1	gene	EZH1	EZH1	EZH1	0.0	0.0	0.0								
gene:HMGCS1	gene	HMGCS1	HMGCS1	HMGCS1	0.0	0.0	0.0								
gene:GRAMD1B	gene	GRAMD1B	GRAMD1B	GRAMD1B	0.0	0.0	0.0								
gene:NAV3	gene	NAV3	NAV3	NAV3	1.0	0.0	1.0								
gene:SLC2A5	gene	SLC2A5	SLC2A5	SLC2A5	0.0	0.0	0.0								
gene:AKR1E2	gene	AKR1E2	AKR1E2	AKR1E2	0.0	0.0	0.0								
gene:KLB	gene	KLB	KLB	KLB	0.0	0.0	0.0								
gene:RNF220	gene	RNF220	RNF220	RNF220	0.0	0.0	0.0								
gene:SPTB	gene	SPTB	SPTB	SPTB	0.0	0.0	0.0								
gene:CPNE7	gene	CPNE7	CPNE7	CPNE7	0.0	0.0	0.0								
gene:C6ORF47	gene	C6ORF47	C6orf47	C6ORF47	0.0	0.0	0.0								
gene:ATF3	gene	ATF3	ATF3	ATF3	0.0	0.0	0.0								
gene:SCAMP5	gene	SCAMP5	SCAMP5	SCAMP5	0.0	0.0	0.0								
gene:VSTM2L	gene	VSTM2L	VSTM2L	VSTM2L	0.0	0.0	0.0								
gene:WBP4	gene	WBP4	WBP4	WBP4	0.0	0.0	0.0								
gene:STK3	gene	STK3	STK3	STK3	0.0	0.0	0.0								
gene:BTN3A1	gene	BTN3A1	BTN3A1	BTN3A1	0.0	0.0	0.0								
gene:KPNA2	gene	KPNA2	KPNA2	KPNA2	0.0	0.0	0.0								
gene:TAB1	gene	TAB1	TAB1	TAB1	0.0	0.0	0.0								
gene:AC013402.2	gene	AC013402.2	AC013402.2	AC013402.2	0.0	0.0	0.0								
gene:LZTR1	gene	LZTR1	LZTR1	LZTR1	1.0	1.0	1.0								
gene:ZC3H14	gene	ZC3H14	ZC3H14	ZC3H14	0.0	0.0	0.0								
gene:PSAT1	gene	PSAT1	PSAT1	PSAT1	0.0	0.0	0.0								
gene:SPEN	gene	SPEN	SPEN	SPEN	1.0	0.0	1.0								
gene:LMCD1	gene	LMCD1	LMCD1	LMCD1	0.0	0.0	0.0								
gene:CORO1B	gene	CORO1B	CORO1B	CORO1B	0.0	0.0	0.0								
gene:CHEK1	gene	CHEK1	CHEK1	CHEK1	0.0	0.0	0.0								
gene:SPTBN4	gene	SPTBN4	SPTBN4	SPTBN4	0.0	0.0	0.0								
gene:LGR4	gene	LGR4	LGR4	LGR4	0.0	0.0	0.0								
gene:N4BP1	gene	N4BP1	N4BP1	N4BP1	0.0	0.0	0.0								
gene:SMG6	gene	SMG6	SMG6	SMG6	1.0	0.0	1.0								
gene:ZC3H7A	gene	ZC3H7A	ZC3H7A	ZC3H7A	0.0	0.0	0.0								
gene:RRBP1	gene	RRBP1	RRBP1	RRBP1	0.0	0.0	0.0								
gene:CLK3	gene	CLK3	CLK3	CLK3	0.0	0.0	0.0								
gene:TPRKB	gene	TPRKB	TPRKB	TPRKB	0.0	0.0	0.0								
gene:ZNF442	gene	ZNF442	ZNF442	ZNF442	0.0	0.0	0.0								
gene:TRIM44	gene	TRIM44	TRIM44	TRIM44	0.0	0.0	0.0								
gene:METTL3	gene	METTL3	METTL3	METTL3	0.0	0.0	0.0								
gene:PAF1	gene	PAF1	PAF1	PAF1	0.0	0.0	0.0								
gene:CDC25B	gene	CDC25B	CDC25B	CDC25B	0.0	0.0	0.0								
gene:RRP15	gene	RRP15	RRP15	RRP15	0.0	0.0	0.0								
gene:KIAA1522	gene	KIAA1522	KIAA1522	KIAA1522	0.0	0.0	0.0								
gene:AMDHD1	gene	AMDHD1	AMDHD1	AMDHD1	0.0	0.0	0.0								
gene:KCTD17	gene	KCTD17	KCTD17	KCTD17	0.0	0.0	0.0								
gene:RUFY2	gene	RUFY2	RUFY2	RUFY2	0.0	0.0	0.0								
gene:ZSCAN22	gene	ZSCAN22	ZSCAN22	ZSCAN22	0.0	0.0	0.0								
gene:MSH3	gene	MSH3	MSH3	MSH3	0.0	0.0	0.0								
gene:GSTO2	gene	GSTO2	GSTO2	GSTO2	0.0	0.0	0.0								
gene:RAVER1	gene	RAVER1	RAVER1	RAVER1	0.0	0.0	0.0								
gene:GPR179	gene	GPR179	GPR179	GPR179	0.0	0.0	0.0								
gene:PRMT5	gene	PRMT5	PRMT5	PRMT5	0.0	0.0	0.0								
gene:C1ORF50	gene	C1ORF50	C1orf50	C1ORF50	0.0	0.0	0.0								
gene:SCARB2	gene	SCARB2	SCARB2	SCARB2	0.0	0.0	0.0								
gene:RPL35	gene	RPL35	RPL35	RPL35	0.0	0.0	0.0								
gene:PLCB1	gene	PLCB1	PLCB1	PLCB1	1.0	0.0	1.0								
gene:TOR3A	gene	TOR3A	TOR3A	TOR3A	0.0	0.0	0.0								
gene:GPR137B	gene	GPR137B	GPR137B	GPR137B	0.0	0.0	0.0								
gene:NRBP2	gene	NRBP2	NRBP2	NRBP2	0.0	0.0	0.0								
gene:PLEKHB2	gene	PLEKHB2	PLEKHB2	PLEKHB2	0.0	0.0	0.0								
gene:ADORA2B	gene	ADORA2B	ADORA2B	ADORA2B	0.0	0.0	0.0								
gene:GNAZ	gene	GNAZ	GNAZ	GNAZ	0.0	0.0	0.0								
gene:UNC13A	gene	UNC13A	UNC13A	UNC13A	1.0	1.0	1.0								
gene:IZUMO4	gene	IZUMO4	IZUMO4	IZUMO4	0.0	0.0	0.0								
gene:STON2	gene	STON2	STON2	STON2	0.0	0.0	0.0								
gene:PLAG1	gene	PLAG1	PLAG1	PLAG1	0.0	0.0	0.0								
gene:CNOT3	gene	CNOT3	CNOT3	CNOT3	1.0	1.0	1.0								
gene:KIAA0355	gene	KIAA0355	KIAA0355	KIAA0355	0.0	0.0	0.0								
gene:OGFOD1	gene	OGFOD1	OGFOD1	OGFOD1	0.0	0.0	0.0								
gene:TCEA2	gene	TCEA2	TCEA2	TCEA2	0.0	0.0	0.0								
gene:LUZP2	gene	LUZP2	LUZP2	LUZP2	0.0	0.0	0.0								
gene:SEMA6A	gene	SEMA6A	SEMA6A	SEMA6A	0.0	0.0	0.0								
gene:RNF11	gene	RNF11	RNF11	RNF11	0.0	0.0	0.0								
gene:MYO1D	gene	MYO1D	MYO1D	MYO1D	0.0	0.0	0.0								
gene:ADH5	gene	ADH5	ADH5	ADH5	0.0	0.0	0.0								
gene:PLCG1	gene	PLCG1	PLCG1	PLCG1	0.0	0.0	0.0								
gene:VWA1	gene	VWA1	VWA1	VWA1	0.0	0.0	0.0								
gene:ZNF233	gene	ZNF233	ZNF233	ZNF233	0.0	0.0	0.0								
gene:RAD50	gene	RAD50	RAD50	RAD50	0.0	0.0	0.0								
gene:WNT7B	gene	WNT7B	WNT7B	WNT7B	0.0	0.0	0.0								
gene:CDC123	gene	CDC123	CDC123	CDC123	0.0	0.0	0.0								
gene:SENP6	gene	SENP6	SENP6	SENP6	1.0	0.0	0.0								
gene:SLC7A11	gene	SLC7A11	SLC7A11	SLC7A11	0.0	0.0	0.0								
gene:SPICE1	gene	SPICE1	SPICE1	SPICE1	0.0	0.0	0.0								
gene:HUNK	gene	HUNK	HUNK	HUNK	0.0	0.0	0.0								
gene:CYB561D1	gene	CYB561D1	CYB561D1	CYB561D1	0.0	0.0	0.0								
gene:WNK1	gene	WNK1	WNK1	WNK1	0.0	0.0	0.0								
gene:LGI2	gene	LGI2	LGI2	LGI2	0.0	0.0	0.0								
gene:DNAJC17	gene	DNAJC17	DNAJC17	DNAJC17	0.0	0.0	0.0								
gene:SLC29A4	gene	SLC29A4	SLC29A4	SLC29A4	1.0	0.0	1.0								
gene:ADRB2	gene	ADRB2	ADRB2	ADRB2	1.0	0.0	1.0								
gene:PSMD13	gene	PSMD13	PSMD13	PSMD13	0.0	0.0	0.0								
gene:ABT1	gene	ABT1	ABT1	ABT1	0.0	0.0	0.0								
gene:NRG4	gene	NRG4	NRG4	NRG4	0.0	0.0	0.0								
gene:KIF5C	gene	KIF5C	KIF5C	KIF5C	1.0	1.0	1.0								
gene:SNRPD3	gene	SNRPD3	SNRPD3	SNRPD3	0.0	0.0	0.0								
gene:CYB561	gene	CYB561	CYB561	CYB561	0.0	0.0	0.0								
gene:CCDC115	gene	CCDC115	CCDC115	CCDC115	0.0	0.0	0.0								
gene:SNX32	gene	SNX32	SNX32	SNX32	0.0	0.0	0.0								
gene:UBA2	gene	UBA2	UBA2	UBA2	0.0	0.0	0.0								
gene:INA	gene	INA	INA	INA	0.0	0.0	0.0								
gene:LMO3	gene	LMO3	LMO3	LMO3	0.0	0.0	0.0								
gene:GPBP1	gene	GPBP1	GPBP1	GPBP1	0.0	0.0	0.0								
gene:FBN2	gene	FBN2	FBN2	FBN2	0.0	0.0	0.0								
gene:SACM1L	gene	SACM1L	SACM1L	SACM1L	0.0	0.0	0.0								
gene:SLC26A2	gene	SLC26A2	SLC26A2	SLC26A2	0.0	0.0	0.0								
gene:ZDHHC8	gene	ZDHHC8	ZDHHC8	ZDHHC8	0.0	0.0	0.0								
gene:LMLN	gene	LMLN	LMLN	LMLN	0.0	0.0	0.0								
gene:CITED2	gene	CITED2	CITED2	CITED2	0.0	0.0	0.0								
gene:FAM200B	gene	FAM200B	FAM200B	FAM200B	0.0	0.0	0.0								
gene:CPSF2	gene	CPSF2	CPSF2	CPSF2	0.0	0.0	0.0								
gene:ADCYAP1	gene	ADCYAP1	ADCYAP1	ADCYAP1	0.0	0.0	0.0								
gene:PRPF38B	gene	PRPF38B	PRPF38B	PRPF38B	0.0	0.0	0.0								
gene:OSGIN2	gene	OSGIN2	OSGIN2	OSGIN2	0.0	0.0	0.0								
gene:NCOA1	gene	NCOA1	NCOA1	NCOA1	1.0	1.0	1.0								
gene:DOCK1	gene	DOCK1	DOCK1	DOCK1	1.0	0.0	1.0								
gene:RIN3	gene	RIN3	RIN3	RIN3	0.0	0.0	0.0								
gene:STK40	gene	STK40	STK40	STK40	0.0	0.0	0.0								
gene:TTC12	gene	TTC12	TTC12	TTC12	0.0	0.0	0.0								
gene:ATP2B4	gene	ATP2B4	ATP2B4	ATP2B4	0.0	0.0	0.0								
gene:C12ORF76	gene	C12ORF76	C12orf76	C12ORF76	0.0	0.0	0.0								
gene:GTF3C3	gene	GTF3C3	GTF3C3	GTF3C3	0.0	0.0	0.0								
gene:ASCC1	gene	ASCC1	ASCC1	ASCC1	0.0	0.0	0.0								
gene:TSC22D2	gene	TSC22D2	TSC22D2	TSC22D2	0.0	0.0	0.0								
gene:TMPRSS5	gene	TMPRSS5	TMPRSS5	TMPRSS5	0.0	0.0	0.0								
gene:TSEN2	gene	TSEN2	TSEN2	TSEN2	0.0	0.0	0.0								
gene:BCAM	gene	BCAM	BCAM	BCAM	0.0	0.0	0.0								
gene:LSM5	gene	LSM5	LSM5	LSM5	0.0	0.0	0.0								
gene:FADS2	gene	FADS2	FADS2	FADS2	0.0	0.0	0.0								
gene:MALAT1	gene	MALAT1	MALAT1	MALAT1	0.0	0.0	0.0								
gene:TMEM165	gene	TMEM165	TMEM165	TMEM165	0.0	0.0	0.0								
gene:RWDD4	gene	RWDD4	RWDD4	RWDD4	0.0	0.0	0.0								
gene:CHMP1A	gene	CHMP1A	CHMP1A	CHMP1A	1.0	0.0	1.0								
gene:RSRC1	gene	RSRC1	RSRC1	RSRC1	1.0	1.0	1.0								
gene:CCDC47	gene	CCDC47	CCDC47	CCDC47	0.0	0.0	0.0								
gene:ADAM22	gene	ADAM22	ADAM22	ADAM22	0.0	0.0	0.0								
gene:ACOX2	gene	ACOX2	ACOX2	ACOX2	0.0	0.0	0.0								
gene:FAM120B	gene	FAM120B	FAM120B	FAM120B	0.0	0.0	0.0								
gene:NOP14	gene	NOP14	NOP14	NOP14	0.0	0.0	0.0								
gene:TRIM47	gene	TRIM47	TRIM47	TRIM47	0.0	0.0	0.0								
gene:LANCL1	gene	LANCL1	LANCL1	LANCL1	0.0	0.0	0.0								
gene:PDXDC1	gene	PDXDC1	PDXDC1	PDXDC1	0.0	0.0	0.0								
gene:FAM114A2	gene	FAM114A2	FAM114A2	FAM114A2	0.0	0.0	0.0								
gene:NET1	gene	NET1	NET1	NET1	0.0	0.0	0.0								
gene:WDR18	gene	WDR18	WDR18	WDR18	0.0	0.0	0.0								
gene:MYCT1	gene	MYCT1	MYCT1	MYCT1	0.0	0.0	0.0								
gene:CALM2	gene	CALM2	CALM2	CALM2	0.0	0.0	0.0								
gene:STAM2	gene	STAM2	STAM2	STAM2	0.0	0.0	0.0								
gene:TSPAN12	gene	TSPAN12	TSPAN12	TSPAN12	0.0	0.0	0.0								
gene:PPP1R7	gene	PPP1R7	PPP1R7	PPP1R7	0.0	0.0	0.0								
gene:SPARC	gene	SPARC	SPARC	SPARC	0.0	0.0	0.0								
gene:ORC6	gene	ORC6	ORC6	ORC6	0.0	0.0	0.0								
gene:PARP14	gene	PARP14	PARP14	PARP14	0.0	0.0	0.0								
gene:RUFY3	gene	RUFY3	RUFY3	RUFY3	0.0	0.0	0.0								
gene:TFIP11	gene	TFIP11	TFIP11	TFIP11	0.0	0.0	0.0								
gene:RDH10	gene	RDH10	RDH10	RDH10	0.0	0.0	0.0								
gene:FHOD3	gene	FHOD3	FHOD3	FHOD3	0.0	0.0	0.0								
gene:ATP2A2	gene	ATP2A2	ATP2A2	ATP2A2	0.0	0.0	0.0								
gene:SLC10A7	gene	SLC10A7	SLC10A7	SLC10A7	0.0	0.0	0.0								
gene:PPP1R3G	gene	PPP1R3G	PPP1R3G	PPP1R3G	0.0	0.0	0.0								
gene:FAM163B	gene	FAM163B	FAM163B	FAM163B	0.0	0.0	0.0								
gene:ZNF397	gene	ZNF397	ZNF397	ZNF397	0.0	0.0	0.0								
gene:SAMD9L	gene	SAMD9L	SAMD9L	SAMD9L	0.0	0.0	0.0								
gene:PINX1	gene	PINX1	PINX1	PINX1	0.0	0.0	0.0								
gene:TRIM71	gene	TRIM71	TRIM71	TRIM71	0.0	0.0	0.0								
gene:LRRC2	gene	LRRC2	LRRC2	LRRC2	0.0	0.0	0.0								
gene:SLC35E1	gene	SLC35E1	SLC35E1	SLC35E1	0.0	0.0	0.0								
gene:DNAJC18	gene	DNAJC18	DNAJC18	DNAJC18	0.0	0.0	0.0								
gene:PCYT1A	gene	PCYT1A	PCYT1A	PCYT1A	0.0	0.0	0.0								
gene:GIGYF2	gene	GIGYF2	GIGYF2	GIGYF2	1.0	1.0	1.0								
gene:SP100	gene	SP100	SP100	SP100	0.0	0.0	0.0								
gene:UBE2S	gene	UBE2S	UBE2S	UBE2S	0.0	0.0	0.0								
gene:SLC12A1	gene	SLC12A1	SLC12A1	SLC12A1	0.0	0.0	0.0								
gene:RINT1	gene	RINT1	RINT1	RINT1	0.0	0.0	0.0								
gene:ELK4	gene	ELK4	ELK4	ELK4	0.0	0.0	0.0								
gene:SNX1	gene	SNX1	SNX1	SNX1	0.0	0.0	0.0								
gene:BBX	gene	BBX	BBX	BBX	0.0	0.0	0.0								
gene:LAIR1	gene	LAIR1	LAIR1	LAIR1	0.0	0.0	0.0								
gene:RWDD2B	gene	RWDD2B	RWDD2B	RWDD2B	0.0	0.0	0.0								
gene:CNTN6	gene	CNTN6	CNTN6	CNTN6	1.0	0.0	1.0								
gene:GEMIN2	gene	GEMIN2	GEMIN2	GEMIN2	0.0	0.0	0.0								
gene:ZNF441	gene	ZNF441	ZNF441	ZNF441	0.0	0.0	0.0								
gene:FGF14-IT1	gene	FGF14-IT1	FGF14-IT1	FGF14-IT1	0.0	0.0	0.0								
gene:SART1	gene	SART1	SART1	SART1	0.0	0.0	0.0								
gene:SNHG7	gene	SNHG7	SNHG7	SNHG7	0.0	0.0	0.0								
gene:NR1D1	gene	NR1D1	NR1D1	NR1D1	1.0	0.0	1.0								
gene:AP2B1	gene	AP2B1	AP2B1	AP2B1	0.0	0.0	0.0								
gene:MAB21L1	gene	MAB21L1	MAB21L1	MAB21L1	0.0	0.0	0.0								
gene:SAR1A	gene	SAR1A	SAR1A	SAR1A	0.0	0.0	0.0								
gene:TGOLN2	gene	TGOLN2	TGOLN2	TGOLN2	0.0	0.0	0.0								
gene:RCAN3	gene	RCAN3	RCAN3	RCAN3	0.0	0.0	0.0								
gene:TSPYL1	gene	TSPYL1	TSPYL1	TSPYL1	0.0	0.0	0.0								
gene:PEX1	gene	PEX1	PEX1	PEX1	0.0	0.0	0.0								
gene:CD81	gene	CD81	CD81	CD81	0.0	0.0	0.0								
gene:NEURL4	gene	NEURL4	NEURL4	NEURL4	0.0	0.0	0.0								
gene:ISOC1	gene	ISOC1	ISOC1	ISOC1	0.0	0.0	0.0								
gene:OTUB1	gene	OTUB1	OTUB1	OTUB1	0.0	0.0	0.0								
gene:MAST1	gene	MAST1	MAST1	MAST1	1.0	0.0	0.0								
gene:CLTB	gene	CLTB	CLTB	CLTB	0.0	0.0	0.0								
gene:AAK1	gene	AAK1	AAK1	AAK1	0.0	0.0	0.0								
gene:MLX	gene	MLX	MLX	MLX	0.0	0.0	0.0								
gene:FAAH	gene	FAAH	FAAH	FAAH	0.0	0.0	0.0								
gene:ZDHHC11B	gene	ZDHHC11B	ZDHHC11B	ZDHHC11B	0.0	0.0	0.0								
gene:SLC35D1	gene	SLC35D1	SLC35D1	SLC35D1	0.0	0.0	0.0								
gene:ABHD3	gene	ABHD3	ABHD3	ABHD3	0.0	0.0	0.0								
gene:NRBP1	gene	NRBP1	NRBP1	NRBP1	0.0	0.0	0.0								
gene:PPP1R12B	gene	PPP1R12B	PPP1R12B	PPP1R12B	0.0	0.0	0.0								
gene:RPS27A	gene	RPS27A	RPS27A	RPS27A	0.0	0.0	0.0								
gene:IRF3	gene	IRF3	IRF3	IRF3	0.0	0.0	0.0								
gene:STAG3	gene	STAG3	STAG3	STAG3	0.0	0.0	0.0								
gene:ZNF827	gene	ZNF827	ZNF827	ZNF827	1.0	0.0	1.0								
gene:PUF60	gene	PUF60	PUF60	PUF60	1.0	1.0	1.0								
gene:SNRPB	gene	SNRPB	SNRPB	SNRPB	0.0	0.0	0.0								
gene:FUCA2	gene	FUCA2	FUCA2	FUCA2	0.0	0.0	0.0								
gene:TDRD6	gene	TDRD6	TDRD6	TDRD6	0.0	0.0	0.0								
gene:SEC16A	gene	SEC16A	SEC16A	SEC16A	0.0	0.0	0.0								
gene:GAR1	gene	GAR1	GAR1	GAR1	0.0	0.0	0.0								
gene:TELO2	gene	TELO2	TELO2	TELO2	0.0	0.0	0.0								
gene:FADS1	gene	FADS1	FADS1	FADS1	0.0	0.0	0.0								
gene:POLH	gene	POLH	POLH	POLH	0.0	0.0	0.0								
gene:ENKUR	gene	ENKUR	ENKUR	ENKUR	0.0	0.0	0.0								
gene:URB1	gene	URB1	URB1	URB1	0.0	0.0	0.0								
gene:GLIS2	gene	GLIS2	GLIS2	GLIS2	0.0	0.0	0.0								
gene:SRSF11	gene	SRSF11	SRSF11	SRSF11	1.0	0.0	1.0								
gene:TMED9	gene	TMED9	TMED9	TMED9	0.0	0.0	0.0								
gene:TSHZ2	gene	TSHZ2	TSHZ2	TSHZ2	0.0	0.0	0.0								
gene:ZNF460	gene	ZNF460	ZNF460	ZNF460	0.0	0.0	0.0								
module:NTM1_ASD_up|top50	native_module	NTM1_ASD_up|top50						NTM1_ASD_up	50.0	late_prenatal	prenatal	low_overlap_caution	14.0		
module:NTM2_ASD_down|top50	native_module	NTM2_ASD_down|top50						NTM2_ASD_down	50.0	childhood_adolescence	postnatal_developmental	low_overlap_caution	23.0		
module:NTM3_ASD_signed|top50	native_module	NTM3_ASD_signed|top50						NTM3_ASD_signed	50.0	early_postnatal	postnatal_developmental	low_overlap_caution	15.0		
module:NTM1_ASD_up|top100	native_module	NTM1_ASD_up|top100						NTM1_ASD_up	100.0	late_prenatal	prenatal	low_overlap_caution	29.0		
module:NTM2_ASD_down|top100	native_module	NTM2_ASD_down|top100						NTM2_ASD_down	100.0	childhood_adolescence	postnatal_developmental	low_overlap_caution	38.0		
module:NTM3_ASD_signed|top100	native_module	NTM3_ASD_signed|top100						NTM3_ASD_signed	100.0	mid_prenatal	prenatal	low_overlap_caution	34.0		
module:NTM1_ASD_up|top200	native_module	NTM1_ASD_up|top200						NTM1_ASD_up	200.0	late_prenatal	prenatal	usable_overlap	59.0		
module:NTM2_ASD_down|top200	native_module	NTM2_ASD_down|top200						NTM2_ASD_down	200.0	childhood_adolescence	postnatal_developmental	usable_overlap	72.0		
module:NTM3_ASD_signed|top200	native_module	NTM3_ASD_signed|top200						NTM3_ASD_signed	200.0	late_prenatal	prenatal	usable_overlap	62.0		
module:NTM1_ASD_up|top500	native_module	NTM1_ASD_up|top500						NTM1_ASD_up	500.0	late_prenatal	prenatal	usable_overlap	142.0		
module:NTM2_ASD_down|top500	native_module	NTM2_ASD_down|top500						NTM2_ASD_down	500.0	childhood_adolescence	postnatal_developmental	usable_overlap	192.0		
module:NTM3_ASD_signed|top500	native_module	NTM3_ASD_signed|top500						NTM3_ASD_signed	500.0	late_prenatal	prenatal	usable_overlap	161.0		
stage:childhood_adolescence	developmental_stage	childhood_adolescence												childhood_adolescence	
stage:adulthood	developmental_stage	adulthood												adulthood	
stage:early_postnatal	developmental_stage	early_postnatal												early_postnatal	
stage:early_prenatal	developmental_stage	early_prenatal												early_prenatal	
stage:late_prenatal	developmental_stage	late_prenatal												late_prenatal	
stage:mid_prenatal	developmental_stage	mid_prenatal												mid_prenatal	
risk_set:is_SFARI_all_fixed	risk_set	is_SFARI_all_fixed													is_SFARI_all_fixed
risk_set:is_SFARI_score_le1_fixed	risk_set	is_SFARI_score_le1_fixed													is_SFARI_score_le1_fixed
risk_set:is_SFARI_score_le2_fixed	risk_set	is_SFARI_score_le2_fixed													is_SFARI_score_le2_fixed
risk_set:is_SFARI_score_le3_fixed	risk_set	is_SFARI_score_le3_fixed													is_SFARI_score_le3_fixed
risk_set:is_SFARI_syndromic_fixed	risk_set	is_SFARI_syndromic_fixed													is_SFARI_syndromic_fixed
risk_set:is_SFARI_S_plus_1_fixed	risk_set	is_SFARI_S_plus_1_fixed													is_SFARI_S_plus_1_fixed
risk_set:is_SFARI_S_plus_1_2_fixed	risk_set	is_SFARI_S_plus_1_2_fixed													is_SFARI_S_plus_1_2_fixed
