program	top_n	direction	rank_within_program	gene_symbol_fixed	ensembl_id_clean	gene_symbol	weight	weight_z	beta_ASD_vs_Control	se	t	p_value	fdr	mean_expression	sd_expression	mapping_source
NTM1_ASD_up	50	ASD_up	1	PGAM2	ENSG00000164708	ENSG00000164708.5_1	7.20971851829502	5.02628241495288	0.713980108592849	0.121699099027351	5.86676577147367	6.16994768556818e-08	0.000916402834212062	0.948570559944864	0.742747373437745	org.Hs.eg.db
NTM1_ASD_up	50	ASD_up	2	PCDHGA6	ENSG00000253731	ENSG00000253731.2_2	6.01412271071827	2.86074831715121	0.251492235338014	0.0480683186984918	5.23197486717804	9.6800430618953e-07	0.00617984369209139	3.68471601695383	0.290765598931853	org.Hs.eg.db
NTM1_ASD_up	50	ASD_up	3	PIRT	ENSG00000233670	ENSG00000233670.6_1	5.05062106677198	1.11559694573366	0.941053921046187	0.200597870543318	4.69124581680429	8.89977307527947e-06	0.0252465006095842	0.558546109744905	1.13034169090096	org.Hs.eg.db
NTM1_ASD_up	50	ASD_up	4	ARHGAP6	ENSG00000047648	ENSG00000047648.21_2	5.01938156206294	1.05901410041323	0.355895259312581	0.0761572922465021	4.67316062341919	9.56353469893258e-06	0.0252465006095842	2.61302620792832	0.410121874457749	org.Hs.eg.db
NTM1_ASD_up	50	ASD_up	5	PITPNA-AS1	ENSG00000236618	ENSG00000236618.2_1	4.87958528763785	0.805806789803179	0.314571318828804	0.0685080288170579	4.59174383295755	1.3195161569819e-05	0.0252465006095842	0.53507835456182	0.390853332546864	org.Hs.eg.db
NTM1_ASD_up	50	ASD_up	6	H1-2	ENSG00000187837	ENSG00000187837.3_1	4.84856990719471	0.749629891657264	0.364997519589538	0.0798058194535844	4.57357022443487	1.41719657082656e-05	0.0252465006095842	5.05447640789812	0.451399507309904	org.Hs.eg.db
NTM1_ASD_up	50	ASD_up	7	FAH	ENSG00000103876	ENSG00000103876.11_2	4.75124265057912	0.57334498708427	0.341422108690389	0.0755982207320324	4.51627175063555	1.77319847621979e-05	0.0252465006095842	2.38273760664979	0.419928514510813	org.Hs.eg.db
NTM1_ASD_up	50	ASD_up	8	BTG1	ENSG00000133639	ENSG00000133639.4_2	4.70597123337315	0.491346708908601	0.352970981657495	0.0786218416114411	4.48947740758759	1.96801664210095e-05	0.0252465006095842	4.28056713494804	0.438643012735124	org.Hs.eg.db
NTM1_ASD_up	50	ASD_up	9	CXCL5	ENSG00000163735	ENSG00000163735.6_1	4.70202457051339	0.484198278861282	0.613055562950394	0.136625099412451	4.48713717747914	1.9859825558299e-05	0.0252465006095842	-0.842256162110143	0.741164569439205	org.Hs.eg.db
NTM1_ASD_up	50	ASD_up	10	FTL	ENSG00000087086	ENSG00000087086.14_2	4.67509714484616	0.43542572706838	0.462301144410212	0.103396442915849	4.47115134111977	2.11301633844375e-05	0.0252465006095842	8.72792724362507	0.568709047055966	org.Hs.eg.db
NTM1_ASD_up	50	ASD_up	11	GADD45G	ENSG00000130222	ENSG00000130222.10_1	4.63056622604224	0.354768683554833	0.669729607493109	0.150682458640244	4.44464215368357	2.34117443968761e-05	0.0252465006095842	1.41845481831653	0.807248941840204	org.Hs.eg.db
NTM1_ASD_up	50	ASD_up	12	MTMR11	ENSG00000014914	ENSG00000014914.19_1	4.57292011111706	0.250356618302386	0.373333405371863	0.084652482731958	4.41018849445892	2.67349815596139e-05	0.0252465006095842	2.36299823969209	0.464323871888151	org.Hs.eg.db
NTM1_ASD_up	50	ASD_up	13	H4C14	ENSG00000270882	ENSG00000270882.2_1	4.55987022516043	0.226719890210479	0.329859187455614	0.0749276874941237	4.4023671153802	2.75505183835707e-05	0.0252465006095842	3.30063549458367	0.40915074759878	org.Hs.eg.db
NTM1_ASD_up	50	ASD_up	14	PLEKHA4	ENSG00000105559	ENSG00000105559.11_1	4.55023103057427	0.209260808788997	0.737325413987447	0.167704130537728	4.39658469724794	2.81688404169933e-05	0.0252465006095842	0.526121254816732	0.953575110503336	org.Hs.eg.db
NTM1_ASD_up	50	ASD_up	15	HNRNPH1	ENSG00000169045	ENSG00000169045.13	4.54444093479356	0.198773443608224	0.141671355397032	0.0322485397555073	4.39310916001517	2.85469073293072e-05	0.0252465006095842	7.04029351392028	0.186677360345628	org.Hs.eg.db
NTM1_ASD_up	50	ASD_up	16	BCCIP	ENSG00000107949	ENSG00000107949.16_2	4.53898953614708	0.18889954678217	0.221543837258979	0.0504674581740101	4.38983545585164	2.89074953099052e-05	0.0252465006095842	4.45886958139924	0.269474371068835	org.Hs.eg.db
NTM1_ASD_up	50	ASD_up	17	ABCA1	ENSG00000165029	ENSG00000165029.15_1	4.51075268234858	0.137755281029656	0.504615612106569	0.115397274754528	4.37285553909297	3.08494423312607e-05	0.0252465006095842	5.5856756749042	0.618716008748952	org.Hs.eg.db
NTM1_ASD_up	50	ASD_up	18	CSTB	ENSG00000160213	ENSG00000160213.5_1	4.50543993966292	0.128132526110544	0.27780152748036	0.063575141504487	4.36965645543634	3.12291425678066e-05	0.0252465006095842	3.57244665341182	0.375702203668638	org.Hs.eg.db
NTM1_ASD_up	50	ASD_up	19	ARMCX6	ENSG00000198960	ENSG00000198960.10_2	4.49773909292779	0.114184295378055	0.202123361081816	0.0463052869339183	4.3650169228033	3.178783185255e-05	0.0252465006095842	2.6943427082717	0.262357388374559	org.Hs.eg.db
NTM1_ASD_up	50	ASD_up	20	IGFBP5	ENSG00000115461	ENSG00000115461.4_2	4.48773048332092	0.0960561075424057	0.345943619137745	0.0793633844090669	4.35898269351303	3.25289104327063e-05	0.0252465006095842	6.5019623306624	0.424364698302647	org.Hs.eg.db
NTM1_ASD_up	50	ASD_up	21	TMEM176A	ENSG00000002933	ENSG00000002933.7_2	4.44560789496208	0.0197611750906107	0.584072234267297	0.134779700725371	4.3335326545754	3.58419892333066e-05	0.0267612442010097	1.50944746309793	0.745226173073056	org.Hs.eg.db
NTM1_ASD_up	50	ASD_up	22	HMGN1	ENSG00000205581	ENSG00000205581.10_1	4.41438035214001	-0.0368000041500698	0.189724548085968	0.0439726021818793	4.31460815762576	3.85140906144277e-05	0.0267612442010097	5.42821967697533	0.239523117274098	org.Hs.eg.db
NTM1_ASD_up	50	ASD_up	23	SLC2A4RG	ENSG00000125520	ENSG00000125520.13_2	4.36586526979047	-0.124673401179222	0.319979311705607	0.0746723857837495	4.28510899105679	4.3066019252224e-05	0.0267612442010097	2.65727238384527	0.472861406161148	org.Hs.eg.db
NTM1_ASD_up	50	ASD_up	24	UXT-AS1	ENSG00000267064	ENSG00000267064.1_1	4.35895711628577	-0.137185858878121	0.570022008523745	0.133154751994863	4.28089872861418	4.37565309712027e-05	0.0267612442010097	-2.1283168428756	0.713547702082612	org.Hs.eg.db
NTM1_ASD_up	50	ASD_up	25	EMP3	ENSG00000142227	ENSG00000142227.10_2	4.35891209592947	-0.137267402419885	0.734525738125885	0.17158323380666	4.28087128229294	4.37610671483944e-05	0.0267612442010097	0.809312583671095	0.92778704343466	org.Hs.eg.db
NTM1_ASD_up	50	ASD_up	26	FOXJ1	ENSG00000129654	ENSG00000129654.7_1	4.35077776535989	-0.152000784805117	0.994372733552641	0.232552278049839	4.27591052597444	4.45884355372326e-05	0.0267612442010097	0.102948818038827	1.31395617382119	org.Hs.eg.db
NTM1_ASD_up	50	ASD_up	27	RPS3	ENSG00000149273	ENSG00000149273.14_2	4.34432605971197	-0.163686497050862	0.202645419350223	0.0474360199362311	4.2719734839188	4.52557680964087e-05	0.0267612442010097	6.67163446446257	0.257008565470464	org.Hs.eg.db
NTM1_ASD_up	50	ASD_up	28	SNHG19	ENSG00000260260	ENSG00000260260.1_1	4.33245991305077	-0.185179166263556	0.332496038206217	0.077964207468487	4.26472671245471	4.65093303977122e-05	0.0268629239478507	0.620298846191747	0.434843020777338	org.Hs.eg.db
NTM1_ASD_up	50	ASD_up	29	GTF2A1L	ENSG00000242441	ENSG00000242441.7_2	4.29489688255692	-0.253215556852832	0.989233883024591	0.23321428855178	4.24173788479068	5.07111100761178e-05	0.0286241165875105	-0.870336204239481	1.29631258213786	org.Hs.eg.db
NTM1_ASD_up	50	ASD_up	30	DDR2	ENSG00000162733	ENSG00000162733.16_1	4.25581641962911	-0.324000411142003	0.480240879123992	0.113862112132598	4.21774082817583	5.54860208032488e-05	0.0303308541132105	5.06216053169138	0.617327173644864	org.Hs.eg.db
NTM1_ASD_up	50	ASD_up	31	NABP1	ENSG00000173559	ENSG00000173559.12_1	4.2327175690044	-0.365838420551895	0.497937421816289	0.118457293198103	4.20351848647732	5.85170509336777e-05	0.0309219037657196	2.81578619395434	0.622937019235802	org.Hs.eg.db
NTM1_ASD_up	50	ASD_up	32	PABPC1	ENSG00000070756	ENSG00000070756.14_2	4.18268487204014	-0.456460611257532	0.193139276718626	0.0462873745692652	4.17261247836835	6.56621543950644e-05	0.0325916229894719	6.75903851666304	0.276749233943626	org.Hs.eg.db
NTM1_ASD_up	50	ASD_up	33	GHRHR	ENSG00000106128	ENSG00000106128.18_1	4.16103189753518	-0.495679764011471	0.569385509713126	0.136898038216293	4.15919407708035	6.90189109804681e-05	0.0325916229894719	-2.21236296135965	0.745914979151765	org.Hs.eg.db
NTM1_ASD_up	50	ASD_up	34	DZIP1L	ENSG00000158163	ENSG00000158163.14_2	4.14734839405979	-0.520464137765188	0.393054254619324	0.0946958771021297	4.15070081874224	7.1228140377018e-05	0.0325916229894719	1.5564467171626	0.527540106634601	org.Hs.eg.db
NTM1_ASD_up	50	ASD_up	35	UBE2L6	ENSG00000156587	ENSG00000156587.15_2	4.09636713253115	-0.612804424917059	0.321441091450869	0.0780393148109279	4.11896352793012	8.01000648083738e-05	0.0344970382948302	4.29077748760395	0.422095125173943	org.Hs.eg.db
NTM1_ASD_up	50	ASD_up	36	LONRF3	ENSG00000175556	ENSG00000175556.16_1	4.09586529067049	-0.613713390684641	0.453742573177275	0.110167781104028	4.11865037699923	8.01926766213366e-05	0.0344970382948302	2.68217649365354	0.600659964107298	org.Hs.eg.db
NTM1_ASD_up	50	ASD_up	37	GFPT2	ENSG00000131459	ENSG00000131459.12_2	4.08154082031066	-0.639658721707539	0.319746002345866	0.0778026515815847	4.10970572141204	8.28818010151534e-05	0.0344970382948302	4.03643534121793	0.417627461677931	org.Hs.eg.db
NTM1_ASD_up	50	ASD_up	38	ZNF217	ENSG00000171940	ENSG00000171940.13_2	4.07197000536311	-0.656993949868531	0.420370976605414	0.102436495030588	4.1037227648202	8.47285930095282e-05	0.0344970382948302	2.98836774767286	0.569707235118933	org.Hs.eg.db
NTM1_ASD_up	50	ASD_up	39	CD99	ENSG00000002586	ENSG00000002586.18_2	4.04092295329309	-0.713228213545091	0.508244260762121	0.124439205771975	4.08427760052919	9.100747115709e-05	0.0356630831004443	3.72944795094798	0.767367124416675	org.Hs.eg.db
NTM1_ASD_up	50	ASD_up	40	TGIF1	ENSG00000177426	ENSG00000177426.20_2	4.03372049260923	-0.726273737877086	0.655944890343528	0.160780323342357	4.07975849723099	9.25293491570703e-05	0.0356630831004443	1.67601587046876	0.851559314774355	org.Hs.eg.db
NTM1_ASD_up	50	ASD_up	41	CHI3L2	ENSG00000064886	ENSG00000064886.13_2	4.02488209421331	-0.742282369703181	1.565645621764	0.38428213213023	4.07420874107521	9.44317212380473e-05	0.0356630831004443	-1.20951603053729	1.99711916998321	org.Hs.eg.db
NTM1_ASD_up	50	ASD_up	42	DDAH2	ENSG00000213722	ENSG00000213722.8_2	4.01525259993605	-0.759723881349369	0.361461169461524	0.08885133330112	4.0681569542296	9.65489155440757e-05	0.0356630831004443	3.53071060173477	0.493755749350724	org.Hs.eg.db
NTM1_ASD_up	50	ASD_up	43	RAB20	ENSG00000139832	ENSG00000139832.4_1	4.00359439238769	-0.780839918897542	0.682260732270652	0.168010467146562	4.06082278002055	9.91757760729429e-05	0.0356630831004443	0.438925610291704	0.944944499772304	org.Hs.eg.db
NTM1_ASD_up	50	ASD_up	44	MDK	ENSG00000110492	ENSG00000110492.15_2	3.99980525018311	-0.7877030381837	0.545700407958178	0.134460722373395	4.05843727689323	0.000100044852858411	0.0356630831004443	1.64595742093981	0.70863107106356	org.Hs.eg.db
NTM1_ASD_up	50	ASD_up	45	TMEM176B	ENSG00000106565	ENSG00000106565.17_2	3.98693579140637	-0.811012965857145	0.574074045624391	0.141735175018517	4.05032868904554	0.000103053846991277	0.0356630831004443	2.31726835442629	0.754372203415758	org.Hs.eg.db
NTM1_ASD_up	50	ASD_up	46	GDPD2	ENSG00000130055	ENSG00000130055.13_1	3.97583184533899	-0.831125092109739	0.523029880822324	0.129356396814726	4.04332444085811	0.00010572267780518	0.0356630831004443	0.965238897410035	0.727379210079485	org.Hs.eg.db
NTM1_ASD_up	50	ASD_up	47	SMAD1	ENSG00000170365	ENSG00000170365.9_2	3.9726439599843	-0.836899179298504	0.204734166158207	0.0506603195452503	4.04131217481438	0.000106501577359976	0.0356630831004443	3.77238734535422	0.27989967522337	org.Hs.eg.db
NTM1_ASD_up	50	ASD_up	48	LRAT	ENSG00000121207	ENSG00000121207.11_2	3.94902302919565	-0.879682811292257	0.53318387149439	0.132422549141718	4.02638277959579	0.000112454534147699	0.0356630831004443	0.635945035148851	0.793827411816159	org.Hs.eg.db
NTM1_ASD_up	50	ASD_up	49	RPL18A	ENSG00000105640	ENSG00000105640.12_1	3.94595963527571	-0.885231412204528	0.236505588892587	0.0587672692090097	4.02444408385626	0.000113250561705432	0.0356630831004443	5.87678581410606	0.353931435809554	org.Hs.eg.db
NTM1_ASD_up	50	ASD_up	50	EIF4EBP1	ENSG00000187840	ENSG00000187840.4_1	3.93977277863401	-0.896437414208645	0.455226064923487	0.113225473815557	4.02052691486232	0.000114875448865983	0.0356630831004443	0.993730738687919	0.626002622983772	org.Hs.eg.db
NTM2_ASD_down	50	ASD_down	1	ZNF804B	ENSG00000182348	ENSG00000182348.6_1	-6.00204416930744	-4.20313042049845	-0.543280570251208	0.103969604653257	-5.22537882165728	9.95304186196068e-07	0.00617984369209139	2.53441244810912	0.613706942685104	org.Hs.eg.db
NTM2_ASD_down	50	ASD_down	2	SUSD5	ENSG00000173705	ENSG00000173705.8_2	-4.89335536098251	-1.7771625935243	-0.350154341699042	0.0761238283607732	-4.59979942206214	1.2783348799876e-05	0.0252465006095842	4.45535091231067	0.442733660901006	org.Hs.eg.db
NTM2_ASD_down	50	ASD_down	3	NOS2	ENSG00000007171	ENSG00000007171.16_2	-4.82139570628448	-1.6197046974702	-0.486759099373344	0.106801309025554	-4.55761360805866	1.50870487520625e-05	0.0252465006095842	2.86335756056489	0.622680796614436	org.Hs.eg.db
NTM2_ASD_down	50	ASD_down	4	IRGQ	ENSG00000167378	ENSG00000167378.8_2	-4.76627462450893	-1.49909197912091	-0.246562267011425	0.0544871118014398	-4.52514840408387	1.71287383554676e-05	0.0252465006095842	7.14146942748417	0.315378010955711	org.Hs.eg.db
NTM2_ASD_down	50	ASD_down	5	TMEM151B	ENSG00000178233	ENSG00000178233.17_2	-4.75439472156047	-1.47309707223257	-0.345638231522596	0.076500218138596	-4.51813393389808	1.76037534918704e-05	0.0252465006095842	7.64243202376796	0.461587540089025	org.Hs.eg.db
NTM2_ASD_down	50	ASD_down	6	OVOL2	ENSG00000125850	ENSG00000125850.10_2	-4.72035155775408	-1.39860581778627	-0.454021690203937	0.100938604404447	-4.49799849009932	1.90391888756794e-05	0.0252465006095842	0.0666537749263885	0.567736531919317	org.Hs.eg.db
NTM2_ASD_down	50	ASD_down	7	COL10A1	ENSG00000123500	ENSG00000123500.9_2	-4.64040114822016	-1.22366302064941	-0.732143214370141	0.164507905906674	-4.45050473614009	2.28875260587941e-05	0.0252465006095842	1.79292021337282	0.994992274457642	org.Hs.eg.db
NTM2_ASD_down	50	ASD_down	8	WNT10A	ENSG00000135925	ENSG00000135925.8_1	-4.60749518513366	-1.15166012212276	-0.487456429248712	0.110013659236748	-4.43087188109715	2.46890747664152e-05	0.0252465006095842	0.33652026453688	0.70839257134227	org.Hs.eg.db
NTM2_ASD_down	50	ASD_down	9	TPBG	ENSG00000146242	ENSG00000146242.8_1	-4.49961714888502	-0.915607730133917	-0.551869408992683	0.126397301502868	-4.36614866323046	3.1650665865119e-05	0.0252465006095842	3.89929257633326	0.713820723796104	org.Hs.eg.db
NTM2_ASD_down	50	ASD_down	10	APOOL	ENSG00000155008	ENSG00000155008.13_1	-4.4902150855277	-0.895034686516313	-0.168977845559786	0.0387521102815849	-4.36048112817445	3.23433435965896e-05	0.0252465006095842	4.96583857070667	0.20859427625582	org.Hs.eg.db
NTM2_ASD_down	50	ASD_down	11	ATP2B2	ENSG00000157087	ENSG00000157087.16_2	-4.37978008568899	-0.653387296762835	-0.46546850386785	0.108410295757342	-4.29358208661033	4.17080527663791e-05	0.0267612442010097	9.69981104983396	0.639770791162906	org.Hs.eg.db
NTM2_ASD_down	50	ASD_down	12	SYT3	ENSG00000213023	ENSG00000213023.10_2	-4.35771917587339	-0.605114907752896	-0.335799162604467	0.0784551088560275	-4.2801439893569	4.38814352828476e-05	0.0267612442010097	4.52025141225486	0.448395399540066	org.Hs.eg.db
NTM2_ASD_down	50	ASD_down	13	BASP1	ENSG00000176788	ENSG00000176788.8_2	-4.25043917932904	-0.370371111170612	-0.313171272008399	0.07430923806755	-4.2144325544519	5.61772946210212e-05	0.0303308541132105	8.13842904191725	0.425852648087739	org.Hs.eg.db
NTM2_ASD_down	50	ASD_down	14	LYNX1	ENSG00000180155	ENSG00000180155.18_1	-4.19515521994107	-0.249401993582435	-0.351450714334223	0.0840725104958293	-4.18032853142477	6.38035407035571e-05	0.0325916229894719	7.8372462789467	0.449001053755683	org.Hs.eg.db
NTM2_ASD_down	50	ASD_down	15	CENPS-CORT	ENSG00000251503	ENSG00000251503.8_2	-4.18228216882888	-0.221233938129294	-0.584594634201572	0.140111158028787	-4.17236316098011	6.57230684171768e-05	0.0325916229894719	0.598216334968302	0.776631481068352	org.Hs.eg.db
NTM2_ASD_down	50	ASD_down	16	HR	ENSG00000168453	ENSG00000168453.14_2	-4.15442329006094	-0.160274773502469	-0.469309112631204	0.112947907294177	-4.15509347516172	7.00771950098475e-05	0.0325916229894719	5.730475118117	0.599590422796039	org.Hs.eg.db
NTM2_ASD_down	50	ASD_down	17	RNF157	ENSG00000141576	ENSG00000141576.14_2	-4.14629829441838	-0.14249613455964	-0.260737377157925	0.0628275479957799	-4.15004859294269	7.1400574399913e-05	0.0325916229894719	7.40926076535675	0.331934620136004	org.Hs.eg.db
NTM2_ASD_down	50	ASD_down	18	LZTS1	ENSG00000061337	ENSG00000061337.15_2	-4.14161297378831	-0.13224399074593	-0.338505845494685	0.0816239697410481	-4.14713774113896	7.21750388315733e-05	0.0325916229894719	6.25672905721623	0.437548087421118	org.Hs.eg.db
NTM2_ASD_down	50	ASD_down	19	CACNG2	ENSG00000166862	ENSG00000166862.6_1	-4.07613308461322	0.0110352624221407	-0.318563342675949	0.0775786805874351	-4.10632586509269	8.39202782947897e-05	0.0344970382948302	3.49244321632128	0.410039660008438	org.Hs.eg.db
NTM2_ASD_down	50	ASD_down	20	ZSCAN1	ENSG00000152467	ENSG00000152467.9_2	-4.04228833533272	0.0850923578397097	-0.39986449220389	0.0978828349965388	-4.08513394833762	9.0721801305577e-05	0.0356630831004443	1.16056157717205	0.512966390352695	org.Hs.eg.db
NTM2_ASD_down	50	ASD_down	21	CELSR2	ENSG00000143126	ENSG00000143126.7_1	-4.01401276163347	0.146963309876518	-0.275101580548044	0.0676361095299184	-4.06737735892918	9.68249404079467e-05	0.0356630831004443	8.82453015695413	0.356920081234176	org.Hs.eg.db
NTM2_ASD_down	50	ASD_down	22	CYP2E1	ENSG00000130649	ENSG00000130649.9_2	-3.98729269375799	0.205430595298484	-0.347322441772508	0.0857469047199013	-4.05055369528571	0.000102969192331653	0.0356630831004443	3.24401456236196	0.484212235809576	org.Hs.eg.db
NTM2_ASD_down	50	ASD_down	23	IQSEC1	ENSG00000144711	ENSG00000144711.13_2	-3.96536990397371	0.253400758156484	-0.240761528582589	0.0596428856876361	-4.0367183077545	0.000108300408818136	0.0356630831004443	8.3207002381959	0.315735352715266	org.Hs.eg.db
NTM2_ASD_down	50	ASD_down	24	RPH3A	ENSG00000089169	ENSG00000089169.14_2	-3.96440789507353	0.255505769611071	-0.426612025458829	0.105698796795045	-4.03611051775784	0.000108540571745161	0.0356630831004443	7.75732418535844	0.589448055940955	org.Hs.eg.db
NTM2_ASD_down	50	ASD_down	25	FBLN7	ENSG00000144152	ENSG00000144152.12_2	-3.94999790784626	0.28703685853157	-0.563407657005871	0.139907551602518	-4.02699961905224	0.000112202385948406	0.0356630831004443	3.6261082159304	0.7832437815781	org.Hs.eg.db
NTM2_ASD_down	50	ASD_down	26	TANGO2	ENSG00000183597	ENSG00000183597.15_1	-3.94383213493093	0.300528441208966	-0.184015167243885	0.0457396756389305	-4.02309733668649	0.000113806709061585	0.0356630831004443	4.87825475633822	0.245462127756808	org.Hs.eg.db
NTM2_ASD_down	50	ASD_down	27	IL17REL	ENSG00000188263	ENSG00000188263.10_1	-3.90973956081033	0.375127812406985	-1.02663420783193	0.256563759295528	-4.00147788078433	0.000123100676382554	0.0366370449333958	-0.889847486246436	1.48537340201976	org.Hs.eg.db
NTM2_ASD_down	50	ASD_down	28	PCDHA3	ENSG00000255408	ENSG00000255408.3_2	-3.90258554108698	0.390781818790079	-0.31152454883499	0.0779409171077981	-3.99693204025465	0.000125145275557223	0.0366370449333958	2.74986383687619	0.445670393042932	org.Hs.eg.db
NTM2_ASD_down	50	ASD_down	29	OTUD7A	ENSG00000169918	ENSG00000169918.9_2	-3.90174228832616	0.392626975025429	-0.21302679489486	0.0533047262117165	-3.99639600527648	0.000125388501342351	0.0366370449333958	6.64412881552682	0.279411886536978	org.Hs.eg.db
NTM2_ASD_down	50	ASD_down	30	JCAD	ENSG00000165757	ENSG00000165757.8_1	-3.85483506812587	0.495266603209859	-0.256336710631699	0.0646252939118806	-3.96650746348983	0.00013968987601226	0.0372539650119464	7.11283364845923	0.392940827011976	org.Hs.eg.db
NTM2_ASD_down	50	ASD_down	31	ADGRL1	ENSG00000072071	ENSG00000072071.16_1	-3.85233508705342	0.500736915171386	-0.270135868948492	0.0681316421428746	-3.96491058269236	0.00014049630834403	0.0372539650119464	8.16714225055483	0.412857784371447	org.Hs.eg.db
NTM2_ASD_down	50	ASD_down	32	ADRA1D	ENSG00000171873	ENSG00000171873.7_1	-3.84226965772106	0.522761497309884	-0.722252502421926	0.182457160677107	-3.95847715563266	0.000143790549134019	0.0372539650119464	2.23890337362943	1.2672550445689	org.Hs.eg.db
NTM2_ASD_down	50	ASD_down	33	SERTAD4	ENSG00000082497	ENSG00000082497.11_1	-3.80931364122228	0.594873919777706	-0.508892454345853	0.129246889884035	-3.93736711809816	0.000155126630313712	0.0372539650119464	3.43860177233867	0.732213692647791	org.Hs.eg.db
NTM2_ASD_down	50	ASD_down	34	LINC01844	ENSG00000236714	ENSG00000236714.1_1	-3.7997998356648	0.615691471124165	-0.64292708400001	0.163542250125526	-3.93125986408122	0.000158562383082682	0.0372539650119464	0.313309121673099	0.931793923992755	org.Hs.eg.db
NTM2_ASD_down	50	ASD_down	35	CDK5R2	ENSG00000171450	ENSG00000171450.5_1	-3.79337610007523	0.629747512596084	-0.423702261121869	0.107890991849404	-3.92713287605401	0.00016092514159354	0.0373526805291324	5.35046740360498	0.658916811879692	org.Hs.eg.db
NTM2_ASD_down	50	ASD_down	36	KCNA2	ENSG00000177301	ENSG00000177301.13_1	-3.7862697120283	0.645297294138388	-0.37463420261099	0.095507476448071	-3.9225641441242	0.000163580031683195	0.0374011441735603	8.51513964855641	0.50725448586713	org.Hs.eg.db
NTM2_ASD_down	50	ASD_down	37	SLC36A1	ENSG00000123643	ENSG00000123643.12_2	-3.78242449677066	0.653711168647436	-0.28918636150778	0.0737703251459237	-3.92009064533396	0.000165034789367032	0.0374011441735603	5.66253063174077	0.414168682763317	org.Hs.eg.db
NTM2_ASD_down	50	ASD_down	38	RHOBTB2	ENSG00000008853	ENSG00000008853.16_1	-3.77857289838518	0.66213901034245	-0.299447234526546	0.0764361631541826	-3.9176120591312	0.00016650493179151	0.0374011441735603	7.47810438910966	0.45811753751882	org.Hs.eg.db
NTM2_ASD_down	50	ASD_down	39	LIMK1	ENSG00000106683	ENSG00000106683.14_1	-3.74177248899971	0.742663507855428	-0.27767125053385	0.0713096514763818	-3.89388034838197	0.000181228923605654	0.0388017374712933	6.69500997207191	0.371030483767738	org.Hs.eg.db
NTM2_ASD_down	50	ASD_down	40	ARHGEF11	ENSG00000132694	ENSG00000132694.18_1	-3.73676868272424	0.753612543279579	-0.175769983562489	0.0451775775287873	-3.89064649273166	0.000183329062376057	0.0388118822145941	7.14316406584247	0.234045375123215	org.Hs.eg.db
NTM2_ASD_down	50	ASD_down	41	CLEC2L	ENSG00000236279	ENSG00000236279.6_2	-3.71072568993876	0.81059829269933	-0.442463625295303	0.114219885369215	-3.87378803493843	0.000194658920247897	0.0388118822145941	4.06975758744753	0.614021616405317	org.Hs.eg.db
NTM2_ASD_down	50	ASD_down	42	CABP1	ENSG00000157782	ENSG00000157782.9_1	-3.70697547436262	0.818804294476946	-0.433992895264406	0.112103570127083	-3.87135659259042	0.000196347115556898	0.0388118822145941	7.24239962942851	0.578261015006027	org.Hs.eg.db
NTM2_ASD_down	50	ASD_down	43	MIR3677HG	ENSG00000260778	ENSG00000260778.4_2	-3.68725110984757	0.861963992096067	-0.308889098232512	0.0800531033859081	-3.85855245040864	0.000205470221995163	0.0388118822145941	-0.617467834859208	0.451905964235768	org.Hs.eg.db
NTM2_ASD_down	50	ASD_down	44	IQSEC3	ENSG00000120645	ENSG00000120645.11_1	-3.68016766523167	0.877463570168201	-0.326551174172279	0.0847316059955364	-3.85394765430838	0.000208848968563394	0.0388118822145941	6.6849250614175	0.451896620553932	org.Hs.eg.db
NTM2_ASD_down	50	ASD_down	45	RIMKLA	ENSG00000177181	ENSG00000177181.14_2	-3.67787346373641	0.882483607327684	-0.379284538472807	0.0984526722630298	-3.85245549719054	0.000209955152092657	0.0388118822145941	6.38478214438137	0.55553149295048	org.Hs.eg.db
NTM2_ASD_down	50	ASD_down	46	MAP1A	ENSG00000166963	ENSG00000166963.12_2	-3.67487030453126	0.88905494416835	-0.219130157239956	0.0569095082963704	-3.85050167888959	0.000211412029557806	0.0388118822145941	11.1331992869205	0.294662852693476	org.Hs.eg.db
NTM2_ASD_down	50	ASD_down	47	MARCHF10	ENSG00000173838	ENSG00000173838.11_2	-3.67257803807993	0.894070747178195	-0.344644373587598	0.089541045428338	-3.84900993660417	0.000212530841568079	0.0388118822145941	-0.364240436916827	0.489116415688874	org.Hs.eg.db
NTM2_ASD_down	50	ASD_down	48	CFAP410	ENSG00000160226	ENSG00000160226.15_2	-3.60888105438887	1.03344875113161	-0.188593760876276	0.0495333467143775	-3.80741002548763	0.000246104154779641	0.0405451628606895	4.7110606188843	0.272865495793163	org.Hs.eg.db
NTM2_ASD_down	50	ASD_down	49	CPLX1	ENSG00000168993	ENSG00000168993.14_2	-3.60289792831945	1.04654067669282	-0.42726546504965	0.112335177700427	-3.80348768565685	0.000249518109727787	0.0405451628606895	6.34654251821669	0.5895595799474	org.Hs.eg.db
NTM2_ASD_down	50	ASD_down	50	PARD6A	ENSG00000102981	ENSG00000102981.9_1	-3.59819926888217	1.05682200770217	-0.284519058133539	0.0748654455409799	-3.80040559536641	0.000252232318041162	0.0405451628606895	4.09715450188778	0.424076376362732	org.Hs.eg.db
NTM3_ASD_signed	50	ASD_up	1	PGAM2	ENSG00000164708	ENSG00000164708.5_1	7.20971851829502	1.26180357066576	0.713980108592849	0.121699099027351	5.86676577147367	6.16994768556818e-08	0.000916402834212062	0.948570559944864	0.742747373437745	org.Hs.eg.db
NTM3_ASD_signed	50	ASD_up	2	PCDHGA6	ENSG00000253731	ENSG00000253731.2_2	6.01412271071827	0.989197050266825	0.251492235338014	0.0480683186984918	5.23197486717804	9.6800430618953e-07	0.00617984369209139	3.68471601695383	0.290765598931853	org.Hs.eg.db
NTM3_ASD_signed	50	ASD_down	3	ZNF804B	ENSG00000182348	ENSG00000182348.6_1	-6.00204416930744	-1.75059629873794	-0.543280570251208	0.103969604653257	-5.22537882165728	9.95304186196068e-07	0.00617984369209139	2.53441244810912	0.613706942685104	org.Hs.eg.db
NTM3_ASD_signed	50	ASD_up	4	PIRT	ENSG00000233670	ENSG00000233670.6_1	5.05062106677198	0.769510071699035	0.941053921046187	0.200597870543318	4.69124581680429	8.89977307527947e-06	0.0252465006095842	0.558546109744905	1.13034169090096	org.Hs.eg.db
NTM3_ASD_signed	50	ASD_up	5	ARHGAP6	ENSG00000047648	ENSG00000047648.21_2	5.01938156206294	0.762387185667024	0.355895259312581	0.0761572922465021	4.67316062341919	9.56353469893258e-06	0.0252465006095842	2.61302620792832	0.410121874457749	org.Hs.eg.db
NTM3_ASD_signed	50	ASD_down	6	SUSD5	ENSG00000173705	ENSG00000173705.8_2	-4.89335536098251	-1.4978053502189	-0.350154341699042	0.0761238283607732	-4.59979942206214	1.2783348799876e-05	0.0252465006095842	4.45535091231067	0.442733660901006	org.Hs.eg.db
NTM3_ASD_signed	50	ASD_up	7	PITPNA-AS1	ENSG00000236618	ENSG00000236618.2_1	4.87958528763785	0.730512386764042	0.314571318828804	0.0685080288170579	4.59174383295755	1.3195161569819e-05	0.0252465006095842	0.53507835456182	0.390853332546864	org.Hs.eg.db
NTM3_ASD_signed	50	ASD_up	8	H1-2	ENSG00000187837	ENSG00000187837.3_1	4.84856990719471	0.723440603066011	0.364997519589538	0.0798058194535844	4.57357022443487	1.41719657082656e-05	0.0252465006095842	5.05447640789812	0.451399507309904	org.Hs.eg.db
NTM3_ASD_signed	50	ASD_down	9	NOS2	ENSG00000007171	ENSG00000007171.16_2	-4.82139570628448	-1.48139790637206	-0.486759099373344	0.106801309025554	-4.55761360805866	1.50870487520625e-05	0.0252465006095842	2.86335756056489	0.622680796614436	org.Hs.eg.db
NTM3_ASD_signed	50	ASD_down	10	IRGQ	ENSG00000167378	ENSG00000167378.8_2	-4.76627462450893	-1.46882980751438	-0.246562267011425	0.0544871118014398	-4.52514840408387	1.71287383554676e-05	0.0252465006095842	7.14146942748417	0.315378010955711	org.Hs.eg.db
NTM3_ASD_signed	50	ASD_down	11	TMEM151B	ENSG00000178233	ENSG00000178233.17_2	-4.75439472156047	-1.46612108355856	-0.345638231522596	0.076500218138596	-4.51813393389808	1.76037534918704e-05	0.0252465006095842	7.64243202376796	0.461587540089025	org.Hs.eg.db
NTM3_ASD_signed	50	ASD_up	12	FAH	ENSG00000103876	ENSG00000103876.11_2	4.75124265057912	0.701249119457747	0.341422108690389	0.0755982207320324	4.51627175063555	1.77319847621979e-05	0.0252465006095842	2.38273760664979	0.419928514510813	org.Hs.eg.db
NTM3_ASD_signed	50	ASD_down	13	OVOL2	ENSG00000125850	ENSG00000125850.10_2	-4.72035155775408	-1.45835893821661	-0.454021690203937	0.100938604404447	-4.49799849009932	1.90391888756794e-05	0.0252465006095842	0.0666537749263885	0.567736531919317	org.Hs.eg.db
NTM3_ASD_signed	50	ASD_up	14	BTG1	ENSG00000133639	ENSG00000133639.4_2	4.70597123337315	0.690926832076142	0.352970981657495	0.0786218416114411	4.48947740758759	1.96801664210095e-05	0.0252465006095842	4.28056713494804	0.438643012735124	org.Hs.eg.db
NTM3_ASD_signed	50	ASD_up	15	CXCL5	ENSG00000163735	ENSG00000163735.6_1	4.70202457051339	0.690026957701736	0.613055562950394	0.136625099412451	4.48713717747914	1.9859825558299e-05	0.0252465006095842	-0.842256162110143	0.741164569439205	org.Hs.eg.db
NTM3_ASD_signed	50	ASD_up	16	FTL	ENSG00000087086	ENSG00000087086.14_2	4.67509714484616	0.683887264196685	0.462301144410212	0.103396442915849	4.47115134111977	2.11301633844375e-05	0.0252465006095842	8.72792724362507	0.568709047055966	org.Hs.eg.db
NTM3_ASD_signed	50	ASD_down	17	COL10A1	ENSG00000123500	ENSG00000123500.9_2	-4.64040114822016	-1.44012953091241	-0.732143214370141	0.164507905906674	-4.45050473614009	2.28875260587941e-05	0.0252465006095842	1.79292021337282	0.994992274457642	org.Hs.eg.db
NTM3_ASD_signed	50	ASD_up	18	GADD45G	ENSG00000130222	ENSG00000130222.10_1	4.63056622604224	0.673733817063151	0.669729607493109	0.150682458640244	4.44464215368357	2.34117443968761e-05	0.0252465006095842	1.41845481831653	0.807248941840204	org.Hs.eg.db
NTM3_ASD_signed	50	ASD_down	19	WNT10A	ENSG00000135925	ENSG00000135925.8_1	-4.60749518513366	-1.43262667748943	-0.487456429248712	0.110013659236748	-4.43087188109715	2.46890747664152e-05	0.0252465006095842	0.33652026453688	0.70839257134227	org.Hs.eg.db
NTM3_ASD_signed	50	ASD_up	20	MTMR11	ENSG00000014914	ENSG00000014914.19_1	4.57292011111706	0.660589988099649	0.373333405371863	0.084652482731958	4.41018849445892	2.67349815596139e-05	0.0252465006095842	2.36299823969209	0.464323871888151	org.Hs.eg.db
NTM3_ASD_signed	50	ASD_up	21	H4C14	ENSG00000270882	ENSG00000270882.2_1	4.55987022516043	0.657614497570411	0.329859187455614	0.0749276874941237	4.4023671153802	2.75505183835707e-05	0.0252465006095842	3.30063549458367	0.40915074759878	org.Hs.eg.db
NTM3_ASD_signed	50	ASD_up	22	PLEKHA4	ENSG00000105559	ENSG00000105559.11_1	4.55023103057427	0.655416675129978	0.737325413987447	0.167704130537728	4.39658469724794	2.81688404169933e-05	0.0252465006095842	0.526121254816732	0.953575110503336	org.Hs.eg.db
NTM3_ASD_signed	50	ASD_up	23	HNRNPH1	ENSG00000169045	ENSG00000169045.13	4.54444093479356	0.654096481588355	0.141671355397032	0.0322485397555073	4.39310916001517	2.85469073293072e-05	0.0252465006095842	7.04029351392028	0.186677360345628	org.Hs.eg.db
NTM3_ASD_signed	50	ASD_up	24	BCCIP	ENSG00000107949	ENSG00000107949.16_2	4.53898953614708	0.652853514017786	0.221543837258979	0.0504674581740101	4.38983545585164	2.89074953099052e-05	0.0252465006095842	4.45886958139924	0.269474371068835	org.Hs.eg.db
NTM3_ASD_signed	50	ASD_up	25	ABCA1	ENSG00000165029	ENSG00000165029.15_1	4.51075268234858	0.646415259206049	0.504615612106569	0.115397274754528	4.37285553909297	3.08494423312607e-05	0.0252465006095842	5.5856756749042	0.618716008748952	org.Hs.eg.db
NTM3_ASD_signed	50	ASD_up	26	CSTB	ENSG00000160213	ENSG00000160213.5_1	4.50543993966292	0.645203906432701	0.27780152748036	0.063575141504487	4.36965645543634	3.12291425678066e-05	0.0252465006095842	3.57244665341182	0.375702203668638	org.Hs.eg.db
NTM3_ASD_signed	50	ASD_down	27	TPBG	ENSG00000146242	ENSG00000146242.8_1	-4.49961714888502	-1.40802952190988	-0.551869408992683	0.126397301502868	-4.36614866323046	3.1650665865119e-05	0.0252465006095842	3.89929257633326	0.713820723796104	org.Hs.eg.db
NTM3_ASD_signed	50	ASD_up	28	ARMCX6	ENSG00000198960	ENSG00000198960.10_2	4.49773909292779	0.6434480446111	0.202123361081816	0.0463052869339183	4.3650169228033	3.178783185255e-05	0.0252465006095842	2.6943427082717	0.262357388374559	org.Hs.eg.db
NTM3_ASD_signed	50	ASD_down	29	APOOL	ENSG00000155008	ENSG00000155008.13_1	-4.4902150855277	-1.40588576750713	-0.168977845559786	0.0387521102815849	-4.36048112817445	3.23433435965896e-05	0.0252465006095842	4.96583857070667	0.20859427625582	org.Hs.eg.db
NTM3_ASD_signed	50	ASD_up	30	IGFBP5	ENSG00000115461	ENSG00000115461.4_2	4.48773048332092	0.641165992247191	0.345943619137745	0.0793633844090669	4.35898269351303	3.25289104327063e-05	0.0252465006095842	6.5019623306624	0.424364698302647	org.Hs.eg.db
NTM3_ASD_signed	50	ASD_up	31	TMEM176A	ENSG00000002933	ENSG00000002933.7_2	4.44560789496208	0.631561665960725	0.584072234267297	0.134779700725371	4.3335326545754	3.58419892333066e-05	0.0267612442010097	1.50944746309793	0.745226173073056	org.Hs.eg.db
NTM3_ASD_signed	50	ASD_up	32	HMGN1	ENSG00000205581	ENSG00000205581.10_1	4.41438035214001	0.62444150734576	0.189724548085968	0.0439726021818793	4.31460815762576	3.85140906144277e-05	0.0267612442010097	5.42821967697533	0.239523117274098	org.Hs.eg.db
NTM3_ASD_signed	50	ASD_down	33	ATP2B2	ENSG00000157087	ENSG00000157087.16_2	-4.37978008568899	-1.38070560139622	-0.46546850386785	0.108410295757342	-4.29358208661033	4.17080527663791e-05	0.0267612442010097	9.69981104983396	0.639770791162906	org.Hs.eg.db
NTM3_ASD_signed	50	ASD_up	34	SLC2A4RG	ENSG00000125520	ENSG00000125520.13_2	4.36586526979047	0.613379635346575	0.319979311705607	0.0746723857837495	4.28510899105679	4.3066019252224e-05	0.0267612442010097	2.65727238384527	0.472861406161148	org.Hs.eg.db
NTM3_ASD_signed	50	ASD_up	35	UXT-AS1	ENSG00000267064	ENSG00000267064.1_1	4.35895711628577	0.611804514659998	0.570022008523745	0.133154751994863	4.28089872861418	4.37565309712027e-05	0.0267612442010097	-2.1283168428756	0.713547702082612	org.Hs.eg.db
NTM3_ASD_signed	50	ASD_up	36	EMP3	ENSG00000142227	ENSG00000142227.10_2	4.35891209592947	0.611794249616744	0.734525738125885	0.17158323380666	4.28087128229294	4.37610671483944e-05	0.0267612442010097	0.809312583671095	0.92778704343466	org.Hs.eg.db
NTM3_ASD_signed	50	ASD_down	37	SYT3	ENSG00000213023	ENSG00000213023.10_2	-4.35771917587339	-1.3756755169617	-0.335799162604467	0.0784551088560275	-4.2801439893569	4.38814352828476e-05	0.0267612442010097	4.52025141225486	0.448395399540066	org.Hs.eg.db
NTM3_ASD_signed	50	ASD_up	38	FOXJ1	ENSG00000129654	ENSG00000129654.7_1	4.35077776535989	0.609939549610024	0.994372733552641	0.232552278049839	4.27591052597444	4.45884355372326e-05	0.0267612442010097	0.102948818038827	1.31395617382119	org.Hs.eg.db
NTM3_ASD_signed	50	ASD_up	39	RPS3	ENSG00000149273	ENSG00000149273.14_2	4.34432605971197	0.60846850311072	0.202645419350223	0.0474360199362311	4.2719734839188	4.52557680964087e-05	0.0267612442010097	6.67163446446257	0.257008565470464	org.Hs.eg.db
NTM3_ASD_signed	50	ASD_up	40	SNHG19	ENSG00000260260	ENSG00000260260.1_1	4.33245991305077	0.605762915711239	0.332496038206217	0.077964207468487	4.26472671245471	4.65093303977122e-05	0.0268629239478507	0.620298846191747	0.434843020777338	org.Hs.eg.db
NTM3_ASD_signed	50	ASD_up	41	GTF2A1L	ENSG00000242441	ENSG00000242441.7_2	4.29489688255692	0.597198209333319	0.989233883024591	0.23321428855178	4.24173788479068	5.07111100761178e-05	0.0286241165875105	-0.870336204239481	1.29631258213786	org.Hs.eg.db
NTM3_ASD_signed	50	ASD_up	42	DDR2	ENSG00000162733	ENSG00000162733.16_1	4.25581641962911	0.588287514810289	0.480240879123992	0.113862112132598	4.21774082817583	5.54860208032488e-05	0.0303308541132105	5.06216053169138	0.617327173644864	org.Hs.eg.db
NTM3_ASD_signed	50	ASD_down	43	BASP1	ENSG00000176788	ENSG00000176788.8_2	-4.25043917932904	-1.35121471977504	-0.313171272008399	0.07430923806755	-4.2144325544519	5.61772946210212e-05	0.0303308541132105	8.13842904191725	0.425852648087739	org.Hs.eg.db
NTM3_ASD_signed	50	ASD_up	44	NABP1	ENSG00000173559	ENSG00000173559.12_1	4.2327175690044	0.583020770602831	0.497937421816289	0.118457293198103	4.20351848647732	5.85170509336777e-05	0.0309219037657196	2.81578619395434	0.622937019235802	org.Hs.eg.db
NTM3_ASD_signed	50	ASD_down	45	LYNX1	ENSG00000180155	ENSG00000180155.18_1	-4.19515521994107	-1.33860948336728	-0.351450714334223	0.0840725104958293	-4.18032853142477	6.38035407035571e-05	0.0325916229894719	7.8372462789467	0.449001053755683	org.Hs.eg.db
NTM3_ASD_signed	50	ASD_up	46	PABPC1	ENSG00000070756	ENSG00000070756.14_2	4.18268487204014	0.571612868919699	0.193139276718626	0.0462873745692652	4.17261247836835	6.56621543950644e-05	0.0325916229894719	6.75903851666304	0.276749233943626	org.Hs.eg.db
NTM3_ASD_signed	50	ASD_down	47	CENPS-CORT	ENSG00000251503	ENSG00000251503.8_2	-4.18228216882888	-1.33567431276165	-0.584594634201572	0.140111158028787	-4.17236316098011	6.57230684171768e-05	0.0325916229894719	0.598216334968302	0.776631481068352	org.Hs.eg.db
NTM3_ASD_signed	50	ASD_up	48	GHRHR	ENSG00000106128	ENSG00000106128.18_1	4.16103189753518	0.566675797378734	0.569385509713126	0.136898038216293	4.15919407708035	6.90189109804681e-05	0.0325916229894719	-2.21236296135965	0.745914979151765	org.Hs.eg.db
NTM3_ASD_signed	50	ASD_down	49	HR	ENSG00000168453	ENSG00000168453.14_2	-4.15442329006094	-1.32932223963207	-0.469309112631204	0.112947907294177	-4.15509347516172	7.00771950098475e-05	0.0325916229894719	5.730475118117	0.599590422796039	org.Hs.eg.db
NTM3_ASD_signed	50	ASD_up	50	DZIP1L	ENSG00000158163	ENSG00000158163.14_2	4.14734839405979	0.563555836397225	0.393054254619324	0.0946958771021297	4.15070081874224	7.1228140377018e-05	0.0325916229894719	1.5564467171626	0.527540106634601	org.Hs.eg.db
NTM1_ASD_up	100	ASD_up	1	PGAM2	ENSG00000164708	ENSG00000164708.5_1	7.20971851829502	5.84106593163988	0.713980108592849	0.121699099027351	5.86676577147367	6.16994768556818e-08	0.000916402834212062	0.948570559944864	0.742747373437745	org.Hs.eg.db
NTM1_ASD_up	100	ASD_up	2	PCDHGA6	ENSG00000253731	ENSG00000253731.2_2	6.01412271071827	3.615586297039	0.251492235338014	0.0480683186984918	5.23197486717804	9.6800430618953e-07	0.00617984369209139	3.68471601695383	0.290765598931853	org.Hs.eg.db
NTM1_ASD_up	100	ASD_up	3	PIRT	ENSG00000233670	ENSG00000233670.6_1	5.05062106677198	1.82212627240665	0.941053921046187	0.200597870543318	4.69124581680429	8.89977307527947e-06	0.0252465006095842	0.558546109744905	1.13034169090096	org.Hs.eg.db
NTM1_ASD_up	100	ASD_up	4	ARHGAP6	ENSG00000047648	ENSG00000047648.21_2	5.01938156206294	1.76397712109279	0.355895259312581	0.0761572922465021	4.67316062341919	9.56353469893258e-06	0.0252465006095842	2.61302620792832	0.410121874457749	org.Hs.eg.db
NTM1_ASD_up	100	ASD_up	5	PITPNA-AS1	ENSG00000236618	ENSG00000236618.2_1	4.87958528763785	1.50376061669012	0.314571318828804	0.0685080288170579	4.59174383295755	1.3195161569819e-05	0.0252465006095842	0.53507835456182	0.390853332546864	org.Hs.eg.db
NTM1_ASD_up	100	ASD_up	6	H1-2	ENSG00000187837	ENSG00000187837.3_1	4.84856990719471	1.44602864983461	0.364997519589538	0.0798058194535844	4.57357022443487	1.41719657082656e-05	0.0252465006095842	5.05447640789812	0.451399507309904	org.Hs.eg.db
NTM1_ASD_up	100	ASD_up	7	FAH	ENSG00000103876	ENSG00000103876.11_2	4.75124265057912	1.26486388987399	0.341422108690389	0.0755982207320324	4.51627175063555	1.77319847621979e-05	0.0252465006095842	2.38273760664979	0.419928514510813	org.Hs.eg.db
NTM1_ASD_up	100	ASD_up	8	BTG1	ENSG00000133639	ENSG00000133639.4_2	4.70597123337315	1.18059576482459	0.352970981657495	0.0786218416114411	4.48947740758759	1.96801664210095e-05	0.0252465006095842	4.28056713494804	0.438643012735124	org.Hs.eg.db
NTM1_ASD_up	100	ASD_up	9	CXCL5	ENSG00000163735	ENSG00000163735.6_1	4.70202457051339	1.1732494545052	0.613055562950394	0.136625099412451	4.48713717747914	1.9859825558299e-05	0.0252465006095842	-0.842256162110143	0.741164569439205	org.Hs.eg.db
NTM1_ASD_up	100	ASD_up	10	FTL	ENSG00000087086	ENSG00000087086.14_2	4.67509714484616	1.12312679845799	0.462301144410212	0.103396442915849	4.47115134111977	2.11301633844375e-05	0.0252465006095842	8.72792724362507	0.568709047055966	org.Hs.eg.db
NTM1_ASD_up	100	ASD_up	11	GADD45G	ENSG00000130222	ENSG00000130222.10_1	4.63056622604224	1.04023703564671	0.669729607493109	0.150682458640244	4.44464215368357	2.34117443968761e-05	0.0252465006095842	1.41845481831653	0.807248941840204	org.Hs.eg.db
NTM1_ASD_up	100	ASD_up	12	MTMR11	ENSG00000014914	ENSG00000014914.19_1	4.57292011111706	0.932934673120152	0.373333405371863	0.084652482731958	4.41018849445892	2.67349815596139e-05	0.0252465006095842	2.36299823969209	0.464323871888151	org.Hs.eg.db
NTM1_ASD_up	100	ASD_up	13	H4C14	ENSG00000270882	ENSG00000270882.2_1	4.55987022516043	0.908643641614097	0.329859187455614	0.0749276874941237	4.4023671153802	2.75505183835707e-05	0.0252465006095842	3.30063549458367	0.40915074759878	org.Hs.eg.db
NTM1_ASD_up	100	ASD_up	14	PLEKHA4	ENSG00000105559	ENSG00000105559.11_1	4.55023103057427	0.890701264173913	0.737325413987447	0.167704130537728	4.39658469724794	2.81688404169933e-05	0.0252465006095842	0.526121254816732	0.953575110503336	org.Hs.eg.db
NTM1_ASD_up	100	ASD_up	15	HNRNPH1	ENSG00000169045	ENSG00000169045.13	4.54444093479356	0.879923591518411	0.141671355397032	0.0322485397555073	4.39310916001517	2.85469073293072e-05	0.0252465006095842	7.04029351392028	0.186677360345628	org.Hs.eg.db
NTM1_ASD_up	100	ASD_up	16	BCCIP	ENSG00000107949	ENSG00000107949.16_2	4.53898953614708	0.869776369028199	0.221543837258979	0.0504674581740101	4.38983545585164	2.89074953099052e-05	0.0252465006095842	4.45886958139924	0.269474371068835	org.Hs.eg.db
NTM1_ASD_up	100	ASD_up	17	ABCA1	ENSG00000165029	ENSG00000165029.15_1	4.51075268234858	0.817216346087725	0.504615612106569	0.115397274754528	4.37285553909297	3.08494423312607e-05	0.0252465006095842	5.5856756749042	0.618716008748952	org.Hs.eg.db
NTM1_ASD_up	100	ASD_up	18	CSTB	ENSG00000160213	ENSG00000160213.5_1	4.50543993966292	0.807327217524486	0.27780152748036	0.063575141504487	4.36965645543634	3.12291425678066e-05	0.0252465006095842	3.57244665341182	0.375702203668638	org.Hs.eg.db
NTM1_ASD_up	100	ASD_up	19	ARMCX6	ENSG00000198960	ENSG00000198960.10_2	4.49773909292779	0.792992876880586	0.202123361081816	0.0463052869339183	4.3650169228033	3.178783185255e-05	0.0252465006095842	2.6943427082717	0.262357388374559	org.Hs.eg.db
NTM1_ASD_up	100	ASD_up	20	IGFBP5	ENSG00000115461	ENSG00000115461.4_2	4.48773048332092	0.774362871062894	0.345943619137745	0.0793633844090669	4.35898269351303	3.25289104327063e-05	0.0252465006095842	6.5019623306624	0.424364698302647	org.Hs.eg.db
NTM1_ASD_up	100	ASD_up	21	TMEM176A	ENSG00000002933	ENSG00000002933.7_2	4.44560789496208	0.695955969704432	0.584072234267297	0.134779700725371	4.3335326545754	3.58419892333066e-05	0.0267612442010097	1.50944746309793	0.745226173073056	org.Hs.eg.db
NTM1_ASD_up	100	ASD_up	22	HMGN1	ENSG00000205581	ENSG00000205581.10_1	4.41438035214001	0.637829084222958	0.189724548085968	0.0439726021818793	4.31460815762576	3.85140906144277e-05	0.0267612442010097	5.42821967697533	0.239523117274098	org.Hs.eg.db
NTM1_ASD_up	100	ASD_up	23	SLC2A4RG	ENSG00000125520	ENSG00000125520.13_2	4.36586526979047	0.547523207390956	0.319979311705607	0.0746723857837495	4.28510899105679	4.3066019252224e-05	0.0267612442010097	2.65727238384527	0.472861406161148	org.Hs.eg.db
NTM1_ASD_up	100	ASD_up	24	UXT-AS1	ENSG00000267064	ENSG00000267064.1_1	4.35895711628577	0.534664384333877	0.570022008523745	0.133154751994863	4.28089872861418	4.37565309712027e-05	0.0267612442010097	-2.1283168428756	0.713547702082612	org.Hs.eg.db
NTM1_ASD_up	100	ASD_up	25	EMP3	ENSG00000142227	ENSG00000142227.10_2	4.35891209592947	0.534580583533089	0.734525738125885	0.17158323380666	4.28087128229294	4.37610671483944e-05	0.0267612442010097	0.809312583671095	0.92778704343466	org.Hs.eg.db
NTM1_ASD_up	100	ASD_up	26	FOXJ1	ENSG00000129654	ENSG00000129654.7_1	4.35077776535989	0.519439356950508	0.994372733552641	0.232552278049839	4.27591052597444	4.45884355372326e-05	0.0267612442010097	0.102948818038827	1.31395617382119	org.Hs.eg.db
NTM1_ASD_up	100	ASD_up	27	RPS3	ENSG00000149273	ENSG00000149273.14_2	4.34432605971197	0.507430165017158	0.202645419350223	0.0474360199362311	4.2719734839188	4.52557680964087e-05	0.0267612442010097	6.67163446446257	0.257008565470464	org.Hs.eg.db
NTM1_ASD_up	100	ASD_up	28	SNHG19	ENSG00000260260	ENSG00000260260.1_1	4.33245991305077	0.485342543457831	0.332496038206217	0.077964207468487	4.26472671245471	4.65093303977122e-05	0.0268629239478507	0.620298846191747	0.434843020777338	org.Hs.eg.db
NTM1_ASD_up	100	ASD_up	29	GTF2A1L	ENSG00000242441	ENSG00000242441.7_2	4.29489688255692	0.415422793950357	0.989233883024591	0.23321428855178	4.24173788479068	5.07111100761178e-05	0.0286241165875105	-0.870336204239481	1.29631258213786	org.Hs.eg.db
NTM1_ASD_up	100	ASD_up	30	DDR2	ENSG00000162733	ENSG00000162733.16_1	4.25581641962911	0.342678498758396	0.480240879123992	0.113862112132598	4.21774082817583	5.54860208032488e-05	0.0303308541132105	5.06216053169138	0.617327173644864	org.Hs.eg.db
NTM1_ASD_up	100	ASD_up	31	NABP1	ENSG00000173559	ENSG00000173559.12_1	4.2327175690044	0.299682344604797	0.497937421816289	0.118457293198103	4.20351848647732	5.85170509336777e-05	0.0309219037657196	2.81578619395434	0.622937019235802	org.Hs.eg.db
NTM1_ASD_up	100	ASD_up	32	PABPC1	ENSG00000070756	ENSG00000070756.14_2	4.18268487204014	0.206551582977426	0.193139276718626	0.0462873745692652	4.17261247836835	6.56621543950644e-05	0.0325916229894719	6.75903851666304	0.276749233943626	org.Hs.eg.db
NTM1_ASD_up	100	ASD_up	33	GHRHR	ENSG00000106128	ENSG00000106128.18_1	4.16103189753518	0.16624677972875	0.569385509713126	0.136898038216293	4.15919407708035	6.90189109804681e-05	0.0325916229894719	-2.21236296135965	0.745914979151765	org.Hs.eg.db
NTM1_ASD_up	100	ASD_up	34	DZIP1L	ENSG00000158163	ENSG00000158163.14_2	4.14734839405979	0.140776333846034	0.393054254619324	0.0946958771021297	4.15070081874224	7.1228140377018e-05	0.0325916229894719	1.5564467171626	0.527540106634601	org.Hs.eg.db
NTM1_ASD_up	100	ASD_up	35	UBE2L6	ENSG00000156587	ENSG00000156587.15_2	4.09636713253115	0.0458799160439318	0.321441091450869	0.0780393148109279	4.11896352793012	8.01000648083738e-05	0.0344970382948302	4.29077748760395	0.422095125173943	org.Hs.eg.db
NTM1_ASD_up	100	ASD_up	36	LONRF3	ENSG00000175556	ENSG00000175556.16_1	4.09586529067049	0.0449457886125709	0.453742573177275	0.110167781104028	4.11865037699923	8.01926766213366e-05	0.0344970382948302	2.68217649365354	0.600659964107298	org.Hs.eg.db
NTM1_ASD_up	100	ASD_up	37	GFPT2	ENSG00000131459	ENSG00000131459.12_2	4.08154082031066	0.0182822482586908	0.319746002345866	0.0778026515815847	4.10970572141204	8.28818010151534e-05	0.0344970382948302	4.03643534121793	0.417627461677931	org.Hs.eg.db
NTM1_ASD_up	100	ASD_up	38	ZNF217	ENSG00000171940	ENSG00000171940.13_2	4.07197000536311	0.000467152540451759	0.420370976605414	0.102436495030588	4.1037227648202	8.47285930095282e-05	0.0344970382948302	2.98836774767286	0.569707235118933	org.Hs.eg.db
NTM1_ASD_up	100	ASD_up	39	CD99	ENSG00000002586	ENSG00000002586.18_2	4.04092295329309	-0.0573237678177194	0.508244260762121	0.124439205771975	4.08427760052919	9.100747115709e-05	0.0356630831004443	3.72944795094798	0.767367124416675	org.Hs.eg.db
NTM1_ASD_up	100	ASD_up	40	TGIF1	ENSG00000177426	ENSG00000177426.20_2	4.03372049260923	-0.0707304136668967	0.655944890343528	0.160780323342357	4.07975849723099	9.25293491570703e-05	0.0356630831004443	1.67601587046876	0.851559314774355	org.Hs.eg.db
NTM1_ASD_up	100	ASD_up	41	CHI3L2	ENSG00000064886	ENSG00000064886.13_2	4.02488209421331	-0.0871821906871551	1.565645621764	0.38428213213023	4.07420874107521	9.44317212380473e-05	0.0356630831004443	-1.20951603053729	1.99711916998321	org.Hs.eg.db
NTM1_ASD_up	100	ASD_up	42	DDAH2	ENSG00000213722	ENSG00000213722.8_2	4.01525259993605	-0.105106511991839	0.361461169461524	0.08885133330112	4.0681569542296	9.65489155440757e-05	0.0356630831004443	3.53071060173477	0.493755749350724	org.Hs.eg.db
NTM1_ASD_up	100	ASD_up	43	RAB20	ENSG00000139832	ENSG00000139832.4_1	4.00359439238769	-0.126807076104236	0.682260732270652	0.168010467146562	4.06082278002055	9.91757760729429e-05	0.0356630831004443	0.438925610291704	0.944944499772304	org.Hs.eg.db
NTM1_ASD_up	100	ASD_up	44	MDK	ENSG00000110492	ENSG00000110492.15_2	3.99980525018311	-0.133860177792492	0.545700407958178	0.134460722373395	4.05843727689323	0.000100044852858411	0.0356630831004443	1.64595742093981	0.70863107106356	org.Hs.eg.db
NTM1_ASD_up	100	ASD_up	45	TMEM176B	ENSG00000106565	ENSG00000106565.17_2	3.98693579140637	-0.157815362508324	0.574074045624391	0.141735175018517	4.05032868904554	0.000103053846991277	0.0356630831004443	2.31726835442629	0.754372203415758	org.Hs.eg.db
NTM1_ASD_up	100	ASD_up	46	GDPD2	ENSG00000130055	ENSG00000130055.13_1	3.97583184533899	-0.178484225413372	0.523029880822324	0.129356396814726	4.04332444085811	0.00010572267780518	0.0356630831004443	0.965238897410035	0.727379210079485	org.Hs.eg.db
NTM1_ASD_up	100	ASD_up	47	SMAD1	ENSG00000170365	ENSG00000170365.9_2	3.9726439599843	-0.184418148809014	0.204734166158207	0.0506603195452503	4.04131217481438	0.000106501577359976	0.0356630831004443	3.77238734535422	0.27989967522337	org.Hs.eg.db
NTM1_ASD_up	100	ASD_up	48	LRAT	ENSG00000121207	ENSG00000121207.11_2	3.94902302919565	-0.228386101931069	0.53318387149439	0.132422549141718	4.02638277959579	0.000112454534147699	0.0356630831004443	0.635945035148851	0.793827411816159	org.Hs.eg.db
NTM1_ASD_up	100	ASD_up	49	RPL18A	ENSG00000105640	ENSG00000105640.12_1	3.94595963527571	-0.234088297220131	0.236505588892587	0.0587672692090097	4.02444408385626	0.000113250561705432	0.0356630831004443	5.87678581410606	0.353931435809554	org.Hs.eg.db
NTM1_ASD_up	100	ASD_up	50	EIF4EBP1	ENSG00000187840	ENSG00000187840.4_1	3.93977277863401	-0.245604499745307	0.455226064923487	0.113225473815557	4.02052691486232	0.000114875448865983	0.0356630831004443	0.993730738687919	0.626002622983772	org.Hs.eg.db
NTM1_ASD_up	100	ASD_up	51	NT5C2	ENSG00000076685	ENSG00000076685.18_2	3.92455628271224	-0.273928454688331	0.175072606174828	0.0436493965786208	4.01088262146968	0.000118971713690308	0.0364787837186727	5.74595059363296	0.243393303342238	org.Hs.eg.db
NTM1_ASD_up	100	ASD_up	52	RPS27L	ENSG00000185088	ENSG00000185088.13_1	3.88131043466562	-0.354426189373316	0.250196436088993	0.0628098594835527	3.98339429742729	0.000131428504246666	0.0372539650119464	3.61188466614259	0.354040129362653	org.Hs.eg.db
NTM1_ASD_up	100	ASD_up	53	LINC01354	ENSG00000231768	ENSG00000231768.1_1	3.84929218893059	-0.414024887668683	0.792684811861216	0.200023098389172	3.96296636860879	0.000141484156859056	0.0372539650119464	0.450614736798521	1.0746484042503	org.Hs.eg.db
NTM1_ASD_up	100	ASD_up	54	C10orf105	ENSG00000214688	ENSG00000214688.4_1	3.84742043174694	-0.417508972730476	0.783339451688793	0.197724608852758	3.96177014198638	0.00014209525255241	0.0372539650119464	0.497655106252142	1.15492192656819	org.Hs.eg.db
NTM1_ASD_up	100	ASD_up	55	H2AC6	ENSG00000180573	ENSG00000180573.9_1	3.84058470352856	-0.430232983505072	0.254437148260001	0.0642940254786941	3.95739956186624	0.000144349504177296	0.0372539650119464	4.95260319290405	0.340201854042952	org.Hs.eg.db
NTM1_ASD_up	100	ASD_up	56	INTS4	ENSG00000149262	ENSG00000149262.16_2	3.83570222826705	-0.439321213149308	0.119572003211259	0.0302386589558639	3.9542759943748	0.000145981483159815	0.0372539650119464	4.00400388282668	0.160017003697186	org.Hs.eg.db
NTM1_ASD_up	100	ASD_up	57	MARCHF3	ENSG00000173926	ENSG00000173926.5_1	3.83225933588053	-0.445729806121747	0.45866329138512	0.116056396811583	3.95207247498608	0.000147143358387345	0.0372539650119464	1.6071820629764	0.609194323253148	org.Hs.eg.db
NTM1_ASD_up	100	ASD_up	58	H2AJ	ENSG00000246705	ENSG00000246705.4_2	3.83118709002056	-0.447725682411646	0.339220254158817	0.0858484210431744	3.95138605971819	0.000147507094954826	0.0372539650119464	1.87700414086441	0.491753753872205	org.Hs.eg.db
NTM1_ASD_up	100	ASD_up	59	TNFRSF11B	ENSG00000164761	ENSG00000164761.8_1	3.8115604507069	-0.484258669405579	0.795915363214007	0.202070080565811	3.93880856079923	0.000154326159732184	0.0372539650119464	0.244994626345994	1.07784216709404	org.Hs.eg.db
NTM1_ASD_up	100	ASD_up	60	WEE1	ENSG00000166483	ENSG00000166483.10_1	3.80965726943861	-0.48780124719542	0.612185861018709	0.155472315556158	3.93758759447807	0.000155003937518002	0.0372539650119464	0.684207715615492	0.809426070743201	org.Hs.eg.db
NTM1_ASD_up	100	ASD_up	61	ADIRF	ENSG00000148671	ENSG00000148671.13_2	3.80619456135892	-0.494246725059334	0.466649899799496	0.118578540463421	3.93536552208995	0.000156244751858095	0.0372539650119464	3.18167615293984	0.665942585135971	org.Hs.eg.db
NTM1_ASD_up	100	ASD_up	62	ZC3HAV1	ENSG00000105939	ENSG00000105939.12_2	3.80390067831273	-0.498516554353721	0.526527599562582	0.133843902256992	3.93389307008999	0.000157072198209482	0.0372539650119464	4.27932670577443	0.705892913375644	org.Hs.eg.db
NTM1_ASD_up	100	ASD_up	63	ALPK1	ENSG00000073331	ENSG00000073331.17_2	3.79968757090355	-0.506358824022209	0.397561638762118	0.101130157816536	3.93118776184797	0.000158603376624594	0.0372539650119464	2.53203762911149	0.537718550592709	org.Hs.eg.db
NTM1_ASD_up	100	ASD_up	64	OST4	ENSG00000228474	ENSG00000228474.5_1	3.79860328355859	-0.508377114308078	0.213299084242749	0.0542677915115339	3.93049133384053	0.000158999850671055	0.0372539650119464	4.40050721010616	0.284061019343084	org.Hs.eg.db
NTM1_ASD_up	100	ASD_up	65	SYNC	ENSG00000162520	ENSG00000162520.14_2	3.77403983331961	-0.554099471241705	0.310158011161733	0.0792291905812409	3.91469367396477	0.000168251973394281	0.0374011441735603	2.45992242935763	0.428954462807755	org.Hs.eg.db
NTM1_ASD_up	100	ASD_up	66	H2BC18	ENSG00000203814	ENSG00000203814.6_2	3.7729787401893	-0.556074587863016	0.376057400545471	0.0960798177174045	3.91401034556032	0.000168663558843564	0.0374011441735603	3.76501177647928	0.517198763397746	org.Hs.eg.db
NTM1_ASD_up	100	ASD_up	67	MOB3C	ENSG00000142961	ENSG00000142961.14_2	3.76289742094555	-0.574839935252745	0.327374549750564	0.0837807663770904	3.90751438435258	0.000172624557787078	0.0379407390902644	3.24485793726354	0.462874674295493	org.Hs.eg.db
NTM1_ASD_up	100	ASD_up	68	RPS19	ENSG00000105372	ENSG00000105372.6_2	3.75600958749704	-0.587660934598054	0.250405674284513	0.064156043584108	3.90307226405309	0.00017538417835545	0.0381120840792415	6.32698121275421	0.353182998979438	org.Hs.eg.db
NTM1_ASD_up	100	ASD_up	69	INTS12	ENSG00000138785	ENSG00000138785.14_2	3.75332111291757	-0.592665255779871	0.126773744440639	0.0324949438545355	3.90133754371589	0.000176473251292993	0.0381120840792415	3.19113215123764	0.168191438802619	org.Hs.eg.db
NTM1_ASD_up	100	ASD_up	70	GLIS3	ENSG00000107249	ENSG00000107249.21_2	3.72741520190745	-0.640886466496265	0.469860288994217	0.120954706505134	3.88459699147195	0.000187320279919499	0.0388118822145941	3.82460856531684	0.659011947856178	org.Hs.eg.db
NTM1_ASD_up	100	ASD_up	71	ROM1	ENSG00000149489	ENSG00000149489.8_2	3.71908518737016	-0.656391938823279	0.425897274695165	0.109789850481642	3.87920443307627	0.000190947867535631	0.0388118822145941	2.76472326193563	0.623747808455629	org.Hs.eg.db
NTM1_ASD_up	100	ASD_up	72	H4C15	ENSG00000270276	ENSG00000270276.2_1	3.71586232841559	-0.662390962007469	0.294799261929829	0.0760356927946523	3.87711679994797	0.000192370144665813	0.0388118822145941	3.33980818608408	0.405687546624227	org.Hs.eg.db
NTM1_ASD_up	100	ASD_up	73	NQO1	ENSG00000181019	ENSG00000181019.12_1	3.71394455929174	-0.665960693602345	0.645649414007967	0.166581622239611	3.87587421305853	0.000193221496193929	0.0388118822145941	4.00863965315402	0.885393227360743	org.Hs.eg.db
NTM1_ASD_up	100	ASD_up	74	KIFC1	ENSG00000237649	ENSG00000237649.7_1	3.70909724606816	-0.6749834726998	0.74057406041986	0.191227792771376	3.87273235593563	0.000195390189426016	0.0388118822145941	-1.93603328471035	1.01451042134883	org.Hs.eg.db
NTM1_ASD_up	100	ASD_up	75	HMOX1	ENSG00000100292	ENSG00000100292.16_1	3.70239104088511	-0.687466389556608	0.910722711137767	0.235427235699969	3.86838297799327	0.000198430743258728	0.0388118822145941	1.9020994473234	1.25118104689064	org.Hs.eg.db
NTM1_ASD_up	100	ASD_up	76	MICA	ENSG00000204520	ENSG00000204520.12_2	3.69482416074067	-0.701551365057691	0.411647434293494	0.106548583015895	3.86347169189557	0.000201918373511818	0.0388118822145941	1.70125235531754	0.575747274069591	org.Hs.eg.db
NTM1_ASD_up	100	ASD_up	77	POLR2J	ENSG00000005075	ENSG00000005075.15_1	3.68162805578246	-0.726114568319568	0.185399495419851	0.0480945355040944	3.85489730749281	0.000208147857133829	0.0388118822145941	3.58089986054731	0.267223965917092	org.Hs.eg.db
NTM1_ASD_up	100	ASD_up	78	VIM-AS1	ENSG00000229124	ENSG00000229124.6_1	3.68003236524138	-0.729084783487435	0.656809422304202	0.170428993120319	3.85385966483126	0.000208914043453093	0.0388118822145941	-2.13257655162915	0.891703999282177	org.Hs.eg.db
NTM1_ASD_up	100	ASD_up	79	CRTC3-AS1	ENSG00000259736	ENSG00000259736.1_1	3.67942236667132	-0.730220233600423	0.427755359113637	0.111005442306451	3.85346294943576	0.000209207684778309	0.0388118822145941	-1.96207443216132	0.613564793175124	org.Hs.eg.db
NTM1_ASD_up	100	ASD_up	80	SRGAP1	ENSG00000196935	ENSG00000196935.8_2	3.6732660751797	-0.741679542216638	0.342448834337008	0.0889602791730996	3.84945773012547	0.000212194403187379	0.0388118822145941	4.52713663963389	0.483158042099047	org.Hs.eg.db
NTM1_ASD_up	100	ASD_up	81	SFMBT2	ENSG00000198879	ENSG00000198879.11_2	3.65644549800314	-0.772989330785178	0.207304941885676	0.054006744742956	3.8385009663578	0.000220574092955311	0.0396852595019912	5.43932793336181	0.302264855512571	org.Hs.eg.db
NTM1_ASD_up	100	ASD_up	82	RPL13A	ENSG00000142541	ENSG00000142541.16_2	3.6557983365219	-0.774193955866387	0.209092881032911	0.0544785243235303	3.8380790160757	0.000220903025217597	0.0396852595019912	7.79781586121237	0.295924883082592	org.Hs.eg.db
NTM1_ASD_up	100	ASD_up	83	HSPB1	ENSG00000106211	ENSG00000106211.8_1	3.65177222669989	-0.781688148601729	0.893273906569804	0.232899172710858	3.83545332588533	0.00022296041974082	0.0396852595019912	4.58576350651043	1.26741221336996	org.Hs.eg.db
NTM1_ASD_up	100	ASD_up	84	DYNLT1	ENSG00000146425	ENSG00000146425.10_1	3.65032439099228	-0.784383147079567	0.253540470897651	0.0661207165963035	3.83450881885672	0.000223704957733885	0.0396852595019912	2.99590641693545	0.353432800874617	org.Hs.eg.db
NTM1_ASD_up	100	ASD_up	85	CAPG	ENSG00000042493	ENSG00000042493.15_1	3.6457295239143	-0.792936023428695	0.559786266664434	0.146100679989028	3.83151034414399	0.000226084337199819	0.0397540053972923	2.67345167700175	0.766204854225271	org.Hs.eg.db
NTM1_ASD_up	100	ASD_up	86	RPS16	ENSG00000105193	ENSG00000105193.8_1	3.64036472136277	-0.80292205612171	0.304612250406441	0.0795746211367082	3.82800754882792	0.000228894458520406	0.0397540053972923	5.31429712749078	0.486780094034928	org.Hs.eg.db
NTM1_ASD_up	100	ASD_up	87	PDLIM3	ENSG00000154553	ENSG00000154553.13_1	3.63364084042349	-0.815437874595667	0.358981532614304	0.0938853882206613	3.82361450932684	0.000232465848370877	0.0400098956182947	3.27475071354761	0.485571599952587	org.Hs.eg.db
NTM1_ASD_up	100	ASD_up	88	C4A	ENSG00000244731	ENSG00000244731.7_2	3.63154623058816	-0.81933677713565	0.784555796504873	0.205260449247921	3.82224534429065	0.000233589743302171	0.0400098956182947	4.24305971325665	1.09628977544372	org.Hs.eg.db
NTM1_ASD_up	100	ASD_up	89	SLC44A3	ENSG00000143036	ENSG00000143036.16_1	3.62607545774037	-0.829520062725255	0.51126485470009	0.133885657419918	3.8186678435358	0.000236550865969167	0.0402395705973303	1.48804511723006	0.711771688297028	org.Hs.eg.db
NTM1_ASD_up	100	ASD_up	90	RAD51B	ENSG00000182185	ENSG00000182185.18_2	3.6208483334971	-0.839249821291816	0.292211429379508	0.0765904218197193	3.81524768289335	0.000239415170812818	0.0404497631449465	1.39304265954604	0.424997371278069	org.Hs.eg.db
NTM1_ASD_up	100	ASD_up	91	ARRDC4	ENSG00000140450	ENSG00000140450.8_1	3.60733665557234	-0.864400431439741	0.304561787465855	0.0800131258712254	3.80639781472882	0.000246980886102291	0.0405451628606895	5.14686017447931	0.427069526565566	org.Hs.eg.db
NTM1_ASD_up	100	ASD_up	92	SUGCT	ENSG00000175600	ENSG00000175600.15_2	3.60202309465504	-0.874291083057722	0.248220395757963	0.0652711048676155	3.8029139580433	0.000250021240334517	0.0405451628606895	0.41694022866971	0.348612278147808	org.Hs.eg.db
NTM1_ASD_up	100	ASD_up	93	KIF18A	ENSG00000121621	ENSG00000121621.6_1	3.59993919251804	-0.878170054309543	0.551142031382535	0.144978351974251	3.80154708532223	0.000251223815640763	0.0405451628606895	-1.73775458762557	0.752865565622952	org.Hs.eg.db
NTM1_ASD_up	100	ASD_up	94	AGTRAP	ENSG00000177674	ENSG00000177674.15_2	3.59591037716023	-0.885669283123785	0.4696438186238	0.123626147382375	3.79890361843271	0.00025356518443117	0.0405451628606895	1.81034035620457	0.651592783900192	org.Hs.eg.db
NTM1_ASD_up	100	ASD_up	95	HMGN2	ENSG00000198830	ENSG00000198830.10_1	3.59418538617666	-0.888880177875578	0.198376085237793	0.0522348669896139	3.79777142492269	0.000254574332566099	0.0405451628606895	5.37669816364848	0.274820990542034	org.Hs.eg.db
NTM1_ASD_up	100	ASD_up	96	PSD4	ENSG00000125637	ENSG00000125637.15_1	3.58660484526475	-0.902990581501782	0.242964980027136	0.0640596399480511	3.7927934066468	0.000259056894328407	0.0409050171334653	3.32372549920887	0.337259398105863	org.Hs.eg.db
NTM1_ASD_up	100	ASD_up	97	NFKB2	ENSG00000077150	ENSG00000077150.18_2	3.5734041710986	-0.927562289878152	0.651886892954085	0.172269323018413	3.78411478916887	0.000267051996356861	0.0409050171334653	1.57001643269837	0.924883906111885	org.Hs.eg.db
NTM1_ASD_up	100	ASD_up	98	HAL	ENSG00000084110	ENSG00000084110.10_1	3.56366051918942	-0.945699103969583	0.798617095290214	0.211402950475556	3.77770080073957	0.000273111181354625	0.0409050171334653	-3.43761084456104	1.1296238988625	org.Hs.eg.db
NTM1_ASD_up	100	ASD_up	99	ANGPT1	ENSG00000154188	ENSG00000154188.9_2	3.56079118149372	-0.951040083392656	0.338253061879091	0.0895842222176601	3.77581066738792	0.000274921571980225	0.0409050171334653	1.91261991388023	0.477004510342083	org.Hs.eg.db
NTM1_ASD_up	100	ASD_up	100	SLC2A9	ENSG00000109667	ENSG00000109667.11_1	3.55248540853681	-0.966500432490625	0.355162666052778	0.0941992093512625	3.77033595609492	0.000280229977199277	0.0409050171334653	0.318086864208992	0.503996374053621	org.Hs.eg.db
NTM2_ASD_down	100	ASD_down	1	ZNF804B	ENSG00000182348	ENSG00000182348.6_1	-6.00204416930744	-4.87531712126778	-0.543280570251208	0.103969604653257	-5.22537882165728	9.95304186196068e-07	0.00617984369209139	2.53441244810912	0.613706942685104	org.Hs.eg.db
NTM2_ASD_down	100	ASD_down	2	SUSD5	ENSG00000173705	ENSG00000173705.8_2	-4.89335536098251	-2.46476419292134	-0.350154341699042	0.0761238283607732	-4.59979942206214	1.2783348799876e-05	0.0252465006095842	4.45535091231067	0.442733660901006	org.Hs.eg.db
NTM2_ASD_down	100	ASD_down	3	NOS2	ENSG00000007171	ENSG00000007171.16_2	-4.82139570628448	-2.30830680374899	-0.486759099373344	0.106801309025554	-4.55761360805866	1.50870487520625e-05	0.0252465006095842	2.86335756056489	0.622680796614436	org.Hs.eg.db
NTM2_ASD_down	100	ASD_down	4	IRGQ	ENSG00000167378	ENSG00000167378.8_2	-4.76627462450893	-2.18846047348033	-0.246562267011425	0.0544871118014398	-4.52514840408387	1.71287383554676e-05	0.0252465006095842	7.14146942748417	0.315378010955711	org.Hs.eg.db
NTM2_ASD_down	100	ASD_down	5	TMEM151B	ENSG00000178233	ENSG00000178233.17_2	-4.75439472156047	-2.16263074143481	-0.345638231522596	0.076500218138596	-4.51813393389808	1.76037534918704e-05	0.0252465006095842	7.64243202376796	0.461587540089025	org.Hs.eg.db
NTM2_ASD_down	100	ASD_down	6	OVOL2	ENSG00000125850	ENSG00000125850.10_2	-4.72035155775408	-2.08861281360198	-0.454021690203937	0.100938604404447	-4.49799849009932	1.90391888756794e-05	0.0252465006095842	0.0666537749263885	0.567736531919317	org.Hs.eg.db
NTM2_ASD_down	100	ASD_down	7	COL10A1	ENSG00000123500	ENSG00000123500.9_2	-4.64040114822016	-1.91478162456377	-0.732143214370141	0.164507905906674	-4.45050473614009	2.28875260587941e-05	0.0252465006095842	1.79292021337282	0.994992274457642	org.Hs.eg.db
NTM2_ASD_down	100	ASD_down	8	WNT10A	ENSG00000135925	ENSG00000135925.8_1	-4.60749518513366	-1.84323624133034	-0.487456429248712	0.110013659236748	-4.43087188109715	2.46890747664152e-05	0.0252465006095842	0.33652026453688	0.70839257134227	org.Hs.eg.db
NTM2_ASD_down	100	ASD_down	9	TPBG	ENSG00000146242	ENSG00000146242.8_1	-4.49961714888502	-1.60868375533895	-0.551869408992683	0.126397301502868	-4.36614866323046	3.1650665865119e-05	0.0252465006095842	3.89929257633326	0.713820723796104	org.Hs.eg.db
NTM2_ASD_down	100	ASD_down	10	APOOL	ENSG00000155008	ENSG00000155008.13_1	-4.4902150855277	-1.58824143537659	-0.168977845559786	0.0387521102815849	-4.36048112817445	3.23433435965896e-05	0.0252465006095842	4.96583857070667	0.20859427625582	org.Hs.eg.db
NTM2_ASD_down	100	ASD_down	11	ATP2B2	ENSG00000157087	ENSG00000157087.16_2	-4.37978008568899	-1.34812950292608	-0.46546850386785	0.108410295757342	-4.29358208661033	4.17080527663791e-05	0.0267612442010097	9.69981104983396	0.639770791162906	org.Hs.eg.db
NTM2_ASD_down	100	ASD_down	12	SYT3	ENSG00000213023	ENSG00000213023.10_2	-4.35771917587339	-1.30016384262657	-0.335799162604467	0.0784551088560275	-4.2801439893569	4.38814352828476e-05	0.0267612442010097	4.52025141225486	0.448395399540066	org.Hs.eg.db
NTM2_ASD_down	100	ASD_down	13	BASP1	ENSG00000176788	ENSG00000176788.8_2	-4.25043917932904	-1.06691163706522	-0.313171272008399	0.07430923806755	-4.2144325544519	5.61772946210212e-05	0.0303308541132105	8.13842904191725	0.425852648087739	org.Hs.eg.db
NTM2_ASD_down	100	ASD_down	14	LYNX1	ENSG00000180155	ENSG00000180155.18_1	-4.19515521994107	-0.946711172162366	-0.351450714334223	0.0840725104958293	-4.18032853142477	6.38035407035571e-05	0.0325916229894719	7.8372462789467	0.449001053755683	org.Hs.eg.db
NTM2_ASD_down	100	ASD_down	15	CENPS-CORT	ENSG00000251503	ENSG00000251503.8_2	-4.18228216882888	-0.918722100005921	-0.584594634201572	0.140111158028787	-4.17236316098011	6.57230684171768e-05	0.0325916229894719	0.598216334968302	0.776631481068352	org.Hs.eg.db
NTM2_ASD_down	100	ASD_down	16	HR	ENSG00000168453	ENSG00000168453.14_2	-4.15442329006094	-0.858150277425723	-0.469309112631204	0.112947907294177	-4.15509347516172	7.00771950098475e-05	0.0325916229894719	5.730475118117	0.599590422796039	org.Hs.eg.db
NTM2_ASD_down	100	ASD_down	17	RNF157	ENSG00000141576	ENSG00000141576.14_2	-4.14629829441838	-0.840484606146354	-0.260737377157925	0.0628275479957799	-4.15004859294269	7.1400574399913e-05	0.0325916229894719	7.40926076535675	0.331934620136004	org.Hs.eg.db
NTM2_ASD_down	100	ASD_down	18	LZTS1	ENSG00000061337	ENSG00000061337.15_2	-4.14161297378831	-0.830297605718243	-0.338505845494685	0.0816239697410481	-4.14713774113896	7.21750388315733e-05	0.0325916229894719	6.25672905721623	0.437548087421118	org.Hs.eg.db
NTM2_ASD_down	100	ASD_down	19	CACNG2	ENSG00000166862	ENSG00000166862.6_1	-4.07613308461322	-0.687928766587194	-0.318563342675949	0.0775786805874351	-4.10632586509269	8.39202782947897e-05	0.0344970382948302	3.49244321632128	0.410039660008438	org.Hs.eg.db
NTM2_ASD_down	100	ASD_down	20	ZSCAN1	ENSG00000152467	ENSG00000152467.9_2	-4.04228833533272	-0.614342239083112	-0.39986449220389	0.0978828349965388	-4.08513394833762	9.0721801305577e-05	0.0356630831004443	1.16056157717205	0.512966390352695	org.Hs.eg.db
NTM2_ASD_down	100	ASD_down	21	CELSR2	ENSG00000143126	ENSG00000143126.7_1	-4.01401276163347	-0.552864422702532	-0.275101580548044	0.0676361095299184	-4.06737735892918	9.68249404079467e-05	0.0356630831004443	8.82453015695413	0.356920081234176	org.Hs.eg.db
NTM2_ASD_down	100	ASD_down	22	CYP2E1	ENSG00000130649	ENSG00000130649.9_2	-3.98729269375799	-0.494768645619545	-0.347322441772508	0.0857469047199013	-4.05055369528571	0.000102969192331653	0.0356630831004443	3.24401456236196	0.484212235809576	org.Hs.eg.db
NTM2_ASD_down	100	ASD_down	23	IQSEC1	ENSG00000144711	ENSG00000144711.13_2	-3.96536990397371	-0.447103291089747	-0.240761528582589	0.0596428856876361	-4.0367183077545	0.000108300408818136	0.0356630831004443	8.3207002381959	0.315735352715266	org.Hs.eg.db
NTM2_ASD_down	100	ASD_down	24	RPH3A	ENSG00000089169	ENSG00000089169.14_2	-3.96440789507353	-0.445011655137432	-0.426612025458829	0.105698796795045	-4.03611051775784	0.000108540571745161	0.0356630831004443	7.75732418535844	0.589448055940955	org.Hs.eg.db
NTM2_ASD_down	100	ASD_down	25	FBLN7	ENSG00000144152	ENSG00000144152.12_2	-3.94999790784626	-0.41368091864285	-0.563407657005871	0.139907551602518	-4.02699961905224	0.000112202385948406	0.0356630831004443	3.6261082159304	0.7832437815781	org.Hs.eg.db
NTM2_ASD_down	100	ASD_down	26	TANGO2	ENSG00000183597	ENSG00000183597.15_1	-3.94383213493093	-0.400275063144927	-0.184015167243885	0.0457396756389305	-4.02309733668649	0.000113806709061585	0.0356630831004443	4.87825475633822	0.245462127756808	org.Hs.eg.db
NTM2_ASD_down	100	ASD_down	27	IL17REL	ENSG00000188263	ENSG00000188263.10_1	-3.90973956081033	-0.326149705547552	-1.02663420783193	0.256563759295528	-4.00147788078433	0.000123100676382554	0.0366370449333958	-0.889847486246436	1.48537340201976	org.Hs.eg.db
NTM2_ASD_down	100	ASD_down	28	PCDHA3	ENSG00000255408	ENSG00000255408.3_2	-3.90258554108698	-0.310595166650725	-0.31152454883499	0.0779409171077981	-3.99693204025465	0.000125145275557223	0.0366370449333958	2.74986383687619	0.445670393042932	org.Hs.eg.db
NTM2_ASD_down	100	ASD_down	29	OTUD7A	ENSG00000169918	ENSG00000169918.9_2	-3.90174228832616	-0.30876173476555	-0.21302679489486	0.0533047262117165	-3.99639600527648	0.000125388501342351	0.0366370449333958	6.64412881552682	0.279411886536978	org.Hs.eg.db
NTM2_ASD_down	100	ASD_down	30	JCAD	ENSG00000165757	ENSG00000165757.8_1	-3.85483506812587	-0.206774291431248	-0.256336710631699	0.0646252939118806	-3.96650746348983	0.00013968987601226	0.0372539650119464	7.11283364845923	0.392940827011976	org.Hs.eg.db
NTM2_ASD_down	100	ASD_down	31	ADGRL1	ENSG00000072071	ENSG00000072071.16_1	-3.85233508705342	-0.201338738506263	-0.270135868948492	0.0681316421428746	-3.96491058269236	0.00014049630834403	0.0372539650119464	8.16714225055483	0.412857784371447	org.Hs.eg.db
NTM2_ASD_down	100	ASD_down	32	ADRA1D	ENSG00000171873	ENSG00000171873.7_1	-3.84226965772106	-0.179454103277698	-0.722252502421926	0.182457160677107	-3.95847715563266	0.000143790549134019	0.0372539650119464	2.23890337362943	1.2672550445689	org.Hs.eg.db
NTM2_ASD_down	100	ASD_down	33	SERTAD4	ENSG00000082497	ENSG00000082497.11_1	-3.80931364122228	-0.107799892031716	-0.508892454345853	0.129246889884035	-3.93736711809816	0.000155126630313712	0.0372539650119464	3.43860177233867	0.732213692647791	org.Hs.eg.db
NTM2_ASD_down	100	ASD_down	34	LINC01844	ENSG00000236714	ENSG00000236714.1_1	-3.7997998356648	-0.0871146179727434	-0.64292708400001	0.163542250125526	-3.93125986408122	0.000158562383082682	0.0372539650119464	0.313309121673099	0.931793923992755	org.Hs.eg.db
NTM2_ASD_down	100	ASD_down	35	CDK5R2	ENSG00000171450	ENSG00000171450.5_1	-3.79337610007523	-0.0731478903210607	-0.423702261121869	0.107890991849404	-3.92713287605401	0.00016092514159354	0.0373526805291324	5.35046740360498	0.658916811879692	org.Hs.eg.db
NTM2_ASD_down	100	ASD_down	36	KCNA2	ENSG00000177301	ENSG00000177301.13_1	-3.7862697120283	-0.0576969140075368	-0.37463420261099	0.095507476448071	-3.9225641441242	0.000163580031683195	0.0374011441735603	8.51513964855641	0.50725448586713	org.Hs.eg.db
NTM2_ASD_down	100	ASD_down	37	SLC36A1	ENSG00000123643	ENSG00000123643.12_2	-3.78242449677066	-0.0493365022943187	-0.28918636150778	0.0737703251459237	-3.92009064533396	0.000165034789367032	0.0374011441735603	5.66253063174077	0.414168682763317	org.Hs.eg.db
NTM2_ASD_down	100	ASD_down	38	RHOBTB2	ENSG00000008853	ENSG00000008853.16_1	-3.77857289838518	-0.0409622121443557	-0.299447234526546	0.0764361631541826	-3.9176120591312	0.00016650493179151	0.0374011441735603	7.47810438910966	0.45811753751882	org.Hs.eg.db
NTM2_ASD_down	100	ASD_down	39	LIMK1	ENSG00000106683	ENSG00000106683.14_1	-3.74177248899971	0.0390506227849688	-0.27767125053385	0.0713096514763818	-3.89388034838197	0.000181228923605654	0.0388017374712933	6.69500997207191	0.371030483767738	org.Hs.eg.db
NTM2_ASD_down	100	ASD_down	40	ARHGEF11	ENSG00000132694	ENSG00000132694.18_1	-3.73676868272424	0.0499300866883201	-0.175769983562489	0.0451775775287873	-3.89064649273166	0.000183329062376057	0.0388118822145941	7.14316406584247	0.234045375123215	org.Hs.eg.db
NTM2_ASD_down	100	ASD_down	41	CLEC2L	ENSG00000236279	ENSG00000236279.6_2	-3.71072568993876	0.106553741631482	-0.442463625295303	0.114219885369215	-3.87378803493843	0.000194658920247897	0.0388118822145941	4.06975758744753	0.614021616405317	org.Hs.eg.db
NTM2_ASD_down	100	ASD_down	42	CABP1	ENSG00000157782	ENSG00000157782.9_1	-3.70697547436262	0.114707601462229	-0.433992895264406	0.112103570127083	-3.87135659259042	0.000196347115556898	0.0388118822145941	7.24239962942851	0.578261015006027	org.Hs.eg.db
NTM2_ASD_down	100	ASD_down	43	MIR3677HG	ENSG00000260778	ENSG00000260778.4_2	-3.68725110984757	0.157593057042274	-0.308889098232512	0.0800531033859081	-3.85855245040864	0.000205470221995163	0.0388118822145941	-0.617467834859208	0.451905964235768	org.Hs.eg.db
NTM2_ASD_down	100	ASD_down	44	IQSEC3	ENSG00000120645	ENSG00000120645.11_1	-3.68016766523167	0.172994148884666	-0.326551174172279	0.0847316059955364	-3.85394765430838	0.000208848968563394	0.0388118822145941	6.6849250614175	0.451896620553932	org.Hs.eg.db
NTM2_ASD_down	100	ASD_down	45	RIMKLA	ENSG00000177181	ENSG00000177181.14_2	-3.67787346373641	0.177982288109205	-0.379284538472807	0.0984526722630298	-3.85245549719054	0.000209955152092657	0.0388118822145941	6.38478214438137	0.55553149295048	org.Hs.eg.db
NTM2_ASD_down	100	ASD_down	46	MAP1A	ENSG00000166963	ENSG00000166963.12_2	-3.67487030453126	0.184511869865521	-0.219130157239956	0.0569095082963704	-3.85050167888959	0.000211412029557806	0.0388118822145941	11.1331992869205	0.294662852693476	org.Hs.eg.db
NTM2_ASD_down	100	ASD_down	47	MARCHF10	ENSG00000173838	ENSG00000173838.11_2	-3.67257803807993	0.18949580184473	-0.344644373587598	0.089541045428338	-3.84900993660417	0.000212530841568079	0.0388118822145941	-0.364240436916827	0.489116415688874	org.Hs.eg.db
NTM2_ASD_down	100	ASD_down	48	CFAP410	ENSG00000160226	ENSG00000160226.15_2	-3.60888105438887	0.327988180779552	-0.188593760876276	0.0495333467143775	-3.80741002548763	0.000246104154779641	0.0405451628606895	4.7110606188843	0.272865495793163	org.Hs.eg.db
NTM2_ASD_down	100	ASD_down	49	CPLX1	ENSG00000168993	ENSG00000168993.14_2	-3.60289792831945	0.340996918631873	-0.42726546504965	0.112335177700427	-3.80348768565685	0.000249518109727787	0.0405451628606895	6.34654251821669	0.5895595799474	org.Hs.eg.db
NTM2_ASD_down	100	ASD_down	50	PARD6A	ENSG00000102981	ENSG00000102981.9_1	-3.59819926888217	0.351212920796587	-0.284519058133539	0.0748654455409799	-3.80040559536641	0.000252232318041162	0.0405451628606895	4.09715450188778	0.424076376362732	org.Hs.eg.db
NTM2_ASD_down	100	ASD_down	51	ABCA3	ENSG00000167972	ENSG00000167972.13_2	-3.5940180035995	0.360303985120168	-0.192670715883035	0.0507340407318835	-3.797661552354	0.00025467246763841	0.0405451628606895	7.54427062687442	0.272381110167268	org.Hs.eg.db
NTM2_ASD_down	100	ASD_down	52	TECPR1	ENSG00000205356	ENSG00000205356.9_2	-3.58266489487352	0.384988341343276	-0.232917925796195	0.0614526018766611	-3.7902044613778	0.000261417769699041	0.0409050171334653	6.23208298848854	0.359775782661709	org.Hs.eg.db
NTM2_ASD_down	100	ASD_down	53	EVI5L	ENSG00000142459	ENSG00000142459.8_2	-3.58122506102895	0.388118882270807	-0.197644959894671	0.0521592767114838	-3.78925806406276	0.000262285896746725	0.0409050171334653	6.23019074626973	0.311218328793987	org.Hs.eg.db
NTM2_ASD_down	100	ASD_down	54	ST8SIA5	ENSG00000101638	ENSG00000101638.13_2	-3.56380328102081	0.425997971966936	-0.352822575268378	0.0933937896064434	-3.7777948272059	0.000273021418655922	0.0409050171334653	7.53384241910234	0.534404888105698	org.Hs.eg.db
NTM2_ASD_down	100	ASD_down	55	TMEM121B	ENSG00000183307	ENSG00000183307.3_1	-3.56371700868177	0.426185548533004	-0.402436441272403	0.106528414782101	-3.77773800629222	0.000273075659584704	0.0409050171334653	4.71499425215541	0.647878435361891	org.Hs.eg.db
NTM2_ASD_down	100	ASD_down	56	NUP93	ENSG00000102900	ENSG00000102900.12_2	-3.55688952055928	0.441030130135457	-0.192420979162919	0.0509962267853041	-3.77323953736849	0.000277402569461856	0.0409050171334653	6.10590081917507	0.274013420631909	org.Hs.eg.db
NTM2_ASD_down	100	ASD_down	57	POU3F1	ENSG00000185668	ENSG00000185668.7_2	-3.55591932915285	0.443139556800793	-0.425404707951341	0.112761677697677	-3.77260002367012	0.000278022965159886	0.0409050171334653	1.52054992072143	0.591322994188236	org.Hs.eg.db
NTM2_ASD_down	100	ASD_down	58	SETD4	ENSG00000185917	ENSG00000185917.13_2	-3.55136748949434	0.453036337877482	-0.12423715088288	0.0329576596482643	-3.76959869750408	0.000280952247427131	0.0409050171334653	4.06158175474867	0.175880572195657	org.Hs.eg.db
NTM2_ASD_down	100	ASD_down	59	SPDEF	ENSG00000124664	ENSG00000124664.10_1	-3.5457528102404	0.4652439847985	-0.376499662177297	0.0999761584841527	-3.76589446809937	0.000284608056572889	0.0410960796107225	-0.0478236043908839	0.530757983542114	org.Hs.eg.db
NTM2_ASD_down	100	ASD_down	60	FAM86HP	ENSG00000253540	ENSG00000253540.5_1	-3.53605191903366	0.486336027516344	-0.520759577082032	0.138518716181062	-3.75948890835322	0.000291036916847586	0.0411906133837507	-0.509398779498034	0.732187232189753	org.Hs.eg.db
NTM2_ASD_down	100	ASD_down	61	PANX2	ENSG00000073150	ENSG00000073150.13_2	-3.53306625888345	0.492827562168899	-0.299691581504195	0.0797578978267041	-3.75751605383779	0.000293044612259801	0.0411906133837507	4.77154023333849	0.45440359379966	org.Hs.eg.db
NTM2_ASD_down	100	ASD_down	62	LINC02192	ENSG00000261325	ENSG00000261325.1_1	-3.52383279524289	0.512903306282475	-0.900732661244131	0.240105058460582	-3.75141059925651	0.000299341688980859	0.0411906133837507	0.477280653441513	1.28317869718481	org.Hs.eg.db
NTM2_ASD_down	100	ASD_down	63	ADGRB2	ENSG00000121753	ENSG00000121753.12_2	-3.50938857561023	0.544308472161079	-0.280897487283386	0.0750692100370651	-3.7418468523206	0.000309464918961195	0.0411906133837507	8.11529108613564	0.453204614332569	org.Hs.eg.db
NTM2_ASD_down	100	ASD_down	64	N4BP3	ENSG00000145911	ENSG00000145911.5_1	-3.50454542725897	0.554838627559862	-0.30281916750466	0.0809972185571029	-3.73863662109796	0.000312935312370225	0.0411906133837507	4.41414763287647	0.530125329920209	org.Hs.eg.db
NTM2_ASD_down	100	ASD_down	65	LOC153910	ENSG00000236366	ENSG00000236366.2_1	-3.50216799074943	0.560007739484675	-0.65942297562366	0.176455008830876	-3.737060115169	0.000314653095960662	0.0411906133837507	-2.71035913217953	1.01992840229976	org.Hs.eg.db
NTM2_ASD_down	100	ASD_down	66	NGEF	ENSG00000066248	ENSG00000066248.14_1	-3.49955670975169	0.565685284895582	-0.413180511672506	0.110614250161614	-3.7353280528397	0.000316550708760231	0.0411906133837507	7.85118973644476	0.619424676764687	org.Hs.eg.db
NTM2_ASD_down	100	ASD_down	67	PRRT3	ENSG00000163704	ENSG00000163704.11_1	-3.49731009797539	0.570569952762303	-0.276919128481091	0.0741647517321084	-3.73383746339979	0.000318192473031401	0.0411906133837507	5.17752521227323	0.412749735823139	org.Hs.eg.db
NTM2_ASD_down	100	ASD_down	68	CACNB1	ENSG00000067191	ENSG00000067191.15_1	-3.47161258955423	0.626442442599587	-0.303006396985058	0.0815243300619087	-3.71676034326143	0.000337588318527892	0.0411906133837507	6.53617623484495	0.442813836890576	org.Hs.eg.db
NTM2_ASD_down	100	ASD_down	69	BCL11B	ENSG00000127152	ENSG00000127152.17_1	-3.46962817893975	0.630757022833341	-0.275125537168543	0.0740492573312718	-3.71543952071961	0.00033913438165882	0.0411906133837507	4.56007302384289	0.400397515425408	org.Hs.eg.db
NTM2_ASD_down	100	ASD_down	70	KLF13	ENSG00000169926	ENSG00000169926.10_2	-3.46890176256176	0.632336424658282	-0.182131243430799	0.0490264881271413	-3.71495594296851	0.000339702104537109	0.0411906133837507	7.25386047168533	0.304166748549271	org.Hs.eg.db
NTM2_ASD_down	100	ASD_down	71	KCNF1	ENSG00000162975	ENSG00000162975.4_2	-3.46274379623636	0.645725306774594	-0.365114243638117	0.0983908694095352	-3.71085493836213	0.000344553133382817	0.0411906133837507	5.73828624389416	0.619627768214515	org.Hs.eg.db
NTM2_ASD_down	100	ASD_down	72	CHGA	ENSG00000100604	ENSG00000100604.12_2	-3.44278448125473	0.689121600500571	-0.448107915704041	0.121190737755711	-3.69754260104688	0.000360757624669602	0.0411906133837507	7.28780854715954	0.6263541456081	org.Hs.eg.db
NTM2_ASD_down	100	ASD_down	73	MAP3K9	ENSG00000006432	ENSG00000006432.15_2	-3.43834150703	0.698781682254416	-0.332351575149661	0.0899566445647939	-3.69457505621249	0.00036446723576779	0.0411906133837507	7.05856984734887	0.470635143327288	org.Hs.eg.db
NTM2_ASD_down	100	ASD_down	74	LOC101927588	ENSG00000214803	ENSG00000214803.3_1	-3.43654102360364	0.702696361074339	-0.530920928832995	0.143749647388648	-3.69337204283759	0.000365981368201397	0.0411906133837507	-1.65413262355738	0.804468160656965	org.Hs.eg.db
NTM2_ASD_down	100	ASD_down	75	PEX5L	ENSG00000114757	ENSG00000114757.18_2	-3.42546754570567	0.726772733428346	-0.295047528859462	0.0800461533434133	-3.68596761412946	0.000375433009072442	0.0411906133837507	8.44515529116836	0.430808947579679	org.Hs.eg.db
NTM2_ASD_down	100	ASD_down	76	DAGLA	ENSG00000134780	ENSG00000134780.9_1	-3.42275976985864	0.732660081571794	-0.27092501151466	0.0735378858865959	-3.68415556482625	0.000377781102886635	0.0411906133837507	6.06639712398609	0.413208596456849	org.Hs.eg.db
NTM2_ASD_down	100	ASD_down	77	TESC	ENSG00000088992	ENSG00000088992.17_1	-3.41264044081996	0.75466190757016	-0.331782610103736	0.0902225869881923	-3.67737859420012	0.000386686988757858	0.0418778728093393	3.9042009736293	0.488335432981303	org.Hs.eg.db
NTM2_ASD_down	100	ASD_down	78	SFTPD	ENSG00000133661	ENSG00000133661.15_2	-3.40961996127914	0.761229147852059	-0.382930297789316	0.10418867866406	-3.67535420066141	0.000389385736309456	0.0418778728093393	0.291457288885778	0.538338383655425	org.Hs.eg.db
NTM2_ASD_down	100	ASD_down	79	FAM43B	ENSG00000183114	ENSG00000183114.7_1	-3.40660386600902	0.767786855687638	-0.298129632904279	0.0811605459818049	-3.6733320272527	0.000392099360508062	0.0418778728093393	3.14215590181853	0.466692898296244	org.Hs.eg.db
NTM2_ASD_down	100	ASD_down	80	DIRAS1	ENSG00000176490	ENSG00000176490.4_2	-3.39655317807332	0.789639439616848	-0.378661403469174	0.103273500758774	-3.66658824080779	0.000401279359784997	0.0418778728093393	6.85182757135907	0.556891505805159	org.Hs.eg.db
NTM2_ASD_down	100	ASD_down	81	DGCR5	ENSG00000273032	ENSG00000273032.1_2	-3.39409679521988	0.794980199653423	-0.396630600266942	0.108222979178208	-3.66493884458512	0.000403555438817909	0.0418778728093393	4.54271360475771	0.60018167080122	org.Hs.eg.db
NTM2_ASD_down	100	ASD_down	82	RAB11FIP5	ENSG00000135631	ENSG00000135631.16_2	-3.39366435868832	0.795920419433439	-0.212996921997806	0.05812206173219	-3.66464842522682	0.000403957467932119	0.0418778728093393	6.32685007007448	0.299373762346718	org.Hs.eg.db
NTM2_ASD_down	100	ASD_down	83	PHF24	ENSG00000122733	ENSG00000122733.12_1	-3.39086086941949	0.80201587130039	-0.33682478155869	0.0919591500980873	-3.66276527348741	0.00040657355820939	0.0418778728093393	7.93804084041291	0.532668134229502	org.Hs.eg.db
NTM2_ASD_down	100	ASD_down	84	INKA2	ENSG00000197852	ENSG00000197852.9_1	-3.3859253836118	0.812746790271703	-0.281022719655025	0.0767937353182448	-3.65944850176156	0.00041122036704656	0.0419359871469395	6.16755786052088	0.467975466445122	org.Hs.eg.db
NTM2_ASD_down	100	ASD_down	85	ARIH2	ENSG00000177479	ENSG00000177479.19_1	-3.38510495434062	0.814530598466837	-0.13541606920993	0.0370100799608292	-3.65889696410415	0.000411997941047401	0.0419359871469395	6.19086679579889	0.200557419236304	org.Hs.eg.db
NTM2_ASD_down	100	ASD_down	86	INF2	ENSG00000203485	ENSG00000203485.12_1	-3.37768521892548	0.830662866419946	-0.307500507946833	0.0841566423197127	-3.65390656602759	0.000419097221002838	0.0421222691224777	6.71807027852928	0.448698932529652	org.Hs.eg.db
NTM2_ASD_down	100	ASD_down	87	ATXN1	ENSG00000124788	ENSG00000124788.17_2	-3.3758842283766	0.834578647844755	-0.117549906831647	0.0321816960495	-3.65269458299644	0.00042083879812077	0.0421222691224777	8.10460072253065	0.177151149135428	org.Hs.eg.db
NTM2_ASD_down	100	ASD_down	88	ROCK2	ENSG00000134318	ENSG00000134318.13_2	-3.37161949569335	0.843851190131676	-0.176384746203526	0.0483269238758619	-3.6498235777764	0.000424991754658491	0.0421222691224777	8.05641114339138	0.265806923397389	org.Hs.eg.db
NTM2_ASD_down	100	ASD_down	89	ANKRD52	ENSG00000139645	ENSG00000139645.9_1	-3.37036411151274	0.846580693658766	-0.179094431023952	0.049080707601843	-3.64897817848956	0.000426222025378273	0.0421222691224777	6.38255124246922	0.273621171164614	org.Hs.eg.db
NTM2_ASD_down	100	ASD_down	90	KCNB1	ENSG00000158445	ENSG00000158445.9_2	-3.35672516541186	0.876235003521168	-0.361696811577674	0.0993731181726482	-3.63978526817758	0.000439819858600647	0.0428617063978014	8.30991877188019	0.532266536523325	org.Hs.eg.db
NTM2_ASD_down	100	ASD_down	91	KCNA1	ENSG00000111262	ENSG00000111262.4_1	-3.35506995293236	0.879833828781708	-0.445011020824811	0.122300508708276	-3.63866860019609	0.000441499328190256	0.0428617063978014	6.6651072625866	0.656961217329413	org.Hs.eg.db
NTM2_ASD_down	100	ASD_down	92	R3HDM2	ENSG00000179912	ENSG00000179912.20_2	-3.35290936809116	0.884531453648846	-0.199891502118136	0.0549573618568746	-3.63721065502951	0.000443701229251532	0.0428617063978014	6.74759921929617	0.296122965293035	org.Hs.eg.db
NTM2_ASD_down	100	ASD_down	93	BRSK1	ENSG00000160469	ENSG00000160469.16_2	-3.35207227842145	0.886351485509412	-0.225394753994988	0.0619787499499001	-3.63664569190543	0.000444557274882578	0.0428617063978014	7.54635546781132	0.352067668751873	org.Hs.eg.db
NTM2_ASD_down	100	ASD_down	94	NEFH	ENSG00000100285	ENSG00000100285.9_1	-3.351392488155	0.887829511088053	-0.512659647367115	0.140988257330064	-3.63618685041932	0.000445253674127587	0.0428617063978014	6.55436157522069	0.759872306931735	org.Hs.eg.db
NTM2_ASD_down	100	ASD_down	95	TAOK2	ENSG00000149930	ENSG00000149930.17_1	-3.33567711176275	0.921998473828485	-0.142277923216091	0.0392429238331614	-3.62556887506589	0.000461660681393152	0.0432507019531378	6.85464141526231	0.226175936742907	org.Hs.eg.db
NTM2_ASD_down	100	ASD_down	96	PLCB1	ENSG00000182621	ENSG00000182621.17_2	-3.32047835526877	0.955044182145099	-0.336146122423312	0.0929792589084953	-3.61528072356575	0.000478103193661754	0.0439784108066049	8.4922681060925	0.520619535333707	org.Hs.eg.db
NTM2_ASD_down	100	ASD_down	97	TESPA1	ENSG00000135426	ENSG00000135426.15_2	-3.31014591703913	0.977509358166	-0.466753981127799	0.129356516369957	-3.60827575004334	0.000489614287988268	0.0445004129704234	6.59990257367631	0.665624152179647	org.Hs.eg.db
NTM2_ASD_down	100	ASD_down	98	KAZALD1	ENSG00000107821	ENSG00000107821.14_1	-3.30082086517707	0.997784236837335	-0.502750928017636	0.139577580432896	-3.60194614678352	0.000500240828350499	0.044851917736148	0.637888501243447	0.871980089797011	org.Hs.eg.db
NTM2_ASD_down	100	ASD_down	99	DNAJC28	ENSG00000177692	ENSG00000177692.11_1	-3.28537762297503	1.03136151518071	-0.225299715267678	0.0627322829866157	-3.59144772900657	0.000518349133670264	0.0451545053199614	2.44863483290492	0.340215515414746	org.Hs.eg.db
NTM2_ASD_down	100	ASD_down	100	CYP24A1	ENSG00000019186	ENSG00000019186.9_1	-3.28314469298598	1.03621643559072	-0.68687933871987	0.191335123322722	-3.5899281156096	0.000521021094674454	0.0451545053199614	-0.337574961810345	1.18063462158809	org.Hs.eg.db
NTM3_ASD_signed	100	ASD_up	1	PGAM2	ENSG00000164708	ENSG00000164708.5_1	7.20971851829502	1.44084802497127	0.713980108592849	0.121699099027351	5.86676577147367	6.16994768556818e-08	0.000916402834212062	0.948570559944864	0.742747373437745	org.Hs.eg.db
NTM3_ASD_signed	100	ASD_up	2	PCDHGA6	ENSG00000253731	ENSG00000253731.2_2	6.01412271071827	1.15275841950683	0.251492235338014	0.0480683186984918	5.23197486717804	9.6800430618953e-07	0.00617984369209139	3.68471601695383	0.290765598931853	org.Hs.eg.db
NTM3_ASD_signed	100	ASD_down	3	ZNF804B	ENSG00000182348	ENSG00000182348.6_1	-6.00204416930744	-1.74264549017881	-0.543280570251208	0.103969604653257	-5.22537882165728	9.95304186196068e-07	0.00617984369209139	2.53441244810912	0.613706942685104	org.Hs.eg.db
NTM3_ASD_signed	100	ASD_up	4	PIRT	ENSG00000233670	ENSG00000233670.6_1	5.05062106677198	0.920593998462715	0.941053921046187	0.200597870543318	4.69124581680429	8.89977307527947e-06	0.0252465006095842	0.558546109744905	1.13034169090096	org.Hs.eg.db
NTM3_ASD_signed	100	ASD_up	5	ARHGAP6	ENSG00000047648	ENSG00000047648.21_2	5.01938156206294	0.913066557726055	0.355895259312581	0.0761572922465021	4.67316062341919	9.56353469893258e-06	0.0252465006095842	2.61302620792832	0.410121874457749	org.Hs.eg.db
NTM3_ASD_signed	100	ASD_down	6	SUSD5	ENSG00000173705	ENSG00000173705.8_2	-4.89335536098251	-1.47549691091059	-0.350154341699042	0.0761238283607732	-4.59979942206214	1.2783348799876e-05	0.0252465006095842	4.45535091231067	0.442733660901006	org.Hs.eg.db
NTM3_ASD_signed	100	ASD_up	7	PITPNA-AS1	ENSG00000236618	ENSG00000236618.2_1	4.87958528763785	0.879381383113282	0.314571318828804	0.0685080288170579	4.59174383295755	1.3195161569819e-05	0.0252465006095842	0.53507835456182	0.390853332546864	org.Hs.eg.db
NTM3_ASD_signed	100	ASD_up	8	H1-2	ENSG00000187837	ENSG00000187837.3_1	4.84856990719471	0.87190794714222	0.364997519589538	0.0798058194535844	4.57357022443487	1.41719657082656e-05	0.0252465006095842	5.05447640789812	0.451399507309904	org.Hs.eg.db
NTM3_ASD_signed	100	ASD_down	9	NOS2	ENSG00000007171	ENSG00000007171.16_2	-4.82139570628448	-1.45815758235161	-0.486759099373344	0.106801309025554	-4.55761360805866	1.50870487520625e-05	0.0252465006095842	2.86335756056489	0.622680796614436	org.Hs.eg.db
NTM3_ASD_signed	100	ASD_down	10	IRGQ	ENSG00000167378	ENSG00000167378.8_2	-4.76627462450893	-1.44487565998215	-0.246562267011425	0.0544871118014398	-4.52514840408387	1.71287383554676e-05	0.0252465006095842	7.14146942748417	0.315378010955711	org.Hs.eg.db
NTM3_ASD_signed	100	ASD_down	11	TMEM151B	ENSG00000178233	ENSG00000178233.17_2	-4.75439472156047	-1.44201309009717	-0.345638231522596	0.076500218138596	-4.51813393389808	1.76037534918704e-05	0.0252465006095842	7.64243202376796	0.461587540089025	org.Hs.eg.db
NTM3_ASD_signed	100	ASD_up	12	FAH	ENSG00000103876	ENSG00000103876.11_2	4.75124265057912	0.848456065844518	0.341422108690389	0.0755982207320324	4.51627175063555	1.77319847621979e-05	0.0252465006095842	2.38273760664979	0.419928514510813	org.Hs.eg.db
NTM3_ASD_signed	100	ASD_down	13	OVOL2	ENSG00000125850	ENSG00000125850.10_2	-4.72035155775408	-1.43381008238537	-0.454021690203937	0.100938604404447	-4.49799849009932	1.90391888756794e-05	0.0252465006095842	0.0666537749263885	0.567736531919317	org.Hs.eg.db
NTM3_ASD_signed	100	ASD_up	14	BTG1	ENSG00000133639	ENSG00000133639.4_2	4.70597123337315	0.837547509090611	0.352970981657495	0.0786218416114411	4.48947740758759	1.96801664210095e-05	0.0252465006095842	4.28056713494804	0.438643012735124	org.Hs.eg.db
NTM3_ASD_signed	100	ASD_up	15	CXCL5	ENSG00000163735	ENSG00000163735.6_1	4.70202457051339	0.836596525038172	0.613055562950394	0.136625099412451	4.48713717747914	1.9859825558299e-05	0.0252465006095842	-0.842256162110143	0.741164569439205	org.Hs.eg.db
NTM3_ASD_signed	100	ASD_up	16	FTL	ENSG00000087086	ENSG00000087086.14_2	4.67509714484616	0.830108118682541	0.462301144410212	0.103396442915849	4.47115134111977	2.11301633844375e-05	0.0252465006095842	8.72792724362507	0.568709047055966	org.Hs.eg.db
NTM3_ASD_signed	100	ASD_down	17	COL10A1	ENSG00000123500	ENSG00000123500.9_2	-4.64040114822016	-1.41454530929619	-0.732143214370141	0.164507905906674	-4.45050473614009	2.28875260587941e-05	0.0252465006095842	1.79292021337282	0.994992274457642	org.Hs.eg.db
NTM3_ASD_signed	100	ASD_up	18	GADD45G	ENSG00000130222	ENSG00000130222.10_1	4.63056622604224	0.819377991704936	0.669729607493109	0.150682458640244	4.44464215368357	2.34117443968761e-05	0.0252465006095842	1.41845481831653	0.807248941840204	org.Hs.eg.db
NTM3_ASD_signed	100	ASD_down	19	WNT10A	ENSG00000135925	ENSG00000135925.8_1	-4.60749518513366	-1.4066163203662	-0.487456429248712	0.110013659236748	-4.43087188109715	2.46890747664152e-05	0.0252465006095842	0.33652026453688	0.70839257134227	org.Hs.eg.db
NTM3_ASD_signed	100	ASD_up	20	MTMR11	ENSG00000014914	ENSG00000014914.19_1	4.57292011111706	0.80548763979829	0.373333405371863	0.084652482731958	4.41018849445892	2.67349815596139e-05	0.0252465006095842	2.36299823969209	0.464323871888151	org.Hs.eg.db
NTM3_ASD_signed	100	ASD_up	21	H4C14	ENSG00000270882	ENSG00000270882.2_1	4.55987022516043	0.802343151943132	0.329859187455614	0.0749276874941237	4.4023671153802	2.75505183835707e-05	0.0252465006095842	3.30063549458367	0.40915074759878	org.Hs.eg.db
NTM3_ASD_signed	100	ASD_up	22	PLEKHA4	ENSG00000105559	ENSG00000105559.11_1	4.55023103057427	0.800020500970519	0.737325413987447	0.167704130537728	4.39658469724794	2.81688404169933e-05	0.0252465006095842	0.526121254816732	0.953575110503336	org.Hs.eg.db
NTM3_ASD_signed	100	ASD_up	23	HNRNPH1	ENSG00000169045	ENSG00000169045.13	4.54444093479356	0.798625325110505	0.141671355397032	0.0322485397555073	4.39310916001517	2.85469073293072e-05	0.0252465006095842	7.04029351392028	0.186677360345628	org.Hs.eg.db
NTM3_ASD_signed	100	ASD_up	24	BCCIP	ENSG00000107949	ENSG00000107949.16_2	4.53898953614708	0.797311761383246	0.221543837258979	0.0504674581740101	4.38983545585164	2.89074953099052e-05	0.0252465006095842	4.45886958139924	0.269474371068835	org.Hs.eg.db
NTM3_ASD_signed	100	ASD_up	25	ABCA1	ENSG00000165029	ENSG00000165029.15_1	4.51075268234858	0.790507836495909	0.504615612106569	0.115397274754528	4.37285553909297	3.08494423312607e-05	0.0252465006095842	5.5856756749042	0.618716008748952	org.Hs.eg.db
NTM3_ASD_signed	100	ASD_up	26	CSTB	ENSG00000160213	ENSG00000160213.5_1	4.50543993966292	0.789227683174406	0.27780152748036	0.063575141504487	4.36965645543634	3.12291425678066e-05	0.0252465006095842	3.57244665341182	0.375702203668638	org.Hs.eg.db
NTM3_ASD_signed	100	ASD_down	27	TPBG	ENSG00000146242	ENSG00000146242.8_1	-4.49961714888502	-1.38062213344768	-0.551869408992683	0.126397301502868	-4.36614866323046	3.1650665865119e-05	0.0252465006095842	3.89929257633326	0.713820723796104	org.Hs.eg.db
NTM3_ASD_signed	100	ASD_up	28	ARMCX6	ENSG00000198960	ENSG00000198960.10_2	4.49773909292779	0.787372094618802	0.202123361081816	0.0463052869339183	4.3650169228033	3.178783185255e-05	0.0252465006095842	2.6943427082717	0.262357388374559	org.Hs.eg.db
NTM3_ASD_signed	100	ASD_down	29	APOOL	ENSG00000155008	ENSG00000155008.13_1	-4.4902150855277	-1.37835662138583	-0.168977845559786	0.0387521102815849	-4.36048112817445	3.23433435965896e-05	0.0252465006095842	4.96583857070667	0.20859427625582	org.Hs.eg.db
NTM3_ASD_signed	100	ASD_up	30	IGFBP5	ENSG00000115461	ENSG00000115461.4_2	4.48773048332092	0.784960429761316	0.345943619137745	0.0793633844090669	4.35898269351303	3.25289104327063e-05	0.0252465006095842	6.5019623306624	0.424364698302647	org.Hs.eg.db
NTM3_ASD_signed	100	ASD_up	31	TMEM176A	ENSG00000002933	ENSG00000002933.7_2	4.44560789496208	0.774810611750467	0.584072234267297	0.134779700725371	4.3335326545754	3.58419892333066e-05	0.0267612442010097	1.50944746309793	0.745226173073056	org.Hs.eg.db
NTM3_ASD_signed	100	ASD_up	32	HMGN1	ENSG00000205581	ENSG00000205581.10_1	4.41438035214001	0.767286053338484	0.189724548085968	0.0439726021818793	4.31460815762576	3.85140906144277e-05	0.0267612442010097	5.42821967697533	0.239523117274098	org.Hs.eg.db
NTM3_ASD_signed	100	ASD_down	33	ATP2B2	ENSG00000157087	ENSG00000157087.16_2	-4.37978008568899	-1.35174631100218	-0.46546850386785	0.108410295757342	-4.29358208661033	4.17080527663791e-05	0.0267612442010097	9.69981104983396	0.639770791162906	org.Hs.eg.db
NTM3_ASD_signed	100	ASD_up	34	SLC2A4RG	ENSG00000125520	ENSG00000125520.13_2	4.36586526979047	0.755595906179569	0.319979311705607	0.0746723857837495	4.28510899105679	4.3066019252224e-05	0.0267612442010097	2.65727238384527	0.472861406161148	org.Hs.eg.db
NTM3_ASD_signed	100	ASD_up	35	UXT-AS1	ENSG00000267064	ENSG00000267064.1_1	4.35895711628577	0.753931324215459	0.570022008523745	0.133154751994863	4.28089872861418	4.37565309712027e-05	0.0267612442010097	-2.1283168428756	0.713547702082612	org.Hs.eg.db
NTM3_ASD_signed	100	ASD_up	36	EMP3	ENSG00000142227	ENSG00000142227.10_2	4.35891209592947	0.753920476154097	0.734525738125885	0.17158323380666	4.28087128229294	4.37610671483944e-05	0.0267612442010097	0.809312583671095	0.92778704343466	org.Hs.eg.db
NTM3_ASD_signed	100	ASD_down	37	SYT3	ENSG00000213023	ENSG00000213023.10_2	-4.35771917587339	-1.34643053558319	-0.335799162604467	0.0784551088560275	-4.2801439893569	4.38814352828476e-05	0.0267612442010097	4.52025141225486	0.448395399540066	org.Hs.eg.db
NTM3_ASD_signed	100	ASD_up	38	FOXJ1	ENSG00000129654	ENSG00000129654.7_1	4.35077776535989	0.751960435754443	0.994372733552641	0.232552278049839	4.27591052597444	4.45884355372326e-05	0.0267612442010097	0.102948818038827	1.31395617382119	org.Hs.eg.db
NTM3_ASD_signed	100	ASD_up	39	RPS3	ENSG00000149273	ENSG00000149273.14_2	4.34432605971197	0.750405839022919	0.202645419350223	0.0474360199362311	4.2719734839188	4.52557680964087e-05	0.0267612442010097	6.67163446446257	0.257008565470464	org.Hs.eg.db
NTM3_ASD_signed	100	ASD_up	40	SNHG19	ENSG00000260260	ENSG00000260260.1_1	4.33245991305077	0.747546583839568	0.332496038206217	0.077964207468487	4.26472671245471	4.65093303977122e-05	0.0268629239478507	0.620298846191747	0.434843020777338	org.Hs.eg.db
NTM3_ASD_signed	100	ASD_up	41	GTF2A1L	ENSG00000242441	ENSG00000242441.7_2	4.29489688255692	0.738495432466801	0.989233883024591	0.23321428855178	4.24173788479068	5.07111100761178e-05	0.0286241165875105	-0.870336204239481	1.29631258213786	org.Hs.eg.db
NTM3_ASD_signed	100	ASD_up	42	DDR2	ENSG00000162733	ENSG00000162733.16_1	4.25581641962911	0.729078642047419	0.480240879123992	0.113862112132598	4.21774082817583	5.54860208032488e-05	0.0303308541132105	5.06216053169138	0.617327173644864	org.Hs.eg.db
NTM3_ASD_signed	100	ASD_down	43	BASP1	ENSG00000176788	ENSG00000176788.8_2	-4.25043917932904	-1.32058045173142	-0.313171272008399	0.07430923806755	-4.2144325544519	5.61772946210212e-05	0.0303308541132105	8.13842904191725	0.425852648087739	org.Hs.eg.db
NTM3_ASD_signed	100	ASD_up	44	NABP1	ENSG00000173559	ENSG00000173559.12_1	4.2327175690044	0.723512765418393	0.497937421816289	0.118457293198103	4.20351848647732	5.85170509336777e-05	0.0309219037657196	2.81578619395434	0.622937019235802	org.Hs.eg.db
NTM3_ASD_signed	100	ASD_down	45	LYNX1	ENSG00000180155	ENSG00000180155.18_1	-4.19515521994107	-1.30725928253054	-0.351450714334223	0.0840725104958293	-4.18032853142477	6.38035407035571e-05	0.0325916229894719	7.8372462789467	0.449001053755683	org.Hs.eg.db
NTM3_ASD_signed	100	ASD_up	46	PABPC1	ENSG00000070756	ENSG00000070756.14_2	4.18268487204014	0.711456935314765	0.193139276718626	0.0462873745692652	4.17261247836835	6.56621543950644e-05	0.0325916229894719	6.75903851666304	0.276749233943626	org.Hs.eg.db
NTM3_ASD_signed	100	ASD_down	47	CENPS-CORT	ENSG00000251503	ENSG00000251503.8_2	-4.18228216882888	-1.30415740462788	-0.584594634201572	0.140111158028787	-4.17236316098011	6.57230684171768e-05	0.0325916229894719	0.598216334968302	0.776631481068352	org.Hs.eg.db
NTM3_ASD_signed	100	ASD_up	48	GHRHR	ENSG00000106128	ENSG00000106128.18_1	4.16103189753518	0.706239455592325	0.569385509713126	0.136898038216293	4.15919407708035	6.90189109804681e-05	0.0325916229894719	-2.21236296135965	0.745914979151765	org.Hs.eg.db
NTM3_ASD_signed	100	ASD_down	49	HR	ENSG00000168453	ENSG00000168453.14_2	-4.15442329006094	-1.29744455623708	-0.469309112631204	0.112947907294177	-4.15509347516172	7.00771950098475e-05	0.0325916229894719	5.730475118117	0.599590422796039	org.Hs.eg.db
NTM3_ASD_signed	100	ASD_up	50	DZIP1L	ENSG00000158163	ENSG00000158163.14_2	4.14734839405979	0.702942291874774	0.393054254619324	0.0946958771021297	4.15070081874224	7.1228140377018e-05	0.0325916229894719	1.5564467171626	0.527540106634601	org.Hs.eg.db
NTM3_ASD_signed	100	ASD_down	51	RNF157	ENSG00000141576	ENSG00000141576.14_2	-4.14629829441838	-1.29548676517238	-0.260737377157925	0.0628275479957799	-4.15004859294269	7.1400574399913e-05	0.0325916229894719	7.40926076535675	0.331934620136004	org.Hs.eg.db
NTM3_ASD_signed	100	ASD_down	52	LZTS1	ENSG00000061337	ENSG00000061337.15_2	-4.14161297378831	-1.29435779486048	-0.338505845494685	0.0816239697410481	-4.14713774113896	7.21750388315733e-05	0.0325916229894719	6.25672905721623	0.437548087421118	org.Hs.eg.db
NTM3_ASD_signed	100	ASD_up	53	UBE2L6	ENSG00000156587	ENSG00000156587.15_2	4.09636713253115	0.690657896574298	0.321441091450869	0.0780393148109279	4.11896352793012	8.01000648083738e-05	0.0344970382948302	4.29077748760395	0.422095125173943	org.Hs.eg.db
NTM3_ASD_signed	100	ASD_up	54	LONRF3	ENSG00000175556	ENSG00000175556.16_1	4.09586529067049	0.690536973246593	0.453742573177275	0.110167781104028	4.11865037699923	8.01926766213366e-05	0.0344970382948302	2.68217649365354	0.600659964107298	org.Hs.eg.db
NTM3_ASD_signed	100	ASD_up	55	GFPT2	ENSG00000131459	ENSG00000131459.12_2	4.08154082031066	0.687085362770629	0.319746002345866	0.0778026515815847	4.10970572141204	8.28818010151534e-05	0.0344970382948302	4.03643534121793	0.417627461677931	org.Hs.eg.db
NTM3_ASD_signed	100	ASD_down	56	CACNG2	ENSG00000166862	ENSG00000166862.6_1	-4.07613308461322	-1.27857982431328	-0.318563342675949	0.0775786805874351	-4.10632586509269	8.39202782947897e-05	0.0344970382948302	3.49244321632128	0.410039660008438	org.Hs.eg.db
NTM3_ASD_signed	100	ASD_up	57	ZNF217	ENSG00000171940	ENSG00000171940.13_2	4.07197000536311	0.684779188489371	0.420370976605414	0.102436495030588	4.1037227648202	8.47285930095282e-05	0.0344970382948302	2.98836774767286	0.569707235118933	org.Hs.eg.db
NTM3_ASD_signed	100	ASD_down	58	ZSCAN1	ENSG00000152467	ENSG00000152467.9_2	-4.04228833533272	-1.27042462637308	-0.39986449220389	0.0978828349965388	-4.08513394833762	9.0721801305577e-05	0.0356630831004443	1.16056157717205	0.512966390352695	org.Hs.eg.db
NTM3_ASD_signed	100	ASD_up	59	CD99	ENSG00000002586	ENSG00000002586.18_2	4.04092295329309	0.677298120953834	0.508244260762121	0.124439205771975	4.08427760052919	9.100747115709e-05	0.0356630831004443	3.72944795094798	0.767367124416675	org.Hs.eg.db
NTM3_ASD_signed	100	ASD_up	60	TGIF1	ENSG00000177426	ENSG00000177426.20_2	4.03372049260923	0.67556262301746	0.655944890343528	0.160780323342357	4.07975849723099	9.25293491570703e-05	0.0356630831004443	1.67601587046876	0.851559314774355	org.Hs.eg.db
NTM3_ASD_signed	100	ASD_up	61	CHI3L2	ENSG00000064886	ENSG00000064886.13_2	4.02488209421331	0.673432931117671	1.565645621764	0.38428213213023	4.07420874107521	9.44317212380473e-05	0.0356630831004443	-1.20951603053729	1.99711916998321	org.Hs.eg.db
NTM3_ASD_signed	100	ASD_up	62	DDAH2	ENSG00000213722	ENSG00000213722.8_2	4.01525259993605	0.671112617522076	0.361461169461524	0.08885133330112	4.0681569542296	9.65489155440757e-05	0.0356630831004443	3.53071060173477	0.493755749350724	org.Hs.eg.db
NTM3_ASD_signed	100	ASD_down	63	CELSR2	ENSG00000143126	ENSG00000143126.7_1	-4.01401276163347	-1.26361137157603	-0.275101580548044	0.0676361095299184	-4.06737735892918	9.68249404079467e-05	0.0356630831004443	8.82453015695413	0.356920081234176	org.Hs.eg.db
NTM3_ASD_signed	100	ASD_up	64	RAB20	ENSG00000139832	ENSG00000139832.4_1	4.00359439238769	0.668303467145547	0.682260732270652	0.168010467146562	4.06082278002055	9.91757760729429e-05	0.0356630831004443	0.438925610291704	0.944944499772304	org.Hs.eg.db
NTM3_ASD_signed	100	ASD_up	65	MDK	ENSG00000110492	ENSG00000110492.15_2	3.99980525018311	0.667390439117306	0.545700407958178	0.134460722373395	4.05843727689323	0.000100044852858411	0.0356630831004443	1.64595742093981	0.70863107106356	org.Hs.eg.db
NTM3_ASD_signed	100	ASD_down	66	CYP2E1	ENSG00000130649	ENSG00000130649.9_2	-3.98729269375799	-1.25717292995266	-0.347322441772508	0.0857469047199013	-4.05055369528571	0.000102969192331653	0.0356630831004443	3.24401456236196	0.484212235809576	org.Hs.eg.db
NTM3_ASD_signed	100	ASD_up	67	TMEM176B	ENSG00000106565	ENSG00000106565.17_2	3.98693579140637	0.66428942682031	0.574074045624391	0.141735175018517	4.05032868904554	0.000103053846991277	0.0356630831004443	2.31726835442629	0.754372203415758	org.Hs.eg.db
NTM3_ASD_signed	100	ASD_up	68	GDPD2	ENSG00000130055	ENSG00000130055.13_1	3.97583184533899	0.661613830752327	0.523029880822324	0.129356396814726	4.04332444085811	0.00010572267780518	0.0356630831004443	0.965238897410035	0.727379210079485	org.Hs.eg.db
NTM3_ASD_signed	100	ASD_up	69	SMAD1	ENSG00000170365	ENSG00000170365.9_2	3.9726439599843	0.660845680991112	0.204734166158207	0.0506603195452503	4.04131217481438	0.000106501577359976	0.0356630831004443	3.77238734535422	0.27989967522337	org.Hs.eg.db
NTM3_ASD_signed	100	ASD_down	70	IQSEC1	ENSG00000144711	ENSG00000144711.13_2	-3.96536990397371	-1.25189043580237	-0.240761528582589	0.0596428856876361	-4.0367183077545	0.000108300408818136	0.0356630831004443	8.3207002381959	0.315735352715266	org.Hs.eg.db
NTM3_ASD_signed	100	ASD_down	71	RPH3A	ENSG00000089169	ENSG00000089169.14_2	-3.96440789507353	-1.25165863107142	-0.426612025458829	0.105698796795045	-4.03611051775784	0.000108540571745161	0.0356630831004443	7.75732418535844	0.589448055940955	org.Hs.eg.db
NTM3_ASD_signed	100	ASD_down	72	FBLN7	ENSG00000144152	ENSG00000144152.12_2	-3.94999790784626	-1.24818641453407	-0.563407657005871	0.139907551602518	-4.02699961905224	0.000112202385948406	0.0356630831004443	3.6261082159304	0.7832437815781	org.Hs.eg.db
NTM3_ASD_signed	100	ASD_up	73	LRAT	ENSG00000121207	ENSG00000121207.11_2	3.94902302919565	0.655154004432462	0.53318387149439	0.132422549141718	4.02638277959579	0.000112454534147699	0.0356630831004443	0.635945035148851	0.793827411816159	org.Hs.eg.db
NTM3_ASD_signed	100	ASD_up	74	RPL18A	ENSG00000105640	ENSG00000105640.12_1	3.94595963527571	0.654415852006546	0.236505588892587	0.0587672692090097	4.02444408385626	0.000113250561705432	0.0356630831004443	5.87678581410606	0.353931435809554	org.Hs.eg.db
NTM3_ASD_signed	100	ASD_down	75	TANGO2	ENSG00000183597	ENSG00000183597.15_1	-3.94383213493093	-1.24670071587629	-0.184015167243885	0.0457396756389305	-4.02309733668649	0.000113806709061585	0.0356630831004443	4.87825475633822	0.245462127756808	org.Hs.eg.db
NTM3_ASD_signed	100	ASD_up	76	EIF4EBP1	ENSG00000187840	ENSG00000187840.4_1	3.93977277863401	0.652925073034524	0.455226064923487	0.113225473815557	4.02052691486232	0.000114875448865983	0.0356630831004443	0.993730738687919	0.626002622983772	org.Hs.eg.db
NTM3_ASD_signed	100	ASD_up	77	NT5C2	ENSG00000076685	ENSG00000076685.18_2	3.92455628271224	0.64925852094487	0.175072606174828	0.0436493965786208	4.01088262146968	0.000118971713690308	0.0364787837186727	5.74595059363296	0.243393303342238	org.Hs.eg.db
NTM3_ASD_signed	100	ASD_down	78	IL17REL	ENSG00000188263	ENSG00000188263.10_1	-3.90973956081033	-1.23848580230314	-1.02663420783193	0.256563759295528	-4.00147788078433	0.000123100676382554	0.0366370449333958	-0.889847486246436	1.48537340201976	org.Hs.eg.db
NTM3_ASD_signed	100	ASD_down	79	PCDHA3	ENSG00000255408	ENSG00000255408.3_2	-3.90258554108698	-1.23676197665359	-0.31152454883499	0.0779409171077981	-3.99693204025465	0.000125145275557223	0.0366370449333958	2.74986383687619	0.445670393042932	org.Hs.eg.db
NTM3_ASD_signed	100	ASD_down	80	OTUD7A	ENSG00000169918	ENSG00000169918.9_2	-3.90174228832616	-1.23655878728673	-0.21302679489486	0.0533047262117165	-3.99639600527648	0.000125388501342351	0.0366370449333958	6.64412881552682	0.279411886536978	org.Hs.eg.db
NTM3_ASD_signed	100	ASD_up	81	RPS27L	ENSG00000185088	ENSG00000185088.13_1	3.88131043466562	0.63883804336978	0.250196436088993	0.0628098594835527	3.98339429742729	0.000131428504246666	0.0372539650119464	3.61188466614259	0.354040129362653	org.Hs.eg.db
NTM3_ASD_signed	100	ASD_down	82	JCAD	ENSG00000165757	ENSG00000165757.8_1	-3.85483506812587	-1.22525606903086	-0.256336710631699	0.0646252939118806	-3.96650746348983	0.00013968987601226	0.0372539650119464	7.11283364845923	0.392940827011976	org.Hs.eg.db
NTM3_ASD_signed	100	ASD_down	83	ADGRL1	ENSG00000072071	ENSG00000072071.16_1	-3.85233508705342	-1.22465367601788	-0.270135868948492	0.0681316421428746	-3.96491058269236	0.00014049630834403	0.0372539650119464	8.16714225055483	0.412857784371447	org.Hs.eg.db
NTM3_ASD_signed	100	ASD_up	84	LINC01354	ENSG00000231768	ENSG00000231768.1_1	3.84929218893059	0.631122957951267	0.792684811861216	0.200023098389172	3.96296636860879	0.000141484156859056	0.0372539650119464	0.450614736798521	1.0746484042503	org.Hs.eg.db
NTM3_ASD_signed	100	ASD_up	85	C10orf105	ENSG00000214688	ENSG00000214688.4_1	3.84742043174694	0.630671941156841	0.783339451688793	0.197724608852758	3.96177014198638	0.00014209525255241	0.0372539650119464	0.497655106252142	1.15492192656819	org.Hs.eg.db
NTM3_ASD_signed	100	ASD_down	86	ADRA1D	ENSG00000171873	ENSG00000171873.7_1	-3.84226965772106	-1.22222831993449	-0.722252502421926	0.182457160677107	-3.95847715563266	0.000143790549134019	0.0372539650119464	2.23890337362943	1.2672550445689	org.Hs.eg.db
NTM3_ASD_signed	100	ASD_up	87	H2AC6	ENSG00000180573	ENSG00000180573.9_1	3.84058470352856	0.629024810719435	0.254437148260001	0.0642940254786941	3.95739956186624	0.000144349504177296	0.0372539650119464	4.95260319290405	0.340201854042952	org.Hs.eg.db
NTM3_ASD_signed	100	ASD_up	88	INTS4	ENSG00000149262	ENSG00000149262.16_2	3.83570222826705	0.627848334218878	0.119572003211259	0.0302386589558639	3.9542759943748	0.000145981483159815	0.0372539650119464	4.00400388282668	0.160017003697186	org.Hs.eg.db
NTM3_ASD_signed	100	ASD_up	89	MARCHF3	ENSG00000173926	ENSG00000173926.5_1	3.83225933588053	0.62701873821076	0.45866329138512	0.116056396811583	3.95207247498608	0.000147143358387345	0.0372539650119464	1.6071820629764	0.609194323253148	org.Hs.eg.db
NTM3_ASD_signed	100	ASD_up	90	H2AJ	ENSG00000246705	ENSG00000246705.4_2	3.83118709002056	0.626760370888959	0.339220254158817	0.0858484210431744	3.95138605971819	0.000147507094954826	0.0372539650119464	1.87700414086441	0.491753753872205	org.Hs.eg.db
NTM3_ASD_signed	100	ASD_up	91	TNFRSF11B	ENSG00000164761	ENSG00000164761.8_1	3.8115604507069	0.622031154927652	0.795915363214007	0.202070080565811	3.93880856079923	0.000154326159732184	0.0372539650119464	0.244994626345994	1.07784216709404	org.Hs.eg.db
NTM3_ASD_signed	100	ASD_up	92	WEE1	ENSG00000166483	ENSG00000166483.10_1	3.80965726943861	0.621572566216286	0.612185861018709	0.155472315556158	3.93758759447807	0.000155003937518002	0.0372539650119464	0.684207715615492	0.809426070743201	org.Hs.eg.db
NTM3_ASD_signed	100	ASD_down	93	SERTAD4	ENSG00000082497	ENSG00000082497.11_1	-3.80931364122228	-1.21428727018285	-0.508892454345853	0.129246889884035	-3.93736711809816	0.000155126630313712	0.0372539650119464	3.43860177233867	0.732213692647791	org.Hs.eg.db
NTM3_ASD_signed	100	ASD_up	94	ADIRF	ENSG00000148671	ENSG00000148671.13_2	3.80619456135892	0.620738195437972	0.466649899799496	0.118578540463421	3.93536552208995	0.000156244751858095	0.0372539650119464	3.18167615293984	0.665942585135971	org.Hs.eg.db
NTM3_ASD_signed	100	ASD_up	95	ZC3HAV1	ENSG00000105939	ENSG00000105939.12_2	3.80390067831273	0.620185463605383	0.526527599562582	0.133843902256992	3.93389307008999	0.000157072198209482	0.0372539650119464	4.27932670577443	0.705892913375644	org.Hs.eg.db
NTM3_ASD_signed	100	ASD_down	96	LINC01844	ENSG00000236714	ENSG00000236714.1_1	-3.7997998356648	-1.2119948328289	-0.64292708400001	0.163542250125526	-3.93125986408122	0.000158562383082682	0.0372539650119464	0.313309121673099	0.931793923992755	org.Hs.eg.db
NTM3_ASD_signed	100	ASD_up	97	ALPK1	ENSG00000073331	ENSG00000073331.17_2	3.79968757090355	0.619170277332899	0.397561638762118	0.101130157816536	3.93118776184797	0.000158603376624594	0.0372539650119464	2.53203762911149	0.537718550592709	org.Hs.eg.db
NTM3_ASD_signed	100	ASD_up	98	OST4	ENSG00000228474	ENSG00000228474.5_1	3.79860328355859	0.618909008506562	0.213299084242749	0.0542677915115339	3.93049133384053	0.000158999850671055	0.0372539650119464	4.40050721010616	0.284061019343084	org.Hs.eg.db
NTM3_ASD_signed	100	ASD_down	99	CDK5R2	ENSG00000171450	ENSG00000171450.5_1	-3.79337610007523	-1.21044697573549	-0.423702261121869	0.107890991849404	-3.92713287605401	0.00016092514159354	0.0373526805291324	5.35046740360498	0.658916811879692	org.Hs.eg.db
NTM3_ASD_signed	100	ASD_down	100	KCNA2	ENSG00000177301	ENSG00000177301.13_1	-3.7862697120283	-1.20873462736847	-0.37463420261099	0.095507476448071	-3.9225641441242	0.000163580031683195	0.0374011441735603	8.51513964855641	0.50725448586713	org.Hs.eg.db
NTM1_ASD_up	200	ASD_up	1	PGAM2	ENSG00000164708	ENSG00000164708.5_1	7.20971851829502	6.57469277136243	0.713980108592849	0.121699099027351	5.86676577147367	6.16994768556818e-08	0.000916402834212062	0.948570559944864	0.742747373437745	org.Hs.eg.db
NTM1_ASD_up	200	ASD_up	2	PCDHGA6	ENSG00000253731	ENSG00000253731.2_2	6.01412271071827	4.33039502739864	0.251492235338014	0.0480683186984918	5.23197486717804	9.6800430618953e-07	0.00617984369209139	3.68471601695383	0.290765598931853	org.Hs.eg.db
NTM1_ASD_up	200	ASD_up	3	PIRT	ENSG00000233670	ENSG00000233670.6_1	5.05062106677198	2.52176994515048	0.941053921046187	0.200597870543318	4.69124581680429	8.89977307527947e-06	0.0252465006095842	0.558546109744905	1.13034169090096	org.Hs.eg.db
NTM1_ASD_up	200	ASD_up	4	ARHGAP6	ENSG00000047648	ENSG00000047648.21_2	5.01938156206294	2.46312909889061	0.355895259312581	0.0761572922465021	4.67316062341919	9.56353469893258e-06	0.0252465006095842	2.61302620792832	0.410121874457749	org.Hs.eg.db
NTM1_ASD_up	200	ASD_up	5	PITPNA-AS1	ENSG00000236618	ENSG00000236618.2_1	4.87958528763785	2.20071226761828	0.314571318828804	0.0685080288170579	4.59174383295755	1.3195161569819e-05	0.0252465006095842	0.53507835456182	0.390853332546864	org.Hs.eg.db
NTM1_ASD_up	200	ASD_up	6	H1-2	ENSG00000187837	ENSG00000187837.3_1	4.84856990719471	2.1424921334261	0.364997519589538	0.0798058194535844	4.57357022443487	1.41719657082656e-05	0.0252465006095842	5.05447640789812	0.451399507309904	org.Hs.eg.db
NTM1_ASD_up	200	ASD_up	7	FAH	ENSG00000103876	ENSG00000103876.11_2	4.75124265057912	1.95979548873707	0.341422108690389	0.0755982207320324	4.51627175063555	1.77319847621979e-05	0.0252465006095842	2.38273760664979	0.419928514510813	org.Hs.eg.db
NTM1_ASD_up	200	ASD_up	8	BTG1	ENSG00000133639	ENSG00000133639.4_2	4.70597123337315	1.87481481311281	0.352970981657495	0.0786218416114411	4.48947740758759	1.96801664210095e-05	0.0252465006095842	4.28056713494804	0.438643012735124	org.Hs.eg.db
NTM1_ASD_up	200	ASD_up	9	CXCL5	ENSG00000163735	ENSG00000163735.6_1	4.70202457051339	1.86740638419711	0.613055562950394	0.136625099412451	4.48713717747914	1.9859825558299e-05	0.0252465006095842	-0.842256162110143	0.741164569439205	org.Hs.eg.db
NTM1_ASD_up	200	ASD_up	10	FTL	ENSG00000087086	ENSG00000087086.14_2	4.67509714484616	1.8168599032771	0.462301144410212	0.103396442915849	4.47115134111977	2.11301633844375e-05	0.0252465006095842	8.72792724362507	0.568709047055966	org.Hs.eg.db
NTM1_ASD_up	200	ASD_up	11	GADD45G	ENSG00000130222	ENSG00000130222.10_1	4.63056622604224	1.73326924498361	0.669729607493109	0.150682458640244	4.44464215368357	2.34117443968761e-05	0.0252465006095842	1.41845481831653	0.807248941840204	org.Hs.eg.db
NTM1_ASD_up	200	ASD_up	12	MTMR11	ENSG00000014914	ENSG00000014914.19_1	4.57292011111706	1.62505956002573	0.373333405371863	0.084652482731958	4.41018849445892	2.67349815596139e-05	0.0252465006095842	2.36299823969209	0.464323871888151	org.Hs.eg.db
NTM1_ASD_up	200	ASD_up	13	H4C14	ENSG00000270882	ENSG00000270882.2_1	4.55987022516043	1.60056312952149	0.329859187455614	0.0749276874941237	4.4023671153802	2.75505183835707e-05	0.0252465006095842	3.30063549458367	0.40915074759878	org.Hs.eg.db
NTM1_ASD_up	200	ASD_up	14	PLEKHA4	ENSG00000105559	ENSG00000105559.11_1	4.55023103057427	1.58246903574311	0.737325413987447	0.167704130537728	4.39658469724794	2.81688404169933e-05	0.0252465006095842	0.526121254816732	0.953575110503336	org.Hs.eg.db
NTM1_ASD_up	200	ASD_up	15	HNRNPH1	ENSG00000169045	ENSG00000169045.13	4.54444093479356	1.5716002297339	0.141671355397032	0.0322485397555073	4.39310916001517	2.85469073293072e-05	0.0252465006095842	7.04029351392028	0.186677360345628	org.Hs.eg.db
NTM1_ASD_up	200	ASD_up	16	BCCIP	ENSG00000107949	ENSG00000107949.16_2	4.53898953614708	1.56136720482178	0.221543837258979	0.0504674581740101	4.38983545585164	2.89074953099052e-05	0.0252465006095842	4.45886958139924	0.269474371068835	org.Hs.eg.db
NTM1_ASD_up	200	ASD_up	17	ABCA1	ENSG00000165029	ENSG00000165029.15_1	4.51075268234858	1.50836274723251	0.504615612106569	0.115397274754528	4.37285553909297	3.08494423312607e-05	0.0252465006095842	5.5856756749042	0.618716008748952	org.Hs.eg.db
NTM1_ASD_up	200	ASD_up	18	CSTB	ENSG00000160213	ENSG00000160213.5_1	4.50543993966292	1.49838999862624	0.27780152748036	0.063575141504487	4.36965645543634	3.12291425678066e-05	0.0252465006095842	3.57244665341182	0.375702203668638	org.Hs.eg.db
NTM1_ASD_up	200	ASD_up	19	ARMCX6	ENSG00000198960	ENSG00000198960.10_2	4.49773909292779	1.4839344503174	0.202123361081816	0.0463052869339183	4.3650169228033	3.178783185255e-05	0.0252465006095842	2.6943427082717	0.262357388374559	org.Hs.eg.db
NTM1_ASD_up	200	ASD_up	20	IGFBP5	ENSG00000115461	ENSG00000115461.4_2	4.48773048332092	1.46514691374478	0.345943619137745	0.0793633844090669	4.35898269351303	3.25289104327063e-05	0.0252465006095842	6.5019623306624	0.424364698302647	org.Hs.eg.db
NTM1_ASD_up	200	ASD_up	21	TMEM176A	ENSG00000002933	ENSG00000002933.7_2	4.44560789496208	1.38607702287987	0.584072234267297	0.134779700725371	4.3335326545754	3.58419892333066e-05	0.0267612442010097	1.50944746309793	0.745226173073056	org.Hs.eg.db
NTM1_ASD_up	200	ASD_up	22	HMGN1	ENSG00000205581	ENSG00000205581.10_1	4.41438035214001	1.32745863072679	0.189724548085968	0.0439726021818793	4.31460815762576	3.85140906144277e-05	0.0267612442010097	5.42821967697533	0.239523117274098	org.Hs.eg.db
NTM1_ASD_up	200	ASD_up	23	SLC2A4RG	ENSG00000125520	ENSG00000125520.13_2	4.36586526979047	1.23638914957331	0.319979311705607	0.0746723857837495	4.28510899105679	4.3066019252224e-05	0.0267612442010097	2.65727238384527	0.472861406161148	org.Hs.eg.db
NTM1_ASD_up	200	ASD_up	24	UXT-AS1	ENSG00000267064	ENSG00000267064.1_1	4.35895711628577	1.22342159546572	0.570022008523745	0.133154751994863	4.28089872861418	4.37565309712027e-05	0.0267612442010097	-2.1283168428756	0.713547702082612	org.Hs.eg.db
NTM1_ASD_up	200	ASD_up	25	EMP3	ENSG00000142227	ENSG00000142227.10_2	4.35891209592947	1.22333708606594	0.734525738125885	0.17158323380666	4.28087128229294	4.37610671483944e-05	0.0267612442010097	0.809312583671095	0.92778704343466	org.Hs.eg.db
NTM1_ASD_up	200	ASD_up	26	FOXJ1	ENSG00000129654	ENSG00000129654.7_1	4.35077776535989	1.20806782898904	0.994372733552641	0.232552278049839	4.27591052597444	4.45884355372326e-05	0.0267612442010097	0.102948818038827	1.31395617382119	org.Hs.eg.db
NTM1_ASD_up	200	ASD_up	27	RPS3	ENSG00000149273	ENSG00000149273.14_2	4.34432605971197	1.19595709027734	0.202645419350223	0.0474360199362311	4.2719734839188	4.52557680964087e-05	0.0267612442010097	6.67163446446257	0.257008565470464	org.Hs.eg.db
NTM1_ASD_up	200	ASD_up	28	SNHG19	ENSG00000260260	ENSG00000260260.1_1	4.33245991305077	1.17368270121334	0.332496038206217	0.077964207468487	4.26472671245471	4.65093303977122e-05	0.0268629239478507	0.620298846191747	0.434843020777338	org.Hs.eg.db
NTM1_ASD_up	200	ASD_up	29	GTF2A1L	ENSG00000242441	ENSG00000242441.7_2	4.29489688255692	1.10317172747159	0.989233883024591	0.23321428855178	4.24173788479068	5.07111100761178e-05	0.0286241165875105	-0.870336204239481	1.29631258213786	org.Hs.eg.db
NTM1_ASD_up	200	ASD_up	30	DDR2	ENSG00000162733	ENSG00000162733.16_1	4.25581641962911	1.02981232438056	0.480240879123992	0.113862112132598	4.21774082817583	5.54860208032488e-05	0.0303308541132105	5.06216053169138	0.617327173644864	org.Hs.eg.db
NTM1_ASD_up	200	ASD_up	31	NABP1	ENSG00000173559	ENSG00000173559.12_1	4.2327175690044	0.986452605304389	0.497937421816289	0.118457293198103	4.20351848647732	5.85170509336777e-05	0.0309219037657196	2.81578619395434	0.622937019235802	org.Hs.eg.db
NTM1_ASD_up	200	ASD_up	32	PABPC1	ENSG00000070756	ENSG00000070756.14_2	4.18268487204014	0.892534352823313	0.193139276718626	0.0462873745692652	4.17261247836835	6.56621543950644e-05	0.0325916229894719	6.75903851666304	0.276749233943626	org.Hs.eg.db
NTM1_ASD_up	200	ASD_up	33	GHRHR	ENSG00000106128	ENSG00000106128.18_1	4.16103189753518	0.8518887420545	0.569385509713126	0.136898038216293	4.15919407708035	6.90189109804681e-05	0.0325916229894719	-2.21236296135965	0.745914979151765	org.Hs.eg.db
NTM1_ASD_up	200	ASD_up	34	DZIP1L	ENSG00000158163	ENSG00000158163.14_2	4.14734839405979	0.826202924335218	0.393054254619324	0.0946958771021297	4.15070081874224	7.1228140377018e-05	0.0325916229894719	1.5564467171626	0.527540106634601	org.Hs.eg.db
NTM1_ASD_up	200	ASD_up	35	UBE2L6	ENSG00000156587	ENSG00000156587.15_2	4.09636713253115	0.730504085724323	0.321441091450869	0.0780393148109279	4.11896352793012	8.01000648083738e-05	0.0344970382948302	4.29077748760395	0.422095125173943	org.Hs.eg.db
NTM1_ASD_up	200	ASD_up	36	LONRF3	ENSG00000175556	ENSG00000175556.16_1	4.09586529067049	0.729562059540761	0.453742573177275	0.110167781104028	4.11865037699923	8.01926766213366e-05	0.0344970382948302	2.68217649365354	0.600659964107298	org.Hs.eg.db
NTM1_ASD_up	200	ASD_up	37	GFPT2	ENSG00000131459	ENSG00000131459.12_2	4.08154082031066	0.702673058836411	0.319746002345866	0.0778026515815847	4.10970572141204	8.28818010151534e-05	0.0344970382948302	4.03643534121793	0.417627461677931	org.Hs.eg.db
NTM1_ASD_up	200	ASD_up	38	ZNF217	ENSG00000171940	ENSG00000171940.13_2	4.07197000536311	0.684707323042961	0.420370976605414	0.102436495030588	4.1037227648202	8.47285930095282e-05	0.0344970382948302	2.98836774767286	0.569707235118933	org.Hs.eg.db
NTM1_ASD_up	200	ASD_up	39	CD99	ENSG00000002586	ENSG00000002586.18_2	4.04092295329309	0.626427736851782	0.508244260762121	0.124439205771975	4.08427760052919	9.100747115709e-05	0.0356630831004443	3.72944795094798	0.767367124416675	org.Hs.eg.db
NTM1_ASD_up	200	ASD_up	40	TGIF1	ENSG00000177426	ENSG00000177426.20_2	4.03372049260923	0.61290772769707	0.655944890343528	0.160780323342357	4.07975849723099	9.25293491570703e-05	0.0356630831004443	1.67601587046876	0.851559314774355	org.Hs.eg.db
NTM1_ASD_up	200	ASD_up	41	CHI3L2	ENSG00000064886	ENSG00000064886.13_2	4.02488209421331	0.596316838489772	1.565645621764	0.38428213213023	4.07420874107521	9.44317212380473e-05	0.0356630831004443	-1.20951603053729	1.99711916998321	org.Hs.eg.db
NTM1_ASD_up	200	ASD_up	42	DDAH2	ENSG00000213722	ENSG00000213722.8_2	4.01525259993605	0.578240953525136	0.361461169461524	0.08885133330112	4.0681569542296	9.65489155440757e-05	0.0356630831004443	3.53071060173477	0.493755749350724	org.Hs.eg.db
NTM1_ASD_up	200	ASD_up	43	RAB20	ENSG00000139832	ENSG00000139832.4_1	4.00359439238769	0.556356894770796	0.682260732270652	0.168010467146562	4.06082278002055	9.91757760729429e-05	0.0356630831004443	0.438925610291704	0.944944499772304	org.Hs.eg.db
NTM1_ASD_up	200	ASD_up	44	MDK	ENSG00000110492	ENSG00000110492.15_2	3.99980525018311	0.549244153786429	0.545700407958178	0.134460722373395	4.05843727689323	0.000100044852858411	0.0356630831004443	1.64595742093981	0.70863107106356	org.Hs.eg.db
NTM1_ASD_up	200	ASD_up	45	TMEM176B	ENSG00000106565	ENSG00000106565.17_2	3.98693579140637	0.525086409910413	0.574074045624391	0.141735175018517	4.05032868904554	0.000103053846991277	0.0356630831004443	2.31726835442629	0.754372203415758	org.Hs.eg.db
NTM1_ASD_up	200	ASD_up	46	GDPD2	ENSG00000130055	ENSG00000130055.13_1	3.97583184533899	0.504242776175515	0.523029880822324	0.129356396814726	4.04332444085811	0.00010572267780518	0.0356630831004443	0.965238897410035	0.727379210079485	org.Hs.eg.db
NTM1_ASD_up	200	ASD_up	47	SMAD1	ENSG00000170365	ENSG00000170365.9_2	3.9726439599843	0.498258676980609	0.204734166158207	0.0506603195452503	4.04131217481438	0.000106501577359976	0.0356630831004443	3.77238734535422	0.27989967522337	org.Hs.eg.db
NTM1_ASD_up	200	ASD_up	48	LRAT	ENSG00000121207	ENSG00000121207.11_2	3.94902302919565	0.453918941642509	0.53318387149439	0.132422549141718	4.02638277959579	0.000112454534147699	0.0356630831004443	0.635945035148851	0.793827411816159	org.Hs.eg.db
NTM1_ASD_up	200	ASD_up	49	RPL18A	ENSG00000105640	ENSG00000105640.12_1	3.94595963527571	0.448168529990156	0.236505588892587	0.0587672692090097	4.02444408385626	0.000113250561705432	0.0356630831004443	5.87678581410606	0.353931435809554	org.Hs.eg.db
NTM1_ASD_up	200	ASD_up	50	EIF4EBP1	ENSG00000187840	ENSG00000187840.4_1	3.93977277863401	0.436554949284028	0.455226064923487	0.113225473815557	4.02052691486232	0.000114875448865983	0.0356630831004443	0.993730738687919	0.626002622983772	org.Hs.eg.db
NTM1_ASD_up	200	ASD_up	51	NT5C2	ENSG00000076685	ENSG00000076685.18_2	3.92455628271224	0.407991493932453	0.175072606174828	0.0436493965786208	4.01088262146968	0.000118971713690308	0.0364787837186727	5.74595059363296	0.243393303342238	org.Hs.eg.db
NTM1_ASD_up	200	ASD_up	52	RPS27L	ENSG00000185088	ENSG00000185088.13_1	3.88131043466562	0.326813090167772	0.250196436088993	0.0628098594835527	3.98339429742729	0.000131428504246666	0.0372539650119464	3.61188466614259	0.354040129362653	org.Hs.eg.db
NTM1_ASD_up	200	ASD_up	53	LINC01354	ENSG00000231768	ENSG00000231768.1_1	3.84929218893059	0.266710439913029	0.792684811861216	0.200023098389172	3.96296636860879	0.000141484156859056	0.0372539650119464	0.450614736798521	1.0746484042503	org.Hs.eg.db
NTM1_ASD_up	200	ASD_up	54	C10orf105	ENSG00000214688	ENSG00000214688.4_1	3.84742043174694	0.263196894283408	0.783339451688793	0.197724608852758	3.96177014198638	0.00014209525255241	0.0372539650119464	0.497655106252142	1.15492192656819	org.Hs.eg.db
NTM1_ASD_up	200	ASD_up	55	H2AC6	ENSG00000180573	ENSG00000180573.9_1	3.84058470352856	0.250365292397859	0.254437148260001	0.0642940254786941	3.95739956186624	0.000144349504177296	0.0372539650119464	4.95260319290405	0.340201854042952	org.Hs.eg.db
NTM1_ASD_up	200	ASD_up	56	INTS4	ENSG00000149262	ENSG00000149262.16_2	3.83570222826705	0.241200214915206	0.119572003211259	0.0302386589558639	3.9542759943748	0.000145981483159815	0.0372539650119464	4.00400388282668	0.160017003697186	org.Hs.eg.db
NTM1_ASD_up	200	ASD_up	57	MARCHF3	ENSG00000173926	ENSG00000173926.5_1	3.83225933588053	0.234737432454108	0.45866329138512	0.116056396811583	3.95207247498608	0.000147143358387345	0.0372539650119464	1.6071820629764	0.609194323253148	org.Hs.eg.db
NTM1_ASD_up	200	ASD_up	58	H2AJ	ENSG00000246705	ENSG00000246705.4_2	3.83118709002056	0.232724679524354	0.339220254158817	0.0858484210431744	3.95138605971819	0.000147507094954826	0.0372539650119464	1.87700414086441	0.491753753872205	org.Hs.eg.db
NTM1_ASD_up	200	ASD_up	59	TNFRSF11B	ENSG00000164761	ENSG00000164761.8_1	3.8115604507069	0.195882778562432	0.795915363214007	0.202070080565811	3.93880856079923	0.000154326159732184	0.0372539650119464	0.244994626345994	1.07784216709404	org.Hs.eg.db
NTM1_ASD_up	200	ASD_up	60	WEE1	ENSG00000166483	ENSG00000166483.10_1	3.80965726943861	0.192310245604617	0.612185861018709	0.155472315556158	3.93758759447807	0.000155003937518002	0.0372539650119464	0.684207715615492	0.809426070743201	org.Hs.eg.db
NTM1_ASD_up	200	ASD_up	61	ADIRF	ENSG00000148671	ENSG00000148671.13_2	3.80619456135892	0.18581026636246	0.466649899799496	0.118578540463421	3.93536552208995	0.000156244751858095	0.0372539650119464	3.18167615293984	0.665942585135971	org.Hs.eg.db
NTM1_ASD_up	200	ASD_up	62	ZC3HAV1	ENSG00000105939	ENSG00000105939.12_2	3.80390067831273	0.18150433243994	0.526527599562582	0.133843902256992	3.93389307008999	0.000157072198209482	0.0372539650119464	4.27932670577443	0.705892913375644	org.Hs.eg.db
NTM1_ASD_up	200	ASD_up	63	ALPK1	ENSG00000073331	ENSG00000073331.17_2	3.79968757090355	0.173595750464666	0.397561638762118	0.101130157816536	3.93118776184797	0.000158603376624594	0.0372539650119464	2.53203762911149	0.537718550592709	org.Hs.eg.db
NTM1_ASD_up	200	ASD_up	64	OST4	ENSG00000228474	ENSG00000228474.5_1	3.79860328355859	0.171560394011696	0.213299084242749	0.0542677915115339	3.93049133384053	0.000158999850671055	0.0372539650119464	4.40050721010616	0.284061019343084	org.Hs.eg.db
NTM1_ASD_up	200	ASD_up	65	SYNC	ENSG00000162520	ENSG00000162520.14_2	3.77403983331961	0.125451420054156	0.310158011161733	0.0792291905812409	3.91469367396477	0.000168251973394281	0.0374011441735603	2.45992242935763	0.428954462807755	org.Hs.eg.db
NTM1_ASD_up	200	ASD_up	66	H2BC18	ENSG00000203814	ENSG00000203814.6_2	3.7729787401893	0.123459602331651	0.376057400545471	0.0960798177174045	3.91401034556032	0.000168663558843564	0.0374011441735603	3.76501177647928	0.517198763397746	org.Hs.eg.db
NTM1_ASD_up	200	ASD_up	67	MOB3C	ENSG00000142961	ENSG00000142961.14_2	3.76289742094555	0.104535579771894	0.327374549750564	0.0837807663770904	3.90751438435258	0.000172624557787078	0.0379407390902644	3.24485793726354	0.462874674295493	org.Hs.eg.db
NTM1_ASD_up	200	ASD_up	68	RPS19	ENSG00000105372	ENSG00000105372.6_2	3.75600958749704	0.0916061692040916	0.250405674284513	0.064156043584108	3.90307226405309	0.00017538417835545	0.0381120840792415	6.32698121275421	0.353182998979438	org.Hs.eg.db
NTM1_ASD_up	200	ASD_up	69	INTS12	ENSG00000138785	ENSG00000138785.14_2	3.75332111291757	0.0865595327110842	0.126773744440639	0.0324949438545355	3.90133754371589	0.000176473251292993	0.0381120840792415	3.19113215123764	0.168191438802619	org.Hs.eg.db
NTM1_ASD_up	200	ASD_up	70	GLIS3	ENSG00000107249	ENSG00000107249.21_2	3.72741520190745	0.03793057527674	0.469860288994217	0.120954706505134	3.88459699147195	0.000187320279919499	0.0388118822145941	3.82460856531684	0.659011947856178	org.Hs.eg.db
NTM1_ASD_up	200	ASD_up	71	ROM1	ENSG00000149489	ENSG00000149489.8_2	3.71908518737016	0.0222939924828242	0.425897274695165	0.109789850481642	3.87920443307627	0.000190947867535631	0.0388118822145941	2.76472326193563	0.623747808455629	org.Hs.eg.db
NTM1_ASD_up	200	ASD_up	72	H4C15	ENSG00000270276	ENSG00000270276.2_1	3.71586232841559	0.0162442430315431	0.294799261929829	0.0760356927946523	3.87711679994797	0.000192370144665813	0.0388118822145941	3.33980818608408	0.405687546624227	org.Hs.eg.db
NTM1_ASD_up	200	ASD_up	73	NQO1	ENSG00000181019	ENSG00000181019.12_1	3.71394455929174	0.0126443266627858	0.645649414007967	0.166581622239611	3.87587421305853	0.000193221496193929	0.0388118822145941	4.00863965315402	0.885393227360743	org.Hs.eg.db
NTM1_ASD_up	200	ASD_up	74	KIFC1	ENSG00000237649	ENSG00000237649.7_1	3.70909724606816	0.00354525316066699	0.74057406041986	0.191227792771376	3.87273235593563	0.000195390189426016	0.0388118822145941	-1.93603328471035	1.01451042134883	org.Hs.eg.db
NTM1_ASD_up	200	ASD_up	75	HMOX1	ENSG00000100292	ENSG00000100292.16_1	3.70239104088511	-0.00904321617612198	0.910722711137767	0.235427235699969	3.86838297799327	0.000198430743258728	0.0388118822145941	1.9020994473234	1.25118104689064	org.Hs.eg.db
NTM1_ASD_up	200	ASD_up	76	MICA	ENSG00000204520	ENSG00000204520.12_2	3.69482416074067	-0.0232472907717251	0.411647434293494	0.106548583015895	3.86347169189557	0.000201918373511818	0.0388118822145941	1.70125235531754	0.575747274069591	org.Hs.eg.db
NTM1_ASD_up	200	ASD_up	77	POLR2J	ENSG00000005075	ENSG00000005075.15_1	3.68162805578246	-0.0480181944493232	0.185399495419851	0.0480945355040944	3.85489730749281	0.000208147857133829	0.0388118822145941	3.58089986054731	0.267223965917092	org.Hs.eg.db
NTM1_ASD_up	200	ASD_up	78	VIM-AS1	ENSG00000229124	ENSG00000229124.6_1	3.68003236524138	-0.0510135250273656	0.656809422304202	0.170428993120319	3.85385966483126	0.000208914043453093	0.0388118822145941	-2.13257655162915	0.891703999282177	org.Hs.eg.db
NTM1_ASD_up	200	ASD_up	79	CRTC3-AS1	ENSG00000259736	ENSG00000259736.1_1	3.67942236667132	-0.0521585762277191	0.427755359113637	0.111005442306451	3.85346294943576	0.000209207684778309	0.0388118822145941	-1.96207443216132	0.613564793175124	org.Hs.eg.db
NTM1_ASD_up	200	ASD_up	80	SRGAP1	ENSG00000196935	ENSG00000196935.8_2	3.6732660751797	-0.0637147819439618	0.342448834337008	0.0889602791730996	3.84945773012547	0.000212194403187379	0.0388118822145941	4.52713663963389	0.483158042099047	org.Hs.eg.db
NTM1_ASD_up	200	ASD_up	81	SFMBT2	ENSG00000198879	ENSG00000198879.11_2	3.65644549800314	-0.0952893183970715	0.207304941885676	0.054006744742956	3.8385009663578	0.000220574092955311	0.0396852595019912	5.43932793336181	0.302264855512571	org.Hs.eg.db
NTM1_ASD_up	200	ASD_up	82	RPL13A	ENSG00000142541	ENSG00000142541.16_2	3.6557983365219	-0.0965041294921928	0.209092881032911	0.0544785243235303	3.8380790160757	0.000220903025217597	0.0396852595019912	7.79781586121237	0.295924883082592	org.Hs.eg.db
NTM1_ASD_up	200	ASD_up	83	HSPB1	ENSG00000106211	ENSG00000106211.8_1	3.65177222669989	-0.104061691281237	0.893273906569804	0.232899172710858	3.83545332588533	0.00022296041974082	0.0396852595019912	4.58576350651043	1.26741221336996	org.Hs.eg.db
NTM1_ASD_up	200	ASD_up	84	DYNLT1	ENSG00000146425	ENSG00000146425.10_1	3.65032439099228	-0.106779478004495	0.253540470897651	0.0661207165963035	3.83450881885672	0.000223704957733885	0.0396852595019912	2.99590641693545	0.353432800874617	org.Hs.eg.db
NTM1_ASD_up	200	ASD_up	85	CAPG	ENSG00000042493	ENSG00000042493.15_1	3.6457295239143	-0.115404675376023	0.559786266664434	0.146100679989028	3.83151034414399	0.000226084337199819	0.0397540053972923	2.67345167700175	0.766204854225271	org.Hs.eg.db
NTM1_ASD_up	200	ASD_up	86	RPS16	ENSG00000105193	ENSG00000105193.8_1	3.64036472136277	-0.125475147509596	0.304612250406441	0.0795746211367082	3.82800754882792	0.000228894458520406	0.0397540053972923	5.31429712749078	0.486780094034928	org.Hs.eg.db
NTM1_ASD_up	200	ASD_up	87	PDLIM3	ENSG00000154553	ENSG00000154553.13_1	3.63364084042349	-0.13809679667153	0.358981532614304	0.0938853882206613	3.82361450932684	0.000232465848370877	0.0400098956182947	3.27475071354761	0.485571599952587	org.Hs.eg.db
NTM1_ASD_up	200	ASD_up	88	C4A	ENSG00000244731	ENSG00000244731.7_2	3.63154623058816	-0.142028667374085	0.784555796504873	0.205260449247921	3.82224534429065	0.000233589743302171	0.0400098956182947	4.24305971325665	1.09628977544372	org.Hs.eg.db
NTM1_ASD_up	200	ASD_up	89	SLC44A3	ENSG00000143036	ENSG00000143036.16_1	3.62607545774037	-0.15229806032631	0.51126485470009	0.133885657419918	3.8186678435358	0.000236550865969167	0.0402395705973303	1.48804511723006	0.711771688297028	org.Hs.eg.db
NTM1_ASD_up	200	ASD_up	90	RAD51B	ENSG00000182185	ENSG00000182185.18_2	3.6208483334971	-0.162110091342339	0.292211429379508	0.0765904218197193	3.81524768289335	0.000239415170812818	0.0404497631449465	1.39304265954604	0.424997371278069	org.Hs.eg.db
NTM1_ASD_up	200	ASD_up	91	ARRDC4	ENSG00000140450	ENSG00000140450.8_1	3.60733665557234	-0.187473368874385	0.304561787465855	0.0800131258712254	3.80639781472882	0.000246980886102291	0.0405451628606895	5.14686017447931	0.427069526565566	org.Hs.eg.db
NTM1_ASD_up	200	ASD_up	92	SUGCT	ENSG00000175600	ENSG00000175600.15_2	3.60202309465504	-0.197447653413974	0.248220395757963	0.0652711048676155	3.8029139580433	0.000250021240334517	0.0405451628606895	0.41694022866971	0.348612278147808	org.Hs.eg.db
NTM1_ASD_up	200	ASD_up	93	KIF18A	ENSG00000121621	ENSG00000121621.6_1	3.59993919251804	-0.201359424294287	0.551142031382535	0.144978351974251	3.80154708532223	0.000251223815640763	0.0405451628606895	-1.73775458762557	0.752865565622952	org.Hs.eg.db
NTM1_ASD_up	200	ASD_up	94	AGTRAP	ENSG00000177674	ENSG00000177674.15_2	3.59591037716023	-0.208922064746079	0.4696438186238	0.123626147382375	3.79890361843271	0.00025356518443117	0.0405451628606895	1.81034035620457	0.651592783900192	org.Hs.eg.db
NTM1_ASD_up	200	ASD_up	95	HMGN2	ENSG00000198830	ENSG00000198830.10_1	3.59418538617666	-0.212160110035514	0.198376085237793	0.0522348669896139	3.79777142492269	0.000254574332566099	0.0405451628606895	5.37669816364848	0.274820990542034	org.Hs.eg.db
NTM1_ASD_up	200	ASD_up	96	PSD4	ENSG00000125637	ENSG00000125637.15_1	3.58660484526475	-0.226389827770221	0.242964980027136	0.0640596399480511	3.7927934066468	0.000259056894328407	0.0409050171334653	3.32372549920887	0.337259398105863	org.Hs.eg.db
NTM1_ASD_up	200	ASD_up	97	NFKB2	ENSG00000077150	ENSG00000077150.18_2	3.5734041710986	-0.251169308479471	0.651886892954085	0.172269323018413	3.78411478916887	0.000267051996356861	0.0409050171334653	1.57001643269837	0.924883906111885	org.Hs.eg.db
NTM1_ASD_up	200	ASD_up	98	HAL	ENSG00000084110	ENSG00000084110.10_1	3.56366051918942	-0.269459483017685	0.798617095290214	0.211402950475556	3.77770080073957	0.000273111181354625	0.0409050171334653	-3.43761084456104	1.1296238988625	org.Hs.eg.db
NTM1_ASD_up	200	ASD_up	99	ANGPT1	ENSG00000154188	ENSG00000154188.9_2	3.56079118149372	-0.274845624451376	0.338253061879091	0.0895842222176601	3.77581066738792	0.000274921571980225	0.0409050171334653	1.91261991388023	0.477004510342083	org.Hs.eg.db
NTM1_ASD_up	200	ASD_up	100	SLC2A9	ENSG00000109667	ENSG00000109667.11_1	3.55248540853681	-0.290436702465301	0.355162666052778	0.0941992093512625	3.77033595609492	0.000280229977199277	0.0409050171334653	0.318086864208992	0.503996374053621	org.Hs.eg.db
NTM1_ASD_up	200	ASD_up	101	P4HA1	ENSG00000122884	ENSG00000122884.12_1	3.55030896187596	-0.294522192143209	0.441511717592318	0.117146025741965	3.76890052219804	0.000281637861564768	0.0409050171334653	4.44051472207208	0.614386376572703	org.Hs.eg.db
NTM1_ASD_up	200	ASD_up	102	EVC2	ENSG00000173040	ENSG00000173040.12_1	3.53572295543524	-0.321902132036704	0.483767247119507	0.1286864325166	3.7592715693405	0.000291257451127267	0.0411906133837507	0.497333580762876	0.684500483305444	org.Hs.eg.db
NTM1_ASD_up	200	ASD_up	103	H2BC21	ENSG00000184678	ENSG00000184678.10_1	3.52904005485231	-0.334446855434314	0.298110245199431	0.0793932863775931	3.75485458281225	0.000295773966251242	0.0411906133837507	4.46130364732883	0.424693203124837	org.Hs.eg.db
NTM1_ASD_up	200	ASD_up	104	LCTL	ENSG00000188501	ENSG00000188501.11_1	3.5202019620474	-0.351037171005258	0.6874353830841	0.18336460640338	3.74900803687177	0.00030185476642514	0.0411906133837507	-1.76375335286599	1.14163089482153	org.Hs.eg.db
NTM1_ASD_up	200	ASD_up	105	ELL3	ENSG00000128886	ENSG00000128886.11_2	3.51906529696569	-0.353170847672875	0.279001927129972	0.0744351373462667	3.74825569048225	0.000302645836036994	0.0411906133837507	-0.487288039402179	0.397503621055142	org.Hs.eg.db
NTM1_ASD_up	200	ASD_up	106	LHFPL1	ENSG00000182508	ENSG00000182508.13_1	3.51852635751975	-0.354182511125528	0.518528978153027	0.138351910407659	3.74789893847626	0.000303021638706586	0.0411906133837507	0.57180443328867	0.778363315046302	org.Hs.eg.db
NTM1_ASD_up	200	ASD_up	107	MAML2	ENSG00000184384	ENSG00000184384.13_2	3.5151711828091	-0.360480635446456	0.328240969544735	0.0876319359760488	3.74567748491199	0.000305371721367427	0.0411906133837507	4.51303684823415	0.47997959267882	org.Hs.eg.db
NTM1_ASD_up	200	ASD_up	108	EEF1A1	ENSG00000156508	ENSG00000156508.17_2	3.50515097230627	-0.379289948496102	0.211176417778855	0.0564788088003746	3.73903809701904	0.000312499284770137	0.0411906133837507	10.2893189383628	0.29691602500696	org.Hs.eg.db
NTM1_ASD_up	200	ASD_up	109	FNDC3B	ENSG00000075420	ENSG00000075420.12_1	3.50231578382987	-0.384611987149101	0.304782623751357	0.0815546501044026	3.73715813091207	0.000314546035796567	0.0411906133837507	4.75922841209363	0.428169531697362	org.Hs.eg.db
NTM1_ASD_up	200	ASD_up	110	PYCR1	ENSG00000183010	ENSG00000183010.16_2	3.50041061690305	-0.388188247461022	0.249407715491782	0.0667598389335142	3.73589450597934	0.000315928920173514	0.0411906133837507	2.5483743716776	0.410019704002468	org.Hs.eg.db
NTM1_ASD_up	200	ASD_up	111	SLC16A9	ENSG00000165449	ENSG00000165449.11_1	3.49675533939778	-0.395049705996299	0.50285723960153	0.134688996999602	3.73346933159666	0.000318599185068011	0.0411906133837507	3.19614467927733	0.70587794778126	org.Hs.eg.db
NTM1_ASD_up	200	ASD_up	112	PCDHGB6	ENSG00000253305	ENSG00000253305.2_2	3.48911941149687	-0.409383392725947	0.29392842257418	0.0788350055911029	3.72839984433707	0.000324250450765811	0.0411906133837507	3.65894774899354	0.444512548119705	org.Hs.eg.db
NTM1_ASD_up	200	ASD_up	113	ZFAS1	ENSG00000177410	ENSG00000177410.12_1	3.48827364234565	-0.410971017729281	0.264993747634586	0.0710851015754108	3.72783806679191	0.000324882529342646	0.0411906133837507	3.7981018239558	0.380059635307267	org.Hs.eg.db
NTM1_ASD_up	200	ASD_up	114	RPS11	ENSG00000142534	ENSG00000142534.6_2	3.48485269496908	-0.417392606388928	0.228276748791643	0.0612730508318155	3.72556524757068	0.000327451741902503	0.0411906133837507	7.39038552786404	0.32004197174081	org.Hs.eg.db
NTM1_ASD_up	200	ASD_up	115	DDIT4L	ENSG00000145358	ENSG00000145358.6_2	3.4845941930119	-0.417877850110632	0.526865216029901	0.141425387863391	3.72539346711089	0.000327646706647804	0.0411906133837507	1.70496550295971	0.762773251218893	org.Hs.eg.db
NTM1_ASD_up	200	ASD_up	116	LYPLAL1-DT	ENSG00000228063	ENSG00000228063.1_1	3.48084563378832	-0.424914411258869	0.303351341639486	0.0814824968346058	3.72290189211104	0.00033048698890015	0.0411906133837507	-1.49241226167382	0.425944275679442	org.Hs.eg.db
NTM1_ASD_up	200	ASD_up	117	PNP	ENSG00000198805	ENSG00000198805.11_2	3.47911374691331	-0.428165401084829	0.627838143729892	0.168694318071443	3.72175038796506	0.000331807541811681	0.0411906133837507	2.75936809016785	0.890532222546517	org.Hs.eg.db
NTM1_ASD_up	200	ASD_up	118	CAPN8	ENSG00000203697	ENSG00000203697.11_2	3.46750166028192	-0.449962884535664	0.57518591594726	0.154868668217888	3.71402377618447	0.000340799021943528	0.0411906133837507	-2.67937125636819	0.96458116769947	org.Hs.eg.db
NTM1_ASD_up	200	ASD_up	119	RIPK2	ENSG00000104312	ENSG00000104312.7_1	3.46485809292967	-0.454925223987726	0.220283567199726	0.0593394240275603	3.71226331919593	0.000342879805285143	0.0411906133837507	2.73748908233821	0.325335808579622	org.Hs.eg.db
NTM1_ASD_up	200	ASD_up	120	ENO3	ENSG00000108515	ENSG00000108515.17_2	3.46211433818887	-0.460075628945444	0.279757428090697	0.0753974627452075	3.71043557574462	0.000345052884127323	0.0411906133837507	0.190439916055159	0.395405098842074	org.Hs.eg.db
NTM1_ASD_up	200	ASD_up	121	NUPR1	ENSG00000176046	ENSG00000176046.8_1	3.46040253172887	-0.463288925071051	0.61264494036532	0.165164794289977	3.70929496808933	0.000346415621592166	0.0411906133837507	2.09652832575576	0.915960668739339	org.Hs.eg.db
NTM1_ASD_up	200	ASD_up	122	C4B	ENSG00000224389	ENSG00000224389.8_1	3.45793567959398	-0.467919545759044	0.741936836419673	0.200109682337001	3.70765086304115	0.000348388908730367	0.0411906133837507	4.22823742271765	1.06491427580496	org.Hs.eg.db
NTM1_ASD_up	200	ASD_up	123	MGST1	ENSG00000008394	ENSG00000008394.12_2	3.45555374496255	-0.472390764615542	0.555516928333663	0.149894090311193	3.70606290868681	0.000350304934560341	0.0411906133837507	3.43954136948241	0.817541853844516	org.Hs.eg.db
NTM1_ASD_up	200	ASD_up	124	H3-3A	ENSG00000163041	ENSG00000163041.9_1	3.45287427814487	-0.477420492300963	0.177483232646638	0.0479130682965336	3.70427607658511	0.00035247289198512	0.0411906133837507	5.15695859886548	0.280387781977865	org.Hs.eg.db
NTM1_ASD_up	200	ASD_up	125	SLC25A43	ENSG00000077713	ENSG00000077713.18_2	3.44768609884499	-0.487159418302719	0.294362809424514	0.0795400021174646	3.70081470440244	0.000356708863775596	0.0411906133837507	1.97513582802465	0.432410992008956	org.Hs.eg.db
NTM1_ASD_up	200	ASD_up	126	PCDHGB7	ENSG00000254122	ENSG00000254122.2_2	3.44765391182497	-0.487219837765506	0.271871874470874	0.073463135610819	3.70079322384431	0.000356735301645035	0.0411906133837507	4.02814228997911	0.43298141147254	org.Hs.eg.db
NTM1_ASD_up	200	ASD_up	127	GNG12	ENSG00000172380	ENSG00000172380.5_1	3.44756447097343	-0.48738773054336	0.447276349088247	0.120861538674528	3.70073353354149	0.000356808777123597	0.0411906133837507	4.44369868975626	0.629374955250808	org.Hs.eg.db
NTM1_ASD_up	200	ASD_up	128	CNN3	ENSG00000117519	ENSG00000117519.15_1	3.44212426536059	-0.497599744592119	0.429860921131936	0.116269703351187	3.69710172764062	0.000361306466662468	0.0411906133837507	6.52695286070209	0.607143353705998	org.Hs.eg.db
NTM1_ASD_up	200	ASD_up	129	WDR49	ENSG00000174776	ENSG00000174776.10_2	3.43743533252677	-0.506401516322863	0.313038106081715	0.0847430105111581	3.69396961700454	0.000365228506592648	0.0411906133837507	2.59399216194575	0.450600735838805	org.Hs.eg.db
NTM1_ASD_up	200	ASD_up	130	PCDHGB3	ENSG00000262209	ENSG00000262209.2_2	3.43552966948157	-0.50997870791722	0.245231210256163	0.0664097986968173	3.6926961844249	0.000366834632724909	0.0411906133837507	2.65809362684024	0.386362448893968	org.Hs.eg.db
NTM1_ASD_up	200	ASD_up	131	PPBP	ENSG00000163736	ENSG00000163736.3_1	3.43435788324216	-0.512178311827544	0.901901527876737	0.244291109891758	3.69191301425728	0.000367825739483584	0.0411906133837507	-3.66232710553714	1.31156375722764	org.Hs.eg.db
NTM1_ASD_up	200	ASD_up	132	FZD7	ENSG00000155760	ENSG00000155760.2_1	3.43395983736755	-0.512925498671721	0.396381345009846	0.107372495254697	3.69164695362247	0.000368163019003325	0.0411906133837507	1.89027911800396	0.553549265550905	org.Hs.eg.db
NTM1_ASD_up	200	ASD_up	133	MR1	ENSG00000153029	ENSG00000153029.14_1	3.42823303530704	-0.523675493664245	0.340045268436763	0.0922077219481191	3.68781769305709	0.000373049931597196	0.0411906133837507	2.92155571177926	0.477393385649208	org.Hs.eg.db
NTM1_ASD_up	200	ASD_up	134	ZNF274	ENSG00000171606	ENSG00000171606.17_1	3.42480286455692	-0.5301143958644	0.229664057476316	0.0623151900340049	3.68552286129579	0.000376008043554101	0.0411906133837507	3.80103306337898	0.346074348064245	org.Hs.eg.db
NTM1_ASD_up	200	ASD_up	135	GALNT4	ENSG00000257594	ENSG00000257594.3_2	3.42234854493874	-0.534721491295108	0.367670113303316	0.0998051188332998	3.68388032198448	0.000378138985806698	0.0411906133837507	2.41009447264868	0.517136803637501	org.Hs.eg.db
NTM1_ASD_up	200	ASD_up	136	SERP1	ENSG00000120742	ENSG00000120742.10_1	3.40433559135836	-0.568534282228608	0.225463401270244	0.0614038728357991	3.67181076465907	0.000394152611744116	0.0418778728093393	6.23511475650285	0.31750154920706	org.Hs.eg.db
NTM1_ASD_up	200	ASD_up	137	PCDHGB2	ENSG00000253910	ENSG00000253910.2_2	3.39950978530903	-0.577592983807093	0.187213725807789	0.0510317585252773	3.66857288907764	0.000398556792127202	0.0418778728093393	3.59539237241529	0.276464035018116	org.Hs.eg.db
NTM1_ASD_up	200	ASD_up	138	RNF114	ENSG00000124226	ENSG00000124226.10_2	3.39851381834001	-0.579462550768983	0.150570738762574	0.041050889478901	3.66790441507883	0.000399471850749187	0.0418778728093393	4.88128529490313	0.227098799190734	org.Hs.eg.db
NTM1_ASD_up	200	ASD_up	139	AKR1C3	ENSG00000196139	ENSG00000196139.13_2	3.39240390366122	-0.590931700830003	0.393029983380696	0.107273810444241	3.66380183339331	0.000405131578682786	0.0418778728093393	2.30657777489591	0.614076023589388	org.Hs.eg.db
NTM1_ASD_up	200	ASD_up	140	IFI16	ENSG00000163565	ENSG00000163565.18_2	3.39033209452995	-0.59482077147559	0.531806093373165	0.145206596481492	3.66241001620713	0.000407068882991014	0.0418778728093393	3.85948938294064	0.75997162056713	org.Hs.eg.db
NTM1_ASD_up	200	ASD_up	141	GNA13	ENSG00000120063	ENSG00000120063.9_1	3.38940828890438	-0.596554881672533	0.333434309452753	0.0910577539435917	3.66178930417401	0.000407935697518745	0.0418778728093393	5.98138881350989	0.477434415315041	org.Hs.eg.db
NTM1_ASD_up	200	ASD_up	142	GEM	ENSG00000164949	ENSG00000164949.7_2	3.3892816716573	-0.596792559657142	0.673677895703844	0.183979331626053	3.66170422378274	0.000408054647280565	0.0418778728093393	2.38009262345405	0.959135892699978	org.Hs.eg.db
NTM1_ASD_up	200	ASD_up	143	LTBR	ENSG00000111321	ENSG00000111321.10_1	3.38223801985956	-0.610014462693912	0.486721622515338	0.133094262430977	3.6569692308694	0.000414726684823578	0.0420414365072587	2.18286907962953	0.714655680358196	org.Hs.eg.db
NTM1_ASD_up	200	ASD_up	144	CD109-AS1	ENSG00000231652	ENSG00000231652.2_1	3.37816582235212	-0.617658537406292	0.364360777909796	0.0997093185999466	3.65422994586577	0.000418633691850383	0.0421222691224777	-0.817075233854033	0.627877525687819	org.Hs.eg.db
NTM1_ASD_up	200	ASD_up	145	ABHD3	ENSG00000158201	ENSG00000158201.9_2	3.36787247027769	-0.636980574747064	0.434198145744897	0.119046461615622	3.64729988487048	0.000428674381307935	0.0421222691224777	2.85029984613336	0.630226621865805	org.Hs.eg.db
NTM1_ASD_up	200	ASD_up	146	SWI5	ENSG00000175854	ENSG00000175854.11_1	3.34290315717444	-0.683851409113334	0.164450642563973	0.0452975470098934	3.63045359891243	0.000454042851854418	0.0432507019531378	2.24989281529329	0.248974288879557	org.Hs.eg.db
NTM1_ASD_up	200	ASD_up	147	ASAP3	ENSG00000088280	ENSG00000088280.18_2	3.34090670427579	-0.687599025747636	0.267560004122688	0.0737261790345845	3.62910444602286	0.000456134892937805	0.0432507019531378	4.35258670870999	0.395153916395749	org.Hs.eg.db
NTM1_ASD_up	200	ASD_up	148	LPP-AS2	ENSG00000270959	ENSG00000270959.1_1	3.34003887810913	-0.689228054802148	0.316524589602345	0.0872324732167374	3.62851788938633	0.000457047272840979	0.0432507019531378	0.626151602039816	0.472738352042665	org.Hs.eg.db
NTM1_ASD_up	200	ASD_up	149	PCDHGB8P	ENSG00000248449	ENSG00000248449.2_2	3.33626197966249	-0.696317812569149	0.332419484380603	0.0916775367627909	3.62596439780788	0.000461039377661984	0.0432507019531378	1.8768933314138	0.510027497662485	org.Hs.eg.db
NTM1_ASD_up	200	ASD_up	150	TGDS	ENSG00000088451	ENSG00000088451.10_1	3.33513172436888	-0.698439457183048	0.193766482632861	0.0534498734506704	3.62520002618323	0.000462240799464662	0.0432507019531378	1.70598430381653	0.283013260436469	org.Hs.eg.db
NTM1_ASD_up	200	ASD_up	151	DDX31	ENSG00000125485	ENSG00000125485.17_2	3.33420685414319	-0.700175565780808	0.157747119681981	0.0435215556387	3.62457447503807	0.000463226232869007	0.0432507019531378	2.89978041678892	0.233253976538564	org.Hs.eg.db
NTM1_ASD_up	200	ASD_up	152	SLC44A3-AS1	ENSG00000224081	ENSG00000224081.8_1	3.33117921164163	-0.70585886710448	0.418926899215804	0.115644960821281	3.62252618912827	0.000466466853021493	0.0433901526653251	1.29601829567766	0.602688802722446	org.Hs.eg.db
NTM1_ASD_up	200	ASD_up	153	MT2A	ENSG00000125148	ENSG00000125148.6_1	3.32880767382884	-0.710310569702674	0.59932215340594	0.165516483728071	3.62092125150854	0.00046902104089795	0.0434649498945578	4.15230317278871	0.887618142449409	org.Hs.eg.db
NTM1_ASD_up	200	ASD_up	154	CAPN2	ENSG00000162909	ENSG00000162909.17_1	3.32092362370177	-0.725110015971511	0.226406182929706	0.0626195610908162	3.61558239926582	0.000477613260737785	0.0439784108066049	6.14909882353076	0.369832928292644	org.Hs.eg.db
NTM1_ASD_up	200	ASD_up	155	RAB13	ENSG00000143545	ENSG00000143545.8_1	3.3113018423827	-0.743171422652969	0.523983307555279	0.145185540828068	3.60905985931334	0.000488312855263674	0.0445004129704234	2.31217918329957	0.795966676469747	org.Hs.eg.db
NTM1_ASD_up	200	ASD_up	156	LMNB1	ENSG00000113368	ENSG00000113368.11_1	3.30815570909612	-0.749077147474466	0.243078802040958	0.0673922444724864	3.60692545475611	0.000491863154673482	0.0445004129704234	2.59951200940499	0.347836615360143	org.Hs.eg.db
NTM1_ASD_up	200	ASD_up	157	RHOD	ENSG00000173156	ENSG00000173156.6_1	3.30645805198657	-0.75226388332353	0.586498319122526	0.162655346371828	3.60577338651874	0.000493789610527072	0.0445004129704234	-1.94470934714919	0.866767108402968	org.Hs.eg.db
NTM1_ASD_up	200	ASD_up	158	PLAUR	ENSG00000011422	ENSG00000011422.11_1	3.29858382759002	-0.767044885344984	0.764970152895718	0.212466530209769	3.60042662785739	0.000502824201275673	0.0449172041073663	1.02475718836246	1.1120009386599	org.Hs.eg.db
NTM1_ASD_up	200	ASD_up	159	SEC11A	ENSG00000140612	ENSG00000140612.13_1	3.29572482742625	-0.772411621809673	0.210423557651096	0.0584756124750457	3.59848403025952	0.000506145258245758	0.0449172041073663	3.9616714011334	0.309725734756868	org.Hs.eg.db
NTM1_ASD_up	200	ASD_up	160	ATP6V0E1	ENSG00000113732	ENSG00000113732.8_2	3.29390668089891	-0.775824532865108	0.307539041403601	0.0854928588258726	3.59724830386103	0.000508268645139753	0.0449172041073663	4.01493321466432	0.44211471392913	org.Hs.eg.db
NTM1_ASD_up	200	ASD_up	161	S100A11	ENSG00000163191	ENSG00000163191.5_1	3.29381590071067	-0.775994939762123	0.720824744170505	0.200385697208286	3.59718659671234	0.000508374899186065	0.0449172041073663	0.654223641927243	1.07174169531381	org.Hs.eg.db
NTM1_ASD_up	200	ASD_up	162	TAF1A-AS1	ENSG00000225265	ENSG00000225265.1_1	3.29133957399187	-0.780643345547002	0.233896580334772	0.0650525325685834	3.5955030665129	0.000511281908901797	0.0449172041073663	-0.563321954998162	0.349238075832392	org.Hs.eg.db
NTM1_ASD_up	200	ASD_up	163	PLP2	ENSG00000102007	ENSG00000102007.10_1	3.29088250008456	-0.781501336125851	0.661499316808723	0.183995532740821	3.59519226882818	0.000511820291608337	0.0449172041073663	-0.278916801516294	0.988528747166044	org.Hs.eg.db
NTM1_ASD_up	200	ASD_up	164	PLCB3	ENSG00000149782	ENSG00000149782.11_1	3.28205607494575	-0.798069749883037	0.282230039651606	0.0786334150731829	3.58918710816438	0.000522328742950134	0.0451545053199614	3.43726116569067	0.442526929653532	org.Hs.eg.db
NTM1_ASD_up	200	ASD_up	165	TMEM216	ENSG00000187049	ENSG00000187049.9_1	3.28001814309097	-0.801895228222003	0.229901418437992	0.0640786668720839	3.58779964784426	0.000524785536345595	0.0451545053199614	1.67813964174054	0.356044927275617	org.Hs.eg.db
NTM1_ASD_up	200	ASD_up	166	LIX1	ENSG00000145721	ENSG00000145721.11_1	3.27723135135709	-0.807126419533991	0.387747468618003	0.108131090008816	3.585901784458	0.000528163820687256	0.0451545053199614	4.22654101815259	0.567365385957812	org.Hs.eg.db
NTM1_ASD_up	200	ASD_up	167	NUP98	ENSG00000110713	ENSG00000110713.15_2	3.2756149923817	-0.810160547605458	0.143238481611577	0.0399571672695913	3.58480071034931	0.00053013320550981	0.0451545053199614	5.98609684379283	0.20929227062588	org.Hs.eg.db
NTM1_ASD_up	200	ASD_up	168	FAM107A	ENSG00000168309	ENSG00000168309.16_1	3.27022045724846	-0.820286831883578	0.427097634718408	0.119263559791717	3.5811243221676	0.000536759256623894	0.0454072014215138	8.76305658605543	0.693023195401794	org.Hs.eg.db
NTM1_ASD_up	200	ASD_up	169	XPO1	ENSG00000082898	ENSG00000082898.16_1	3.26960958487376	-0.821433523335415	0.162016500163258	0.0452470591485903	3.580707856199	0.000537514785711268	0.0454072014215138	7.31416349513002	0.236595113388567	org.Hs.eg.db
NTM1_ASD_up	200	ASD_up	170	CBFB	ENSG00000067955	ENSG00000067955.13_2	3.26795763732878	-0.82453445604599	0.31638801707514	0.0883868741324784	3.57958147270739	0.000539563250920034	0.0454257386435592	3.98279370275009	0.45677744512036	org.Hs.eg.db
NTM1_ASD_up	200	ASD_up	171	PXN	ENSG00000089159	ENSG00000089159.16_2	3.26202129357124	-0.8356777896191	0.449295277134369	0.125658306262964	3.57553185695607	0.000546989143216734	0.0458953458139554	3.69079401073623	0.728999559389105	org.Hs.eg.db
NTM1_ASD_up	200	ASD_up	172	PLTP	ENSG00000100979	ENSG00000100979.14_2	3.26047175899106	-0.838586479111374	0.429849868982158	0.12025540856958	3.57447431342306	0.000548944250823317	0.0459043077893868	4.77644426093883	0.644121239257573	org.Hs.eg.db
NTM1_ASD_up	200	ASD_up	173	RPL13	ENSG00000167526	ENSG00000167526.13_1	3.25859299304341	-0.842113181154834	0.157892480905285	0.0441880788390735	3.5731917986366	0.000551324137794204	0.0459486116988485	7.57363280558882	0.248026658289219	org.Hs.eg.db
NTM1_ASD_up	200	ASD_up	174	LIMS4	ENSG00000256671	ENSG00000256671.6_2	3.2459487896433	-0.865848089712778	0.418030080285335	0.117274208108574	3.56455257321641	0.000567611532059779	0.0468399241277425	0.0168938165383825	0.608004024556002	org.Hs.eg.db
NTM1_ASD_up	200	ASD_up	175	HPS5	ENSG00000110756	ENSG00000110756.17_1	3.24554100799242	-0.866613551947835	0.226084200265894	0.0634306502831596	3.56427372660749	0.000568144742305162	0.0468399241277425	4.2608554114979	0.341755092132906	org.Hs.eg.db
NTM1_ASD_up	200	ASD_up	176	ST7-OT4	ENSG00000214188	ENSG00000214188.9_2	3.23583827511466	-0.884826915837067	0.410966536280682	0.115516790150831	3.55763465851223	0.000580980725931588	0.0473331057614756	-0.184405112089055	0.630500482165788	org.Hs.eg.db
NTM1_ASD_up	200	ASD_up	177	MYC	ENSG00000136997	ENSG00000136997.15_1	3.23561681019418	-0.885242635947707	0.561930305117809	0.157957269452687	3.55748302730774	0.000581277067855132	0.0473331057614756	1.88736031372353	0.831621434501545	org.Hs.eg.db
NTM1_ASD_up	200	ASD_up	178	NPL	ENSG00000135838	ENSG00000135838.13_1	3.23178728127474	-0.892431188349673	0.429181106324913	0.120730791164101	3.55486038140475	0.000586425327046151	0.0474412359039681	3.13087106075544	0.62909646211524	org.Hs.eg.db
NTM1_ASD_up	200	ASD_up	179	EZH2	ENSG00000106462	ENSG00000106462.10_2	3.22869760577928	-0.898230934133406	0.308875527833382	0.0869400022153879	3.55274350083595	0.000590612173455429	0.0475372026184706	0.95175611892415	0.444751652005205	org.Hs.eg.db
NTM1_ASD_up	200	ASD_up	180	EMILIN1	ENSG00000138080	ENSG00000138080.13_1	3.22808955016484	-0.899372338138886	0.370026247629718	0.104164472703163	3.55232679652862	0.000591439668590248	0.0475372026184706	2.421171001708	0.548470191755341	org.Hs.eg.db
NTM1_ASD_up	200	ASD_up	181	LOC105379362	ENSG00000247134	ENSG00000247134.6_2	3.20504197824997	-0.942635800025076	0.326136602867229	0.0922199403028574	3.53650850126525	0.000623674549127076	0.0488737387746178	-1.41899661715124	0.49956646524741	org.Hs.eg.db
NTM1_ASD_up	200	ASD_up	182	DANCR	ENSG00000226950	ENSG00000226950.6_1	3.20503733325836	-0.94264451931308	0.183349021082614	0.0518446899081699	3.53650530859326	0.000623681219666672	0.0488737387746178	3.66605387263662	0.270759005835856	org.Hs.eg.db
NTM1_ASD_up	200	ASD_up	183	IFITM2	ENSG00000185201	ENSG00000185201.16_2	3.20421394123029	-0.944190139379074	0.776826685709069	0.219694574169873	3.53593933143023	0.000624864797367984	0.0488737387746178	2.02658777164972	1.21181794342535	org.Hs.eg.db
NTM1_ASD_up	200	ASD_up	184	RPL11	ENSG00000142676	ENSG00000142676.12_1	3.19960881701924	-0.952834590799884	0.226592720088029	0.064140190403945	3.53277280065717	0.000631525924044669	0.0488737387746178	6.57039525190979	0.336496172106658	org.Hs.eg.db
NTM1_ASD_up	200	ASD_up	185	IFITM3	ENSG00000142089	ENSG00000142089.15_2	3.19581984291415	-0.959947016238393	0.725141198022513	0.205412772069758	3.5301660686233	0.0006370597356943	0.0488737387746178	4.06572104726882	1.12094606397324	org.Hs.eg.db
NTM1_ASD_up	200	ASD_up	186	CD44	ENSG00000026508	ENSG00000026508.16_2	3.19175588393058	-0.967575626108554	0.96066049911878	0.272344789278723	3.52736875070381	0.000643049072360916	0.0488737387746178	3.18147844196434	1.40452953960456	org.Hs.eg.db
NTM1_ASD_up	200	ASD_up	187	H2AC11	ENSG00000196787	ENSG00000196787.3_1	3.18929011653717	-0.97220421058761	0.625828648511246	0.177506263233136	3.52567079669345	0.000646710457184749	0.0488737387746178	-0.109833628687507	0.924604501484582	org.Hs.eg.db
NTM1_ASD_up	200	ASD_up	188	PEA15	ENSG00000162734	ENSG00000162734.12_2	3.18741891809434	-0.97571670738387	0.190147212103737	0.0539519316793851	3.52438191154502	0.000649502881137975	0.0488737387746178	8.72509900162042	0.287519098660181	org.Hs.eg.db
NTM1_ASD_up	200	ASD_up	189	ANG	ENSG00000214274	ENSG00000214274.9_2	3.18465983722871	-0.980895881585488	0.494090824159125	0.140267850969615	3.52248088741415	0.000653642319982316	0.0488737387746178	-1.480670895738	0.742474647504142	org.Hs.eg.db
NTM1_ASD_up	200	ASD_up	190	SNTG2	ENSG00000172554	ENSG00000172554.11_1	3.18442952263871	-0.981328213742777	0.565772766993639	0.160624934313453	3.52232216879577	0.000653989050816491	0.0488737387746178	-0.78519805721033	0.958971087510683	org.Hs.eg.db
NTM1_ASD_up	200	ASD_up	191	TNFRSF10C	ENSG00000173535	ENSG00000173535.13_1	3.18427075157883	-0.981626248855667	0.803115972796138	0.228014611725271	3.52221275083806	0.000654228182376989	0.0488737387746178	-1.28891374710841	1.18639776202769	org.Hs.eg.db
NTM1_ASD_up	200	ASD_up	192	ADAM17	ENSG00000151694	ENSG00000151694.12_1	3.18265490525544	-0.984659414608842	0.127240624941615	0.0361366218242497	3.52109905459478	0.000656666853104076	0.0488737387746178	4.99078459917445	0.195282428615493	org.Hs.eg.db
NTM1_ASD_up	200	ASD_up	193	RNF122	ENSG00000133874	ENSG00000133874.1_1	3.18226252999712	-0.985395956926445	0.61387797992339	0.174356111277731	3.52082858137129	0.000657260404868685	0.0488737387746178	0.0487402921534838	0.927781819871533	org.Hs.eg.db
NTM1_ASD_up	200	ASD_up	194	VASP	ENSG00000125753	ENSG00000125753.13_1	3.18018013072608	-0.989304906720692	0.411414149271798	0.116899181204014	3.51939290792628	0.000660419471436491	0.0488737387746178	2.78279099920843	0.648937864112042	org.Hs.eg.db
NTM1_ASD_up	200	ASD_up	195	ROBO3	ENSG00000154134	ENSG00000154134.14_1	3.17803815199825	-0.993325695348443	0.246843184762155	0.070167451913351	3.51791575767892	0.000663684764314099	0.0488737387746178	3.42769296265876	0.40220081994738	org.Hs.eg.db
NTM1_ASD_up	200	ASD_up	196	ZNF442	ENSG00000198342	ENSG00000198342.5	3.17708938765945	-0.995106656482314	0.299173764620874	0.0850587248400268	3.5172613413091	0.000665136241980223	0.0488737387746178	1.55328801562098	0.447022850663404	org.Hs.eg.db
NTM1_ASD_up	200	ASD_up	197	CASP1	ENSG00000137752	ENSG00000137752.22_2	3.17149820850231	-1.00560206863494	0.550164870526819	0.15659030421406	3.51340316559282	0.000673754674754001	0.0493609767026265	1.03730058717067	0.830077318616881	org.Hs.eg.db
NTM1_ASD_up	200	ASD_up	198	IGDCC4	ENSG00000103742	ENSG00000103742.11_1	3.16798495082577	-1.01219693642174	0.409932561127957	0.116757390000805	3.5109774304233	0.000679227168792128	0.0493878022695989	2.85815632168562	0.727430288163351	org.Hs.eg.db
NTM1_ASD_up	200	ASD_up	199	RAB38	ENSG00000123892	ENSG00000123892.11_2	3.16758414736567	-1.0129492996331	0.477623301848962	0.136047858493145	3.51070062505268	0.000679854306070771	0.0493878022695989	-2.40631768943726	0.705616750828709	org.Hs.eg.db
NTM1_ASD_up	200	ASD_up	200	PKNOX1	ENSG00000160199	ENSG00000160199.14_1	3.16066762413923	-1.02593256485936	0.175807701533424	0.0501459301981397	3.50592163389456	0.000690768262917713	0.0493878022695989	4.11204617100808	0.270631832844853	org.Hs.eg.db
NTM2_ASD_down	200	ASD_down	1	ZNF804B	ENSG00000182348	ENSG00000182348.6_1	-6.00204416930744	-5.19314775930881	-0.543280570251208	0.103969604653257	-5.22537882165728	9.95304186196068e-07	0.00617984369209139	2.53441244810912	0.613706942685104	org.Hs.eg.db
NTM2_ASD_down	200	ASD_down	2	SUSD5	ENSG00000173705	ENSG00000173705.8_2	-4.89335536098251	-2.99297286144368	-0.350154341699042	0.0761238283607732	-4.59979942206214	1.2783348799876e-05	0.0252465006095842	4.45535091231067	0.442733660901006	org.Hs.eg.db
NTM2_ASD_down	200	ASD_down	3	NOS2	ENSG00000007171	ENSG00000007171.16_2	-4.82139570628448	-2.85017009773144	-0.486759099373344	0.106801309025554	-4.55761360805866	1.50870487520625e-05	0.0252465006095842	2.86335756056489	0.622680796614436	org.Hs.eg.db
NTM2_ASD_down	200	ASD_down	4	IRGQ	ENSG00000167378	ENSG00000167378.8_2	-4.76627462450893	-2.7407832079612	-0.246562267011425	0.0544871118014398	-4.52514840408387	1.71287383554676e-05	0.0252465006095842	7.14146942748417	0.315378010955711	org.Hs.eg.db
NTM2_ASD_down	200	ASD_down	5	TMEM151B	ENSG00000178233	ENSG00000178233.17_2	-4.75439472156047	-2.71720773388766	-0.345638231522596	0.076500218138596	-4.51813393389808	1.76037534918704e-05	0.0252465006095842	7.64243202376796	0.461587540089025	org.Hs.eg.db
NTM2_ASD_down	200	ASD_down	6	OVOL2	ENSG00000125850	ENSG00000125850.10_2	-4.72035155775408	-2.64964962931557	-0.454021690203937	0.100938604404447	-4.49799849009932	1.90391888756794e-05	0.0252465006095842	0.0666537749263885	0.567736531919317	org.Hs.eg.db
NTM2_ASD_down	200	ASD_down	7	COL10A1	ENSG00000123500	ENSG00000123500.9_2	-4.64040114822016	-2.49098934266911	-0.732143214370141	0.164507905906674	-4.45050473614009	2.28875260587941e-05	0.0252465006095842	1.79292021337282	0.994992274457642	org.Hs.eg.db
NTM2_ASD_down	200	ASD_down	8	WNT10A	ENSG00000135925	ENSG00000135925.8_1	-4.60749518513366	-2.42568799441938	-0.487456429248712	0.110013659236748	-4.43087188109715	2.46890747664152e-05	0.0252465006095842	0.33652026453688	0.70839257134227	org.Hs.eg.db
NTM2_ASD_down	200	ASD_down	9	TPBG	ENSG00000146242	ENSG00000146242.8_1	-4.49961714888502	-2.21160578703798	-0.551869408992683	0.126397301502868	-4.36614866323046	3.1650665865119e-05	0.0252465006095842	3.89929257633326	0.713820723796104	org.Hs.eg.db
NTM2_ASD_down	200	ASD_down	10	APOOL	ENSG00000155008	ENSG00000155008.13_1	-4.4902150855277	-2.19294754530994	-0.168977845559786	0.0387521102815849	-4.36048112817445	3.23433435965896e-05	0.0252465006095842	4.96583857070667	0.20859427625582	org.Hs.eg.db
NTM2_ASD_down	200	ASD_down	11	ATP2B2	ENSG00000157087	ENSG00000157087.16_2	-4.37978008568899	-1.97379108529482	-0.46546850386785	0.108410295757342	-4.29358208661033	4.17080527663791e-05	0.0267612442010097	9.69981104983396	0.639770791162906	org.Hs.eg.db
NTM2_ASD_down	200	ASD_down	12	SYT3	ENSG00000213023	ENSG00000213023.10_2	-4.35771917587339	-1.93001156877414	-0.335799162604467	0.0784551088560275	-4.2801439893569	4.38814352828476e-05	0.0267612442010097	4.52025141225486	0.448395399540066	org.Hs.eg.db
NTM2_ASD_down	200	ASD_down	13	BASP1	ENSG00000176788	ENSG00000176788.8_2	-4.25043917932904	-1.71711616145372	-0.313171272008399	0.07430923806755	-4.2144325544519	5.61772946210212e-05	0.0303308541132105	8.13842904191725	0.425852648087739	org.Hs.eg.db
NTM2_ASD_down	200	ASD_down	14	LYNX1	ENSG00000180155	ENSG00000180155.18_1	-4.19515521994107	-1.60740604371223	-0.351450714334223	0.0840725104958293	-4.18032853142477	6.38035407035571e-05	0.0325916229894719	7.8372462789467	0.449001053755683	org.Hs.eg.db
NTM2_ASD_down	200	ASD_down	15	CENPS-CORT	ENSG00000251503	ENSG00000251503.8_2	-4.18228216882888	-1.58185968326978	-0.584594634201572	0.140111158028787	-4.17236316098011	6.57230684171768e-05	0.0325916229894719	0.598216334968302	0.776631481068352	org.Hs.eg.db
NTM2_ASD_down	200	ASD_down	16	HR	ENSG00000168453	ENSG00000168453.14_2	-4.15442329006094	-1.52657419171647	-0.469309112631204	0.112947907294177	-4.15509347516172	7.00771950098475e-05	0.0325916229894719	5.730475118117	0.599590422796039	org.Hs.eg.db
NTM2_ASD_down	200	ASD_down	17	RNF157	ENSG00000141576	ENSG00000141576.14_2	-4.14629829441838	-1.51045027008598	-0.260737377157925	0.0628275479957799	-4.15004859294269	7.1400574399913e-05	0.0325916229894719	7.40926076535675	0.331934620136004	org.Hs.eg.db
NTM2_ASD_down	200	ASD_down	18	LZTS1	ENSG00000061337	ENSG00000061337.15_2	-4.14161297378831	-1.50115232754222	-0.338505845494685	0.0816239697410481	-4.14713774113896	7.21750388315733e-05	0.0325916229894719	6.25672905721623	0.437548087421118	org.Hs.eg.db
NTM2_ASD_down	200	ASD_down	19	CACNG2	ENSG00000166862	ENSG00000166862.6_1	-4.07613308461322	-1.37120855306173	-0.318563342675949	0.0775786805874351	-4.10632586509269	8.39202782947897e-05	0.0344970382948302	3.49244321632128	0.410039660008438	org.Hs.eg.db
NTM2_ASD_down	200	ASD_down	20	ZSCAN1	ENSG00000152467	ENSG00000152467.9_2	-4.04228833533272	-1.30404419888735	-0.39986449220389	0.0978828349965388	-4.08513394833762	9.0721801305577e-05	0.0356630831004443	1.16056157717205	0.512966390352695	org.Hs.eg.db
NTM2_ASD_down	200	ASD_down	21	CELSR2	ENSG00000143126	ENSG00000143126.7_1	-4.01401276163347	-1.24793178302395	-0.275101580548044	0.0676361095299184	-4.06737735892918	9.68249404079467e-05	0.0356630831004443	8.82453015695413	0.356920081234176	org.Hs.eg.db
NTM2_ASD_down	200	ASD_down	22	CYP2E1	ENSG00000130649	ENSG00000130649.9_2	-3.98729269375799	-1.19490624315429	-0.347322441772508	0.0857469047199013	-4.05055369528571	0.000102969192331653	0.0356630831004443	3.24401456236196	0.484212235809576	org.Hs.eg.db
NTM2_ASD_down	200	ASD_down	23	IQSEC1	ENSG00000144711	ENSG00000144711.13_2	-3.96536990397371	-1.15140082358807	-0.240761528582589	0.0596428856876361	-4.0367183077545	0.000108300408818136	0.0356630831004443	8.3207002381959	0.315735352715266	org.Hs.eg.db
NTM2_ASD_down	200	ASD_down	24	RPH3A	ENSG00000089169	ENSG00000089169.14_2	-3.96440789507353	-1.14949173258092	-0.426612025458829	0.105698796795045	-4.03611051775784	0.000108540571745161	0.0356630831004443	7.75732418535844	0.589448055940955	org.Hs.eg.db
NTM2_ASD_down	200	ASD_down	25	FBLN7	ENSG00000144152	ENSG00000144152.12_2	-3.94999790784626	-1.12089534742945	-0.563407657005871	0.139907551602518	-4.02699961905224	0.000112202385948406	0.0356630831004443	3.6261082159304	0.7832437815781	org.Hs.eg.db
NTM2_ASD_down	200	ASD_down	26	TANGO2	ENSG00000183597	ENSG00000183597.15_1	-3.94383213493093	-1.10865947141773	-0.184015167243885	0.0457396756389305	-4.02309733668649	0.000113806709061585	0.0356630831004443	4.87825475633822	0.245462127756808	org.Hs.eg.db
NTM2_ASD_down	200	ASD_down	27	IL17REL	ENSG00000188263	ENSG00000188263.10_1	-3.90973956081033	-1.04100331288115	-1.02663420783193	0.256563759295528	-4.00147788078433	0.000123100676382554	0.0366370449333958	-0.889847486246436	1.48537340201976	org.Hs.eg.db
NTM2_ASD_down	200	ASD_down	28	PCDHA3	ENSG00000255408	ENSG00000255408.3_2	-3.90258554108698	-1.02680627716116	-0.31152454883499	0.0779409171077981	-3.99693204025465	0.000125145275557223	0.0366370449333958	2.74986383687619	0.445670393042932	org.Hs.eg.db
NTM2_ASD_down	200	ASD_down	29	OTUD7A	ENSG00000169918	ENSG00000169918.9_2	-3.90174228832616	-1.02513285578	-0.21302679489486	0.0533047262117165	-3.99639600527648	0.000125388501342351	0.0366370449333958	6.64412881552682	0.279411886536978	org.Hs.eg.db
NTM2_ASD_down	200	ASD_down	30	JCAD	ENSG00000165757	ENSG00000165757.8_1	-3.85483506812587	-0.932046240637514	-0.256336710631699	0.0646252939118806	-3.96650746348983	0.00013968987601226	0.0372539650119464	7.11283364845923	0.392940827011976	org.Hs.eg.db
NTM2_ASD_down	200	ASD_down	31	ADGRL1	ENSG00000072071	ENSG00000072071.16_1	-3.85233508705342	-0.927085068882712	-0.270135868948492	0.0681316421428746	-3.96491058269236	0.00014049630834403	0.0372539650119464	8.16714225055483	0.412857784371447	org.Hs.eg.db
NTM2_ASD_down	200	ASD_down	32	ADRA1D	ENSG00000171873	ENSG00000171873.7_1	-3.84226965772106	-0.907110388172485	-0.722252502421926	0.182457160677107	-3.95847715563266	0.000143790549134019	0.0372539650119464	2.23890337362943	1.2672550445689	org.Hs.eg.db
NTM2_ASD_down	200	ASD_down	33	SERTAD4	ENSG00000082497	ENSG00000082497.11_1	-3.80931364122228	-0.841709709740637	-0.508892454345853	0.129246889884035	-3.93736711809816	0.000155126630313712	0.0372539650119464	3.43860177233867	0.732213692647791	org.Hs.eg.db
NTM2_ASD_down	200	ASD_down	34	LINC01844	ENSG00000236714	ENSG00000236714.1_1	-3.7997998356648	-0.822829717434792	-0.64292708400001	0.163542250125526	-3.93125986408122	0.000158562383082682	0.0372539650119464	0.313309121673099	0.931793923992755	org.Hs.eg.db
NTM2_ASD_down	200	ASD_down	35	CDK5R2	ENSG00000171450	ENSG00000171450.5_1	-3.79337610007523	-0.810081918694015	-0.423702261121869	0.107890991849404	-3.92713287605401	0.00016092514159354	0.0373526805291324	5.35046740360498	0.658916811879692	org.Hs.eg.db
NTM2_ASD_down	200	ASD_down	36	KCNA2	ENSG00000177301	ENSG00000177301.13_1	-3.7862697120283	-0.795979407260739	-0.37463420261099	0.095507476448071	-3.9225641441242	0.000163580031683195	0.0374011441735603	8.51513964855641	0.50725448586713	org.Hs.eg.db
NTM2_ASD_down	200	ASD_down	37	SLC36A1	ENSG00000123643	ENSG00000123643.12_2	-3.78242449677066	-0.788348640157086	-0.28918636150778	0.0737703251459237	-3.92009064533396	0.000165034789367032	0.0374011441735603	5.66253063174077	0.414168682763317	org.Hs.eg.db
NTM2_ASD_down	200	ASD_down	38	RHOBTB2	ENSG00000008853	ENSG00000008853.16_1	-3.77857289838518	-0.780705205840119	-0.299447234526546	0.0764361631541826	-3.9176120591312	0.00016650493179151	0.0374011441735603	7.47810438910966	0.45811753751882	org.Hs.eg.db
NTM2_ASD_down	200	ASD_down	39	LIMK1	ENSG00000106683	ENSG00000106683.14_1	-3.74177248899971	-0.707675392286394	-0.27767125053385	0.0713096514763818	-3.89388034838197	0.000181228923605654	0.0388017374712933	6.69500997207191	0.371030483767738	org.Hs.eg.db
NTM2_ASD_down	200	ASD_down	40	ARHGEF11	ENSG00000132694	ENSG00000132694.18_1	-3.73676868272424	-0.697745420162197	-0.175769983562489	0.0451775775287873	-3.89064649273166	0.000183329062376057	0.0388118822145941	7.14316406584247	0.234045375123215	org.Hs.eg.db
NTM2_ASD_down	200	ASD_down	41	CLEC2L	ENSG00000236279	ENSG00000236279.6_2	-3.71072568993876	-0.646063524790258	-0.442463625295303	0.114219885369215	-3.87378803493843	0.000194658920247897	0.0388118822145941	4.06975758744753	0.614021616405317	org.Hs.eg.db
NTM2_ASD_down	200	ASD_down	42	CABP1	ENSG00000157782	ENSG00000157782.9_1	-3.70697547436262	-0.638621283008566	-0.433992895264406	0.112103570127083	-3.87135659259042	0.000196347115556898	0.0388118822145941	7.24239962942851	0.578261015006027	org.Hs.eg.db
NTM2_ASD_down	200	ASD_down	43	MIR3677HG	ENSG00000260778	ENSG00000260778.4_2	-3.68725110984757	-0.599478602613056	-0.308889098232512	0.0800531033859081	-3.85855245040864	0.000205470221995163	0.0388118822145941	-0.617467834859208	0.451905964235768	org.Hs.eg.db
NTM2_ASD_down	200	ASD_down	44	IQSEC3	ENSG00000120645	ENSG00000120645.11_1	-3.68016766523167	-0.585421622045286	-0.326551174172279	0.0847316059955364	-3.85394765430838	0.000208848968563394	0.0388118822145941	6.6849250614175	0.451896620553932	org.Hs.eg.db
NTM2_ASD_down	200	ASD_down	45	RIMKLA	ENSG00000177181	ENSG00000177181.14_2	-3.67787346373641	-0.58086881651265	-0.379284538472807	0.0984526722630298	-3.85245549719054	0.000209955152092657	0.0388118822145941	6.38478214438137	0.55553149295048	org.Hs.eg.db
NTM2_ASD_down	200	ASD_down	46	MAP1A	ENSG00000166963	ENSG00000166963.12_2	-3.67487030453126	-0.57490909594196	-0.219130157239956	0.0569095082963704	-3.85050167888959	0.000211412029557806	0.0388118822145941	11.1331992869205	0.294662852693476	org.Hs.eg.db
NTM2_ASD_down	200	ASD_down	47	MARCHF10	ENSG00000173838	ENSG00000173838.11_2	-3.67257803807993	-0.570360130472512	-0.344644373587598	0.089541045428338	-3.84900993660417	0.000212530841568079	0.0388118822145941	-0.364240436916827	0.489116415688874	org.Hs.eg.db
NTM2_ASD_down	200	ASD_down	48	CFAP410	ENSG00000160226	ENSG00000160226.15_2	-3.60888105438887	-0.443954502910939	-0.188593760876276	0.0495333467143775	-3.80741002548763	0.000246104154779641	0.0405451628606895	4.7110606188843	0.272865495793163	org.Hs.eg.db
NTM2_ASD_down	200	ASD_down	49	CPLX1	ENSG00000168993	ENSG00000168993.14_2	-3.60289792831945	-0.432081086592627	-0.42726546504965	0.112335177700427	-3.80348768565685	0.000249518109727787	0.0405451628606895	6.34654251821669	0.5895595799474	org.Hs.eg.db
NTM2_ASD_down	200	ASD_down	50	PARD6A	ENSG00000102981	ENSG00000102981.9_1	-3.59819926888217	-0.422756673403011	-0.284519058133539	0.0748654455409799	-3.80040559536641	0.000252232318041162	0.0405451628606895	4.09715450188778	0.424076376362732	org.Hs.eg.db
NTM2_ASD_down	200	ASD_down	51	ABCA3	ENSG00000167972	ENSG00000167972.13_2	-3.5940180035995	-0.414459020493419	-0.192670715883035	0.0507340407318835	-3.797661552354	0.00025467246763841	0.0405451628606895	7.54427062687442	0.272381110167268	org.Hs.eg.db
NTM2_ASD_down	200	ASD_down	52	TECPR1	ENSG00000205356	ENSG00000205356.9_2	-3.58266489487352	-0.391928960981597	-0.232917925796195	0.0614526018766611	-3.7902044613778	0.000261417769699041	0.0409050171334653	6.23208298848854	0.359775782661709	org.Hs.eg.db
NTM2_ASD_down	200	ASD_down	53	EVI5L	ENSG00000142459	ENSG00000142459.8_2	-3.58122506102895	-0.389071634148197	-0.197644959894671	0.0521592767114838	-3.78925806406276	0.000262285896746725	0.0409050171334653	6.23019074626973	0.311218328793987	org.Hs.eg.db
NTM2_ASD_down	200	ASD_down	54	ST8SIA5	ENSG00000101638	ENSG00000101638.13_2	-3.56380328102081	-0.354498395235508	-0.352822575268378	0.0933937896064434	-3.7777948272059	0.000273021418655922	0.0409050171334653	7.53384241910234	0.534404888105698	org.Hs.eg.db
NTM2_ASD_down	200	ASD_down	55	TMEM121B	ENSG00000183307	ENSG00000183307.3_1	-3.56371700868177	-0.35432718918264	-0.402436441272403	0.106528414782101	-3.77773800629222	0.000273075659584704	0.0409050171334653	4.71499425215541	0.647878435361891	org.Hs.eg.db
NTM2_ASD_down	200	ASD_down	56	NUP93	ENSG00000102900	ENSG00000102900.12_2	-3.55688952055928	-0.340778150110749	-0.192420979162919	0.0509962267853041	-3.77323953736849	0.000277402569461856	0.0409050171334653	6.10590081917507	0.274013420631909	org.Hs.eg.db
NTM2_ASD_down	200	ASD_down	57	POU3F1	ENSG00000185668	ENSG00000185668.7_2	-3.55591932915285	-0.338852821053095	-0.425404707951341	0.112761677697677	-3.77260002367012	0.000278022965159886	0.0409050171334653	1.52054992072143	0.591322994188236	org.Hs.eg.db
NTM2_ASD_down	200	ASD_down	58	SETD4	ENSG00000185917	ENSG00000185917.13_2	-3.55136748949434	-0.329819769325193	-0.12423715088288	0.0329576596482643	-3.76959869750408	0.000280952247427131	0.0409050171334653	4.06158175474867	0.175880572195657	org.Hs.eg.db
NTM2_ASD_down	200	ASD_down	59	SPDEF	ENSG00000124664	ENSG00000124664.10_1	-3.5457528102404	-0.318677529716271	-0.376499662177297	0.0999761584841527	-3.76589446809937	0.000284608056572889	0.0410960796107225	-0.0478236043908839	0.530757983542114	org.Hs.eg.db
NTM2_ASD_down	200	ASD_down	60	FAM86HP	ENSG00000253540	ENSG00000253540.5_1	-3.53605191903366	-0.299426268984016	-0.520759577082032	0.138518716181062	-3.75948890835322	0.000291036916847586	0.0411906133837507	-0.509398779498034	0.732187232189753	org.Hs.eg.db
NTM2_ASD_down	200	ASD_down	61	PANX2	ENSG00000073150	ENSG00000073150.13_2	-3.53306625888345	-0.293501275003083	-0.299691581504195	0.0797578978267041	-3.75751605383779	0.000293044612259801	0.0411906133837507	4.77154023333849	0.45440359379966	org.Hs.eg.db
NTM2_ASD_down	200	ASD_down	62	LINC02192	ENSG00000261325	ENSG00000261325.1_1	-3.52383279524289	-0.275177616669245	-0.900732661244131	0.240105058460582	-3.75141059925651	0.000299341688980859	0.0411906133837507	0.477280653441513	1.28317869718481	org.Hs.eg.db
NTM2_ASD_down	200	ASD_down	63	ADGRB2	ENSG00000121753	ENSG00000121753.12_2	-3.50938857561023	-0.246513297866341	-0.280897487283386	0.0750692100370651	-3.7418468523206	0.000309464918961195	0.0411906133837507	8.11529108613564	0.453204614332569	org.Hs.eg.db
NTM2_ASD_down	200	ASD_down	64	N4BP3	ENSG00000145911	ENSG00000145911.5_1	-3.50454542725897	-0.236902148778271	-0.30281916750466	0.0809972185571029	-3.73863662109796	0.000312935312370225	0.0411906133837507	4.41414763287647	0.530125329920209	org.Hs.eg.db
NTM2_ASD_down	200	ASD_down	65	LOC153910	ENSG00000236366	ENSG00000236366.2_1	-3.50216799074943	-0.232184164714328	-0.65942297562366	0.176455008830876	-3.737060115169	0.000314653095960662	0.0411906133837507	-2.71035913217953	1.01992840229976	org.Hs.eg.db
NTM2_ASD_down	200	ASD_down	66	NGEF	ENSG00000066248	ENSG00000066248.14_1	-3.49955670975169	-0.227002120069021	-0.413180511672506	0.110614250161614	-3.7353280528397	0.000316550708760231	0.0411906133837507	7.85118973644476	0.619424676764687	org.Hs.eg.db
NTM2_ASD_down	200	ASD_down	67	PRRT3	ENSG00000163704	ENSG00000163704.11_1	-3.49731009797539	-0.222543755559207	-0.276919128481091	0.0741647517321084	-3.73383746339979	0.000318192473031401	0.0411906133837507	5.17752521227323	0.412749735823139	org.Hs.eg.db
NTM2_ASD_down	200	ASD_down	68	CACNB1	ENSG00000067191	ENSG00000067191.15_1	-3.47161258955423	-0.171547468286004	-0.303006396985058	0.0815243300619087	-3.71676034326143	0.000337588318527892	0.0411906133837507	6.53617623484495	0.442813836890576	org.Hs.eg.db
NTM2_ASD_down	200	ASD_down	69	BCL11B	ENSG00000127152	ENSG00000127152.17_1	-3.46962817893975	-0.167609437714884	-0.275125537168543	0.0740492573312718	-3.71543952071961	0.00033913438165882	0.0411906133837507	4.56007302384289	0.400397515425408	org.Hs.eg.db
NTM2_ASD_down	200	ASD_down	70	KLF13	ENSG00000169926	ENSG00000169926.10_2	-3.46890176256176	-0.166167876234108	-0.182131243430799	0.0490264881271413	-3.71495594296851	0.000339702104537109	0.0411906133837507	7.25386047168533	0.304166748549271	org.Hs.eg.db
NTM2_ASD_down	200	ASD_down	71	KCNF1	ENSG00000162975	ENSG00000162975.4_2	-3.46274379623636	-0.153947492273075	-0.365114243638117	0.0983908694095352	-3.71085493836213	0.000344553133382817	0.0411906133837507	5.73828624389416	0.619627768214515	org.Hs.eg.db
NTM2_ASD_down	200	ASD_down	72	CHGA	ENSG00000100604	ENSG00000100604.12_2	-3.44278448125473	-0.114338556500081	-0.448107915704041	0.121190737755711	-3.69754260104688	0.000360757624669602	0.0411906133837507	7.28780854715954	0.6263541456081	org.Hs.eg.db
NTM2_ASD_down	200	ASD_down	73	MAP3K9	ENSG00000006432	ENSG00000006432.15_2	-3.43834150703	-0.105521546453878	-0.332351575149661	0.0899566445647939	-3.69457505621249	0.00036446723576779	0.0411906133837507	7.05856984734887	0.470635143327288	org.Hs.eg.db
NTM2_ASD_down	200	ASD_down	74	LOC101927588	ENSG00000214803	ENSG00000214803.3_1	-3.43654102360364	-0.101948516394461	-0.530920928832995	0.143749647388648	-3.69337204283759	0.000365981368201397	0.0411906133837507	-1.65413262355738	0.804468160656965	org.Hs.eg.db
NTM2_ASD_down	200	ASD_down	75	PEX5L	ENSG00000114757	ENSG00000114757.18_2	-3.42546754570567	-0.0799733797102482	-0.295047528859462	0.0800461533434133	-3.68596761412946	0.000375433009072442	0.0411906133837507	8.44515529116836	0.430808947579679	org.Hs.eg.db
NTM2_ASD_down	200	ASD_down	76	DAGLA	ENSG00000134780	ENSG00000134780.9_1	-3.42275976985864	-0.0745998426068372	-0.27092501151466	0.0735378858865959	-3.68415556482625	0.000377781102886635	0.0411906133837507	6.06639712398609	0.413208596456849	org.Hs.eg.db
NTM2_ASD_down	200	ASD_down	77	TESC	ENSG00000088992	ENSG00000088992.17_1	-3.41264044081996	-0.0545181988065458	-0.331782610103736	0.0902225869881923	-3.67737859420012	0.000386686988757858	0.0418778728093393	3.9042009736293	0.488335432981303	org.Hs.eg.db
NTM2_ASD_down	200	ASD_down	78	SFTPD	ENSG00000133661	ENSG00000133661.15_2	-3.40961996127914	-0.0485241063115954	-0.382930297789316	0.10418867866406	-3.67535420066141	0.000389385736309456	0.0418778728093393	0.291457288885778	0.538338383655425	org.Hs.eg.db
NTM2_ASD_down	200	ASD_down	79	FAM43B	ENSG00000183114	ENSG00000183114.7_1	-3.40660386600902	-0.0425387143304818	-0.298129632904279	0.0811605459818049	-3.6733320272527	0.000392099360508062	0.0418778728093393	3.14215590181853	0.466692898296244	org.Hs.eg.db
NTM2_ASD_down	200	ASD_down	80	DIRAS1	ENSG00000176490	ENSG00000176490.4_2	-3.39655317807332	-0.0225932876820329	-0.378661403469174	0.103273500758774	-3.66658824080779	0.000401279359784997	0.0418778728093393	6.85182757135907	0.556891505805159	org.Hs.eg.db
NTM2_ASD_down	200	ASD_down	81	DGCR5	ENSG00000273032	ENSG00000273032.1_2	-3.39409679521988	-0.017718635883346	-0.396630600266942	0.108222979178208	-3.66493884458512	0.000403555438817909	0.0418778728093393	4.54271360475771	0.60018167080122	org.Hs.eg.db
NTM2_ASD_down	200	ASD_down	82	RAB11FIP5	ENSG00000135631	ENSG00000135631.16_2	-3.39366435868832	-0.0168604726237292	-0.212996921997806	0.05812206173219	-3.66464842522682	0.000403957467932119	0.0418778728093393	6.32685007007448	0.299373762346718	org.Hs.eg.db
NTM2_ASD_down	200	ASD_down	83	PHF24	ENSG00000122733	ENSG00000122733.12_1	-3.39086086941949	-0.0112969937923354	-0.33682478155869	0.0919591500980873	-3.66276527348741	0.00040657355820939	0.0418778728093393	7.93804084041291	0.532668134229502	org.Hs.eg.db
NTM2_ASD_down	200	ASD_down	84	INKA2	ENSG00000197852	ENSG00000197852.9_1	-3.3859253836118	-0.00150260252464243	-0.281022719655025	0.0767937353182448	-3.65944850176156	0.00041122036704656	0.0419359871469395	6.16755786052088	0.467975466445122	org.Hs.eg.db
NTM2_ASD_down	200	ASD_down	85	ARIH2	ENSG00000177479	ENSG00000177479.19_1	-3.38510495434062	0.000125526012751409	-0.13541606920993	0.0370100799608292	-3.65889696410415	0.000411997941047401	0.0419359871469395	6.19086679579889	0.200557419236304	org.Hs.eg.db
NTM2_ASD_down	200	ASD_down	86	INF2	ENSG00000203485	ENSG00000203485.12_1	-3.37768521892548	0.0148498701989684	-0.307500507946833	0.0841566423197127	-3.65390656602759	0.000419097221002838	0.0421222691224777	6.71807027852928	0.448698932529652	org.Hs.eg.db
NTM2_ASD_down	200	ASD_down	87	ATXN1	ENSG00000124788	ENSG00000124788.17_2	-3.3758842283766	0.0184239066347911	-0.117549906831647	0.0321816960495	-3.65269458299644	0.00042083879812077	0.0421222691224777	8.10460072253065	0.177151149135428	org.Hs.eg.db
NTM2_ASD_down	200	ASD_down	88	ROCK2	ENSG00000134318	ENSG00000134318.13_2	-3.37161949569335	0.0268871992425467	-0.176384746203526	0.0483269238758619	-3.6498235777764	0.000424991754658491	0.0421222691224777	8.05641114339138	0.265806923397389	org.Hs.eg.db
NTM2_ASD_down	200	ASD_down	89	ANKRD52	ENSG00000139645	ENSG00000139645.9_1	-3.37036411151274	0.0293784887194624	-0.179094431023952	0.049080707601843	-3.64897817848956	0.000426222025378273	0.0421222691224777	6.38255124246922	0.273621171164614	org.Hs.eg.db
NTM2_ASD_down	200	ASD_down	90	KCNB1	ENSG00000158445	ENSG00000158445.9_2	-3.35672516541186	0.0564447553031736	-0.361696811577674	0.0993731181726482	-3.63978526817758	0.000439819858600647	0.0428617063978014	8.30991877188019	0.532266536523325	org.Hs.eg.db
NTM2_ASD_down	200	ASD_down	91	KCNA1	ENSG00000111262	ENSG00000111262.4_1	-3.35506995293236	0.0597294975326148	-0.445011020824811	0.122300508708276	-3.63866860019609	0.000441499328190256	0.0428617063978014	6.6651072625866	0.656961217329413	org.Hs.eg.db
NTM2_ASD_down	200	ASD_down	92	R3HDM2	ENSG00000179912	ENSG00000179912.20_2	-3.35290936809116	0.0640171429896901	-0.199891502118136	0.0549573618568746	-3.63721065502951	0.000443701229251532	0.0428617063978014	6.74759921929617	0.296122965293035	org.Hs.eg.db
NTM2_ASD_down	200	ASD_down	93	BRSK1	ENSG00000160469	ENSG00000160469.16_2	-3.35207227842145	0.065678333816842	-0.225394753994988	0.0619787499499001	-3.63664569190543	0.000444557274882578	0.0428617063978014	7.54635546781132	0.352067668751873	org.Hs.eg.db
NTM2_ASD_down	200	ASD_down	94	NEFH	ENSG00000100285	ENSG00000100285.9_1	-3.351392488155	0.0670273665380434	-0.512659647367115	0.140988257330064	-3.63618685041932	0.000445253674127587	0.0428617063978014	6.55436157522069	0.759872306931735	org.Hs.eg.db
NTM2_ASD_down	200	ASD_down	95	TAOK2	ENSG00000149930	ENSG00000149930.17_1	-3.33567711176275	0.0982142752441538	-0.142277923216091	0.0392429238331614	-3.62556887506589	0.000461660681393152	0.0432507019531378	6.85464141526231	0.226175936742907	org.Hs.eg.db
NTM2_ASD_down	200	ASD_down	96	PLCB1	ENSG00000182621	ENSG00000182621.17_2	-3.32047835526877	0.128375960169388	-0.336146122423312	0.0929792589084953	-3.61528072356575	0.000478103193661754	0.0439784108066049	8.4922681060925	0.520619535333707	org.Hs.eg.db
NTM2_ASD_down	200	ASD_down	97	TESPA1	ENSG00000135426	ENSG00000135426.15_2	-3.31014591703913	0.148880515691102	-0.466753981127799	0.129356516369957	-3.60827575004334	0.000489614287988268	0.0445004129704234	6.59990257367631	0.665624152179647	org.Hs.eg.db
NTM2_ASD_down	200	ASD_down	98	KAZALD1	ENSG00000107821	ENSG00000107821.14_1	-3.30082086517707	0.167385929360044	-0.502750928017636	0.139577580432896	-3.60194614678352	0.000500240828350499	0.044851917736148	0.637888501243447	0.871980089797011	org.Hs.eg.db
NTM2_ASD_down	200	ASD_down	99	DNAJC28	ENSG00000177692	ENSG00000177692.11_1	-3.28537762297503	0.198032792194292	-0.225299715267678	0.0627322829866157	-3.59144772900657	0.000518349133670264	0.0451545053199614	2.44863483290492	0.340215515414746	org.Hs.eg.db
NTM2_ASD_down	200	ASD_down	100	CYP24A1	ENSG00000019186	ENSG00000019186.9_1	-3.28314469298598	0.202464005419951	-0.68687933871987	0.191335123322722	-3.5899281156096	0.000521021094674454	0.0451545053199614	-0.337574961810345	1.18063462158809	org.Hs.eg.db
NTM2_ASD_down	200	ASD_down	101	SMPD3	ENSG00000103056	ENSG00000103056.11_2	-3.28119721655224	0.206328740710437	-0.324992678460121	0.0905624641578662	-3.58860242466019	0.000523362719473268	0.0451545053199614	5.21889869827639	0.598335482150894	org.Hs.eg.db
NTM2_ASD_down	200	ASD_down	102	CORO2B	ENSG00000103647	ENSG00000103647.12_1	-3.27940371073112	0.209887923825808	-0.184827119834308	0.05152145988833	-3.58738126277694	0.000525528519347984	0.0451545053199614	6.72321019413127	0.272818106071944	org.Hs.eg.db
NTM2_ASD_down	200	ASD_down	103	GSK3B	ENSG00000082701	ENSG00000082701.14_2	-3.27499771090141	0.218631558786805	-0.223893189753602	0.0624635725015675	-3.58438015609791	0.000530887242447605	0.0451545053199614	7.34396774915512	0.337101295906072	org.Hs.eg.db
NTM2_ASD_down	200	ASD_down	104	ADGRA1	ENSG00000197177	ENSG00000197177.15_2	-3.24831482673612	0.271583308188696	-0.305532115821464	0.085675135210542	-3.56617022045703	0.000564527591729742	0.0468399241277425	5.63680876725589	0.455372357492663	org.Hs.eg.db
NTM2_ASD_down	200	ASD_down	105	FGF13	ENSG00000129682	ENSG00000129682.14_2	-3.23698201091079	0.294073096769412	-0.286984977527975	0.0806496042813574	-3.55841767712571	0.000579452697676782	0.0473331057614756	7.07051863446776	0.479928168949548	org.Hs.eg.db
NTM2_ASD_down	200	ASD_down	106	GP1BB	ENSG00000203618	ENSG00000203618.5_2	-3.21650388209592	0.334711610151529	-0.39578332656503	0.11166500784851	-3.54438094968809	0.000607429833111385	0.0483529722280588	4.94282198019943	0.685855782821874	org.Hs.eg.db
NTM2_ASD_down	200	ASD_down	107	DACT2	ENSG00000164488	ENSG00000164488.11_2	-3.20490382588692	0.357731732924684	-0.46398905988524	0.131203281008695	-3.53641354330531	0.000623872976282352	0.0488737387746178	0.320776007526903	0.704165902916817	org.Hs.eg.db
NTM2_ASD_down	200	ASD_down	108	NEFM	ENSG00000104722	ENSG00000104722.13_1	-3.20149587728076	0.364494751474331	-0.458517029360496	0.12974189904401	-3.53407058736641	0.000628787823117095	0.0488737387746178	7.79462773460037	0.709568307869008	org.Hs.eg.db
NTM2_ASD_down	200	ASD_down	109	BRD3OS	ENSG00000235106	ENSG00000235106.9_2	-3.19761242420433	0.372201400907117	-0.135653179644539	0.0384134336277853	-3.53139948276891	0.000634435645715852	0.0488737387746178	5.82586654015861	0.203857117633054	org.Hs.eg.db
NTM2_ASD_down	200	ASD_down	110	LINC02133	ENSG00000261231	ENSG00000261231.6_1	-3.19167273789865	0.383988611721198	-0.534964293153242	0.151663467351804	-3.52731150417602	0.000643172196414762	0.0488737387746178	-3.01927118857764	0.846098640969676	org.Hs.eg.db
NTM2_ASD_down	200	ASD_down	111	SYNGR1	ENSG00000100321	ENSG00000100321.14_2	-3.19087299487208	0.385575688742801	-0.309585613332426	0.0877818561870957	-3.52676084534581	0.000644357673996553	0.0488737387746178	8.73483561919237	0.465862926175568	org.Hs.eg.db
NTM2_ASD_down	200	ASD_down	112	TMEM179	ENSG00000258986	ENSG00000258986.6_2	-3.18759600720507	0.3920788174399	-0.329162357117407	0.0933925358215756	-3.52450390410498	0.000649238092048535	0.0488737387746178	4.92781439756487	0.526441223569165	org.Hs.eg.db
NTM2_ASD_down	200	ASD_down	113	INPP5J	ENSG00000185133	ENSG00000185133.13_2	-3.18520587734968	0.396821991242135	-0.301021978163891	0.0854482495287881	-3.52285716587412	0.000652821009408297	0.0488737387746178	3.7599393318453	0.449724930279935	org.Hs.eg.db
NTM2_ASD_down	200	ASD_down	114	PDE10A	ENSG00000112541	ENSG00000112541.9	-3.18378790230577	0.399635939641348	-0.202501039027471	0.0574979954573982	-3.5218799788857	0.000654955958773062	0.0488737387746178	4.99488654637311	0.318086505858136	org.Hs.eg.db
NTM2_ASD_down	200	ASD_down	115	JAKMIP1	ENSG00000152969	ENSG00000152969.17_2	-3.18022884673963	0.406698827494038	-0.267529713883689	0.0760151445077233	-3.51942649870919	0.000660345394512063	0.0488737387746178	6.67277214052511	0.423923526504457	org.Hs.eg.db
NTM2_ASD_down	200	ASD_down	116	SYT5	ENSG00000129990	ENSG00000129990.14_2	-3.15341249921284	0.45991543276491	-0.371520088068389	0.106121184456726	-3.50090408404636	0.000702404848610031	0.0493878022695989	6.15112833947257	0.647412962102247	org.Hs.eg.db
NTM2_ASD_down	200	ASD_down	117	PTGFRN	ENSG00000134247	ENSG00000134247.9_1	-3.15101868975551	0.464665908677298	-0.18575024069263	0.0530829098621948	-3.49924752005579	0.00070628715871591	0.0493878022695989	5.41561801052867	0.301653148372155	org.Hs.eg.db
NTM2_ASD_down	200	ASD_down	118	PHACTR1	ENSG00000112137	ENSG00000112137.17_2	-3.14448661155936	0.47762871155775	-0.209818526959795	0.0600386447947676	-3.49472456743529	0.000716990478639295	0.0493878022695989	8.1812544949396	0.349040661118449	org.Hs.eg.db
NTM2_ASD_down	200	ASD_down	119	PLXDC1	ENSG00000161381	ENSG00000161381.13_2	-3.13241440808007	0.50158580290529	-0.257462825951264	0.073848704117267	-3.48635536708173	0.000737200450461525	0.0498534506062477	4.78022381961637	0.43757821299378	org.Hs.eg.db
NTM2_ASD_down	200	ASD_down	120	LOC103344931	ENSG00000260917	ENSG00000260917.1_1	-3.12967943417907	0.50701331410422	-0.15134989435799	0.0434357128299489	-3.48445747743396	0.000741857626685038	0.0498534506062477	4.72399061168782	0.226366319313093	org.Hs.eg.db
NTM2_ASD_down	200	ASD_down	121	LRTM2	ENSG00000166159	ENSG00000166159.10_2	-3.12807354204816	0.510200180904516	-0.407279974643165	0.116922163726088	-3.48334277834007	0.00074460587403593	0.0498534506062477	4.81571817739619	0.637059229185776	org.Hs.eg.db
NTM2_ASD_down	200	ASD_down	122	SREBF2	ENSG00000198911	ENSG00000198911.11_1	-3.11398142556512	0.538165756736944	-0.166592874434336	0.0479603951296553	-3.473550916	0.000769163336096675	0.0498534506062477	7.84955537445178	0.256054484457232	org.Hs.eg.db
NTM2_ASD_down	200	ASD_down	123	PCSK1	ENSG00000175426	ENSG00000175426.10_2	-3.11287132961694	0.540368724080939	-0.62265373476423	0.179295535682684	-3.47277879727133	0.000771131901946602	0.0498534506062477	6.48924263988017	0.982831233388696	org.Hs.eg.db
NTM2_ASD_down	200	ASD_down	124	SYT12	ENSG00000173227	ENSG00000173227.13_2	-3.11170444546484	0.542684386691495	-0.385224968134596	0.110952944453561	-3.47196705803362	0.000773206603697025	0.0498534506062477	5.69970733782018	0.573276923859173	org.Hs.eg.db
NTM2_ASD_down	200	ASD_down	125	ATG4D	ENSG00000130734	ENSG00000130734.9_1	-3.10999197063381	0.546082765125692	-0.217734760937714	0.0627337485674952	-3.47077555398197	0.000776261468250066	0.0498534506062477	3.61461646032596	0.334522116529606	org.Hs.eg.db
NTM2_ASD_down	200	ASD_down	126	ANK3	ENSG00000151150	ENSG00000151150.21_2	-3.10991472053875	0.546236066682208	-0.200516401323047	0.0577736888626093	-3.47072179863556	0.000776399557975533	0.0498534506062477	9.39960382333422	0.297838608706971	org.Hs.eg.db
NTM2_ASD_down	200	ASD_down	127	PART1	ENSG00000152931	ENSG00000152931.7_1	-3.10967546277738	0.546710869816081	-0.451358734775217	0.130053750802026	-3.47055530495463	0.000776827403149374	0.0498534506062477	5.41323163616771	0.701987323446776	org.Hs.eg.db
NTM2_ASD_down	200	ASD_down	128	EDN3	ENSG00000124205	ENSG00000124205.15_1	-3.10155135357774	0.562833032315028	-0.505640198642569	0.145932169104518	-3.46489880706442	0.000791495857885238	0.0501922878658244	1.53407332040735	0.779794928779767	org.Hs.eg.db
NTM2_ASD_down	200	ASD_down	129	C17orf100	ENSG00000256806	ENSG00000256806.4_2	-3.09672548512913	0.572409889717472	-0.206157307639855	0.0595566002727603	-3.46153586161208	0.000800339985137821	0.0503772596663071	1.8430515767275	0.31029630193692	org.Hs.eg.db
NTM2_ASD_down	200	ASD_down	130	MORN3	ENSG00000139714	ENSG00000139714.12_1	-3.08827028462836	0.589189097515489	-0.270858203551758	0.0783815195772369	-3.45563858691021	0.000816074326687274	0.050543695704751	2.30765354737592	0.436605824403303	org.Hs.eg.db
NTM2_ASD_down	200	ASD_down	131	TMEFF1	ENSG00000241697	ENSG00000241697.4_2	-3.08575525393784	0.59418013499246	-0.2967923977533	0.0859300635725446	-3.45388313954567	0.000820813982613267	0.0506063537909644	4.10309000152618	0.518324507943035	org.Hs.eg.db
NTM2_ASD_down	200	ASD_down	132	SCN8A	ENSG00000196876	ENSG00000196876.9	-3.07351395199421	0.618472799490669	-0.391227327824574	0.113552916771498	-3.44533050271039	0.000844279118454593	0.0510187393988601	8.51719090929906	0.606994373111953	org.Hs.eg.db
NTM2_ASD_down	200	ASD_down	133	ABCG4	ENSG00000172350	ENSG00000172350.9_1	-3.06918530161027	0.62706293573528	-0.318143445840599	0.0924216897870013	-3.44230284659159	0.000852736197109041	0.0510187393988601	3.8098429962293	0.474831394408224	org.Hs.eg.db
NTM2_ASD_down	200	ASD_down	134	FRMPD2B	ENSG00000150175	ENSG00000150175.12	-3.06899542643329	0.627439739934054	-0.530933606208961	0.154243865460294	-3.44216999894649	0.000853109098084827	0.0510187393988601	3.40767950623474	0.965731223093327	org.Hs.eg.db
NTM2_ASD_down	200	ASD_down	135	NTN4	ENSG00000074527	ENSG00000074527.11_1	-3.05345173835301	0.658285935979044	-0.30147028978022	0.0878593431310978	-3.43128321970705	0.000884195421326928	0.0514708670609184	4.86238186445018	0.475877108710826	org.Hs.eg.db
NTM2_ASD_down	200	ASD_down	136	COL26A1	ENSG00000160963	ENSG00000160963.13_1	-3.05204234505528	0.661082854042619	-0.342082419120431	0.0997239082147739	-3.43029495378073	0.000887069515799665	0.0514708670609184	5.0256768323602	0.659157768060408	org.Hs.eg.db
NTM2_ASD_down	200	ASD_down	137	TMEM250	ENSG00000238227	ENSG00000238227.7_2	-3.05073772021372	0.663671860809873	-0.194343829651261	0.0566702525173978	-3.42937998364482	0.000889738287741942	0.0514708670609184	5.02957504646909	0.319503312443661	org.Hs.eg.db
NTM2_ASD_down	200	ASD_down	138	ADCY1	ENSG00000164742	ENSG00000164742.14_1	-3.0457678024276	0.673534581778441	-0.303393139297189	0.0885588495605038	-3.42589296047606	0.000899978630697751	0.0514708670609184	9.32858402524737	0.47833431975926	org.Hs.eg.db
NTM2_ASD_down	200	ASD_down	139	RHOBTB1	ENSG00000072422	ENSG00000072422.16_1	-3.04535214793416	0.674359441356507	-0.176734851998606	0.0515923601846026	-3.42560122014638	0.000900840394424564	0.0514708670609184	4.5239672135218	0.283840094371277	org.Hs.eg.db
NTM2_ASD_down	200	ASD_down	140	SYNPO2	ENSG00000172403	ENSG00000172403.10_2	-3.04503090992872	0.674996932950643	-0.188597793017685	0.0550590088374544	-3.42537573777372	0.000901506972600237	0.0514708670609184	5.99132572584304	0.291212436533087	org.Hs.eg.db
NTM2_ASD_down	200	ASD_down	141	EPHB6	ENSG00000106123	ENSG00000106123.11_1	-3.03999642654012	0.684987783306605	-0.331836477870151	0.0969760168092165	-3.42184066523356	0.00091201834359022	0.0518236024395457	7.39835264386021	0.501106091063098	org.Hs.eg.db
NTM2_ASD_down	200	ASD_down	142	REEP2	ENSG00000132563	ENSG00000132563.15_2	-3.0340002335414	0.696887130733478	-0.236153035235242	0.0690985367187606	-3.41762715173569	0.000924697676682892	0.0519992851257431	6.82415206118667	0.384080972487252	org.Hs.eg.db
NTM2_ASD_down	200	ASD_down	143	TBC1D10B	ENSG00000169221	ENSG00000169221.13_1	-3.02669169046449	0.711390815533975	-0.155418197132274	0.045543970229302	-3.41248679791823	0.000940390665396955	0.0522613923903661	5.61122741917032	0.232839237625061	org.Hs.eg.db
NTM2_ASD_down	200	ASD_down	144	CBLN2	ENSG00000141668	ENSG00000141668.9_1	-3.02659315167104	0.711586364165997	-0.364339601120488	0.106768766043074	-3.41241745711944	0.000940604058563926	0.0522613923903661	5.96172408734369	0.604510065456982	org.Hs.eg.db
NTM2_ASD_down	200	ASD_down	145	LRRC8B	ENSG00000197147	ENSG00000197147.12_2	-3.02426055903806	0.716215356286678	-0.278385967849128	0.0816195456127774	-3.4107757616032	0.000945669627792556	0.0524255599907498	7.61223122433211	0.482257615725433	org.Hs.eg.db
NTM2_ASD_down	200	ASD_down	146	PRKCB	ENSG00000166501	ENSG00000166501.12_2	-3.02323653951301	0.718247506369757	-0.378842103794034	0.111095603057852	-3.41005488396111	0.000947902045596678	0.0524322833061004	9.74502504833819	0.671008561154658	org.Hs.eg.db
NTM2_ASD_down	200	ASD_down	147	CCDC184	ENSG00000177875	ENSG00000177875.4_1	-3.01988584140213	0.724896912243196	-0.434265732470476	0.127436781330415	-3.40769539168228	0.000955243648259092	0.0526040604172125	4.74862300326677	0.7024811466965	org.Hs.eg.db
NTM2_ASD_down	200	ASD_down	148	KIF17	ENSG00000117245	ENSG00000117245.12_2	-3.01500268030148	0.734587465981264	-0.282310321174556	0.082928668728985	-3.40425483130762	0.000966044916907123	0.0527365357811218	4.10395631503165	0.441051776286555	org.Hs.eg.db
NTM2_ASD_down	200	ASD_down	149	TRABD2A	ENSG00000186854	ENSG00000186854.10_2	-3.01481414553417	0.734961610158881	-0.340669379261553	0.100075550896766	-3.40412194795685	0.0009664643848039	0.0527365357811218	3.26717575001633	0.556926237252517	org.Hs.eg.db
NTM2_ASD_down	200	ASD_down	150	PCSK2	ENSG00000125851	ENSG00000125851.9_1	-3.01043711029012	0.743647765370981	-0.353078125669389	0.103814875995136	-3.40103595255397	0.00097625414249164	0.0528912936230823	6.70416980505938	0.573156737184577	org.Hs.eg.db
NTM2_ASD_down	200	ASD_down	151	NDRG4	ENSG00000103034	ENSG00000103034.14_2	-3.00562013646297	0.7532069715419	-0.276658202649758	0.0814266359050789	-3.39763763508866	0.000987142530236255	0.0530663893527005	9.5268645237505	0.441461751365588	org.Hs.eg.db
NTM2_ASD_down	200	ASD_down	152	NCR3LG1	ENSG00000188211	ENSG00000188211.8_1	-2.98354554627299	0.797013636542909	-0.256300855355788	0.0757830210999366	-3.38203533767542	0.00103861467285982	0.0545771164316581	5.49518063665296	0.39927275512321	org.Hs.eg.db
NTM2_ASD_down	200	ASD_down	153	MARK2	ENSG00000072518	ENSG00000072518.20_1	-2.98046411235412	0.803128692009157	-0.177329466590276	0.0524666119951609	-3.37985358396368	0.0010460101232674	0.0545771164316581	5.78231460421887	0.302223019401357	org.Hs.eg.db
NTM2_ASD_down	200	ASD_down	154	STX1B	ENSG00000099365	ENSG00000099365.9_1	-2.97735135824163	0.809305901889969	-0.297868451306363	0.088188108756648	-3.37764870463796	0.00105353420836122	0.0548544561820951	7.64998769168889	0.447361661232991	org.Hs.eg.db
NTM2_ASD_down	200	ASD_down	155	PTGES3L	ENSG00000267060	ENSG00000267060.5_2	-2.95977003030337	0.844195761073568	-0.334093661215422	0.0992796640175458	-3.36517719435853	0.00109705896228701	0.0561784667780621	0.853175417301617	0.530248751588237	org.Hs.eg.db
NTM2_ASD_down	200	ASD_down	156	HCN2	ENSG00000099822	ENSG00000099822.2_1	-2.95641705796594	0.85084968011258	-0.244575910347674	0.0727299443062648	-3.36279523765023	0.00110556159058109	0.0564973820240162	6.2486666007207	0.396813855823564	org.Hs.eg.db
NTM2_ASD_down	200	ASD_down	157	CORO2A	ENSG00000106789	ENSG00000106789.12_1	-2.95495921625826	0.853742743257267	-0.307341438780708	0.0914227989952334	-3.36175923466019	0.00110927898058152	0.0565098164773033	3.44482936621613	0.479846529647161	org.Hs.eg.db
NTM2_ASD_down	200	ASD_down	158	KCNN1	ENSG00000105642	ENSG00000105642.15_1	-2.9544218524457	0.854809132998509	-0.234984555351102	0.0699072236820571	-3.36137730801366	0.00111065236968906	0.0565098164773033	5.84577499337266	0.422277633390468	org.Hs.eg.db
NTM2_ASD_down	200	ASD_down	159	KCNJ4	ENSG00000168135	ENSG00000168135.4_2	-2.94732715886252	0.868888436958782	-0.351036176260915	0.104589225698013	-3.35633210704211	0.00112894514733357	0.0568731879902159	5.8287754738724	0.579266658525778	org.Hs.eg.db
NTM2_ASD_down	200	ASD_down	160	RNFT2	ENSG00000135119	ENSG00000135119.14_2	-2.94584030703743	0.871839070209381	-0.198796331775689	0.0592489090042789	-3.35527413274956	0.00113281683092696	0.0569527101475746	5.40660437635463	0.303954277170264	org.Hs.eg.db
NTM2_ASD_down	200	ASD_down	161	LRRTM1	ENSG00000162951	ENSG00000162951.10_2	-2.94332014093755	0.87684029882264	-0.276671187070853	0.0825027000718575	-3.35348039312508	0.0011394095601599	0.057030843540952	4.66872816111909	0.509083725628042	org.Hs.eg.db
NTM2_ASD_down	200	ASD_down	162	GRID1	ENSG00000182771	ENSG00000182771.18_2	-2.9391565141941	0.885102948338208	-0.127182279019997	0.0379590181030721	-3.35051551319511	0.00115038572988017	0.0572796015719663	5.79421058011279	0.197485517194537	org.Hs.eg.db
NTM2_ASD_down	200	ASD_down	163	TTC23L	ENSG00000205838	ENSG00000205838.12_2	-2.93859556039601	0.886216152021831	-0.214685368005885	0.0640829668314438	-3.35011592972229	0.00115187257856991	0.0572796015719663	1.10531364358602	0.391681009735671	org.Hs.eg.db
NTM2_ASD_down	200	ASD_down	164	CCDC68	ENSG00000166510	ENSG00000166510.13_1	-2.92954869951242	0.904169500221165	-0.272923503840902	0.081624003623545	-3.34366720235438	0.00117611909344447	0.0579334832777427	2.68650862256834	0.434978584427062	org.Hs.eg.db
NTM2_ASD_down	200	ASD_down	165	CTXN3	ENSG00000205279	ENSG00000205279.8_1	-2.92913244778467	0.904995545001001	-0.540626475433301	0.161701046560071	-3.34337029310729	0.00117724689108283	0.0579334832777427	2.45146363544726	0.901162767441359	org.Hs.eg.db
NTM2_ASD_down	200	ASD_down	166	LOC105378231	ENSG00000260581	ENSG00000260581.1_1	-2.92886063161261	0.905534959771053	-0.487171489751797	0.145721144080414	-3.34317639918444	0.00117798393683605	0.0579334832777427	-0.604823522252841	0.760251078393164	org.Hs.eg.db
NTM2_ASD_down	200	ASD_down	167	PCDHA7	ENSG00000204963	ENSG00000204963.4	-2.92648543254012	0.910248503677581	-0.263686908604556	0.0789131665254243	-3.34148178580061	0.00118444409592117	0.0580170705757952	2.71890573508629	0.431178472104957	org.Hs.eg.db
NTM2_ASD_down	200	ASD_down	168	PLBD2	ENSG00000151176	ENSG00000151176.7_1	-2.91982573493689	0.923464565194562	-0.243671725287435	0.0730271622611505	-3.33672729081334	0.00120274695220968	0.0580170705757952	5.47671409678573	0.381558809309521	org.Hs.eg.db
NTM2_ASD_down	200	ASD_down	169	TRAPPC10	ENSG00000160218	ENSG00000160218.12_1	-2.91598726336959	0.931081949554473	-0.123668600057593	0.0370933296590589	-3.3339848752939	0.00121342443625434	0.0580170705757952	6.43259103057286	0.200600056615705	org.Hs.eg.db
NTM2_ASD_down	200	ASD_down	170	PCDHA2	ENSG00000204969	ENSG00000204969.6_2	-2.91284707697828	0.937313598346168	-0.300890752881742	0.0903103878754935	-3.33174023454052	0.00122222995390041	0.0581519217146948	1.44848313710667	0.499440380296449	org.Hs.eg.db
NTM2_ASD_down	200	ASD_down	171	PACSIN1	ENSG00000124507	ENSG00000124507.10_1	-2.90642066173718	0.950066714811816	-0.248866505805248	0.0747988513945027	-3.32714341417733	0.00124045021371331	0.0586050545530271	8.54047340147081	0.417347203932251	org.Hs.eg.db
NTM2_ASD_down	200	ASD_down	172	PPP6R2	ENSG00000100239	ENSG00000100239.15_2	-2.90616083247274	0.950582341758775	-0.127913055045693	0.0384474572449288	-3.32695746901609	0.00124119257106186	0.0586050545530271	6.61526915519228	0.203582674633615	org.Hs.eg.db
NTM2_ASD_down	200	ASD_down	173	SLC9A1	ENSG00000090020	ENSG00000090020.10_1	-2.90132601044653	0.960176967390265	-0.227144146892889	0.0683449396787053	-3.3234961938764	0.00125508745750673	0.0589610106737199	4.53472213231178	0.35900059561261	org.Hs.eg.db
NTM2_ASD_down	200	ASD_down	174	CHRNA2	ENSG00000120903	ENSG00000120903.12_2	-2.89846216989233	0.965860212365354	-0.413680760315953	0.124548436798817	-3.32144482057347	0.00126339114928031	0.0590396852604142	2.85288206409014	0.788650034037053	org.Hs.eg.db
NTM2_ASD_down	200	ASD_down	175	KRBOX5	ENSG00000197302	ENSG00000197302.10_2	-2.89802598527444	0.966725813641297	-0.151755714056177	0.0456939682138018	-3.32113230669993	0.00126466067637866	0.0590396852604142	4.63335333479845	0.242070262145716	org.Hs.eg.db
NTM2_ASD_down	200	ASD_down	176	PPP2R2C	ENSG00000074211	ENSG00000074211.13_1	-2.89715836079709	0.968447600297301	-0.180337496353203	0.0543101700267443	-3.3205106200993	0.0012671897145464	0.0590467612579258	8.42327075593886	0.297970902984261	org.Hs.eg.db
NTM2_ASD_down	200	ASD_down	177	FBXO41	ENSG00000163013	ENSG00000163013.11_1	-2.88974143482191	0.983166369195643	-0.222430404030123	0.0670942562523473	-3.31519293087538	0.00128901676303443	0.0595710952137416	7.81845858390897	0.379290349378318	org.Hs.eg.db
NTM2_ASD_down	200	ASD_down	178	RAPGEF4-AS1	ENSG00000228016	ENSG00000228016.1_1	-2.88735146976517	0.987909215957632	-0.292797032207787	0.0883654622769662	-3.31347819230623	0.00129612990269294	0.0595710952137416	1.61717627251784	0.496791877720247	org.Hs.eg.db
NTM2_ASD_down	200	ASD_down	179	FBXL20	ENSG00000108306	ENSG00000108306.11_2	-2.88698735994108	0.988631785978203	-0.139120361791945	0.041989512294254	-3.31321690085415	0.00129721702569121	0.0595710952137416	6.39671201479584	0.21572122781487	org.Hs.eg.db
NTM2_ASD_down	200	ASD_down	180	WDR13	ENSG00000101940	ENSG00000101940.17_1	-2.88607992171151	0.990432582377576	-0.139721856023805	0.0421793470323588	-3.31256564774732	0.00129993033433671	0.0595710952137416	6.74575072060322	0.254656667746185	org.Hs.eg.db
NTM2_ASD_down	200	ASD_down	181	UBE3A	ENSG00000114062	ENSG00000114062.18_2	-2.88196799257543	0.998592638832617	-0.163559670372533	0.0494195680874261	-3.30961351348087	0.00131229661147763	0.0595710952137416	7.40457659554985	0.304547716760625	org.Hs.eg.db
NTM2_ASD_down	200	ASD_down	182	SPOCK2	ENSG00000107742	ENSG00000107742.12_1	-2.88038200346026	1.00174000842207	-0.20009996097816	0.0604810366498483	-3.30847439233933	0.00131709771570718	0.0595710952137416	8.66542188120656	0.308974602593613	org.Hs.eg.db
NTM2_ASD_down	200	ASD_down	183	SYT15	ENSG00000204176	ENSG00000204176.13_2	-2.87964126636584	1.00320998913155	-0.477605602757005	0.144381480385527	-3.30794227543383	0.00131934608787238	0.0595710952137416	2.98070890842781	0.78010098616319	org.Hs.eg.db
NTM2_ASD_down	200	ASD_down	184	OPA3	ENSG00000125741	ENSG00000125741.4_2	-2.87906062311374	1.00436226621625	-0.151131804749237	0.0456933202600491	-3.30752512378436	0.00132111120756257	0.0595710952137416	4.43606168023015	0.249522027099758	org.Hs.eg.db
NTM2_ASD_down	200	ASD_down	185	TMEM178B	ENSG00000261115	ENSG00000261115.5_2	-2.87679430928602	1.00885972912649	-0.283170557098925	0.0856562050900745	-3.30589659909808	0.0013280232876879	0.0595710952137416	7.76260192753262	0.488225420241084	org.Hs.eg.db
NTM2_ASD_down	200	ASD_down	186	PIK3R2	ENSG00000105647	ENSG00000105647.15_2	-2.86724731068098	1.02780559249503	-0.267945240719636	0.0812193903314365	-3.2990304362815	0.00135754016990834	0.0595710952137416	6.18603473747575	0.466778977282708	org.Hs.eg.db
NTM2_ASD_down	200	ASD_down	187	CHRNB2	ENSG00000160716	ENSG00000160716.5_2	-2.86706681785884	1.02816377756331	-0.35737072133933	0.108330250515087	-3.29890053461621	0.00135810448096953	0.0595710952137416	6.19684010985824	0.582569664360812	org.Hs.eg.db
NTM2_ASD_down	200	ASD_down	188	RMND5B	ENSG00000145916	ENSG00000145916.18_1	-2.86495038136878	1.03236381133599	-0.12803873637598	0.0388304806252342	-3.29737706859012	0.00136473905064791	0.0595710952137416	5.07051507244468	0.21655613536253	org.Hs.eg.db
NTM2_ASD_down	200	ASD_down	189	ADCY5	ENSG00000173175	ENSG00000173175.14_2	-2.86042119836676	1.04135190129782	-0.16578512219262	0.0503276628054729	-3.29411526288067	0.00137904615469922	0.0595710952137416	6.78001767676601	0.258580123664281	org.Hs.eg.db
NTM2_ASD_down	200	ASD_down	190	ADCK1	ENSG00000063761	ENSG00000063761.15_1	-2.86023846039294	1.04171454183306	-0.215909995381262	0.0655467727438081	-3.29398361419187	0.00137962653767873	0.0595710952137416	3.13557360531967	0.346361080153548	org.Hs.eg.db
NTM2_ASD_down	200	ASD_down	191	RAPGEF5	ENSG00000136237	ENSG00000136237.18_2	-2.85998706203962	1.04221343777409	-0.197129836582585	0.0598487118971882	-3.29380249521872	0.00138042538790445	0.0595710952137416	8.33252149535736	0.321814376509	org.Hs.eg.db
NTM2_ASD_down	200	ASD_down	192	LINC01470	ENSG00000249484	ENSG00000249484.8_1	-2.85858882777239	1.04498821092324	-0.73275078492388	0.222531551526102	-3.29279502119469	0.00138487690322866	0.0595710952137416	-2.55019831424036	1.37130275644158	org.Hs.eg.db
NTM2_ASD_down	200	ASD_down	193	HCRTR1	ENSG00000121764	ENSG00000121764.11_1	-2.85815595342089	1.0458472430294	-0.86703863555246	0.263338828086692	-3.29248307912659	0.00138625793977039	0.0595710952137416	-0.0780009739137121	1.82560446150693	org.Hs.eg.db
NTM2_ASD_down	200	ASD_down	194	SLC45A1	ENSG00000162426	ENSG00000162426.14_1	-2.85716026484753	1.04782317079989	-0.308202288853115	0.0936282644039326	-3.29176548145188	0.00138943980072869	0.0595710952137416	4.01446234899543	0.507375084477654	org.Hs.eg.db
NTM2_ASD_down	200	ASD_down	195	KLF9	ENSG00000119138	ENSG00000119138.4_1	-2.85669443464454	1.04874760325703	-0.197431316159198	0.0599834518706102	-3.29142971940119	0.00139093093242943	0.0595710952137416	6.90516288245661	0.328686243898869	org.Hs.eg.db
NTM2_ASD_down	200	ASD_down	196	KIAA0513	ENSG00000135709	ENSG00000135709.12_1	-2.85653578360892	1.04906244365541	-0.256054219828806	0.077796926674192	-3.29131536135281	0.00139143914276526	0.0595710952137416	9.04081033185905	0.404737566924939	org.Hs.eg.db
NTM2_ASD_down	200	ASD_down	197	LOC119746555	ENSG00000260257	ENSG00000260257.2_1	-2.85467319966769	1.05275871117601	-0.178846789348577	0.0543611792430189	-3.28997258409446	0.00139741950353819	0.0595710952137416	3.58375149895576	0.283833408227685	org.Hs.eg.db
NTM2_ASD_down	200	ASD_down	198	ARHGAP44	ENSG00000006740	ENSG00000006740.16_1	-2.85189936793361	1.05826333511233	-0.27616505413112	0.0839925152264383	-3.28797218879084	0.00140637336262882	0.0595710952137416	6.40539532706346	0.490322098966956	org.Hs.eg.db
NTM2_ASD_down	200	ASD_down	199	MARCHF4	ENSG00000144583	ENSG00000144583.4_1	-2.8516013472232	1.05885475236228	-0.368777535604546	0.112166900164148	-3.28775721772525	0.00140733877261151	0.0595710952137416	4.24414900639215	0.742583665168531	org.Hs.eg.db
NTM2_ASD_down	200	ASD_down	200	UNC5A	ENSG00000113763	ENSG00000113763.10_2	-2.85077665739101	1.06049133591367	-0.320717798863624	0.0975667673223935	-3.2871622957832	0.00141001373322454	0.0595710952137416	6.39864159629105	0.514978207741009	org.Hs.eg.db
NTM3_ASD_signed	200	ASD_up	1	PGAM2	ENSG00000164708	ENSG00000164708.5_1	7.20971851829502	1.5979780930294	0.713980108592849	0.121699099027351	5.86676577147367	6.16994768556818e-08	0.000916402834212062	0.948570559944864	0.742747373437745	org.Hs.eg.db
NTM3_ASD_signed	200	ASD_up	2	PCDHGA6	ENSG00000253731	ENSG00000253731.2_2	6.01412271071827	1.28445214856799	0.251492235338014	0.0480683186984918	5.23197486717804	9.6800430618953e-07	0.00617984369209139	3.68471601695383	0.290765598931853	org.Hs.eg.db
NTM3_ASD_signed	200	ASD_down	3	ZNF804B	ENSG00000182348	ENSG00000182348.6_1	-6.00204416930744	-1.86659609532115	-0.543280570251208	0.103969604653257	-5.22537882165728	9.95304186196068e-07	0.00617984369209139	2.53441244810912	0.613706942685104	org.Hs.eg.db
NTM3_ASD_signed	200	ASD_up	4	PIRT	ENSG00000233670	ENSG00000233670.6_1	5.05062106677198	1.0317891992719	0.941053921046187	0.200597870543318	4.69124581680429	8.89977307527947e-06	0.0252465006095842	0.558546109744905	1.13034169090096	org.Hs.eg.db
NTM3_ASD_signed	200	ASD_up	5	ARHGAP6	ENSG00000047648	ENSG00000047648.21_2	5.01938156206294	1.02359713707468	0.355895259312581	0.0761572922465021	4.67316062341919	9.56353469893258e-06	0.0252465006095842	2.61302620792832	0.410121874457749	org.Hs.eg.db
NTM3_ASD_signed	200	ASD_down	6	SUSD5	ENSG00000173705	ENSG00000173705.8_2	-4.89335536098251	-1.5758601262411	-0.350154341699042	0.0761238283607732	-4.59979942206214	1.2783348799876e-05	0.0252465006095842	4.45535091231067	0.442733660901006	org.Hs.eg.db
NTM3_ASD_signed	200	ASD_up	7	PITPNA-AS1	ENSG00000236618	ENSG00000236618.2_1	4.87958528763785	0.986937792258019	0.314571318828804	0.0685080288170579	4.59174383295755	1.3195161569819e-05	0.0252465006095842	0.53507835456182	0.390853332546864	org.Hs.eg.db
NTM3_ASD_signed	200	ASD_up	8	H1-2	ENSG00000187837	ENSG00000187837.3_1	4.84856990719471	0.978804503077308	0.364997519589538	0.0798058194535844	4.57357022443487	1.41719657082656e-05	0.0252465006095842	5.05447640789812	0.451399507309904	org.Hs.eg.db
NTM3_ASD_signed	200	ASD_down	9	NOS2	ENSG00000007171	ENSG00000007171.16_2	-4.82139570628448	-1.55698985372982	-0.486759099373344	0.106801309025554	-4.55761360805866	1.50870487520625e-05	0.0252465006095842	2.86335756056489	0.622680796614436	org.Hs.eg.db
NTM3_ASD_signed	200	ASD_down	10	IRGQ	ENSG00000167378	ENSG00000167378.8_2	-4.76627462450893	-1.54253522858486	-0.246562267011425	0.0544871118014398	-4.52514840408387	1.71287383554676e-05	0.0252465006095842	7.14146942748417	0.315378010955711	org.Hs.eg.db
NTM3_ASD_signed	200	ASD_down	11	TMEM151B	ENSG00000178233	ENSG00000178233.17_2	-4.75439472156047	-1.53941991338517	-0.345638231522596	0.076500218138596	-4.51813393389808	1.76037534918704e-05	0.0252465006095842	7.64243202376796	0.461587540089025	org.Hs.eg.db
NTM3_ASD_signed	200	ASD_up	12	FAH	ENSG00000103876	ENSG00000103876.11_2	4.75124265057912	0.953281981286197	0.341422108690389	0.0755982207320324	4.51627175063555	1.77319847621979e-05	0.0252465006095842	2.38273760664979	0.419928514510813	org.Hs.eg.db
NTM3_ASD_signed	200	ASD_down	13	OVOL2	ENSG00000125850	ENSG00000125850.10_2	-4.72035155775408	-1.53049263627596	-0.454021690203937	0.100938604404447	-4.49799849009932	1.90391888756794e-05	0.0252465006095842	0.0666537749263885	0.567736531919317	org.Hs.eg.db
NTM3_ASD_signed	200	ASD_up	14	BTG1	ENSG00000133639	ENSG00000133639.4_2	4.70597123337315	0.941410273685133	0.352970981657495	0.0786218416114411	4.48947740758759	1.96801664210095e-05	0.0252465006095842	4.28056713494804	0.438643012735124	org.Hs.eg.db
NTM3_ASD_signed	200	ASD_up	15	CXCL5	ENSG00000163735	ENSG00000163735.6_1	4.70202457051339	0.940375324254285	0.613055562950394	0.136625099412451	4.48713717747914	1.9859825558299e-05	0.0252465006095842	-0.842256162110143	0.741164569439205	org.Hs.eg.db
NTM3_ASD_signed	200	ASD_up	16	FTL	ENSG00000087086	ENSG00000087086.14_2	4.67509714484616	0.933314036057444	0.462301144410212	0.103396442915849	4.47115134111977	2.11301633844375e-05	0.0252465006095842	8.72792724362507	0.568709047055966	org.Hs.eg.db
NTM3_ASD_signed	200	ASD_down	17	COL10A1	ENSG00000123500	ENSG00000123500.9_2	-4.64040114822016	-1.50952691567009	-0.732143214370141	0.164507905906674	-4.45050473614009	2.28875260587941e-05	0.0252465006095842	1.79292021337282	0.994992274457642	org.Hs.eg.db
NTM3_ASD_signed	200	ASD_up	18	GADD45G	ENSG00000130222	ENSG00000130222.10_1	4.63056622604224	0.92163651235984	0.669729607493109	0.150682458640244	4.44464215368357	2.34117443968761e-05	0.0252465006095842	1.41845481831653	0.807248941840204	org.Hs.eg.db
NTM3_ASD_signed	200	ASD_down	19	WNT10A	ENSG00000135925	ENSG00000135925.8_1	-4.60749518513366	-1.50089785132433	-0.487456429248712	0.110013659236748	-4.43087188109715	2.46890747664152e-05	0.0252465006095842	0.33652026453688	0.70839257134227	org.Hs.eg.db
NTM3_ASD_signed	200	ASD_up	20	MTMR11	ENSG00000014914	ENSG00000014914.19_1	4.57292011111706	0.906519737516778	0.373333405371863	0.084652482731958	4.41018849445892	2.67349815596139e-05	0.0252465006095842	2.36299823969209	0.464323871888151	org.Hs.eg.db
NTM3_ASD_signed	200	ASD_up	21	H4C14	ENSG00000270882	ENSG00000270882.2_1	4.55987022516043	0.903097612921042	0.329859187455614	0.0749276874941237	4.4023671153802	2.75505183835707e-05	0.0252465006095842	3.30063549458367	0.40915074759878	org.Hs.eg.db
NTM3_ASD_signed	200	ASD_up	22	PLEKHA4	ENSG00000105559	ENSG00000105559.11_1	4.55023103057427	0.900569887775705	0.737325413987447	0.167704130537728	4.39658469724794	2.81688404169933e-05	0.0252465006095842	0.526121254816732	0.953575110503336	org.Hs.eg.db
NTM3_ASD_signed	200	ASD_up	23	HNRNPH1	ENSG00000169045	ENSG00000169045.13	4.54444093479356	0.899051527443004	0.141671355397032	0.0322485397555073	4.39310916001517	2.85469073293072e-05	0.0252465006095842	7.04029351392028	0.186677360345628	org.Hs.eg.db
NTM3_ASD_signed	200	ASD_up	24	BCCIP	ENSG00000107949	ENSG00000107949.16_2	4.53898953614708	0.897621985035407	0.221543837258979	0.0504674581740101	4.38983545585164	2.89074953099052e-05	0.0252465006095842	4.45886958139924	0.269474371068835	org.Hs.eg.db
NTM3_ASD_signed	200	ASD_up	25	ABCA1	ENSG00000165029	ENSG00000165029.15_1	4.51075268234858	0.890217320181541	0.504615612106569	0.115397274754528	4.37285553909297	3.08494423312607e-05	0.0252465006095842	5.5856756749042	0.618716008748952	org.Hs.eg.db
NTM3_ASD_signed	200	ASD_up	26	CSTB	ENSG00000160213	ENSG00000160213.5_1	4.50543993966292	0.888824138089696	0.27780152748036	0.063575141504487	4.36965645543634	3.12291425678066e-05	0.0252465006095842	3.57244665341182	0.375702203668638	org.Hs.eg.db
NTM3_ASD_signed	200	ASD_down	27	TPBG	ENSG00000146242	ENSG00000146242.8_1	-4.49961714888502	-1.47260855573868	-0.551869408992683	0.126397301502868	-4.36614866323046	3.1650665865119e-05	0.0252465006095842	3.89929257633326	0.713820723796104	org.Hs.eg.db
NTM3_ASD_signed	200	ASD_up	28	ARMCX6	ENSG00000198960	ENSG00000198960.10_2	4.49773909292779	0.886804713773816	0.202123361081816	0.0463052869339183	4.3650169228033	3.178783185255e-05	0.0252465006095842	2.6943427082717	0.262357388374559	org.Hs.eg.db
NTM3_ASD_signed	200	ASD_down	29	APOOL	ENSG00000155008	ENSG00000155008.13_1	-4.4902150855277	-1.47014301447857	-0.168977845559786	0.0387521102815849	-4.36048112817445	3.23433435965896e-05	0.0252465006095842	4.96583857070667	0.20859427625582	org.Hs.eg.db
NTM3_ASD_signed	200	ASD_up	30	IGFBP5	ENSG00000115461	ENSG00000115461.4_2	4.48773048332092	0.884180115427239	0.345943619137745	0.0793633844090669	4.35898269351303	3.25289104327063e-05	0.0252465006095842	6.5019623306624	0.424364698302647	org.Hs.eg.db
NTM3_ASD_signed	200	ASD_up	31	TMEM176A	ENSG00000002933	ENSG00000002933.7_2	4.44560789496208	0.87313413800354	0.584072234267297	0.134779700725371	4.3335326545754	3.58419892333066e-05	0.0267612442010097	1.50944746309793	0.745226173073056	org.Hs.eg.db
NTM3_ASD_signed	200	ASD_up	32	HMGN1	ENSG00000205581	ENSG00000205581.10_1	4.41438035214001	0.864945212620519	0.189724548085968	0.0439726021818793	4.31460815762576	3.85140906144277e-05	0.0267612442010097	5.42821967697533	0.239523117274098	org.Hs.eg.db
NTM3_ASD_signed	200	ASD_down	33	ATP2B2	ENSG00000157087	ENSG00000157087.16_2	-4.37978008568899	-1.44118319594575	-0.46546850386785	0.108410295757342	-4.29358208661033	4.17080527663791e-05	0.0267612442010097	9.69981104983396	0.639770791162906	org.Hs.eg.db
NTM3_ASD_signed	200	ASD_up	34	SLC2A4RG	ENSG00000125520	ENSG00000125520.13_2	4.36586526979047	0.852222905534907	0.319979311705607	0.0746723857837495	4.28510899105679	4.3066019252224e-05	0.0267612442010097	2.65727238384527	0.472861406161148	org.Hs.eg.db
NTM3_ASD_signed	200	ASD_up	35	UXT-AS1	ENSG00000267064	ENSG00000267064.1_1	4.35895711628577	0.850411352384317	0.570022008523745	0.133154751994863	4.28089872861418	4.37565309712027e-05	0.0267612442010097	-2.1283168428756	0.713547702082612	org.Hs.eg.db
NTM3_ASD_signed	200	ASD_up	36	EMP3	ENSG00000142227	ENSG00000142227.10_2	4.35891209592947	0.850399546513437	0.734525738125885	0.17158323380666	4.28087128229294	4.37610671483944e-05	0.0267612442010097	0.809312583671095	0.92778704343466	org.Hs.eg.db
NTM3_ASD_signed	200	ASD_down	37	SYT3	ENSG00000213023	ENSG00000213023.10_2	-4.35771917587339	-1.43539807396575	-0.335799162604467	0.0784551088560275	-4.2801439893569	4.38814352828476e-05	0.0267612442010097	4.52025141225486	0.448395399540066	org.Hs.eg.db
NTM3_ASD_signed	200	ASD_up	38	FOXJ1	ENSG00000129654	ENSG00000129654.7_1	4.35077776535989	0.848266447971082	0.994372733552641	0.232552278049839	4.27591052597444	4.45884355372326e-05	0.0267612442010097	0.102948818038827	1.31395617382119	org.Hs.eg.db
NTM3_ASD_signed	200	ASD_up	39	RPS3	ENSG00000149273	ENSG00000149273.14_2	4.34432605971197	0.846574590995811	0.202645419350223	0.0474360199362311	4.2719734839188	4.52557680964087e-05	0.0267612442010097	6.67163446446257	0.257008565470464	org.Hs.eg.db
NTM3_ASD_signed	200	ASD_up	40	SNHG19	ENSG00000260260	ENSG00000260260.1_1	4.33245991305077	0.843462883163205	0.332496038206217	0.077964207468487	4.26472671245471	4.65093303977122e-05	0.0268629239478507	0.620298846191747	0.434843020777338	org.Hs.eg.db
NTM3_ASD_signed	200	ASD_up	41	GTF2A1L	ENSG00000242441	ENSG00000242441.7_2	4.29489688255692	0.833612577116811	0.989233883024591	0.23321428855178	4.24173788479068	5.07111100761178e-05	0.0286241165875105	-0.870336204239481	1.29631258213786	org.Hs.eg.db
NTM3_ASD_signed	200	ASD_up	42	DDR2	ENSG00000162733	ENSG00000162733.16_1	4.25581641962911	0.823364348600296	0.480240879123992	0.113862112132598	4.21774082817583	5.54860208032488e-05	0.0303308541132105	5.06216053169138	0.617327173644864	org.Hs.eg.db
NTM3_ASD_signed	200	ASD_down	43	BASP1	ENSG00000176788	ENSG00000176788.8_2	-4.25043917932904	-1.40726560476066	-0.313171272008399	0.07430923806755	-4.2144325544519	5.61772946210212e-05	0.0303308541132105	8.13842904191725	0.425852648087739	org.Hs.eg.db
NTM3_ASD_signed	200	ASD_up	44	NABP1	ENSG00000173559	ENSG00000173559.12_1	4.2327175690044	0.817307043186386	0.497937421816289	0.118457293198103	4.20351848647732	5.85170509336777e-05	0.0309219037657196	2.81578619395434	0.622937019235802	org.Hs.eg.db
NTM3_ASD_signed	200	ASD_down	45	LYNX1	ENSG00000180155	ENSG00000180155.18_1	-4.19515521994107	-1.39276826755787	-0.351450714334223	0.0840725104958293	-4.18032853142477	6.38035407035571e-05	0.0325916229894719	7.8372462789467	0.449001053755683	org.Hs.eg.db
NTM3_ASD_signed	200	ASD_up	46	PABPC1	ENSG00000070756	ENSG00000070756.14_2	4.18268487204014	0.804186765856655	0.193139276718626	0.0462873745692652	4.17261247836835	6.56621543950644e-05	0.0325916229894719	6.75903851666304	0.276749233943626	org.Hs.eg.db
NTM3_ASD_signed	200	ASD_down	47	CENPS-CORT	ENSG00000251503	ENSG00000251503.8_2	-4.18228216882888	-1.3893925150816	-0.584594634201572	0.140111158028787	-4.17236316098011	6.57230684171768e-05	0.0325916229894719	0.598216334968302	0.776631481068352	org.Hs.eg.db
NTM3_ASD_signed	200	ASD_up	48	GHRHR	ENSG00000106128	ENSG00000106128.18_1	4.16103189753518	0.798508618409964	0.569385509713126	0.136898038216293	4.15919407708035	6.90189109804681e-05	0.0325916229894719	-2.21236296135965	0.745914979151765	org.Hs.eg.db
NTM3_ASD_signed	200	ASD_down	49	HR	ENSG00000168453	ENSG00000168453.14_2	-4.15442329006094	-1.38208696815512	-0.469309112631204	0.112947907294177	-4.15509347516172	7.00771950098475e-05	0.0325916229894719	5.730475118117	0.599590422796039	org.Hs.eg.db
NTM3_ASD_signed	200	ASD_up	50	DZIP1L	ENSG00000158163	ENSG00000158163.14_2	4.14734839405979	0.794920337718883	0.393054254619324	0.0946958771021297	4.15070081874224	7.1228140377018e-05	0.0325916229894719	1.5564467171626	0.527540106634601	org.Hs.eg.db
NTM3_ASD_signed	200	ASD_down	51	RNF157	ENSG00000141576	ENSG00000141576.14_2	-4.14629829441838	-1.37995631754859	-0.260737377157925	0.0628275479957799	-4.15004859294269	7.1400574399913e-05	0.0325916229894719	7.40926076535675	0.331934620136004	org.Hs.eg.db
NTM3_ASD_signed	200	ASD_down	52	LZTS1	ENSG00000061337	ENSG00000061337.15_2	-4.14161297378831	-1.37872766689062	-0.338505845494685	0.0816239697410481	-4.14713774113896	7.21750388315733e-05	0.0325916229894719	6.25672905721623	0.437548087421118	org.Hs.eg.db
NTM3_ASD_signed	200	ASD_up	53	UBE2L6	ENSG00000156587	ENSG00000156587.15_2	4.09636713253115	0.781551314450897	0.321441091450869	0.0780393148109279	4.11896352793012	8.01000648083738e-05	0.0344970382948302	4.29077748760395	0.422095125173943	org.Hs.eg.db
NTM3_ASD_signed	200	ASD_up	54	LONRF3	ENSG00000175556	ENSG00000175556.16_1	4.09586529067049	0.781419714421577	0.453742573177275	0.110167781104028	4.11865037699923	8.01926766213366e-05	0.0344970382948302	2.68217649365354	0.600659964107298	org.Hs.eg.db
NTM3_ASD_signed	200	ASD_up	55	GFPT2	ENSG00000131459	ENSG00000131459.12_2	4.08154082031066	0.777663350381142	0.319746002345866	0.0778026515815847	4.10970572141204	8.28818010151534e-05	0.0344970382948302	4.03643534121793	0.417627461677931	org.Hs.eg.db
NTM3_ASD_signed	200	ASD_down	56	CACNG2	ENSG00000166862	ENSG00000166862.6_1	-4.07613308461322	-1.3615566096096	-0.318563342675949	0.0775786805874351	-4.10632586509269	8.39202782947897e-05	0.0344970382948302	3.49244321632128	0.410039660008438	org.Hs.eg.db
NTM3_ASD_signed	200	ASD_up	57	ZNF217	ENSG00000171940	ENSG00000171940.13_2	4.07197000536311	0.775153556706156	0.420370976605414	0.102436495030588	4.1037227648202	8.47285930095282e-05	0.0344970382948302	2.98836774767286	0.569707235118933	org.Hs.eg.db
NTM3_ASD_signed	200	ASD_down	58	ZSCAN1	ENSG00000152467	ENSG00000152467.9_2	-4.04228833533272	-1.35268136354735	-0.39986449220389	0.0978828349965388	-4.08513394833762	9.0721801305577e-05	0.0356630831004443	1.16056157717205	0.512966390352695	org.Hs.eg.db
NTM3_ASD_signed	200	ASD_up	59	CD99	ENSG00000002586	ENSG00000002586.18_2	4.04092295329309	0.767011962146097	0.508244260762121	0.124439205771975	4.08427760052919	9.100747115709e-05	0.0356630831004443	3.72944795094798	0.767367124416675	org.Hs.eg.db
NTM3_ASD_signed	200	ASD_up	60	TGIF1	ENSG00000177426	ENSG00000177426.20_2	4.03372049260923	0.765123231628607	0.655944890343528	0.160780323342357	4.07975849723099	9.25293491570703e-05	0.0356630831004443	1.67601587046876	0.851559314774355	org.Hs.eg.db
NTM3_ASD_signed	200	ASD_up	61	CHI3L2	ENSG00000064886	ENSG00000064886.13_2	4.02488209421331	0.762805502520621	1.565645621764	0.38428213213023	4.07420874107521	9.44317212380473e-05	0.0356630831004443	-1.20951603053729	1.99711916998321	org.Hs.eg.db
NTM3_ASD_signed	200	ASD_up	62	DDAH2	ENSG00000213722	ENSG00000213722.8_2	4.01525259993605	0.760280321126683	0.361461169461524	0.08885133330112	4.0681569542296	9.65489155440757e-05	0.0356630831004443	3.53071060173477	0.493755749350724	org.Hs.eg.db
NTM3_ASD_signed	200	ASD_down	63	CELSR2	ENSG00000143126	ENSG00000143126.7_1	-4.01401276163347	-1.34526654501666	-0.275101580548044	0.0676361095299184	-4.06737735892918	9.68249404079467e-05	0.0356630831004443	8.82453015695413	0.356920081234176	org.Hs.eg.db
NTM3_ASD_signed	200	ASD_up	64	RAB20	ENSG00000139832	ENSG00000139832.4_1	4.00359439238769	0.757223142012166	0.682260732270652	0.168010467146562	4.06082278002055	9.91757760729429e-05	0.0356630831004443	0.438925610291704	0.944944499772304	org.Hs.eg.db
NTM3_ASD_signed	200	ASD_up	65	MDK	ENSG00000110492	ENSG00000110492.15_2	3.99980525018311	0.756229499862487	0.545700407958178	0.134460722373395	4.05843727689323	0.000100044852858411	0.0356630831004443	1.64595742093981	0.70863107106356	org.Hs.eg.db
NTM3_ASD_signed	200	ASD_down	66	CYP2E1	ENSG00000130649	ENSG00000130649.9_2	-3.98729269375799	-1.33825963309572	-0.347322441772508	0.0857469047199013	-4.05055369528571	0.000102969192331653	0.0356630831004443	3.24401456236196	0.484212235809576	org.Hs.eg.db
NTM3_ASD_signed	200	ASD_up	67	TMEM176B	ENSG00000106565	ENSG00000106565.17_2	3.98693579140637	0.752854689418928	0.574074045624391	0.141735175018517	4.05032868904554	0.000103053846991277	0.0356630831004443	2.31726835442629	0.754372203415758	org.Hs.eg.db
NTM3_ASD_signed	200	ASD_up	68	GDPD2	ENSG00000130055	ENSG00000130055.13_1	3.97583184533899	0.74994285654367	0.523029880822324	0.129356396814726	4.04332444085811	0.00010572267780518	0.0356630831004443	0.965238897410035	0.727379210079485	org.Hs.eg.db
NTM3_ASD_signed	200	ASD_up	69	SMAD1	ENSG00000170365	ENSG00000170365.9_2	3.9726439599843	0.749106884419704	0.204734166158207	0.0506603195452503	4.04131217481438	0.000106501577359976	0.0356630831004443	3.77238734535422	0.27989967522337	org.Hs.eg.db
NTM3_ASD_signed	200	ASD_down	70	IQSEC1	ENSG00000144711	ENSG00000144711.13_2	-3.96536990397371	-1.33251073089249	-0.240761528582589	0.0596428856876361	-4.0367183077545	0.000108300408818136	0.0356630831004443	8.3207002381959	0.315735352715266	org.Hs.eg.db
NTM3_ASD_signed	200	ASD_down	71	RPH3A	ENSG00000089169	ENSG00000089169.14_2	-3.96440789507353	-1.33225845939146	-0.426612025458829	0.105698796795045	-4.03611051775784	0.000108540571745161	0.0356630831004443	7.75732418535844	0.589448055940955	org.Hs.eg.db
NTM3_ASD_signed	200	ASD_down	72	FBLN7	ENSG00000144152	ENSG00000144152.12_2	-3.94999790784626	-1.32847966991555	-0.563407657005871	0.139907551602518	-4.02699961905224	0.000112202385948406	0.0356630831004443	3.6261082159304	0.7832437815781	org.Hs.eg.db
NTM3_ASD_signed	200	ASD_up	73	LRAT	ENSG00000121207	ENSG00000121207.11_2	3.94902302919565	0.742912671804004	0.53318387149439	0.132422549141718	4.02638277959579	0.000112454534147699	0.0356630831004443	0.635945035148851	0.793827411816159	org.Hs.eg.db
NTM3_ASD_signed	200	ASD_up	74	RPL18A	ENSG00000105640	ENSG00000105640.12_1	3.94595963527571	0.742109345574588	0.236505588892587	0.0587672692090097	4.02444408385626	0.000113250561705432	0.0356630831004443	5.87678581410606	0.353931435809554	org.Hs.eg.db
NTM3_ASD_signed	200	ASD_down	75	TANGO2	ENSG00000183597	ENSG00000183597.15_1	-3.94383213493093	-1.32686279424205	-0.184015167243885	0.0457396756389305	-4.02309733668649	0.000113806709061585	0.0356630831004443	4.87825475633822	0.245462127756808	org.Hs.eg.db
NTM3_ASD_signed	200	ASD_up	76	EIF4EBP1	ENSG00000187840	ENSG00000187840.4_1	3.93977277863401	0.740486941029888	0.455226064923487	0.113225473815557	4.02052691486232	0.000114875448865983	0.0356630831004443	0.993730738687919	0.626002622983772	org.Hs.eg.db
NTM3_ASD_signed	200	ASD_up	77	NT5C2	ENSG00000076685	ENSG00000076685.18_2	3.92455628271224	0.736496657503439	0.175072606174828	0.0436493965786208	4.01088262146968	0.000118971713690308	0.0364787837186727	5.74595059363296	0.243393303342238	org.Hs.eg.db
NTM3_ASD_signed	200	ASD_down	78	IL17REL	ENSG00000188263	ENSG00000188263.10_1	-3.90973956081033	-1.31792256006546	-1.02663420783193	0.256563759295528	-4.00147788078433	0.000123100676382554	0.0366370449333958	-0.889847486246436	1.48537340201976	org.Hs.eg.db
NTM3_ASD_signed	200	ASD_down	79	PCDHA3	ENSG00000255408	ENSG00000255408.3_2	-3.90258554108698	-1.31604653241779	-0.31152454883499	0.0779409171077981	-3.99693204025465	0.000125145275557223	0.0366370449333958	2.74986383687619	0.445670393042932	org.Hs.eg.db
NTM3_ASD_signed	200	ASD_down	80	OTUD7A	ENSG00000169918	ENSG00000169918.9_2	-3.90174228832616	-1.3158254028215	-0.21302679489486	0.0533047262117165	-3.99639600527648	0.000125388501342351	0.0366370449333958	6.64412881552682	0.279411886536978	org.Hs.eg.db
NTM3_ASD_signed	200	ASD_up	81	RPS27L	ENSG00000185088	ENSG00000185088.13_1	3.88131043466562	0.72515612312976	0.250196436088993	0.0628098594835527	3.98339429742729	0.000131428504246666	0.0372539650119464	3.61188466614259	0.354040129362653	org.Hs.eg.db
NTM3_ASD_signed	200	ASD_down	82	JCAD	ENSG00000165757	ENSG00000165757.8_1	-3.85483506812587	-1.30352473195752	-0.256336710631699	0.0646252939118806	-3.96650746348983	0.00013968987601226	0.0372539650119464	7.11283364845923	0.392940827011976	org.Hs.eg.db
NTM3_ASD_signed	200	ASD_down	83	ADGRL1	ENSG00000072071	ENSG00000072071.16_1	-3.85233508705342	-1.30286915176737	-0.270135868948492	0.0681316421428746	-3.96491058269236	0.00014049630834403	0.0372539650119464	8.16714225055483	0.412857784371447	org.Hs.eg.db
NTM3_ASD_signed	200	ASD_up	84	LINC01354	ENSG00000231768	ENSG00000231768.1_1	3.84929218893059	0.71675984851048	0.792684811861216	0.200023098389172	3.96296636860879	0.000141484156859056	0.0372539650119464	0.450614736798521	1.0746484042503	org.Hs.eg.db
NTM3_ASD_signed	200	ASD_up	85	C10orf105	ENSG00000214688	ENSG00000214688.4_1	3.84742043174694	0.716269010022183	0.783339451688793	0.197724608852758	3.96177014198638	0.00014209525255241	0.0372539650119464	0.497655106252142	1.15492192656819	org.Hs.eg.db
NTM3_ASD_signed	200	ASD_down	86	ADRA1D	ENSG00000171873	ENSG00000171873.7_1	-3.84226965772106	-1.30022965335341	-0.722252502421926	0.182457160677107	-3.95847715563266	0.000143790549134019	0.0372539650119464	2.23890337362943	1.2672550445689	org.Hs.eg.db
NTM3_ASD_signed	200	ASD_up	87	H2AC6	ENSG00000180573	ENSG00000180573.9_1	3.84058470352856	0.714476449248578	0.254437148260001	0.0642940254786941	3.95739956186624	0.000144349504177296	0.0372539650119464	4.95260319290405	0.340201854042952	org.Hs.eg.db
NTM3_ASD_signed	200	ASD_up	88	INTS4	ENSG00000149262	ENSG00000149262.16_2	3.83570222826705	0.713196097930871	0.119572003211259	0.0302386589558639	3.9542759943748	0.000145981483159815	0.0372539650119464	4.00400388282668	0.160017003697186	org.Hs.eg.db
NTM3_ASD_signed	200	ASD_up	89	MARCHF3	ENSG00000173926	ENSG00000173926.5_1	3.83225933588053	0.712293254277254	0.45866329138512	0.116056396811583	3.95207247498608	0.000147143358387345	0.0372539650119464	1.6071820629764	0.609194323253148	org.Hs.eg.db
NTM3_ASD_signed	200	ASD_up	90	H2AJ	ENSG00000246705	ENSG00000246705.4_2	3.83118709002056	0.712012074890533	0.339220254158817	0.0858484210431744	3.95138605971819	0.000147507094954826	0.0372539650119464	1.87700414086441	0.491753753872205	org.Hs.eg.db
NTM3_ASD_signed	200	ASD_up	91	TNFRSF11B	ENSG00000164761	ENSG00000164761.8_1	3.8115604507069	0.706865301550896	0.795915363214007	0.202070080565811	3.93880856079923	0.000154326159732184	0.0372539650119464	0.244994626345994	1.07784216709404	org.Hs.eg.db
NTM3_ASD_signed	200	ASD_up	92	WEE1	ENSG00000166483	ENSG00000166483.10_1	3.80965726943861	0.706366222597254	0.612185861018709	0.155472315556158	3.93758759447807	0.000155003937518002	0.0372539650119464	0.684207715615492	0.809426070743201	org.Hs.eg.db
NTM3_ASD_signed	200	ASD_down	93	SERTAD4	ENSG00000082497	ENSG00000082497.11_1	-3.80931364122228	-1.29158746329805	-0.508892454345853	0.129246889884035	-3.93736711809816	0.000155126630313712	0.0372539650119464	3.43860177233867	0.732213692647791	org.Hs.eg.db
NTM3_ASD_signed	200	ASD_up	94	ADIRF	ENSG00000148671	ENSG00000148671.13_2	3.80619456135892	0.705458182593935	0.466649899799496	0.118578540463421	3.93536552208995	0.000156244751858095	0.0372539650119464	3.18167615293984	0.665942585135971	org.Hs.eg.db
NTM3_ASD_signed	200	ASD_up	95	ZC3HAV1	ENSG00000105939	ENSG00000105939.12_2	3.80390067831273	0.704856648326266	0.526527599562582	0.133843902256992	3.93389307008999	0.000157072198209482	0.0372539650119464	4.27932670577443	0.705892913375644	org.Hs.eg.db
NTM3_ASD_signed	200	ASD_down	96	LINC01844	ENSG00000236714	ENSG00000236714.1_1	-3.7997998356648	-1.28909261942696	-0.64292708400001	0.163542250125526	-3.93125986408122	0.000158562383082682	0.0372539650119464	0.313309121673099	0.931793923992755	org.Hs.eg.db
NTM3_ASD_signed	200	ASD_up	97	ALPK1	ENSG00000073331	ENSG00000073331.17_2	3.79968757090355	0.703751828059072	0.397561638762118	0.101130157816536	3.93118776184797	0.000158603376624594	0.0372539650119464	2.53203762911149	0.537718550592709	org.Hs.eg.db
NTM3_ASD_signed	200	ASD_up	98	OST4	ENSG00000228474	ENSG00000228474.5_1	3.79860328355859	0.703467490984837	0.213299084242749	0.0542677915115339	3.93049133384053	0.000158999850671055	0.0372539650119464	4.40050721010616	0.284061019343084	org.Hs.eg.db
NTM3_ASD_signed	200	ASD_down	99	CDK5R2	ENSG00000171450	ENSG00000171450.5_1	-3.79337610007523	-1.28740809715369	-0.423702261121869	0.107890991849404	-3.92713287605401	0.00016092514159354	0.0373526805291324	5.35046740360498	0.658916811879692	org.Hs.eg.db
NTM3_ASD_signed	200	ASD_down	100	KCNA2	ENSG00000177301	ENSG00000177301.13_1	-3.7862697120283	-1.28554456015398	-0.37463420261099	0.095507476448071	-3.9225641441242	0.000163580031683195	0.0374011441735603	8.51513964855641	0.50725448586713	org.Hs.eg.db
NTM3_ASD_signed	200	ASD_down	101	SLC36A1	ENSG00000123643	ENSG00000123643.12_2	-3.78242449677066	-1.28453621373985	-0.28918636150778	0.0737703251459237	-3.92009064533396	0.000165034789367032	0.0374011441735603	5.66253063174077	0.414168682763317	org.Hs.eg.db
NTM3_ASD_signed	200	ASD_down	102	RHOBTB2	ENSG00000008853	ENSG00000008853.16_1	-3.77857289838518	-1.28352619345219	-0.299447234526546	0.0764361631541826	-3.9176120591312	0.00016650493179151	0.0374011441735603	7.47810438910966	0.45811753751882	org.Hs.eg.db
NTM3_ASD_signed	200	ASD_up	103	SYNC	ENSG00000162520	ENSG00000162520.14_2	3.77403983331961	0.697026117665692	0.310158011161733	0.0792291905812409	3.91469367396477	0.000168251973394281	0.0374011441735603	2.45992242935763	0.428954462807755	org.Hs.eg.db
NTM3_ASD_signed	200	ASD_up	104	H2BC18	ENSG00000203814	ENSG00000203814.6_2	3.7729787401893	0.696747862904566	0.376057400545471	0.0960798177174045	3.91401034556032	0.000168663558843564	0.0374011441735603	3.76501177647928	0.517198763397746	org.Hs.eg.db
NTM3_ASD_signed	200	ASD_up	105	MOB3C	ENSG00000142961	ENSG00000142961.14_2	3.76289742094555	0.694104197614604	0.327374549750564	0.0837807663770904	3.90751438435258	0.000172624557787078	0.0379407390902644	3.24485793726354	0.462874674295493	org.Hs.eg.db
NTM3_ASD_signed	200	ASD_up	106	RPS19	ENSG00000105372	ENSG00000105372.6_2	3.75600958749704	0.692297973074877	0.250405674284513	0.064156043584108	3.90307226405309	0.00017538417835545	0.0381120840792415	6.32698121275421	0.353182998979438	org.Hs.eg.db
NTM3_ASD_signed	200	ASD_up	107	INTS12	ENSG00000138785	ENSG00000138785.14_2	3.75332111291757	0.691592963466826	0.126773744440639	0.0324949438545355	3.90133754371589	0.000176473251292993	0.0381120840792415	3.19113215123764	0.168191438802619	org.Hs.eg.db
NTM3_ASD_signed	200	ASD_down	108	LIMK1	ENSG00000106683	ENSG00000106683.14_1	-3.74177248899971	-1.27387587263639	-0.27767125053385	0.0713096514763818	-3.89388034838197	0.000181228923605654	0.0388017374712933	6.69500997207191	0.371030483767738	org.Hs.eg.db
NTM3_ASD_signed	200	ASD_down	109	ARHGEF11	ENSG00000132694	ENSG00000132694.18_1	-3.73676868272424	-1.27256370419412	-0.175769983562489	0.0451775775287873	-3.89064649273166	0.000183329062376057	0.0388118822145941	7.14316406584247	0.234045375123215	org.Hs.eg.db
NTM3_ASD_signed	200	ASD_up	110	GLIS3	ENSG00000107249	ENSG00000107249.21_2	3.72741520190745	0.684799551207342	0.469860288994217	0.120954706505134	3.88459699147195	0.000187320279919499	0.0388118822145941	3.82460856531684	0.659011947856178	org.Hs.eg.db
NTM3_ASD_signed	200	ASD_up	111	ROM1	ENSG00000149489	ENSG00000149489.8_2	3.71908518737016	0.682615137663373	0.425897274695165	0.109789850481642	3.87920443307627	0.000190947867535631	0.0388118822145941	2.76472326193563	0.623747808455629	org.Hs.eg.db
NTM3_ASD_signed	200	ASD_up	112	H4C15	ENSG00000270276	ENSG00000270276.2_1	3.71586232841559	0.68176999427027	0.294799261929829	0.0760356927946523	3.87711679994797	0.000192370144665813	0.0388118822145941	3.33980818608408	0.405687546624227	org.Hs.eg.db
NTM3_ASD_signed	200	ASD_up	113	NQO1	ENSG00000181019	ENSG00000181019.12_1	3.71394455929174	0.681267089884017	0.645649414007967	0.166581622239611	3.87587421305853	0.000193221496193929	0.0388118822145941	4.00863965315402	0.885393227360743	org.Hs.eg.db
NTM3_ASD_signed	200	ASD_down	114	CLEC2L	ENSG00000236279	ENSG00000236279.6_2	-3.71072568993876	-1.26573434442393	-0.442463625295303	0.114219885369215	-3.87378803493843	0.000194658920247897	0.0388118822145941	4.06975758744753	0.614021616405317	org.Hs.eg.db
NTM3_ASD_signed	200	ASD_up	115	KIFC1	ENSG00000237649	ENSG00000237649.7_1	3.70909724606816	0.679995959250327	0.74057406041986	0.191227792771376	3.87273235593563	0.000195390189426016	0.0388118822145941	-1.93603328471035	1.01451042134883	org.Hs.eg.db
NTM3_ASD_signed	200	ASD_down	116	CABP1	ENSG00000157782	ENSG00000157782.9_1	-3.70697547436262	-1.26475091016212	-0.433992895264406	0.112103570127083	-3.87135659259042	0.000196347115556898	0.0388118822145941	7.24239962942851	0.578261015006027	org.Hs.eg.db
NTM3_ASD_signed	200	ASD_up	117	HMOX1	ENSG00000100292	ENSG00000100292.16_1	3.70239104088511	0.678237363828326	0.910722711137767	0.235427235699969	3.86838297799327	0.000198430743258728	0.0388118822145941	1.9020994473234	1.25118104689064	org.Hs.eg.db
NTM3_ASD_signed	200	ASD_up	118	MICA	ENSG00000204520	ENSG00000204520.12_2	3.69482416074067	0.676253070115621	0.411647434293494	0.106548583015895	3.86347169189557	0.000201918373511818	0.0388118822145941	1.70125235531754	0.575747274069591	org.Hs.eg.db
NTM3_ASD_signed	200	ASD_down	119	MIR3677HG	ENSG00000260778	ENSG00000260778.4_2	-3.68725110984757	-1.25957850994602	-0.308889098232512	0.0800531033859081	-3.85855245040864	0.000205470221995163	0.0388118822145941	-0.617467834859208	0.451905964235768	org.Hs.eg.db
NTM3_ASD_signed	200	ASD_up	120	POLR2J	ENSG00000005075	ENSG00000005075.15_1	3.68162805578246	0.672792601917241	0.185399495419851	0.0480945355040944	3.85489730749281	0.000208147857133829	0.0388118822145941	3.58089986054731	0.267223965917092	org.Hs.eg.db
NTM3_ASD_signed	200	ASD_down	121	IQSEC3	ENSG00000120645	ENSG00000120645.11_1	-3.68016766523167	-1.25772098949541	-0.326551174172279	0.0847316059955364	-3.85394765430838	0.000208848968563394	0.0388118822145941	6.6849250614175	0.451896620553932	org.Hs.eg.db
NTM3_ASD_signed	200	ASD_up	122	VIM-AS1	ENSG00000229124	ENSG00000229124.6_1	3.68003236524138	0.672374157505852	0.656809422304202	0.170428993120319	3.85385966483126	0.000208914043453093	0.0388118822145941	-2.13257655162915	0.891703999282177	org.Hs.eg.db
NTM3_ASD_signed	200	ASD_up	123	CRTC3-AS1	ENSG00000259736	ENSG00000259736.1_1	3.67942236667132	0.672214195103353	0.427755359113637	0.111005442306451	3.85346294943576	0.000209207684778309	0.0388118822145941	-1.96207443216132	0.613564793175124	org.Hs.eg.db
NTM3_ASD_signed	200	ASD_down	124	RIMKLA	ENSG00000177181	ENSG00000177181.14_2	-3.67787346373641	-1.25711937171954	-0.379284538472807	0.0984526722630298	-3.85245549719054	0.000209955152092657	0.0388118822145941	6.38478214438137	0.55553149295048	org.Hs.eg.db
NTM3_ASD_signed	200	ASD_down	125	MAP1A	ENSG00000166963	ENSG00000166963.12_2	-3.67487030453126	-1.25633184108403	-0.219130157239956	0.0569095082963704	-3.85050167888959	0.000211412029557806	0.0388118822145941	11.1331992869205	0.294662852693476	org.Hs.eg.db
NTM3_ASD_signed	200	ASD_up	126	SRGAP1	ENSG00000196935	ENSG00000196935.8_2	3.6732660751797	0.670599805782096	0.342448834337008	0.0889602791730996	3.84945773012547	0.000212194403187379	0.0388118822145941	4.52713663963389	0.483158042099047	org.Hs.eg.db
NTM3_ASD_signed	200	ASD_down	127	MARCHF10	ENSG00000173838	ENSG00000173838.11_2	-3.67257803807993	-1.25573073074259	-0.344644373587598	0.089541045428338	-3.84900993660417	0.000212530841568079	0.0388118822145941	-0.364240436916827	0.489116415688874	org.Hs.eg.db
NTM3_ASD_signed	200	ASD_up	128	SFMBT2	ENSG00000198879	ENSG00000198879.11_2	3.65644549800314	0.666188877513324	0.207304941885676	0.054006744742956	3.8385009663578	0.000220574092955311	0.0396852595019912	5.43932793336181	0.302264855512571	org.Hs.eg.db
NTM3_ASD_signed	200	ASD_up	129	RPL13A	ENSG00000142541	ENSG00000142541.16_2	3.6557983365219	0.666019169729691	0.209092881032911	0.0544785243235303	3.8380790160757	0.000220903025217597	0.0396852595019912	7.79781586121237	0.295924883082592	org.Hs.eg.db
NTM3_ASD_signed	200	ASD_up	130	HSPB1	ENSG00000106211	ENSG00000106211.8_1	3.65177222669989	0.664963386599263	0.893273906569804	0.232899172710858	3.83545332588533	0.00022296041974082	0.0396852595019912	4.58576350651043	1.26741221336996	org.Hs.eg.db
NTM3_ASD_signed	200	ASD_up	131	DYNLT1	ENSG00000146425	ENSG00000146425.10_1	3.65032439099228	0.664583714761359	0.253540470897651	0.0661207165963035	3.83450881885672	0.000223704957733885	0.0396852595019912	2.99590641693545	0.353432800874617	org.Hs.eg.db
NTM3_ASD_signed	200	ASD_up	132	CAPG	ENSG00000042493	ENSG00000042493.15_1	3.6457295239143	0.663378784105724	0.559786266664434	0.146100679989028	3.83151034414399	0.000226084337199819	0.0397540053972923	2.67345167700175	0.766204854225271	org.Hs.eg.db
NTM3_ASD_signed	200	ASD_up	133	RPS16	ENSG00000105193	ENSG00000105193.8_1	3.64036472136277	0.661971950143812	0.304612250406441	0.0795746211367082	3.82800754882792	0.000228894458520406	0.0397540053972923	5.31429712749078	0.486780094034928	org.Hs.eg.db
NTM3_ASD_signed	200	ASD_up	134	PDLIM3	ENSG00000154553	ENSG00000154553.13_1	3.63364084042349	0.660208719536465	0.358981532614304	0.0938853882206613	3.82361450932684	0.000232465848370877	0.0400098956182947	3.27475071354761	0.485571599952587	org.Hs.eg.db
NTM3_ASD_signed	200	ASD_up	135	C4A	ENSG00000244731	ENSG00000244731.7_2	3.63154623058816	0.659659441492216	0.784555796504873	0.205260449247921	3.82224534429065	0.000233589743302171	0.0400098956182947	4.24305971325665	1.09628977544372	org.Hs.eg.db
NTM3_ASD_signed	200	ASD_up	136	SLC44A3	ENSG00000143036	ENSG00000143036.16_1	3.62607545774037	0.658224818509124	0.51126485470009	0.133885657419918	3.8186678435358	0.000236550865969167	0.0402395705973303	1.48804511723006	0.711771688297028	org.Hs.eg.db
NTM3_ASD_signed	200	ASD_up	137	RAD51B	ENSG00000182185	ENSG00000182185.18_2	3.6208483334971	0.656854088489161	0.292211429379508	0.0765904218197193	3.81524768289335	0.000239415170812818	0.0404497631449465	1.39304265954604	0.424997371278069	org.Hs.eg.db
NTM3_ASD_signed	200	ASD_down	138	CFAP410	ENSG00000160226	ENSG00000160226.15_2	-3.60888105438887	-1.23902721200781	-0.188593760876276	0.0495333467143775	-3.80741002548763	0.000246104154779641	0.0405451628606895	4.7110606188843	0.272865495793163	org.Hs.eg.db
NTM3_ASD_signed	200	ASD_up	139	ARRDC4	ENSG00000140450	ENSG00000140450.8_1	3.60733665557234	0.653310866310081	0.304561787465855	0.0800131258712254	3.80639781472882	0.000246980886102291	0.0405451628606895	5.14686017447931	0.427069526565566	org.Hs.eg.db
NTM3_ASD_signed	200	ASD_down	140	CPLX1	ENSG00000168993	ENSG00000168993.14_2	-3.60289792831945	-1.23745823255852	-0.42726546504965	0.112335177700427	-3.80348768565685	0.000249518109727787	0.0405451628606895	6.34654251821669	0.5895595799474	org.Hs.eg.db
NTM3_ASD_signed	200	ASD_up	141	SUGCT	ENSG00000175600	ENSG00000175600.15_2	3.60202309465504	0.651917469650029	0.248220395757963	0.0652711048676155	3.8029139580433	0.000250021240334517	0.0405451628606895	0.41694022866971	0.348612278147808	org.Hs.eg.db
NTM3_ASD_signed	200	ASD_up	142	KIF18A	ENSG00000121621	ENSG00000121621.6_1	3.59993919251804	0.651370999529001	0.551142031382535	0.144978351974251	3.80154708532223	0.000251223815640763	0.0405451628606895	-1.73775458762557	0.752865565622952	org.Hs.eg.db
NTM3_ASD_signed	200	ASD_down	143	PARD6A	ENSG00000102981	ENSG00000102981.9_1	-3.59819926888217	-1.23622608401096	-0.284519058133539	0.0748654455409799	-3.80040559536641	0.000252232318041162	0.0405451628606895	4.09715450188778	0.424076376362732	org.Hs.eg.db
NTM3_ASD_signed	200	ASD_up	144	AGTRAP	ENSG00000177674	ENSG00000177674.15_2	3.59591037716023	0.650314506914932	0.4696438186238	0.123626147382375	3.79890361843271	0.00025356518443117	0.0405451628606895	1.81034035620457	0.651592783900192	org.Hs.eg.db
NTM3_ASD_signed	200	ASD_up	145	HMGN2	ENSG00000198830	ENSG00000198830.10_1	3.59418538617666	0.649862155523362	0.198376085237793	0.0522348669896139	3.79777142492269	0.000254574332566099	0.0405451628606895	5.37669816364848	0.274820990542034	org.Hs.eg.db
NTM3_ASD_signed	200	ASD_down	146	ABCA3	ENSG00000167972	ENSG00000167972.13_2	-3.5940180035995	-1.23512961383393	-0.192670715883035	0.0507340407318835	-3.797661552354	0.00025467246763841	0.0405451628606895	7.54427062687442	0.272381110167268	org.Hs.eg.db
NTM3_ASD_signed	200	ASD_up	147	PSD4	ENSG00000125637	ENSG00000125637.15_1	3.58660484526475	0.647874279492122	0.242964980027136	0.0640596399480511	3.7927934066468	0.000259056894328407	0.0409050171334653	3.32372549920887	0.337259398105863	org.Hs.eg.db
NTM3_ASD_signed	200	ASD_down	148	TECPR1	ENSG00000205356	ENSG00000205356.9_2	-3.58266489487352	-1.23215244202274	-0.232917925796195	0.0614526018766611	-3.7902044613778	0.000261417769699041	0.0409050171334653	6.23208298848854	0.359775782661709	org.Hs.eg.db
NTM3_ASD_signed	200	ASD_down	149	EVI5L	ENSG00000142459	ENSG00000142459.8_2	-3.58122506102895	-1.23177486854588	-0.197644959894671	0.0521592767114838	-3.78925806406276	0.000262285896746725	0.0409050171334653	6.23019074626973	0.311218328793987	org.Hs.eg.db
NTM3_ASD_signed	200	ASD_up	150	NFKB2	ENSG00000077150	ENSG00000077150.18_2	3.5734041710986	0.644412613091785	0.651886892954085	0.172269323018413	3.78411478916887	0.000267051996356861	0.0409050171334653	1.57001643269837	0.924883906111885	org.Hs.eg.db
NTM3_ASD_signed	200	ASD_down	151	ST8SIA5	ENSG00000101638	ENSG00000101638.13_2	-3.56380328102081	-1.22720628441683	-0.352822575268378	0.0933937896064434	-3.7777948272059	0.000273021418655922	0.0409050171334653	7.53384241910234	0.534404888105698	org.Hs.eg.db
NTM3_ASD_signed	200	ASD_down	152	TMEM121B	ENSG00000183307	ENSG00000183307.3_1	-3.56371700868177	-1.22718366087098	-0.402436441272403	0.106528414782101	-3.77773800629222	0.000273075659584704	0.0409050171334653	4.71499425215541	0.647878435361891	org.Hs.eg.db
NTM3_ASD_signed	200	ASD_up	153	HAL	ENSG00000084110	ENSG00000084110.10_1	3.56366051918942	0.641857495678384	0.798617095290214	0.211402950475556	3.77770080073957	0.000273111181354625	0.0409050171334653	-3.43761084456104	1.1296238988625	org.Hs.eg.db
NTM3_ASD_signed	200	ASD_up	154	ANGPT1	ENSG00000154188	ENSG00000154188.9_2	3.56079118149372	0.641105057600797	0.338253061879091	0.0895842222176601	3.77581066738792	0.000274921571980225	0.0409050171334653	1.91261991388023	0.477004510342083	org.Hs.eg.db
NTM3_ASD_signed	200	ASD_down	155	NUP93	ENSG00000102900	ENSG00000102900.12_2	-3.55688952055928	-1.22539326093119	-0.192420979162919	0.0509962267853041	-3.77323953736849	0.000277402569461856	0.0409050171334653	6.10590081917507	0.274013420631909	org.Hs.eg.db
NTM3_ASD_signed	200	ASD_down	156	POU3F1	ENSG00000185668	ENSG00000185668.7_2	-3.55591932915285	-1.2251388436983	-0.425404707951341	0.112761677697677	-3.77260002367012	0.000278022965159886	0.0409050171334653	1.52054992072143	0.591322994188236	org.Hs.eg.db
NTM3_ASD_signed	200	ASD_up	157	SLC2A9	ENSG00000109667	ENSG00000109667.11_1	3.55248540853681	0.638927001024911	0.355162666052778	0.0941992093512625	3.77033595609492	0.000280229977199277	0.0409050171334653	0.318086864208992	0.503996374053621	org.Hs.eg.db
NTM3_ASD_signed	200	ASD_down	158	SETD4	ENSG00000185917	ENSG00000185917.13_2	-3.55136748949434	-1.22394519629763	-0.12423715088288	0.0329576596482643	-3.76959869750408	0.000280952247427131	0.0409050171334653	4.06158175474867	0.175880572195657	org.Hs.eg.db
NTM3_ASD_signed	200	ASD_up	159	P4HA1	ENSG00000122884	ENSG00000122884.12_1	3.55030896187596	0.638356262577529	0.441511717592318	0.117146025741965	3.76890052219804	0.000281637861564768	0.0409050171334653	4.44051472207208	0.614386376572703	org.Hs.eg.db
NTM3_ASD_signed	200	ASD_down	160	SPDEF	ENSG00000124664	ENSG00000124664.10_1	-3.5457528102404	-1.22247283615319	-0.376499662177297	0.0999761584841527	-3.76589446809937	0.000284608056572889	0.0410960796107225	-0.0478236043908839	0.530757983542114	org.Hs.eg.db
NTM3_ASD_signed	200	ASD_down	161	FAM86HP	ENSG00000253540	ENSG00000253540.5_1	-3.53605191903366	-1.21992893205246	-0.520759577082032	0.138518716181062	-3.75948890835322	0.000291036916847586	0.0411906133837507	-0.509398779498034	0.732187232189753	org.Hs.eg.db
NTM3_ASD_signed	200	ASD_up	162	EVC2	ENSG00000173040	ENSG00000173040.12_1	3.53572295543524	0.634531314868388	0.483767247119507	0.1286864325166	3.7592715693405	0.000291257451127267	0.0411906133837507	0.497333580762876	0.684500483305444	org.Hs.eg.db
NTM3_ASD_signed	200	ASD_down	163	PANX2	ENSG00000073150	ENSG00000073150.13_2	-3.53306625888345	-1.21914599026519	-0.299691581504195	0.0797578978267041	-3.75751605383779	0.000293044612259801	0.0411906133837507	4.77154023333849	0.45440359379966	org.Hs.eg.db
NTM3_ASD_signed	200	ASD_up	164	H2BC21	ENSG00000184678	ENSG00000184678.10_1	3.52904005485231	0.632778830706328	0.298110245199431	0.0793932863775931	3.75485458281225	0.000295773966251242	0.0411906133837507	4.46130364732883	0.424693203124837	org.Hs.eg.db
NTM3_ASD_signed	200	ASD_down	165	LINC02192	ENSG00000261325	ENSG00000261325.1_1	-3.52383279524289	-1.21672466159357	-0.900732661244131	0.240105058460582	-3.75141059925651	0.000299341688980859	0.0411906133837507	0.477280653441513	1.28317869718481	org.Hs.eg.db
NTM3_ASD_signed	200	ASD_up	166	LCTL	ENSG00000188501	ENSG00000188501.11_1	3.5202019620474	0.630461181734714	0.6874353830841	0.18336460640338	3.74900803687177	0.00030185476642514	0.0411906133837507	-1.76375335286599	1.14163089482153	org.Hs.eg.db
NTM3_ASD_signed	200	ASD_up	167	ELL3	ENSG00000128886	ENSG00000128886.11_2	3.51906529696569	0.63016310943384	0.279001927129972	0.0744351373462667	3.74825569048225	0.000302645836036994	0.0411906133837507	-0.487288039402179	0.397503621055142	org.Hs.eg.db
NTM3_ASD_signed	200	ASD_up	168	LHFPL1	ENSG00000182508	ENSG00000182508.13_1	3.51852635751975	0.630021781154059	0.518528978153027	0.138351910407659	3.74789893847626	0.000303021638706586	0.0411906133837507	0.57180443328867	0.778363315046302	org.Hs.eg.db
NTM3_ASD_signed	200	ASD_up	169	MAML2	ENSG00000184384	ENSG00000184384.13_2	3.5151711828091	0.629141940062847	0.328240969544735	0.0876319359760488	3.74567748491199	0.000305371721367427	0.0411906133837507	4.51303684823415	0.47997959267882	org.Hs.eg.db
NTM3_ASD_signed	200	ASD_down	170	ADGRB2	ENSG00000121753	ENSG00000121753.12_2	-3.50938857561023	-1.21293689521496	-0.280897487283386	0.0750692100370651	-3.7418468523206	0.000309464918961195	0.0411906133837507	8.11529108613564	0.453204614332569	org.Hs.eg.db
NTM3_ASD_signed	200	ASD_up	171	EEF1A1	ENSG00000156508	ENSG00000156508.17_2	3.50515097230627	0.626514299566206	0.211176417778855	0.0564788088003746	3.73903809701904	0.000312499284770137	0.0411906133837507	10.2893189383628	0.29691602500696	org.Hs.eg.db
NTM3_ASD_signed	200	ASD_down	172	N4BP3	ENSG00000145911	ENSG00000145911.5_1	-3.50454542725897	-1.21166685675265	-0.30281916750466	0.0809972185571029	-3.73863662109796	0.000312935312370225	0.0411906133837507	4.41414763287647	0.530125329920209	org.Hs.eg.db
NTM3_ASD_signed	200	ASD_up	173	FNDC3B	ENSG00000075420	ENSG00000075420.12_1	3.50231578382987	0.625770816577093	0.304782623751357	0.0815546501044026	3.73715813091207	0.000314546035796567	0.0411906133837507	4.75922841209363	0.428169531697362	org.Hs.eg.db
NTM3_ASD_signed	200	ASD_down	174	LOC153910	ENSG00000236366	ENSG00000236366.2_1	-3.50216799074943	-1.21104341192094	-0.65942297562366	0.176455008830876	-3.737060115169	0.000314653095960662	0.0411906133837507	-2.71035913217953	1.01992840229976	org.Hs.eg.db
NTM3_ASD_signed	200	ASD_up	175	PYCR1	ENSG00000183010	ENSG00000183010.16_2	3.50041061690305	0.625271216916152	0.249407715491782	0.0667598389335142	3.73589450597934	0.000315928920173514	0.0411906133837507	2.5483743716776	0.410019704002468	org.Hs.eg.db
NTM3_ASD_signed	200	ASD_down	176	NGEF	ENSG00000066248	ENSG00000066248.14_1	-3.49955670975169	-1.21035864509935	-0.413180511672506	0.110614250161614	-3.7353280528397	0.000316550708760231	0.0411906133837507	7.85118973644476	0.619424676764687	org.Hs.eg.db
NTM3_ASD_signed	200	ASD_down	177	PRRT3	ENSG00000163704	ENSG00000163704.11_1	-3.49731009797539	-1.20976950696877	-0.276919128481091	0.0741647517321084	-3.73383746339979	0.000318192473031401	0.0411906133837507	5.17752521227323	0.412749735823139	org.Hs.eg.db
NTM3_ASD_signed	200	ASD_up	178	SLC16A9	ENSG00000165449	ENSG00000165449.11_1	3.49675533939778	0.624312678650255	0.50285723960153	0.134688996999602	3.73346933159666	0.000318599185068011	0.0411906133837507	3.19614467927733	0.70587794778126	org.Hs.eg.db
NTM3_ASD_signed	200	ASD_up	179	PCDHGB6	ENSG00000253305	ENSG00000253305.2_2	3.48911941149687	0.622310278263936	0.29392842257418	0.0788350055911029	3.72839984433707	0.000324250450765811	0.0411906133837507	3.65894774899354	0.444512548119705	org.Hs.eg.db
NTM3_ASD_signed	200	ASD_up	180	ZFAS1	ENSG00000177410	ENSG00000177410.12_1	3.48827364234565	0.622088488784372	0.264993747634586	0.0710851015754108	3.72783806679191	0.000324882529342646	0.0411906133837507	3.7981018239558	0.380059635307267	org.Hs.eg.db
NTM3_ASD_signed	200	ASD_up	181	RPS11	ENSG00000142534	ENSG00000142534.6_2	3.48485269496908	0.621191399859842	0.228276748791643	0.0612730508318155	3.72556524757068	0.000327451741902503	0.0411906133837507	7.39038552786404	0.32004197174081	org.Hs.eg.db
NTM3_ASD_signed	200	ASD_up	182	DDIT4L	ENSG00000145358	ENSG00000145358.6_2	3.4845941930119	0.621123611841719	0.526865216029901	0.141425387863391	3.72539346711089	0.000327646706647804	0.0411906133837507	1.70496550295971	0.762773251218893	org.Hs.eg.db
NTM3_ASD_signed	200	ASD_up	183	LYPLAL1-DT	ENSG00000228063	ENSG00000228063.1_1	3.48084563378832	0.620140611931972	0.303351341639486	0.0814824968346058	3.72290189211104	0.00033048698890015	0.0411906133837507	-1.49241226167382	0.425944275679442	org.Hs.eg.db
NTM3_ASD_signed	200	ASD_up	184	PNP	ENSG00000198805	ENSG00000198805.11_2	3.47911374691331	0.619686452202783	0.627838143729892	0.168694318071443	3.72175038796506	0.000331807541811681	0.0411906133837507	2.75936809016785	0.890532222546517	org.Hs.eg.db
NTM3_ASD_signed	200	ASD_down	185	CACNB1	ENSG00000067191	ENSG00000067191.15_1	-3.47161258955423	-1.2030307449666	-0.303006396985058	0.0815243300619087	-3.71676034326143	0.000337588318527892	0.0411906133837507	6.53617623484495	0.442813836890576	org.Hs.eg.db
NTM3_ASD_signed	200	ASD_down	186	BCL11B	ENSG00000127152	ENSG00000127152.17_1	-3.46962817893975	-1.2025103649116	-0.275125537168543	0.0740492573312718	-3.71543952071961	0.00033913438165882	0.0411906133837507	4.56007302384289	0.400397515425408	org.Hs.eg.db
NTM3_ASD_signed	200	ASD_down	187	KLF13	ENSG00000169926	ENSG00000169926.10_2	-3.46890176256176	-1.2023198737945	-0.182131243430799	0.0490264881271413	-3.71495594296851	0.000339702104537109	0.0411906133837507	7.25386047168533	0.304166748549271	org.Hs.eg.db
NTM3_ASD_signed	200	ASD_up	188	CAPN8	ENSG00000203697	ENSG00000203697.11_2	3.46750166028192	0.616641367563641	0.57518591594726	0.154868668217888	3.71402377618447	0.000340799021943528	0.0411906133837507	-2.67937125636819	0.96458116769947	org.Hs.eg.db
NTM3_ASD_signed	200	ASD_up	189	RIPK2	ENSG00000104312	ENSG00000104312.7_1	3.46485809292967	0.615948134160172	0.220283567199726	0.0593394240275603	3.71226331919593	0.000342879805285143	0.0411906133837507	2.73748908233821	0.325335808579622	org.Hs.eg.db
NTM3_ASD_signed	200	ASD_down	190	KCNF1	ENSG00000162975	ENSG00000162975.4_2	-3.46274379623636	-1.20070504527478	-0.365114243638117	0.0983908694095352	-3.71085493836213	0.000344553133382817	0.0411906133837507	5.73828624389416	0.619627768214515	org.Hs.eg.db
NTM3_ASD_signed	200	ASD_up	191	ENO3	ENSG00000108515	ENSG00000108515.17_2	3.46211433818887	0.615228628210896	0.279757428090697	0.0753974627452075	3.71043557574462	0.000345052884127323	0.0411906133837507	0.190439916055159	0.395405098842074	org.Hs.eg.db
NTM3_ASD_signed	200	ASD_up	192	NUPR1	ENSG00000176046	ENSG00000176046.8_1	3.46040253172887	0.614779734250492	0.61264494036532	0.165164794289977	3.70929496808933	0.000346415621592166	0.0411906133837507	2.09652832575576	0.915960668739339	org.Hs.eg.db
NTM3_ASD_signed	200	ASD_up	193	C4B	ENSG00000224389	ENSG00000224389.8_1	3.45793567959398	0.614132841596186	0.741936836419673	0.200109682337001	3.70765086304115	0.000348388908730367	0.0411906133837507	4.22823742271765	1.06491427580496	org.Hs.eg.db
NTM3_ASD_signed	200	ASD_up	194	MGST1	ENSG00000008394	ENSG00000008394.12_2	3.45555374496255	0.613508217203702	0.555516928333663	0.149894090311193	3.70606290868681	0.000350304934560341	0.0411906133837507	3.43954136948241	0.817541853844516	org.Hs.eg.db
NTM3_ASD_signed	200	ASD_up	195	H3-3A	ENSG00000163041	ENSG00000163041.9_1	3.45287427814487	0.612805569737608	0.177483232646638	0.0479130682965336	3.70427607658511	0.00035247289198512	0.0411906133837507	5.15695859886548	0.280387781977865	org.Hs.eg.db
NTM3_ASD_signed	200	ASD_up	196	SLC25A43	ENSG00000077713	ENSG00000077713.18_2	3.44768609884499	0.611445052408322	0.294362809424514	0.0795400021174646	3.70081470440244	0.000356708863775596	0.0411906133837507	1.97513582802465	0.432410992008956	org.Hs.eg.db
NTM3_ASD_signed	200	ASD_up	197	PCDHGB7	ENSG00000254122	ENSG00000254122.2_2	3.44765391182497	0.611436611875338	0.271871874470874	0.073463135610819	3.70079322384431	0.000356735301645035	0.0411906133837507	4.02814228997911	0.43298141147254	org.Hs.eg.db
NTM3_ASD_signed	200	ASD_up	198	GNG12	ENSG00000172380	ENSG00000172380.5_1	3.44756447097343	0.61141315743758	0.447276349088247	0.120861538674528	3.70073353354149	0.000356808777123597	0.0411906133837507	4.44369868975626	0.629374955250808	org.Hs.eg.db
NTM3_ASD_signed	200	ASD_down	199	CHGA	ENSG00000100604	ENSG00000100604.12_2	-3.44278448125473	-1.19547103304359	-0.448107915704041	0.121190737755711	-3.69754260104688	0.000360757624669602	0.0411906133837507	7.28780854715954	0.6263541456081	org.Hs.eg.db
NTM3_ASD_signed	200	ASD_up	200	CNN3	ENSG00000117519	ENSG00000117519.15_1	3.44212426536059	0.609986550224655	0.429860921131936	0.116269703351187	3.69710172764062	0.000361306466662468	0.0411906133837507	6.52695286070209	0.607143353705998	org.Hs.eg.db
NTM1_ASD_up	500	ASD_up	1	PGAM2	ENSG00000164708	ENSG00000164708.5_1	7.20971851829502	7.24387697905443	0.713980108592849	0.121699099027351	5.86676577147367	6.16994768556818e-08	0.000916402834212062	0.948570559944864	0.742747373437745	org.Hs.eg.db
NTM1_ASD_up	500	ASD_up	2	PCDHGA6	ENSG00000253731	ENSG00000253731.2_2	6.01412271071827	5.0886022769379	0.251492235338014	0.0480683186984918	5.23197486717804	9.6800430618953e-07	0.00617984369209139	3.68471601695383	0.290765598931853	org.Hs.eg.db
NTM1_ASD_up	500	ASD_up	3	PIRT	ENSG00000233670	ENSG00000233670.6_1	5.05062106677198	3.35171870350516	0.941053921046187	0.200597870543318	4.69124581680429	8.89977307527947e-06	0.0252465006095842	0.558546109744905	1.13034169090096	org.Hs.eg.db
NTM1_ASD_up	500	ASD_up	4	ARHGAP6	ENSG00000047648	ENSG00000047648.21_2	5.01938156206294	3.29540392406267	0.355895259312581	0.0761572922465021	4.67316062341919	9.56353469893258e-06	0.0252465006095842	2.61302620792832	0.410121874457749	org.Hs.eg.db
NTM1_ASD_up	500	ASD_up	5	PITPNA-AS1	ENSG00000236618	ENSG00000236618.2_1	4.87958528763785	3.04339620388739	0.314571318828804	0.0685080288170579	4.59174383295755	1.3195161569819e-05	0.0252465006095842	0.53507835456182	0.390853332546864	org.Hs.eg.db
NTM1_ASD_up	500	ASD_up	6	H1-2	ENSG00000187837	ENSG00000187837.3_1	4.84856990719471	2.98748544841133	0.364997519589538	0.0798058194535844	4.57357022443487	1.41719657082656e-05	0.0252465006095842	5.05447640789812	0.451399507309904	org.Hs.eg.db
NTM1_ASD_up	500	ASD_up	7	FAH	ENSG00000103876	ENSG00000103876.11_2	4.75124265057912	2.81203570805541	0.341422108690389	0.0755982207320324	4.51627175063555	1.77319847621979e-05	0.0252465006095842	2.38273760664979	0.419928514510813	org.Hs.eg.db
NTM1_ASD_up	500	ASD_up	8	BTG1	ENSG00000133639	ENSG00000133639.4_2	4.70597123337315	2.73042590345868	0.352970981657495	0.0786218416114411	4.48947740758759	1.96801664210095e-05	0.0252465006095842	4.28056713494804	0.438643012735124	org.Hs.eg.db
NTM1_ASD_up	500	ASD_up	9	CXCL5	ENSG00000163735	ENSG00000163735.6_1	4.70202457051339	2.72331133968595	0.613055562950394	0.136625099412451	4.48713717747914	1.9859825558299e-05	0.0252465006095842	-0.842256162110143	0.741164569439205	org.Hs.eg.db
NTM1_ASD_up	500	ASD_up	10	FTL	ENSG00000087086	ENSG00000087086.14_2	4.67509714484616	2.67476985186379	0.462301144410212	0.103396442915849	4.47115134111977	2.11301633844375e-05	0.0252465006095842	8.72792724362507	0.568709047055966	org.Hs.eg.db
NTM1_ASD_up	500	ASD_up	11	GADD45G	ENSG00000130222	ENSG00000130222.10_1	4.63056622604224	2.5944949277198	0.669729607493109	0.150682458640244	4.44464215368357	2.34117443968761e-05	0.0252465006095842	1.41845481831653	0.807248941840204	org.Hs.eg.db
NTM1_ASD_up	500	ASD_up	12	MTMR11	ENSG00000014914	ENSG00000014914.19_1	4.57292011111706	2.49057752320385	0.373333405371863	0.084652482731958	4.41018849445892	2.67349815596139e-05	0.0252465006095842	2.36299823969209	0.464323871888151	org.Hs.eg.db
NTM1_ASD_up	500	ASD_up	13	H4C14	ENSG00000270882	ENSG00000270882.2_1	4.55987022516043	2.46705277605301	0.329859187455614	0.0749276874941237	4.4023671153802	2.75505183835707e-05	0.0252465006095842	3.30063549458367	0.40915074759878	org.Hs.eg.db
NTM1_ASD_up	500	ASD_up	14	PLEKHA4	ENSG00000105559	ENSG00000105559.11_1	4.55023103057427	2.44967640846402	0.737325413987447	0.167704130537728	4.39658469724794	2.81688404169933e-05	0.0252465006095842	0.526121254816732	0.953575110503336	org.Hs.eg.db
NTM1_ASD_up	500	ASD_up	15	HNRNPH1	ENSG00000169045	ENSG00000169045.13	4.54444093479356	2.43923872803732	0.141671355397032	0.0322485397555073	4.39310916001517	2.85469073293072e-05	0.0252465006095842	7.04029351392028	0.186677360345628	org.Hs.eg.db
NTM1_ASD_up	500	ASD_up	16	BCCIP	ENSG00000107949	ENSG00000107949.16_2	4.53898953614708	2.42941160960861	0.221543837258979	0.0504674581740101	4.38983545585164	2.89074953099052e-05	0.0252465006095842	4.45886958139924	0.269474371068835	org.Hs.eg.db
NTM1_ASD_up	500	ASD_up	17	ABCA1	ENSG00000165029	ENSG00000165029.15_1	4.51075268234858	2.37850964401655	0.504615612106569	0.115397274754528	4.37285553909297	3.08494423312607e-05	0.0252465006095842	5.5856756749042	0.618716008748952	org.Hs.eg.db
NTM1_ASD_up	500	ASD_up	18	CSTB	ENSG00000160213	ENSG00000160213.5_1	4.50543993966292	2.36893247768937	0.27780152748036	0.063575141504487	4.36965645543634	3.12291425678066e-05	0.0252465006095842	3.57244665341182	0.375702203668638	org.Hs.eg.db
NTM1_ASD_up	500	ASD_up	19	ARMCX6	ENSG00000198960	ENSG00000198960.10_2	4.49773909292779	2.35505032784581	0.202123361081816	0.0463052869339183	4.3650169228033	3.178783185255e-05	0.0252465006095842	2.6943427082717	0.262357388374559	org.Hs.eg.db
NTM1_ASD_up	500	ASD_up	20	IGFBP5	ENSG00000115461	ENSG00000115461.4_2	4.48773048332092	2.33700802378925	0.345943619137745	0.0793633844090669	4.35898269351303	3.25289104327063e-05	0.0252465006095842	6.5019623306624	0.424364698302647	org.Hs.eg.db
NTM1_ASD_up	500	ASD_up	21	TMEM176A	ENSG00000002933	ENSG00000002933.7_2	4.44560789496208	2.26107454484751	0.584072234267297	0.134779700725371	4.3335326545754	3.58419892333066e-05	0.0267612442010097	1.50944746309793	0.745226173073056	org.Hs.eg.db
NTM1_ASD_up	500	ASD_up	22	HMGN1	ENSG00000205581	ENSG00000205581.10_1	4.41438035214001	2.20478132883994	0.189724548085968	0.0439726021818793	4.31460815762576	3.85140906144277e-05	0.0267612442010097	5.42821967697533	0.239523117274098	org.Hs.eg.db
NTM1_ASD_up	500	ASD_up	23	SLC2A4RG	ENSG00000125520	ENSG00000125520.13_2	4.36586526979047	2.11732423924794	0.319979311705607	0.0746723857837495	4.28510899105679	4.3066019252224e-05	0.0267612442010097	2.65727238384527	0.472861406161148	org.Hs.eg.db
NTM1_ASD_up	500	ASD_up	24	UXT-AS1	ENSG00000267064	ENSG00000267064.1_1	4.35895711628577	2.10487106034527	0.570022008523745	0.133154751994863	4.28089872861418	4.37565309712027e-05	0.0267612442010097	-2.1283168428756	0.713547702082612	org.Hs.eg.db
NTM1_ASD_up	500	ASD_up	25	EMP3	ENSG00000142227	ENSG00000142227.10_2	4.35891209592947	2.10478990312274	0.734525738125885	0.17158323380666	4.28087128229294	4.37610671483944e-05	0.0267612442010097	0.809312583671095	0.92778704343466	org.Hs.eg.db
NTM1_ASD_up	500	ASD_up	26	FOXJ1	ENSG00000129654	ENSG00000129654.7_1	4.35077776535989	2.09012632134689	0.994372733552641	0.232552278049839	4.27591052597444	4.45884355372326e-05	0.0267612442010097	0.102948818038827	1.31395617382119	org.Hs.eg.db
NTM1_ASD_up	500	ASD_up	27	RPS3	ENSG00000149273	ENSG00000149273.14_2	4.34432605971197	2.07849597112288	0.202645419350223	0.0474360199362311	4.2719734839188	4.52557680964087e-05	0.0267612442010097	6.67163446446257	0.257008565470464	org.Hs.eg.db
NTM1_ASD_up	500	ASD_up	28	SNHG19	ENSG00000260260	ENSG00000260260.1_1	4.33245991305077	2.05710512519619	0.332496038206217	0.077964207468487	4.26472671245471	4.65093303977122e-05	0.0268629239478507	0.620298846191747	0.434843020777338	org.Hs.eg.db
NTM1_ASD_up	500	ASD_up	29	GTF2A1L	ENSG00000242441	ENSG00000242441.7_2	4.29489688255692	1.98939106259646	0.989233883024591	0.23321428855178	4.24173788479068	5.07111100761178e-05	0.0286241165875105	-0.870336204239481	1.29631258213786	org.Hs.eg.db
NTM1_ASD_up	500	ASD_up	30	DDR2	ENSG00000162733	ENSG00000162733.16_1	4.25581641962911	1.9189415573694	0.480240879123992	0.113862112132598	4.21774082817583	5.54860208032488e-05	0.0303308541132105	5.06216053169138	0.617327173644864	org.Hs.eg.db
NTM1_ASD_up	500	ASD_up	31	NABP1	ENSG00000173559	ENSG00000173559.12_1	4.2327175690044	1.87730175896604	0.497937421816289	0.118457293198103	4.20351848647732	5.85170509336777e-05	0.0309219037657196	2.81578619395434	0.622937019235802	org.Hs.eg.db
NTM1_ASD_up	500	ASD_up	32	PABPC1	ENSG00000070756	ENSG00000070756.14_2	4.18268487204014	1.78710889833341	0.193139276718626	0.0462873745692652	4.17261247836835	6.56621543950644e-05	0.0325916229894719	6.75903851666304	0.276749233943626	org.Hs.eg.db
NTM1_ASD_up	500	ASD_up	33	GHRHR	ENSG00000106128	ENSG00000106128.18_1	4.16103189753518	1.74807554953746	0.569385509713126	0.136898038216293	4.15919407708035	6.90189109804681e-05	0.0325916229894719	-2.21236296135965	0.745914979151765	org.Hs.eg.db
NTM1_ASD_up	500	ASD_up	34	DZIP1L	ENSG00000158163	ENSG00000158163.14_2	4.14734839405979	1.72340859379042	0.393054254619324	0.0946958771021297	4.15070081874224	7.1228140377018e-05	0.0325916229894719	1.5564467171626	0.527540106634601	org.Hs.eg.db
NTM1_ASD_up	500	ASD_up	35	UBE2L6	ENSG00000156587	ENSG00000156587.15_2	4.09636713253115	1.63150577633461	0.321441091450869	0.0780393148109279	4.11896352793012	8.01000648083738e-05	0.0344970382948302	4.29077748760395	0.422095125173943	org.Hs.eg.db
NTM1_ASD_up	500	ASD_up	36	LONRF3	ENSG00000175556	ENSG00000175556.16_1	4.09586529067049	1.63060111686702	0.453742573177275	0.110167781104028	4.11865037699923	8.01926766213366e-05	0.0344970382948302	2.68217649365354	0.600659964107298	org.Hs.eg.db
NTM1_ASD_up	500	ASD_up	37	GFPT2	ENSG00000131459	ENSG00000131459.12_2	4.08154082031066	1.60477870398123	0.319746002345866	0.0778026515815847	4.10970572141204	8.28818010151534e-05	0.0344970382948302	4.03643534121793	0.417627461677931	org.Hs.eg.db
NTM1_ASD_up	500	ASD_up	38	ZNF217	ENSG00000171940	ENSG00000171940.13_2	4.07197000536311	1.58752560288773	0.420370976605414	0.102436495030588	4.1037227648202	8.47285930095282e-05	0.0344970382948302	2.98836774767286	0.569707235118933	org.Hs.eg.db
NTM1_ASD_up	500	ASD_up	39	CD99	ENSG00000002586	ENSG00000002586.18_2	4.04092295329309	1.53155775365493	0.508244260762121	0.124439205771975	4.08427760052919	9.100747115709e-05	0.0356630831004443	3.72944795094798	0.767367124416675	org.Hs.eg.db
NTM1_ASD_up	500	ASD_up	40	TGIF1	ENSG00000177426	ENSG00000177426.20_2	4.03372049260923	1.51857403356614	0.655944890343528	0.160780323342357	4.07975849723099	9.25293491570703e-05	0.0356630831004443	1.67601587046876	0.851559314774355	org.Hs.eg.db
NTM1_ASD_up	500	ASD_up	41	CHI3L2	ENSG00000064886	ENSG00000064886.13_2	4.02488209421331	1.50264124394841	1.565645621764	0.38428213213023	4.07420874107521	9.44317212380473e-05	0.0356630831004443	-1.20951603053729	1.99711916998321	org.Hs.eg.db
NTM1_ASD_up	500	ASD_up	42	DDAH2	ENSG00000213722	ENSG00000213722.8_2	4.01525259993605	1.48528236289646	0.361461169461524	0.08885133330112	4.0681569542296	9.65489155440757e-05	0.0356630831004443	3.53071060173477	0.493755749350724	org.Hs.eg.db
NTM1_ASD_up	500	ASD_up	43	RAB20	ENSG00000139832	ENSG00000139832.4_1	4.00359439238769	1.46426636431083	0.682260732270652	0.168010467146562	4.06082278002055	9.91757760729429e-05	0.0356630831004443	0.438925610291704	0.944944499772304	org.Hs.eg.db
NTM1_ASD_up	500	ASD_up	44	MDK	ENSG00000110492	ENSG00000110492.15_2	3.99980525018311	1.45743575961609	0.545700407958178	0.134460722373395	4.05843727689323	0.000100044852858411	0.0356630831004443	1.64595742093981	0.70863107106356	org.Hs.eg.db
NTM1_ASD_up	500	ASD_up	45	TMEM176B	ENSG00000106565	ENSG00000106565.17_2	3.98693579140637	1.43423626463989	0.574074045624391	0.141735175018517	4.05032868904554	0.000103053846991277	0.0356630831004443	2.31726835442629	0.754372203415758	org.Hs.eg.db
NTM1_ASD_up	500	ASD_up	46	GDPD2	ENSG00000130055	ENSG00000130055.13_1	3.97583184533899	1.41421942123761	0.523029880822324	0.129356396814726	4.04332444085811	0.00010572267780518	0.0356630831004443	0.965238897410035	0.727379210079485	org.Hs.eg.db
NTM1_ASD_up	500	ASD_up	47	SMAD1	ENSG00000170365	ENSG00000170365.9_2	3.9726439599843	1.40847268926124	0.204734166158207	0.0506603195452503	4.04131217481438	0.000106501577359976	0.0356630831004443	3.77238734535422	0.27989967522337	org.Hs.eg.db
NTM1_ASD_up	500	ASD_up	48	LRAT	ENSG00000121207	ENSG00000121207.11_2	3.94902302919565	1.3658917482387	0.53318387149439	0.132422549141718	4.02638277959579	0.000112454534147699	0.0356630831004443	0.635945035148851	0.793827411816159	org.Hs.eg.db
NTM1_ASD_up	500	ASD_up	49	RPL18A	ENSG00000105640	ENSG00000105640.12_1	3.94595963527571	1.36036943427906	0.236505588892587	0.0587672692090097	4.02444408385626	0.000113250561705432	0.0356630831004443	5.87678581410606	0.353931435809554	org.Hs.eg.db
NTM1_ASD_up	500	ASD_up	50	EIF4EBP1	ENSG00000187840	ENSG00000187840.4_1	3.93977277863401	1.34921652163	0.455226064923487	0.113225473815557	4.02052691486232	0.000114875448865983	0.0356630831004443	0.993730738687919	0.626002622983772	org.Hs.eg.db
NTM1_ASD_up	500	ASD_up	51	NT5C2	ENSG00000076685	ENSG00000076685.18_2	3.92455628271224	1.32178607355783	0.175072606174828	0.0436493965786208	4.01088262146968	0.000118971713690308	0.0364787837186727	5.74595059363296	0.243393303342238	org.Hs.eg.db
NTM1_ASD_up	500	ASD_up	52	RPS27L	ENSG00000185088	ENSG00000185088.13_1	3.88131043466562	1.24382771867253	0.250196436088993	0.0628098594835527	3.98339429742729	0.000131428504246666	0.0372539650119464	3.61188466614259	0.354040129362653	org.Hs.eg.db
NTM1_ASD_up	500	ASD_up	53	LINC01354	ENSG00000231768	ENSG00000231768.1_1	3.84929218893059	1.1861091196263	0.792684811861216	0.200023098389172	3.96296636860879	0.000141484156859056	0.0372539650119464	0.450614736798521	1.0746484042503	org.Hs.eg.db
NTM1_ASD_up	500	ASD_up	54	C10orf105	ENSG00000214688	ENSG00000214688.4_1	3.84742043174694	1.18273494343661	0.783339451688793	0.197724608852758	3.96177014198638	0.00014209525255241	0.0372539650119464	0.497655106252142	1.15492192656819	org.Hs.eg.db
NTM1_ASD_up	500	ASD_up	55	H2AC6	ENSG00000180573	ENSG00000180573.9_1	3.84058470352856	1.17041232403108	0.254437148260001	0.0642940254786941	3.95739956186624	0.000144349504177296	0.0372539650119464	4.95260319290405	0.340201854042952	org.Hs.eg.db
NTM1_ASD_up	500	ASD_up	56	INTS4	ENSG00000149262	ENSG00000149262.16_2	3.83570222826705	1.1616107914829	0.119572003211259	0.0302386589558639	3.9542759943748	0.000145981483159815	0.0372539650119464	4.00400388282668	0.160017003697186	org.Hs.eg.db
NTM1_ASD_up	500	ASD_up	57	MARCHF3	ENSG00000173926	ENSG00000173926.5_1	3.83225933588053	1.15540436384595	0.45866329138512	0.116056396811583	3.95207247498608	0.000147143358387345	0.0372539650119464	1.6071820629764	0.609194323253148	org.Hs.eg.db
NTM1_ASD_up	500	ASD_up	58	H2AJ	ENSG00000246705	ENSG00000246705.4_2	3.83118709002056	1.15347144942638	0.339220254158817	0.0858484210431744	3.95138605971819	0.000147507094954826	0.0372539650119464	1.87700414086441	0.491753753872205	org.Hs.eg.db
NTM1_ASD_up	500	ASD_up	59	TNFRSF11B	ENSG00000164761	ENSG00000164761.8_1	3.8115604507069	1.11809093125108	0.795915363214007	0.202070080565811	3.93880856079923	0.000154326159732184	0.0372539650119464	0.244994626345994	1.07784216709404	org.Hs.eg.db
NTM1_ASD_up	500	ASD_up	60	WEE1	ENSG00000166483	ENSG00000166483.10_1	3.80965726943861	1.11466010754367	0.612185861018709	0.155472315556158	3.93758759447807	0.000155003937518002	0.0372539650119464	0.684207715615492	0.809426070743201	org.Hs.eg.db
NTM1_ASD_up	500	ASD_up	61	ADIRF	ENSG00000148671	ENSG00000148671.13_2	3.80619456135892	1.10841795858524	0.466649899799496	0.118578540463421	3.93536552208995	0.000156244751858095	0.0372539650119464	3.18167615293984	0.665942585135971	org.Hs.eg.db
NTM1_ASD_up	500	ASD_up	62	ZC3HAV1	ENSG00000105939	ENSG00000105939.12_2	3.80390067831273	1.10428282523355	0.526527599562582	0.133843902256992	3.93389307008999	0.000157072198209482	0.0372539650119464	4.27932670577443	0.705892913375644	org.Hs.eg.db
NTM1_ASD_up	500	ASD_up	63	ALPK1	ENSG00000073331	ENSG00000073331.17_2	3.79968757090355	1.09668794763463	0.397561638762118	0.101130157816536	3.93118776184797	0.000158603376624594	0.0372539650119464	2.53203762911149	0.537718550592709	org.Hs.eg.db
NTM1_ASD_up	500	ASD_up	64	OST4	ENSG00000228474	ENSG00000228474.5_1	3.79860328355859	1.09473332629053	0.213299084242749	0.0542677915115339	3.93049133384053	0.000158999850671055	0.0372539650119464	4.40050721010616	0.284061019343084	org.Hs.eg.db
NTM1_ASD_up	500	ASD_up	65	SYNC	ENSG00000162520	ENSG00000162520.14_2	3.77403983331961	1.05045332584116	0.310158011161733	0.0792291905812409	3.91469367396477	0.000168251973394281	0.0374011441735603	2.45992242935763	0.428954462807755	org.Hs.eg.db
NTM1_ASD_up	500	ASD_up	66	H2BC18	ENSG00000203814	ENSG00000203814.6_2	3.7729787401893	1.04854051620612	0.376057400545471	0.0960798177174045	3.91401034556032	0.000168663558843564	0.0374011441735603	3.76501177647928	0.517198763397746	org.Hs.eg.db
NTM1_ASD_up	500	ASD_up	67	MOB3C	ENSG00000142961	ENSG00000142961.14_2	3.76289742094555	1.03036714005983	0.327374549750564	0.0837807663770904	3.90751438435258	0.000172624557787078	0.0379407390902644	3.24485793726354	0.462874674295493	org.Hs.eg.db
NTM1_ASD_up	500	ASD_up	68	RPS19	ENSG00000105372	ENSG00000105372.6_2	3.75600958749704	1.01795059168295	0.250405674284513	0.064156043584108	3.90307226405309	0.00017538417835545	0.0381120840792415	6.32698121275421	0.353182998979438	org.Hs.eg.db
NTM1_ASD_up	500	ASD_up	69	INTS12	ENSG00000138785	ENSG00000138785.14_2	3.75332111291757	1.01310413670904	0.126773744440639	0.0324949438545355	3.90133754371589	0.000176473251292993	0.0381120840792415	3.19113215123764	0.168191438802619	org.Hs.eg.db
NTM1_ASD_up	500	ASD_up	70	GLIS3	ENSG00000107249	ENSG00000107249.21_2	3.72741520190745	0.966404111264364	0.469860288994217	0.120954706505134	3.88459699147195	0.000187320279919499	0.0388118822145941	3.82460856531684	0.659011947856178	org.Hs.eg.db
NTM1_ASD_up	500	ASD_up	71	ROM1	ENSG00000149489	ENSG00000149489.8_2	3.71908518737016	0.951387774232471	0.425897274695165	0.109789850481642	3.87920443307627	0.000190947867535631	0.0388118822145941	2.76472326193563	0.623747808455629	org.Hs.eg.db
NTM1_ASD_up	500	ASD_up	72	H4C15	ENSG00000270276	ENSG00000270276.2_1	3.71586232841559	0.945577996104075	0.294799261929829	0.0760356927946523	3.87711679994797	0.000192370144665813	0.0388118822145941	3.33980818608408	0.405687546624227	org.Hs.eg.db
NTM1_ASD_up	500	ASD_up	73	NQO1	ENSG00000181019	ENSG00000181019.12_1	3.71394455929174	0.942120875184987	0.645649414007967	0.166581622239611	3.87587421305853	0.000193221496193929	0.0388118822145941	4.00863965315402	0.885393227360743	org.Hs.eg.db
NTM1_ASD_up	500	ASD_up	74	KIFC1	ENSG00000237649	ENSG00000237649.7_1	3.70909724606816	0.933382728482055	0.74057406041986	0.191227792771376	3.87273235593563	0.000195390189426016	0.0388118822145941	-1.93603328471035	1.01451042134883	org.Hs.eg.db
NTM1_ASD_up	500	ASD_up	75	HMOX1	ENSG00000100292	ENSG00000100292.16_1	3.70239104088511	0.92129359745079	0.910722711137767	0.235427235699969	3.86838297799327	0.000198430743258728	0.0388118822145941	1.9020994473234	1.25118104689064	org.Hs.eg.db
NTM1_ASD_up	500	ASD_up	76	MICA	ENSG00000204520	ENSG00000204520.12_2	3.69482416074067	0.907652946282638	0.411647434293494	0.106548583015895	3.86347169189557	0.000201918373511818	0.0388118822145941	1.70125235531754	0.575747274069591	org.Hs.eg.db
NTM1_ASD_up	500	ASD_up	77	POLR2J	ENSG00000005075	ENSG00000005075.15_1	3.68162805578246	0.883864613300313	0.185399495419851	0.0480945355040944	3.85489730749281	0.000208147857133829	0.0388118822145941	3.58089986054731	0.267223965917092	org.Hs.eg.db
NTM1_ASD_up	500	ASD_up	78	VIM-AS1	ENSG00000229124	ENSG00000229124.6_1	3.68003236524138	0.880988096475977	0.656809422304202	0.170428993120319	3.85385966483126	0.000208914043453093	0.0388118822145941	-2.13257655162915	0.891703999282177	org.Hs.eg.db
NTM1_ASD_up	500	ASD_up	79	CRTC3-AS1	ENSG00000259736	ENSG00000259736.1_1	3.67942236667132	0.879888465247729	0.427755359113637	0.111005442306451	3.85346294943576	0.000209207684778309	0.0388118822145941	-1.96207443216132	0.613564793175124	org.Hs.eg.db
NTM1_ASD_up	500	ASD_up	80	SRGAP1	ENSG00000196935	ENSG00000196935.8_2	3.6732660751797	0.868790651733608	0.342448834337008	0.0889602791730996	3.84945773012547	0.000212194403187379	0.0388118822145941	4.52713663963389	0.483158042099047	org.Hs.eg.db
NTM1_ASD_up	500	ASD_up	81	SFMBT2	ENSG00000198879	ENSG00000198879.11_2	3.65644549800314	0.838468561078981	0.207304941885676	0.054006744742956	3.8385009663578	0.000220574092955311	0.0396852595019912	5.43932793336181	0.302264855512571	org.Hs.eg.db
NTM1_ASD_up	500	ASD_up	82	RPL13A	ENSG00000142541	ENSG00000142541.16_2	3.6557983365219	0.837301937074565	0.209092881032911	0.0544785243235303	3.8380790160757	0.000220903025217597	0.0396852595019912	7.79781586121237	0.295924883082592	org.Hs.eg.db
NTM1_ASD_up	500	ASD_up	83	HSPB1	ENSG00000106211	ENSG00000106211.8_1	3.65177222669989	0.830044155981384	0.893273906569804	0.232899172710858	3.83545332588533	0.00022296041974082	0.0396852595019912	4.58576350651043	1.26741221336996	org.Hs.eg.db
NTM1_ASD_up	500	ASD_up	84	DYNLT1	ENSG00000146425	ENSG00000146425.10_1	3.65032439099228	0.827434173867317	0.253540470897651	0.0661207165963035	3.83450881885672	0.000223704957733885	0.0396852595019912	2.99590641693545	0.353432800874617	org.Hs.eg.db
NTM1_ASD_up	500	ASD_up	85	CAPG	ENSG00000042493	ENSG00000042493.15_1	3.6457295239143	0.819151106370763	0.559786266664434	0.146100679989028	3.83151034414399	0.000226084337199819	0.0397540053972923	2.67345167700175	0.766204854225271	org.Hs.eg.db
NTM1_ASD_up	500	ASD_up	86	RPS16	ENSG00000105193	ENSG00000105193.8_1	3.64036472136277	0.809480092849391	0.304612250406441	0.0795746211367082	3.82800754882792	0.000228894458520406	0.0397540053972923	5.31429712749078	0.486780094034928	org.Hs.eg.db
NTM1_ASD_up	500	ASD_up	87	PDLIM3	ENSG00000154553	ENSG00000154553.13_1	3.63364084042349	0.797359098114681	0.358981532614304	0.0938853882206613	3.82361450932684	0.000232465848370877	0.0400098956182947	3.27475071354761	0.485571599952587	org.Hs.eg.db
NTM1_ASD_up	500	ASD_up	88	C4A	ENSG00000244731	ENSG00000244731.7_2	3.63154623058816	0.79358319027001	0.784555796504873	0.205260449247921	3.82224534429065	0.000233589743302171	0.0400098956182947	4.24305971325665	1.09628977544372	org.Hs.eg.db
NTM1_ASD_up	500	ASD_up	89	SLC44A3	ENSG00000143036	ENSG00000143036.16_1	3.62607545774037	0.783721146387663	0.51126485470009	0.133885657419918	3.8186678435358	0.000236550865969167	0.0402395705973303	1.48804511723006	0.711771688297028	org.Hs.eg.db
NTM1_ASD_up	500	ASD_up	90	RAD51B	ENSG00000182185	ENSG00000182185.18_2	3.6208483334971	0.774298322574687	0.292211429379508	0.0765904218197193	3.81524768289335	0.000239415170812818	0.0404497631449465	1.39304265954604	0.424997371278069	org.Hs.eg.db
NTM1_ASD_up	500	ASD_up	91	ARRDC4	ENSG00000140450	ENSG00000140450.8_1	3.60733665557234	0.749941113031253	0.304561787465855	0.0800131258712254	3.80639781472882	0.000246980886102291	0.0405451628606895	5.14686017447931	0.427069526565566	org.Hs.eg.db
NTM1_ASD_up	500	ASD_up	92	SUGCT	ENSG00000175600	ENSG00000175600.15_2	3.60202309465504	0.740362471695582	0.248220395757963	0.0652711048676155	3.8029139580433	0.000250021240334517	0.0405451628606895	0.41694022866971	0.348612278147808	org.Hs.eg.db
NTM1_ASD_up	500	ASD_up	93	KIF18A	ENSG00000121621	ENSG00000121621.6_1	3.59993919251804	0.736605866387088	0.551142031382535	0.144978351974251	3.80154708532223	0.000251223815640763	0.0405451628606895	-1.73775458762557	0.752865565622952	org.Hs.eg.db
NTM1_ASD_up	500	ASD_up	94	AGTRAP	ENSG00000177674	ENSG00000177674.15_2	3.59591037716023	0.729343208083042	0.4696438186238	0.123626147382375	3.79890361843271	0.00025356518443117	0.0405451628606895	1.81034035620457	0.651592783900192	org.Hs.eg.db
NTM1_ASD_up	500	ASD_up	95	HMGN2	ENSG00000198830	ENSG00000198830.10_1	3.59418538617666	0.726233604147736	0.198376085237793	0.0522348669896139	3.79777142492269	0.000254574332566099	0.0405451628606895	5.37669816364848	0.274820990542034	org.Hs.eg.db
NTM1_ASD_up	500	ASD_up	96	PSD4	ENSG00000125637	ENSG00000125637.15_1	3.58660484526475	0.71256832700955	0.242964980027136	0.0640596399480511	3.7927934066468	0.000259056894328407	0.0409050171334653	3.32372549920887	0.337259398105863	org.Hs.eg.db
NTM1_ASD_up	500	ASD_up	97	NFKB2	ENSG00000077150	ENSG00000077150.18_2	3.5734041710986	0.68877175721489	0.651886892954085	0.172269323018413	3.78411478916887	0.000267051996356861	0.0409050171334653	1.57001643269837	0.924883906111885	org.Hs.eg.db
NTM1_ASD_up	500	ASD_up	98	HAL	ENSG00000084110	ENSG00000084110.10_1	3.56366051918942	0.671207086669045	0.798617095290214	0.211402950475556	3.77770080073957	0.000273111181354625	0.0409050171334653	-3.43761084456104	1.1296238988625	org.Hs.eg.db
NTM1_ASD_up	500	ASD_up	99	ANGPT1	ENSG00000154188	ENSG00000154188.9_2	3.56079118149372	0.66603459366749	0.338253061879091	0.0895842222176601	3.77581066738792	0.000274921571980225	0.0409050171334653	1.91261991388023	0.477004510342083	org.Hs.eg.db
NTM1_ASD_up	500	ASD_up	100	SLC2A9	ENSG00000109667	ENSG00000109667.11_1	3.55248540853681	0.651061956408234	0.355162666052778	0.0941992093512625	3.77033595609492	0.000280229977199277	0.0409050171334653	0.318086864208992	0.503996374053621	org.Hs.eg.db
NTM1_ASD_up	500	ASD_up	101	P4HA1	ENSG00000122884	ENSG00000122884.12_1	3.55030896187596	0.647138523088285	0.441511717592318	0.117146025741965	3.76890052219804	0.000281637861564768	0.0409050171334653	4.44051472207208	0.614386376572703	org.Hs.eg.db
NTM1_ASD_up	500	ASD_up	102	EVC2	ENSG00000173040	ENSG00000173040.12_1	3.53572295543524	0.620844644766375	0.483767247119507	0.1286864325166	3.7592715693405	0.000291257451127267	0.0411906133837507	0.497333580762876	0.684500483305444	org.Hs.eg.db
NTM1_ASD_up	500	ASD_up	103	H2BC21	ENSG00000184678	ENSG00000184678.10_1	3.52904005485231	0.608797524433684	0.298110245199431	0.0793932863775931	3.75485458281225	0.000295773966251242	0.0411906133837507	4.46130364732883	0.424693203124837	org.Hs.eg.db
NTM1_ASD_up	500	ASD_up	104	LCTL	ENSG00000188501	ENSG00000188501.11_1	3.5202019620474	0.592865285698269	0.6874353830841	0.18336460640338	3.74900803687177	0.00030185476642514	0.0411906133837507	-1.76375335286599	1.14163089482153	org.Hs.eg.db
NTM1_ASD_up	500	ASD_up	105	ELL3	ENSG00000128886	ENSG00000128886.11_2	3.51906529696569	0.590816244141025	0.279001927129972	0.0744351373462667	3.74825569048225	0.000302645836036994	0.0411906133837507	-0.487288039402179	0.397503621055142	org.Hs.eg.db
NTM1_ASD_up	500	ASD_up	106	LHFPL1	ENSG00000182508	ENSG00000182508.13_1	3.51852635751975	0.589844709658837	0.518528978153027	0.138351910407659	3.74789893847626	0.000303021638706586	0.0411906133837507	0.57180443328867	0.778363315046302	org.Hs.eg.db
NTM1_ASD_up	500	ASD_up	107	MAML2	ENSG00000184384	ENSG00000184384.13_2	3.5151711828091	0.583796408778888	0.328240969544735	0.0876319359760488	3.74567748491199	0.000305371721367427	0.0411906133837507	4.51303684823415	0.47997959267882	org.Hs.eg.db
NTM1_ASD_up	500	ASD_up	108	EEF1A1	ENSG00000156508	ENSG00000156508.17_2	3.50515097230627	0.565733192038095	0.211176417778855	0.0564788088003746	3.73903809701904	0.000312499284770137	0.0411906133837507	10.2893189383628	0.29691602500696	org.Hs.eg.db
NTM1_ASD_up	500	ASD_up	109	FNDC3B	ENSG00000075420	ENSG00000075420.12_1	3.50231578382987	0.560622259095554	0.304782623751357	0.0815546501044026	3.73715813091207	0.000314546035796567	0.0411906133837507	4.75922841209363	0.428169531697362	org.Hs.eg.db
NTM1_ASD_up	500	ASD_up	110	PYCR1	ENSG00000183010	ENSG00000183010.16_2	3.50041061690305	0.557187855884483	0.249407715491782	0.0667598389335142	3.73589450597934	0.000315928920173514	0.0411906133837507	2.5483743716776	0.410019704002468	org.Hs.eg.db
NTM1_ASD_up	500	ASD_up	111	SLC16A9	ENSG00000165449	ENSG00000165449.11_1	3.49675533939778	0.55059856618775	0.50285723960153	0.134688996999602	3.73346933159666	0.000318599185068011	0.0411906133837507	3.19614467927733	0.70587794778126	org.Hs.eg.db
NTM1_ASD_up	500	ASD_up	112	PCDHGB6	ENSG00000253305	ENSG00000253305.2_2	3.48911941149687	0.536833444122478	0.29392842257418	0.0788350055911029	3.72839984433707	0.000324250450765811	0.0411906133837507	3.65894774899354	0.444512548119705	org.Hs.eg.db
NTM1_ASD_up	500	ASD_up	113	ZFAS1	ENSG00000177410	ENSG00000177410.12_1	3.48827364234565	0.535308794367188	0.264993747634586	0.0710851015754108	3.72783806679191	0.000324882529342646	0.0411906133837507	3.7981018239558	0.380059635307267	org.Hs.eg.db
NTM1_ASD_up	500	ASD_up	114	RPS11	ENSG00000142534	ENSG00000142534.6_2	3.48485269496908	0.529141926525005	0.228276748791643	0.0612730508318155	3.72556524757068	0.000327451741902503	0.0411906133837507	7.39038552786404	0.32004197174081	org.Hs.eg.db
NTM1_ASD_up	500	ASD_up	115	DDIT4L	ENSG00000145358	ENSG00000145358.6_2	3.4845941930119	0.528675930638068	0.526865216029901	0.141425387863391	3.72539346711089	0.000327646706647804	0.0411906133837507	1.70496550295971	0.762773251218893	org.Hs.eg.db
NTM1_ASD_up	500	ASD_up	116	LYPLAL1-DT	ENSG00000228063	ENSG00000228063.1_1	3.48084563378832	0.521918484005382	0.303351341639486	0.0814824968346058	3.72290189211104	0.00033048698890015	0.0411906133837507	-1.49241226167382	0.425944275679442	org.Hs.eg.db
NTM1_ASD_up	500	ASD_up	117	PNP	ENSG00000198805	ENSG00000198805.11_2	3.47911374691331	0.518796448995734	0.627838143729892	0.168694318071443	3.72175038796506	0.000331807541811681	0.0411906133837507	2.75936809016785	0.890532222546517	org.Hs.eg.db
NTM1_ASD_up	500	ASD_up	118	CAPN8	ENSG00000203697	ENSG00000203697.11_2	3.46750166028192	0.497863591589562	0.57518591594726	0.154868668217888	3.71402377618447	0.000340799021943528	0.0411906133837507	-2.67937125636819	0.96458116769947	org.Hs.eg.db
NTM1_ASD_up	500	ASD_up	119	RIPK2	ENSG00000104312	ENSG00000104312.7_1	3.46485809292967	0.493098089902849	0.220283567199726	0.0593394240275603	3.71226331919593	0.000342879805285143	0.0411906133837507	2.73748908233821	0.325335808579622	org.Hs.eg.db
NTM1_ASD_up	500	ASD_up	120	ENO3	ENSG00000108515	ENSG00000108515.17_2	3.46211433818887	0.488151982577794	0.279757428090697	0.0753974627452075	3.71043557574462	0.000345052884127323	0.0411906133837507	0.190439916055159	0.395405098842074	org.Hs.eg.db
NTM1_ASD_up	500	ASD_up	121	NUPR1	ENSG00000176046	ENSG00000176046.8_1	3.46040253172887	0.485066146097961	0.61264494036532	0.165164794289977	3.70929496808933	0.000346415621592166	0.0411906133837507	2.09652832575576	0.915960668739339	org.Hs.eg.db
NTM1_ASD_up	500	ASD_up	122	C4B	ENSG00000224389	ENSG00000224389.8_1	3.45793567959398	0.480619205111289	0.741936836419673	0.200109682337001	3.70765086304115	0.000348388908730367	0.0411906133837507	4.22823742271765	1.06491427580496	org.Hs.eg.db
NTM1_ASD_up	500	ASD_up	123	MGST1	ENSG00000008394	ENSG00000008394.12_2	3.45555374496255	0.47632534307139	0.555516928333663	0.149894090311193	3.70606290868681	0.000350304934560341	0.0411906133837507	3.43954136948241	0.817541853844516	org.Hs.eg.db
NTM1_ASD_up	500	ASD_up	124	H3-3A	ENSG00000163041	ENSG00000163041.9_1	3.45287427814487	0.471495126194828	0.177483232646638	0.0479130682965336	3.70427607658511	0.00035247289198512	0.0411906133837507	5.15695859886548	0.280387781977865	org.Hs.eg.db
NTM1_ASD_up	500	ASD_up	125	SLC25A43	ENSG00000077713	ENSG00000077713.18_2	3.44768609884499	0.46214250758893	0.294362809424514	0.0795400021174646	3.70081470440244	0.000356708863775596	0.0411906133837507	1.97513582802465	0.432410992008956	org.Hs.eg.db
NTM1_ASD_up	500	ASD_up	126	PCDHGB7	ENSG00000254122	ENSG00000254122.2_2	3.44765391182497	0.462084484744141	0.271871874470874	0.073463135610819	3.70079322384431	0.000356735301645035	0.0411906133837507	4.02814228997911	0.43298141147254	org.Hs.eg.db
NTM1_ASD_up	500	ASD_up	127	GNG12	ENSG00000172380	ENSG00000172380.5_1	3.44756447097343	0.461923251655639	0.447276349088247	0.120861538674528	3.70073353354149	0.000356808777123597	0.0411906133837507	4.44369868975626	0.629374955250808	org.Hs.eg.db
NTM1_ASD_up	500	ASD_up	128	CNN3	ENSG00000117519	ENSG00000117519.15_1	3.44212426536059	0.452116310666572	0.429860921131936	0.116269703351187	3.69710172764062	0.000361306466662468	0.0411906133837507	6.52695286070209	0.607143353705998	org.Hs.eg.db
NTM1_ASD_up	500	ASD_up	129	WDR49	ENSG00000174776	ENSG00000174776.10_2	3.43743533252677	0.443663672866575	0.313038106081715	0.0847430105111581	3.69396961700454	0.000365228506592648	0.0411906133837507	2.59399216194575	0.450600735838805	org.Hs.eg.db
NTM1_ASD_up	500	ASD_up	130	PCDHGB3	ENSG00000262209	ENSG00000262209.2_2	3.43552966948157	0.44022837531362	0.245231210256163	0.0664097986968173	3.6926961844249	0.000366834632724909	0.0411906133837507	2.65809362684024	0.386362448893968	org.Hs.eg.db
NTM1_ASD_up	500	ASD_up	131	PPBP	ENSG00000163736	ENSG00000163736.3_1	3.43435788324216	0.438116021605049	0.901901527876737	0.244291109891758	3.69191301425728	0.000367825739483584	0.0411906133837507	-3.66232710553714	1.31156375722764	org.Hs.eg.db
NTM1_ASD_up	500	ASD_up	132	FZD7	ENSG00000155760	ENSG00000155760.2_1	3.43395983736755	0.437398472916449	0.396381345009846	0.107372495254697	3.69164695362247	0.000368163019003325	0.0411906133837507	1.89027911800396	0.553549265550905	org.Hs.eg.db
NTM1_ASD_up	500	ASD_up	133	MR1	ENSG00000153029	ENSG00000153029.14_1	3.42823303530704	0.42707489071013	0.340045268436763	0.0922077219481191	3.68781769305709	0.000373049931597196	0.0411906133837507	2.92155571177926	0.477393385649208	org.Hs.eg.db
NTM1_ASD_up	500	ASD_up	134	ZNF274	ENSG00000171606	ENSG00000171606.17_1	3.42480286455692	0.42089139609195	0.229664057476316	0.0623151900340049	3.68552286129579	0.000376008043554101	0.0411906133837507	3.80103306337898	0.346074348064245	org.Hs.eg.db
NTM1_ASD_up	500	ASD_up	135	GALNT4	ENSG00000257594	ENSG00000257594.3_2	3.42234854493874	0.416467047202081	0.367670113303316	0.0998051188332998	3.68388032198448	0.000378138985806698	0.0411906133837507	2.41009447264868	0.517136803637501	org.Hs.eg.db
NTM1_ASD_up	500	ASD_up	136	SERP1	ENSG00000120742	ENSG00000120742.10_1	3.40433559135836	0.383995485394859	0.225463401270244	0.0614038728357991	3.67181076465907	0.000394152611744116	0.0418778728093393	6.23511475650285	0.31750154920706	org.Hs.eg.db
NTM1_ASD_up	500	ASD_up	137	PCDHGB2	ENSG00000253910	ENSG00000253910.2_2	3.39950978530903	0.375296109209751	0.187213725807789	0.0510317585252773	3.66857288907764	0.000398556792127202	0.0418778728093393	3.59539237241529	0.276464035018116	org.Hs.eg.db
NTM1_ASD_up	500	ASD_up	138	RNF114	ENSG00000124226	ENSG00000124226.10_2	3.39851381834001	0.373500701097029	0.150570738762574	0.041050889478901	3.66790441507883	0.000399471850749187	0.0418778728093393	4.88128529490313	0.227098799190734	org.Hs.eg.db
NTM1_ASD_up	500	ASD_up	139	AKR1C3	ENSG00000196139	ENSG00000196139.13_2	3.39240390366122	0.36248649006029	0.393029983380696	0.107273810444241	3.66380183339331	0.000405131578682786	0.0418778728093393	2.30657777489591	0.614076023589388	org.Hs.eg.db
NTM1_ASD_up	500	ASD_up	140	IFI16	ENSG00000163565	ENSG00000163565.18_2	3.39033209452995	0.358751684551653	0.531806093373165	0.145206596481492	3.66241001620713	0.000407068882991014	0.0418778728093393	3.85948938294064	0.75997162056713	org.Hs.eg.db
NTM1_ASD_up	500	ASD_up	141	GNA13	ENSG00000120063	ENSG00000120063.9_1	3.38940828890438	0.357086360131929	0.333434309452753	0.0910577539435917	3.66178930417401	0.000407935697518745	0.0418778728093393	5.98138881350989	0.477434415315041	org.Hs.eg.db
NTM1_ASD_up	500	ASD_up	142	GEM	ENSG00000164949	ENSG00000164949.7_2	3.3892816716573	0.356858109959306	0.673677895703844	0.183979331626053	3.66170422378274	0.000408054647280565	0.0418778728093393	2.38009262345405	0.959135892699978	org.Hs.eg.db
NTM1_ASD_up	500	ASD_up	143	LTBR	ENSG00000111321	ENSG00000111321.10_1	3.38223801985956	0.344160671214544	0.486721622515338	0.133094262430977	3.6569692308694	0.000414726684823578	0.0420414365072587	2.18286907962953	0.714655680358196	org.Hs.eg.db
NTM1_ASD_up	500	ASD_up	144	CD109-AS1	ENSG00000231652	ENSG00000231652.2_1	3.37816582235212	0.336819808847689	0.364360777909796	0.0997093185999466	3.65422994586577	0.000418633691850383	0.0421222691224777	-0.817075233854033	0.627877525687819	org.Hs.eg.db
NTM1_ASD_up	500	ASD_up	145	ABHD3	ENSG00000158201	ENSG00000158201.9_2	3.36787247027769	0.318264205703711	0.434198145744897	0.119046461615622	3.64729988487048	0.000428674381307935	0.0421222691224777	2.85029984613336	0.630226621865805	org.Hs.eg.db
NTM1_ASD_up	500	ASD_up	146	SWI5	ENSG00000175854	ENSG00000175854.11_1	3.34290315717444	0.273252565047557	0.164450642563973	0.0452975470098934	3.63045359891243	0.000454042851854418	0.0432507019531378	2.24989281529329	0.248974288879557	org.Hs.eg.db
NTM1_ASD_up	500	ASD_up	147	ASAP3	ENSG00000088280	ENSG00000088280.18_2	3.34090670427579	0.269653602589539	0.267560004122688	0.0737261790345845	3.62910444602286	0.000456134892937805	0.0432507019531378	4.35258670870999	0.395153916395749	org.Hs.eg.db
NTM1_ASD_up	500	ASD_up	148	LPP-AS2	ENSG00000270959	ENSG00000270959.1_1	3.34003887810913	0.268089191129586	0.316524589602345	0.0872324732167374	3.62851788938633	0.000457047272840979	0.0432507019531378	0.626151602039816	0.472738352042665	org.Hs.eg.db
NTM1_ASD_up	500	ASD_up	149	PCDHGB8P	ENSG00000248449	ENSG00000248449.2_2	3.33626197966249	0.261280657992461	0.332419484380603	0.0916775367627909	3.62596439780788	0.000461039377661984	0.0432507019531378	1.8768933314138	0.510027497662485	org.Hs.eg.db
NTM1_ASD_up	500	ASD_up	150	TGDS	ENSG00000088451	ENSG00000088451.10_1	3.33513172436888	0.259243171221592	0.193766482632861	0.0534498734506704	3.62520002618323	0.000462240799464662	0.0432507019531378	1.70598430381653	0.283013260436469	org.Hs.eg.db
NTM1_ASD_up	500	ASD_up	151	DDX31	ENSG00000125485	ENSG00000125485.17_2	3.33420685414319	0.257575927670266	0.157747119681981	0.0435215556387	3.62457447503807	0.000463226232869007	0.0432507019531378	2.89978041678892	0.233253976538564	org.Hs.eg.db
NTM1_ASD_up	500	ASD_up	152	SLC44A3-AS1	ENSG00000224081	ENSG00000224081.8_1	3.33117921164163	0.252118062019257	0.418926899215804	0.115644960821281	3.62252618912827	0.000466466853021493	0.0433901526653251	1.29601829567766	0.602688802722446	org.Hs.eg.db
NTM1_ASD_up	500	ASD_up	153	MT2A	ENSG00000125148	ENSG00000125148.6_1	3.32880767382884	0.247842942099434	0.59932215340594	0.165516483728071	3.62092125150854	0.00046902104089795	0.0434649498945578	4.15230317278871	0.887618142449409	org.Hs.eg.db
NTM1_ASD_up	500	ASD_up	154	CAPN2	ENSG00000162909	ENSG00000162909.17_1	3.32092362370177	0.233630535463841	0.226406182929706	0.0626195610908162	3.61558239926582	0.000477613260737785	0.0439784108066049	6.14909882353076	0.369832928292644	org.Hs.eg.db
NTM1_ASD_up	500	ASD_up	155	RAB13	ENSG00000143545	ENSG00000143545.8_1	3.3113018423827	0.216285558394786	0.523983307555279	0.145185540828068	3.60905985931334	0.000488312855263674	0.0445004129704234	2.31217918329957	0.795966676469747	org.Hs.eg.db
NTM1_ASD_up	500	ASD_up	156	LMNB1	ENSG00000113368	ENSG00000113368.11_1	3.30815570909612	0.21061409196852	0.243078802040958	0.0673922444724864	3.60692545475611	0.000491863154673482	0.0445004129704234	2.59951200940499	0.347836615360143	org.Hs.eg.db
NTM1_ASD_up	500	ASD_up	157	RHOD	ENSG00000173156	ENSG00000173156.6_1	3.30645805198657	0.207553762216691	0.586498319122526	0.162655346371828	3.60577338651874	0.000493789610527072	0.0445004129704234	-1.94470934714919	0.866767108402968	org.Hs.eg.db
NTM1_ASD_up	500	ASD_up	158	PLAUR	ENSG00000011422	ENSG00000011422.11_1	3.29858382759002	0.193359068212985	0.764970152895718	0.212466530209769	3.60042662785739	0.000502824201275673	0.0449172041073663	1.02475718836246	1.1120009386599	org.Hs.eg.db
NTM1_ASD_up	500	ASD_up	159	SEC11A	ENSG00000140612	ENSG00000140612.13_1	3.29572482742625	0.188205210456642	0.210423557651096	0.0584756124750457	3.59848403025952	0.000506145258245758	0.0449172041073663	3.9616714011334	0.309725734756868	org.Hs.eg.db
NTM1_ASD_up	500	ASD_up	160	ATP6V0E1	ENSG00000113732	ENSG00000113732.8_2	3.29390668089891	0.184927677037498	0.307539041403601	0.0854928588258726	3.59724830386103	0.000508268645139753	0.0449172041073663	4.01493321466432	0.44211471392913	org.Hs.eg.db
NTM1_ASD_up	500	ASD_up	161	S100A11	ENSG00000163191	ENSG00000163191.5_1	3.29381590071067	0.1847640295557	0.720824744170505	0.200385697208286	3.59718659671234	0.000508374899186065	0.0449172041073663	0.654223641927243	1.07174169531381	org.Hs.eg.db
NTM1_ASD_up	500	ASD_up	162	TAF1A-AS1	ENSG00000225265	ENSG00000225265.1_1	3.29133957399187	0.18030000894156	0.233896580334772	0.0650525325685834	3.5955030665129	0.000511281908901797	0.0449172041073663	-0.563321954998162	0.349238075832392	org.Hs.eg.db
NTM1_ASD_up	500	ASD_up	163	PLP2	ENSG00000102007	ENSG00000102007.10_1	3.29088250008456	0.179476051695148	0.661499316808723	0.183995532740821	3.59519226882818	0.000511820291608337	0.0449172041073663	-0.278916801516294	0.988528747166044	org.Hs.eg.db
NTM1_ASD_up	500	ASD_up	164	PLCB3	ENSG00000149782	ENSG00000149782.11_1	3.28205607494575	0.163564846009045	0.282230039651606	0.0786334150731829	3.58918710816438	0.000522328742950134	0.0451545053199614	3.43726116569067	0.442526929653532	org.Hs.eg.db
NTM1_ASD_up	500	ASD_up	165	TMEM216	ENSG00000187049	ENSG00000187049.9_1	3.28001814309097	0.15989111033398	0.229901418437992	0.0640786668720839	3.58779964784426	0.000524785536345595	0.0451545053199614	1.67813964174054	0.356044927275617	org.Hs.eg.db
NTM1_ASD_up	500	ASD_up	166	LIX1	ENSG00000145721	ENSG00000145721.11_1	3.27723135135709	0.154867421152372	0.387747468618003	0.108131090008816	3.585901784458	0.000528163820687256	0.0451545053199614	4.22654101815259	0.567365385957812	org.Hs.eg.db
NTM1_ASD_up	500	ASD_up	167	NUP98	ENSG00000110713	ENSG00000110713.15_2	3.2756149923817	0.151953645788562	0.143238481611577	0.0399571672695913	3.58480071034931	0.00053013320550981	0.0451545053199614	5.98609684379283	0.20929227062588	org.Hs.eg.db
NTM1_ASD_up	500	ASD_up	168	FAM107A	ENSG00000168309	ENSG00000168309.16_1	3.27022045724846	0.142229033985261	0.427097634718408	0.119263559791717	3.5811243221676	0.000536759256623894	0.0454072014215138	8.76305658605543	0.693023195401794	org.Hs.eg.db
NTM1_ASD_up	500	ASD_up	169	XPO1	ENSG00000082898	ENSG00000082898.16_1	3.26960958487376	0.141127827568276	0.162016500163258	0.0452470591485903	3.580707856199	0.000537514785711268	0.0454072014215138	7.31416349513002	0.236595113388567	org.Hs.eg.db
NTM1_ASD_up	500	ASD_up	170	CBFB	ENSG00000067955	ENSG00000067955.13_2	3.26795763732878	0.138149897459831	0.31638801707514	0.0883868741324784	3.57958147270739	0.000539563250920034	0.0454257386435592	3.98279370275009	0.45677744512036	org.Hs.eg.db
NTM1_ASD_up	500	ASD_up	171	PXN	ENSG00000089159	ENSG00000089159.16_2	3.26202129357124	0.127448578968571	0.449295277134369	0.125658306262964	3.57553185695607	0.000546989143216734	0.0458953458139554	3.69079401073623	0.728999559389105	org.Hs.eg.db
NTM1_ASD_up	500	ASD_up	172	PLTP	ENSG00000100979	ENSG00000100979.14_2	3.26047175899106	0.124655266496609	0.429849868982158	0.12025540856958	3.57447431342306	0.000548944250823317	0.0459043077893868	4.77644426093883	0.644121239257573	org.Hs.eg.db
NTM1_ASD_up	500	ASD_up	173	RPL13	ENSG00000167526	ENSG00000167526.13_1	3.25859299304341	0.121268455759658	0.157892480905285	0.0441880788390735	3.5731917986366	0.000551324137794204	0.0459486116988485	7.57363280558882	0.248026658289219	org.Hs.eg.db
NTM1_ASD_up	500	ASD_up	174	LIMS4	ENSG00000256671	ENSG00000256671.6_2	3.2459487896433	0.098475023778732	0.418030080285335	0.117274208108574	3.56455257321641	0.000567611532059779	0.0468399241277425	0.0168938165383825	0.608004024556002	org.Hs.eg.db
NTM1_ASD_up	500	ASD_up	175	HPS5	ENSG00000110756	ENSG00000110756.17_1	3.24554100799242	0.0977399246168307	0.226084200265894	0.0634306502831596	3.56427372660749	0.000568144742305162	0.0468399241277425	4.2608554114979	0.341755092132906	org.Hs.eg.db
NTM1_ASD_up	500	ASD_up	176	ST7-OT4	ENSG00000214188	ENSG00000214188.9_2	3.23583827511466	0.080249017923865	0.410966536280682	0.115516790150831	3.55763465851223	0.000580980725931588	0.0473331057614756	-0.184405112089055	0.630500482165788	org.Hs.eg.db
NTM1_ASD_up	500	ASD_up	177	MYC	ENSG00000136997	ENSG00000136997.15_1	3.23561681019418	0.0798497879018977	0.561930305117809	0.157957269452687	3.55748302730774	0.000581277067855132	0.0473331057614756	1.88736031372353	0.831621434501545	org.Hs.eg.db
NTM1_ASD_up	500	ASD_up	178	NPL	ENSG00000135838	ENSG00000135838.13_1	3.23178728127474	0.0729463789498252	0.429181106324913	0.120730791164101	3.55486038140475	0.000586425327046151	0.0474412359039681	3.13087106075544	0.62909646211524	org.Hs.eg.db
NTM1_ASD_up	500	ASD_up	179	EZH2	ENSG00000106462	ENSG00000106462.10_2	3.22869760577928	0.0673766877624562	0.308875527833382	0.0869400022153879	3.55274350083595	0.000590612173455429	0.0475372026184706	0.95175611892415	0.444751652005205	org.Hs.eg.db
NTM1_ASD_up	500	ASD_up	180	EMILIN1	ENSG00000138080	ENSG00000138080.13_1	3.22808955016484	0.0662805590582674	0.370026247629718	0.104164472703163	3.55232679652862	0.000591439668590248	0.0475372026184706	2.421171001708	0.548470191755341	org.Hs.eg.db
NTM1_ASD_up	500	ASD_up	181	LOC105379362	ENSG00000247134	ENSG00000247134.6_2	3.20504197824997	0.0247331996759937	0.326136602867229	0.0922199403028574	3.53650850126525	0.000623674549127076	0.0488737387746178	-1.41899661715124	0.49956646524741	org.Hs.eg.db
NTM1_ASD_up	500	ASD_up	182	DANCR	ENSG00000226950	ENSG00000226950.6_1	3.20503733325836	0.0247248262500946	0.183349021082614	0.0518446899081699	3.53650530859326	0.000623681219666672	0.0488737387746178	3.66605387263662	0.270759005835856	org.Hs.eg.db
NTM1_ASD_up	500	ASD_up	183	IFITM2	ENSG00000185201	ENSG00000185201.16_2	3.20421394123029	0.0232405152506825	0.776826685709069	0.219694574169873	3.53593933143023	0.000624864797367984	0.0488737387746178	2.02658777164972	1.21181794342535	org.Hs.eg.db
NTM1_ASD_up	500	ASD_up	184	RPL11	ENSG00000142676	ENSG00000142676.12_1	3.19960881701924	0.0149389574422073	0.226592720088029	0.064140190403945	3.53277280065717	0.000631525924044669	0.0488737387746178	6.57039525190979	0.336496172106658	org.Hs.eg.db
NTM1_ASD_up	500	ASD_up	185	IFITM3	ENSG00000142089	ENSG00000142089.15_2	3.19581984291415	0.00810865577678071	0.725141198022513	0.205412772069758	3.5301660686233	0.0006370597356943	0.0488737387746178	4.06572104726882	1.12094606397324	org.Hs.eg.db
NTM1_ASD_up	500	ASD_up	186	CD44	ENSG00000026508	ENSG00000026508.16_2	3.19175588393058	0.000782644818700091	0.96066049911878	0.272344789278723	3.52736875070381	0.000643049072360916	0.0488737387746178	3.18147844196434	1.40452953960456	org.Hs.eg.db
NTM1_ASD_up	500	ASD_up	187	H2AC11	ENSG00000196787	ENSG00000196787.3_1	3.18929011653717	-0.00366234072795942	0.625828648511246	0.177506263233136	3.52567079669345	0.000646710457184749	0.0488737387746178	-0.109833628687507	0.924604501484582	org.Hs.eg.db
NTM1_ASD_up	500	ASD_up	188	PEA15	ENSG00000162734	ENSG00000162734.12_2	3.18741891809434	-0.00703550968765104	0.190147212103737	0.0539519316793851	3.52438191154502	0.000649502881137975	0.0488737387746178	8.72509900162042	0.287519098660181	org.Hs.eg.db
NTM1_ASD_up	500	ASD_up	189	ANG	ENSG00000214274	ENSG00000214274.9_2	3.18465983722871	-0.0120092450864518	0.494090824159125	0.140267850969615	3.52248088741415	0.000653642319982316	0.0488737387746178	-1.480670895738	0.742474647504142	org.Hs.eg.db
NTM1_ASD_up	500	ASD_up	190	SNTG2	ENSG00000172554	ENSG00000172554.11_1	3.18442952263871	-0.0124244282162401	0.565772766993639	0.160624934313453	3.52232216879577	0.000653989050816491	0.0488737387746178	-0.78519805721033	0.958971087510683	org.Hs.eg.db
NTM1_ASD_up	500	ASD_up	191	TNFRSF10C	ENSG00000173535	ENSG00000173535.13_1	3.18427075157883	-0.0127106413717281	0.803115972796138	0.228014611725271	3.52221275083806	0.000654228182376989	0.0488737387746178	-1.28891374710841	1.18639776202769	org.Hs.eg.db
NTM1_ASD_up	500	ASD_up	192	ADAM17	ENSG00000151694	ENSG00000151694.12_1	3.18265490525544	-0.015623492588875	0.127240624941615	0.0361366218242497	3.52109905459478	0.000656666853104076	0.0488737387746178	4.99078459917445	0.195282428615493	org.Hs.eg.db
NTM1_ASD_up	500	ASD_up	193	RNF122	ENSG00000133874	ENSG00000133874.1_1	3.18226252999712	-0.0163308189801419	0.61387797992339	0.174356111277731	3.52082858137129	0.000657260404868685	0.0488737387746178	0.0487402921534838	0.927781819871533	org.Hs.eg.db
NTM1_ASD_up	500	ASD_up	194	VASP	ENSG00000125753	ENSG00000125753.13_1	3.18018013072608	-0.0200847151046848	0.411414149271798	0.116899181204014	3.51939290792628	0.000660419471436491	0.0488737387746178	2.78279099920843	0.648937864112042	org.Hs.eg.db
NTM1_ASD_up	500	ASD_up	195	ROBO3	ENSG00000154134	ENSG00000154134.14_1	3.17803815199825	-0.0239460138273059	0.246843184762155	0.070167451913351	3.51791575767892	0.000663684764314099	0.0488737387746178	3.42769296265876	0.40220081994738	org.Hs.eg.db
NTM1_ASD_up	500	ASD_up	196	ZNF442	ENSG00000198342	ENSG00000198342.5	3.17708938765945	-0.0256563307795055	0.299173764620874	0.0850587248400268	3.5172613413091	0.000665136241980223	0.0488737387746178	1.55328801562098	0.447022850663404	org.Hs.eg.db
NTM1_ASD_up	500	ASD_up	197	CASP1	ENSG00000137752	ENSG00000137752.22_2	3.17149820850231	-0.0357354285113822	0.550164870526819	0.15659030421406	3.51340316559282	0.000673754674754001	0.0493609767026265	1.03730058717067	0.830077318616881	org.Hs.eg.db
NTM1_ASD_up	500	ASD_up	198	IGDCC4	ENSG00000103742	ENSG00000103742.11_1	3.16798495082577	-0.0420687021346925	0.409932561127957	0.116757390000805	3.5109774304233	0.000679227168792128	0.0493878022695989	2.85815632168562	0.727430288163351	org.Hs.eg.db
NTM1_ASD_up	500	ASD_up	199	RAB38	ENSG00000123892	ENSG00000123892.11_2	3.16758414736567	-0.0427912218630157	0.477623301848962	0.136047858493145	3.51070062505268	0.000679854306070771	0.0493878022695989	-2.40631768943726	0.705616750828709	org.Hs.eg.db
NTM1_ASD_up	500	ASD_up	200	PKNOX1	ENSG00000160199	ENSG00000160199.14_1	3.16066762413923	-0.0552594886820202	0.175807701533424	0.0501459301981397	3.50592163389456	0.000690768262917713	0.0493878022695989	4.11204617100808	0.270631832844853	org.Hs.eg.db
NTM1_ASD_up	500	ASD_up	201	ACRBP	ENSG00000111644	ENSG00000111644.7_1	3.15945101007169	-0.0574526525467646	0.416082644970921	0.118708439597632	3.50508056867106	0.000692706064684091	0.0493878022695989	-1.63974924184503	0.638011019545135	org.Hs.eg.db
NTM1_ASD_up	500	ASD_up	202	PLAAT4	ENSG00000133321	ENSG00000133321.10_1	3.15894312480519	-0.0583682063313402	0.611826226119471	0.174571601053547	3.50472942006074	0.000693516622989856	0.0493878022695989	1.91852223128089	0.906259270670843	org.Hs.eg.db
NTM1_ASD_up	500	ASD_up	203	H2AC20	ENSG00000184260	ENSG00000184260.5_1	3.15447913750132	-0.0664153396899823	0.288454454955743	0.0823769107664793	3.50164205323806	0.000700681841185961	0.0493878022695989	3.44973797779521	0.448815719822861	org.Hs.eg.db
NTM1_ASD_up	500	ASD_up	204	CCNJL	ENSG00000135083	ENSG00000135083.14_2	3.15098913300119	-0.0727066953151353	0.291144929881921	0.0832026400809527	3.49922706297118	0.000706335228095747	0.0493878022695989	0.967403643253483	0.536043534951125	org.Hs.eg.db
NTM1_ASD_up	500	ASD_up	205	STYXL1	ENSG00000127952	ENSG00000127952.16_1	3.15078720108554	-0.0730707136117768	0.218614813781316	0.0624776677933843	3.49908729794911	0.000706663725915016	0.0493878022695989	3.16376909352864	0.320099137701756	org.Hs.eg.db
NTM1_ASD_up	500	ASD_up	206	AIM2	ENSG00000163568	ENSG00000163568.14_2	3.15024573610285	-0.0740468008244362	0.568543563116045	0.162500794617639	3.49871251062996	0.000707545321940686	0.0493878022695989	-2.29068224435656	0.887225165757762	org.Hs.eg.db
NTM1_ASD_up	500	ASD_up	207	TRIP6	ENSG00000087077	ENSG00000087077.12_2	3.1500708401973	-0.0743620818904528	0.317846579068947	0.0908498702695926	3.49859144680948	0.000707830316812834	0.0493878022695989	3.00645332563732	0.502584746657114	org.Hs.eg.db
NTM1_ASD_up	500	ASD_up	208	LRG1	ENSG00000171236	ENSG00000171236.9_2	3.14946794830974	-0.0754489020558708	0.982000913335561	0.280718136091227	3.4981741009296	0.000708813616202074	0.0493878022695989	-2.04913147395414	1.4506531293455	org.Hs.eg.db
NTM1_ASD_up	500	ASD_up	209	C1R	ENSG00000159403	ENSG00000159403.11	3.14838947021254	-0.0773930511946935	0.510019673027355	0.145827091423389	3.49742745363126	0.00071057599159542	0.0493878022695989	3.38632759433521	0.773039877452318	org.Hs.eg.db
NTM1_ASD_up	500	ASD_up	210	APLNR	ENSG00000134817	ENSG00000134817.10_1	3.14603517376047	-0.0816370904864674	0.713848390518496	0.204201890195845	3.49579717324781	0.000714438460949445	0.0493878022695989	3.59528285079601	1.06276552263028	org.Hs.eg.db
NTM1_ASD_up	500	ASD_up	211	PPP1R18	ENSG00000146112	ENSG00000146112.11_1	3.14449150383839	-0.0844198308660986	0.415912583582499	0.119011433442609	3.49472795639475	0.000716982401866787	0.0493878022695989	3.3814592034744	0.691650241721633	org.Hs.eg.db
NTM1_ASD_up	500	ASD_up	212	VIM	ENSG00000026025	ENSG00000026025.14_2	3.14306902486247	-0.0869841029484167	0.586017061525455	0.16773332978556	3.49374249157668	0.000719334641021131	0.0493878022695989	6.83850231220527	0.889602169359649	org.Hs.eg.db
NTM1_ASD_up	500	ASD_up	213	SMAD9	ENSG00000120693	ENSG00000120693.13_2	3.14306053889818	-0.0869994004126881	0.284116583589015	0.0813216951166679	3.4937366121231	0.000719348696709071	0.0493878022695989	4.23311399653126	0.422593301146635	org.Hs.eg.db
NTM1_ASD_up	500	ASD_up	214	CA12	ENSG00000074410	ENSG00000074410.13_1	3.14255468003576	-0.0879113012424652	0.627209761638558	0.179542066150259	3.49338611884774	0.000720187070063327	0.0493878022695989	1.54996758682662	0.970472940763036	org.Hs.eg.db
NTM1_ASD_up	500	ASD_up	215	RPL28	ENSG00000108107	ENSG00000108107.13_2	3.14171081326257	-0.089432521622038	0.273956614288871	0.0784346387139396	3.49280137935005	0.000721587808021025	0.0493878022695989	5.84260064820253	0.461841223456636	org.Hs.eg.db
NTM1_ASD_up	500	ASD_up	216	CDKAL1	ENSG00000145996	ENSG00000145996.11_1	3.1404873625686	-0.0916380097253783	0.130061450132966	0.0372460429663203	3.4919535009551	0.000723623458520087	0.0493878022695989	3.88889908023138	0.199366312127651	org.Hs.eg.db
NTM1_ASD_up	500	ASD_up	217	FPR2	ENSG00000171049	ENSG00000171049.8_2	3.14036056680214	-0.0918665817110371	1.15750460628574	0.331486011186464	3.4918656209436	0.000723834757051618	0.0493878022695989	-2.41715418206894	1.6985873339913	org.Hs.eg.db
NTM1_ASD_up	500	ASD_up	218	ALDH7A1	ENSG00000164904	ENSG00000164904.16_2	3.13314641260928	-0.104871381435576	0.258369703142657	0.0740980323212764	3.48686321415945	0.000735958943674781	0.0498534506062477	5.98863846021841	0.422054457016401	org.Hs.eg.db
NTM1_ASD_up	500	ASD_up	219	LINC01819	ENSG00000231826	ENSG00000231826.5_1	3.12869173959156	-0.112901724132044	0.449186914870256	0.128936946991902	3.48377191603946	0.000743546716990453	0.0498534506062477	-2.31501420373828	0.749046728767545	org.Hs.eg.db
NTM1_ASD_up	500	ASD_up	220	TIMP1	ENSG00000102265	ENSG00000102265.11_1	3.12719990137572	-0.115591028615936	0.845646588106565	0.24281097540579	3.482736258908	0.000746105254626679	0.0498534506062477	2.2358050035525	1.25647846710067	org.Hs.eg.db
NTM1_ASD_up	500	ASD_up	221	RPLP1	ENSG00000137818	ENSG00000137818.11_1	3.12525268941349	-0.119101225502931	0.270029543523243	0.0775638454103102	3.48138416932265	0.000749458018636745	0.0498534506062477	6.13614235722199	0.506252128303188	org.Hs.eg.db
NTM1_ASD_up	500	ASD_up	222	BTN3A1	ENSG00000026950	ENSG00000026950.16_2	3.12500825136869	-0.119541868679206	0.317722427031016	0.0912676983517219	3.48121441396053	0.000749879961868867	0.0498534506062477	3.35056874078619	0.469813145123172	org.Hs.eg.db
NTM1_ASD_up	500	ASD_up	223	RPS26P23	ENSG00000240775	ENSG00000240775.1_1	3.12220325930303	-0.124598367205252	0.644020822757153	0.185102494656909	3.47926603555969	0.000754738910697274	0.0498534506062477	-3.14114487600222	0.951596031528962	org.Hs.eg.db
NTM1_ASD_up	500	ASD_up	224	HNRNPF	ENSG00000169813	ENSG00000169813.16_2	3.12145406138615	-0.125948930085194	0.228842492215328	0.0657830506332776	3.47874551289909	0.000756042028396087	0.0498534506062477	5.11429585632741	0.362840632236243	org.Hs.eg.db
NTM1_ASD_up	500	ASD_up	225	BTN2A3P	ENSG00000124549	ENSG00000124549.14_1	3.12073442664697	-0.127246200064135	0.547209998815912	0.157323570662457	3.47824548166384	0.000757295843838339	0.0498534506062477	-0.159148258920666	0.82458046006002	org.Hs.eg.db
NTM1_ASD_up	500	ASD_up	226	DOK1	ENSG00000115325	ENSG00000115325.13_1	3.11994439786707	-0.128670367857693	0.284722663709568	0.0818710502988673	3.47769648331368	0.000758674700903605	0.0498534506062477	1.767489114332	0.443878437111015	org.Hs.eg.db
NTM1_ASD_up	500	ASD_up	227	PTPN13	ENSG00000163629	ENSG00000163629.12_2	3.11722495048501	-0.133572656832908	0.215072436053734	0.0618769916605737	3.47580627761469	0.00076344024381178	0.0498534506062477	6.60757419564954	0.321335491193035	org.Hs.eg.db
NTM1_ASD_up	500	ASD_up	228	RPS8	ENSG00000142937	ENSG00000142937.11_1	3.10667924166072	-0.152583178031478	0.205313323096596	0.059194207040981	3.46846986149261	0.000782205307308231	0.0499404910342088	7.06684330659596	0.308077253103297	org.Hs.eg.db
NTM1_ASD_up	500	ASD_up	229	ALDH9A1	ENSG00000143149	ENSG00000143149.12_1	3.10550837483421	-0.154693874334311	0.240144695627012	0.0692527709498269	3.46765468490777	0.000784316994148859	0.049946915042772	5.40157123981187	0.360142378873	org.Hs.eg.db
NTM1_ASD_up	500	ASD_up	230	H3C13	ENSG00000183598	ENSG00000183598.3_1	3.09871235176379	-0.166944918128417	0.330323172847378	0.0953886048109154	3.46292068640864	0.000796686848925975	0.0503473653433219	-0.402195258034071	0.490955369672056	org.Hs.eg.db
NTM1_ASD_up	500	ASD_up	231	C17orf114	ENSG00000262165	ENSG00000262165.2_2	3.09625001573135	-0.171383718034865	0.580578242577174	0.167738790820601	3.46120441036273	0.000801216684175845	0.0503772596663071	-1.93417559210804	0.937884169733739	org.Hs.eg.db
NTM1_ASD_up	500	ASD_up	232	H2BC5	ENSG00000158373	ENSG00000158373.8_2	3.09502301064682	-0.173595613561191	0.244933902376366	0.0707830062493834	3.46034896445925	0.000803483549307635	0.0503922157338495	3.55210774934039	0.383316048947444	org.Hs.eg.db
NTM1_ASD_up	500	ASD_up	233	RPS27	ENSG00000177954	ENSG00000177954.11_1	3.09057657820176	-0.181611101155551	0.271065852416932	0.0784050974450108	3.45724782252892	0.000811752101832415	0.050543695704751	6.38488576201667	0.431859450189739	org.Hs.eg.db
NTM1_ASD_up	500	ASD_up	234	DSE	ENSG00000111817	ENSG00000111817.16_2	3.08935585370273	-0.183811674806221	0.314413854881473	0.0909658050086813	3.45639611336884	0.000814037002246332	0.050543695704751	4.08441248228799	0.470033527778802	org.Hs.eg.db
NTM1_ASD_up	500	ASD_up	235	GSTP1	ENSG00000084207	ENSG00000084207.15_1	3.08557155769658	-0.190633543363894	0.191715063743488	0.0555091688060853	3.45375489972156	0.000821161240850325	0.0506063537909644	5.48947407597826	0.299270412351914	org.Hs.eg.db
NTM1_ASD_up	500	ASD_up	236	MIR4453HG	ENSG00000268471	ENSG00000268471.5_2	3.08431073843542	-0.192906394975032	0.14444130756464	0.0418321900370644	3.45287462685223	0.000823548653704999	0.0506278573351915	2.36223606016613	0.216852260889456	org.Hs.eg.db
NTM1_ASD_up	500	ASD_up	237	NFIL3	ENSG00000165030	ENSG00000165030.3_1	3.08158080272522	-0.197827591032521	0.425126433280814	0.123190483177969	3.4509681455397	0.000828741710264465	0.0506525449874071	3.65392055308967	0.641483726239576	org.Hs.eg.db
NTM1_ASD_up	500	ASD_up	238	RREB1	ENSG00000124782	ENSG00000124782.19_2	3.08156975168952	-0.197847512495546	0.34853900533105	0.100997682457723	3.45096042651223	0.000828762798652945	0.0506525449874071	3.5894160699045	0.555515693675836	org.Hs.eg.db
NTM1_ASD_up	500	ASD_up	239	CD40	ENSG00000101017	ENSG00000101017.13_2	3.08088597100425	-0.199080149147011	0.374129840572964	0.108428258661801	3.45048279102143	0.000830068682955174	0.0506525449874071	0.400227841243098	0.579492205387519	org.Hs.eg.db
NTM1_ASD_up	500	ASD_up	240	TNFRSF1A	ENSG00000067182	ENSG00000067182.7_1	3.0736347912027	-0.212151694135487	0.460207677821642	0.133571043863373	3.445414997972	0.000844044236749778	0.0510187393988601	3.54493625335219	0.709209122584735	org.Hs.eg.db
NTM1_ASD_up	500	ASD_up	241	RPLP0	ENSG00000089157	ENSG00000089157.15_2	3.0707651178576	-0.217324792204951	0.233465940236872	0.0678008348454512	3.44340804606678	0.000849639866725971	0.0510187393988601	6.86820183372781	0.366824772514765	org.Hs.eg.db
NTM1_ASD_up	500	ASD_up	242	UHRF2	ENSG00000147854	ENSG00000147854.16_2	3.06906466566665	-0.220390160589554	0.133311575342482	0.0387283891321396	3.44221844310716	0.000852973098402575	0.0510187393988601	5.27579388302963	0.207345921395602	org.Hs.eg.db
NTM1_ASD_up	500	ASD_up	243	BCL6	ENSG00000113916	ENSG00000113916.17_2	3.0690125287425	-0.22048414669503	0.344631161431876	0.100119971852504	3.44218196484897	0.000853075503717601	0.0510187393988601	5.44367547102571	0.54021447066778	org.Hs.eg.db
NTM1_ASD_up	500	ASD_up	244	C1orf87	ENSG00000162598	ENSG00000162598.13_1	3.06819912448322	-0.221950452959659	0.680379536578515	0.197692062276986	3.44161282320602	0.000854674753748425	0.0510187393988601	-3.47073869406311	1.14886004806164	org.Hs.eg.db
NTM1_ASD_up	500	ASD_up	245	PLXNB2	ENSG00000196576	ENSG00000196576.14_1	3.06651137355554	-0.224992925051689	0.209981758998763	0.0610335496565285	3.44043169994951	0.000858002644557956	0.0510187393988601	6.04770235144303	0.364962895048803	org.Hs.eg.db
NTM1_ASD_up	500	ASD_up	246	RPL36	ENSG00000130255	ENSG00000130255.12_2	3.06617564579708	-0.225598134220221	0.206903625870424	0.060142963553176	3.44019671873149	0.00085866617284279	0.0510187393988601	6.31030921111574	0.332764671143422	org.Hs.eg.db
NTM1_ASD_up	500	ASD_up	247	EFNB1	ENSG00000090776	ENSG00000090776.5_1	3.06250731580273	-0.232210953356696	0.279247374632849	0.0812325631603924	3.43762850473497	0.000865949736090208	0.0511981036600761	3.0333758411679	0.449751772439933	org.Hs.eg.db
NTM1_ASD_up	500	ASD_up	248	PCSK5	ENSG00000099139	ENSG00000099139.13_2	3.06154568001121	-0.233944473398321	0.205127802899794	0.0596830042704323	3.43695504955365	0.000867869288166052	0.0511981036600761	3.9843686649318	0.321433492506905	org.Hs.eg.db
NTM1_ASD_up	500	ASD_up	249	FCGR2A	ENSG00000143226	ENSG00000143226.13_2	3.06005947920018	-0.236623615454514	0.753067621016974	0.219175336831875	3.43591405813436	0.000870844314504543	0.0512518706043479	2.21001643888484	1.14593847575585	org.Hs.eg.db
NTM1_ASD_up	500	ASD_up	250	FCGR3B	ENSG00000162747	ENSG00000162747.9_1	3.058691206612	-0.239090170854103	1.02066190997905	0.297139778022993	3.43495548381298	0.000873592291874095	0.0512920523900356	-0.349688229938879	1.53767499890128	org.Hs.eg.db
NTM1_ASD_up	500	ASD_up	251	PLEK	ENSG00000115956	ENSG00000115956.9_1	3.05448482868382	-0.246672917363157	0.584972592131216	0.170446186867902	3.43200750266462	0.000882094616027094	0.0514708670609184	1.83214438531623	0.92944091765419	org.Hs.eg.db
NTM1_ASD_up	500	ASD_up	252	EPS8	ENSG00000151491	ENSG00000151491.12_2	3.04983582710523	-0.255053571953059	0.300457206116846	0.0876288550959176	3.42874736624105	0.000891587914337716	0.0514708670609184	4.59156138926333	0.475698260591936	org.Hs.eg.db
NTM1_ASD_up	500	ASD_up	253	EML4	ENSG00000143924	ENSG00000143924.18_1	3.04939492907519	-0.25584836929539	0.168733082489923	0.0492157299213844	3.42843807781479	0.000892493518662045	0.0514708670609184	4.77434732911994	0.255350234579844	org.Hs.eg.db
NTM1_ASD_up	500	ASD_up	254	FGL1	ENSG00000104760	ENSG00000104760.16_1	3.04751433768332	-0.259238470721164	0.501979932189555	0.146472878410739	3.42711864227795	0.000896366593051518	0.0514708670609184	-0.277180852935446	0.809415249170371	org.Hs.eg.db
NTM1_ASD_up	500	ASD_up	255	GAB3	ENSG00000160219	ENSG00000160219.11_1	3.04739477821596	-0.259453997986945	0.333958075878196	0.0974481149195848	3.42703474719631	0.000896613393022148	0.0514708670609184	1.57861936849288	0.531008733028658	org.Hs.eg.db
NTM1_ASD_up	500	ASD_up	256	PLSCR1	ENSG00000188313	ENSG00000188313.12_2	3.03836825457937	-0.275725916906969	0.609092705656989	0.178060998961138	3.42069689157436	0.000915443921692964	0.0518236024395457	3.01352447724854	0.935904240303351	org.Hs.eg.db
NTM1_ASD_up	500	ASD_up	257	SERPINA3	ENSG00000196136	ENSG00000196136.16_2	3.03826444463592	-0.275913052846657	1.83642519039428	0.536868481644631	3.4206239576006	0.000915662767532443	0.0518236024395457	-0.0952877199238698	2.73049535762139	org.Hs.eg.db
NTM1_ASD_up	500	ASD_up	258	ABHD4	ENSG00000100439	ENSG00000100439.10_1	3.03808953190693	-0.276228364239932	0.319384221445488	0.0933735190370027	3.42050106646319	0.000916031626306996	0.0518236024395457	3.00286858573925	0.528202566262992	org.Hs.eg.db
NTM1_ASD_up	500	ASD_up	259	AGTR1	ENSG00000144891	ENSG00000144891.17_2	3.03557697129073	-0.280757702917189	0.456608776589219	0.133560722245903	3.41873545538742	0.000921346581294191	0.0519992851257431	-3.0572772753923	0.686046647259544	org.Hs.eg.db
NTM1_ASD_up	500	ASD_up	260	ELOA	ENSG00000011007	ENSG00000011007.12_1	3.03366200873004	-0.284209764505566	0.114984067202886	0.0336467561749843	3.41738937937722	0.00092541810378396	0.0519992851257431	5.3479736947313	0.175221422696683	org.Hs.eg.db
NTM1_ASD_up	500	ASD_up	261	PCBD1	ENSG00000166228	ENSG00000166228.8_1	3.03186087131327	-0.287456635968975	0.2089383184825	0.061162410976798	3.41612299361059	0.000929264034075325	0.0520969890571313	3.39058183020174	0.361010459387563	org.Hs.eg.db
NTM1_ASD_up	500	ASD_up	262	CD58	ENSG00000116815	ENSG00000116815.15_2	3.03088605706229	-0.289213912534418	0.407710248424062	0.119372774980436	3.41543746881046	0.000931352196060812	0.0520969890571313	0.659098151845828	0.61103507828031	org.Hs.eg.db
NTM1_ASD_up	500	ASD_up	263	HDAC1	ENSG00000116478	ENSG00000116478.11_1	3.02904174376277	-0.292538616227803	0.240656878750997	0.0704882818041492	3.41414023141689	0.00093531576861651	0.0522011290547408	3.67932137873272	0.377193616538086	org.Hs.eg.db
NTM1_ASD_up	500	ASD_up	264	SMO	ENSG00000128602	ENSG00000128602.9_2	3.02016763281827	-0.308535784084393	0.339089287239163	0.0995011290456158	3.40789386504056	0.000954624040683742	0.0526040604172125	2.38553268338138	0.538682820004205	org.Hs.eg.db
NTM1_ASD_up	500	ASD_up	265	NEK6	ENSG00000119408	ENSG00000119408.16_2	3.01831731360963	-0.311871314500236	0.261912737603425	0.0768841273978525	3.40659049491587	0.000958699909535108	0.0526775906044556	5.30559899375223	0.418843727666707	org.Hs.eg.db
NTM1_ASD_up	500	ASD_up	266	CPNE3	ENSG00000085719	ENSG00000085719.12_2	3.01530216078288	-0.317306665284614	0.266485397547572	0.078275243466036	3.40446590451298	0.000965378981971035	0.0527365357811218	5.45028660741628	0.400551813091563	org.Hs.eg.db
NTM1_ASD_up	500	ASD_up	267	ARRDC3	ENSG00000113369	ENSG00000113369.8_1	3.01372110245785	-0.32015680492957	0.462406276630781	0.135867917066325	3.4033514799896	0.000968899869791764	0.0527365357811218	5.54111852230613	0.700880111422178	org.Hs.eg.db
NTM1_ASD_up	500	ASD_up	268	BAG3	ENSG00000151929	ENSG00000151929.9_1	3.01305385315059	-0.321359640823457	0.946028604988153	0.278008128970172	3.40288109017724	0.000970389630052048	0.0527365357811218	4.02317727664206	1.44038605977888	org.Hs.eg.db
NTM1_ASD_up	500	ASD_up	269	SMIM30	ENSG00000214194	ENSG00000214194.8_2	3.00928975186564	-0.328145104794018	0.242566298307948	0.0713382721371072	3.40022670918848	0.000978836708869635	0.0528912936230823	3.13014636400012	0.366801674033984	org.Hs.eg.db
NTM1_ASD_up	500	ASD_up	270	ZNF438	ENSG00000183621	ENSG00000183621.15_2	3.00881224649207	-0.329005893402716	0.138881474932518	0.0408488156212206	3.39988988225083	0.000979913528526087	0.0528912936230823	3.00310649077722	0.253804271162797	org.Hs.eg.db
NTM1_ASD_up	500	ASD_up	271	MAP3K8	ENSG00000107968	ENSG00000107968.9_1	3.00799653659674	-0.330476355987588	0.429309739783484	0.126293035715244	3.3993144384577	0.000981755772275766	0.0528912936230823	1.81915319521339	0.674561133119788	org.Hs.eg.db
NTM1_ASD_up	500	ASD_up	272	RPS15A	ENSG00000134419	ENSG00000134419.15_2	2.99744519865202	-0.349497024679821	0.206020678644791	0.0607396431009974	3.39186514978729	0.00100589998424888	0.0537629803269413	5.98587994183266	0.31512013524439	org.Hs.eg.db
NTM1_ASD_up	500	ASD_up	273	KLHL6	ENSG00000172578	ENSG00000172578.11_1	2.99635964808759	-0.351453923202349	0.631067810422205	0.186095413946887	3.39109813099595	0.00100841744921732	0.0537629803269413	0.971076100515061	0.994000481602274	org.Hs.eg.db
NTM1_ASD_up	500	ASD_up	274	ZFP36L1	ENSG00000185650	ENSG00000185650.9_2	2.99528143497299	-0.353397594662767	0.40647570270297	0.119892447474184	3.39033618268985	0.00101092413483176	0.0537629803269413	5.25981681310151	0.662588726814962	org.Hs.eg.db
NTM1_ASD_up	500	ASD_up	275	YBX1	ENSG00000065978	ENSG00000065978.18_2	2.99208107479796	-0.359166814727929	0.276978296637443	0.0817509609926665	3.38807389263949	0.00101840125351031	0.053929666379919	5.87509400928118	0.440510682907075	org.Hs.eg.db
NTM1_ASD_up	500	ASD_up	276	PPP1R42	ENSG00000178125	ENSG00000178125.14_2	2.98485169636208	-0.37219905886607	0.378713435356901	0.111947363242518	3.38295985173383	0.0010354957091944	0.0545771164316581	-2.13296823360867	0.571865585541638	org.Hs.eg.db
NTM1_ASD_up	500	ASD_up	277	PLOD2	ENSG00000152952	ENSG00000152952.11_1	2.98417964263718	-0.373410555579736	0.350426477857941	0.10360033010583	3.38248418224124	0.00103709933876176	0.0545771164316581	4.52937249994441	0.536010704711829	org.Hs.eg.db
NTM1_ASD_up	500	ASD_up	278	ZNF823	ENSG00000197933	ENSG00000197933.12_2	2.98176491873701	-0.377763526125176	0.164694760624789	0.0487150948313663	3.38077471048555	0.00104288178292861	0.0545771164316581	2.27264699499563	0.264297280633228	org.Hs.eg.db
NTM1_ASD_up	500	ASD_up	279	C19orf38	ENSG00000214212	ENSG00000214212.8_2	2.98139410195823	-0.378431989511685	0.507519230309316	0.150130870284018	3.38051214483197	0.00104377261443499	0.0545771164316581	-0.770472088541666	0.795633313456086	org.Hs.eg.db
NTM1_ASD_up	500	ASD_up	280	RPL23A	ENSG00000198242	ENSG00000198242.13_1	2.97493034619002	-0.390084062226883	0.215022741349682	0.0636928315057499	3.3759331508173	0.00105942362596518	0.0550457012018226	6.55562706863267	0.36858723559631	org.Hs.eg.db
NTM1_ASD_up	500	ASD_up	281	STEAP3	ENSG00000115107	ENSG00000115107.19_1	2.96745684606191	-0.403556379259362	0.428137498516	0.127019883283102	3.37063369489771	0.0010778123458597	0.0558842326133018	1.39555803074902	0.680224888662303	org.Hs.eg.db
NTM1_ASD_up	500	ASD_up	282	RFX2	ENSG00000087903	ENSG00000087903.12_2	2.96404627344626	-0.409704544744449	0.253992410842642	0.0754086452578138	3.36821341869053	0.0010863098727115	0.0561784667780621	2.82298631700869	0.441084683503282	org.Hs.eg.db
NTM1_ASD_up	500	ASD_up	283	ELF4	ENSG00000102034	ENSG00000102034.16_1	2.96117253368904	-0.414884973247078	0.485829809699018	0.144327038591954	3.36617320246257	0.00109352185271323	0.0561784667780621	0.357954243379503	0.793770268720931	org.Hs.eg.db
NTM1_ASD_up	500	ASD_up	284	LTBP1	ENSG00000049323	ENSG00000049323.15_1	2.96104074845955	-0.415122539629819	0.349524845151833	0.103837367038988	3.36607962161248	0.00109385372866695	0.0561784667780621	4.14679689730904	0.543066814428867	org.Hs.eg.db
NTM1_ASD_up	500	ASD_up	285	NFAM1	ENSG00000235568	ENSG00000235568.6_1	2.96098044549895	-0.41523124647257	0.494378189516149	0.146872485036706	3.36603679983078	0.00109400562375383	0.0561784667780621	0.706846550968222	0.784806199031877	org.Hs.eg.db
NTM1_ASD_up	500	ASD_up	286	TCEAL9	ENSG00000185222	ENSG00000185222.7_2	2.95988010311943	-0.417214809880221	0.328158126960331	0.0975135883486781	3.36525537125082	0.00109678094570446	0.0561784667780621	3.44764762404855	0.512212719778039	org.Hs.eg.db
NTM1_ASD_up	500	ASD_up	287	TNFRSF10D	ENSG00000173530	ENSG00000173530.5_1	2.95227688928406	-0.430920959007128	0.761391988289104	0.226614706095663	3.35985250651691	0.00111615140612284	0.0565098164773033	0.608890551747245	1.19949002257369	org.Hs.eg.db
NTM1_ASD_up	500	ASD_up	288	PARD3	ENSG00000148498	ENSG00000148498.15_2	2.9519420323712	-0.431524598321147	0.318734669597772	0.0948723958836546	3.35961442344776	0.00111701233149631	0.0565098164773033	4.71013262711937	0.50896621063041	org.Hs.eg.db
NTM1_ASD_up	500	ASD_up	289	NANOS1	ENSG00000188613	ENSG00000188613.6_1	2.95187626217643	-0.431643160828663	0.301167613293854	0.0896447530791421	3.35956765955918	0.00111718150629554	0.0565098164773033	1.68226913561827	0.454600047111533	org.Hs.eg.db
NTM1_ASD_up	500	ASD_up	290	SQOR	ENSG00000137767	ENSG00000137767.13_2	2.94814463459199	-0.438370085161707	0.474822043584052	0.141446008871378	3.35691369005559	0.00112682212421423	0.0568731879902159	1.71788356375896	0.728810214695647	org.Hs.eg.db
NTM1_ASD_up	500	ASD_up	291	CFAP54	ENSG00000188596	ENSG00000188596.10_2	2.94261546717549	-0.448337395670014	0.331057369677357	0.0987353028196008	3.35297872415738	0.00114125983410586	0.057030843540952	2.66547371760083	0.612120023309614	org.Hs.eg.db
NTM1_ASD_up	500	ASD_up	292	GALM	ENSG00000143891	ENSG00000143891.16_2	2.93811165841275	-0.456456314311242	0.355351323193003	0.106082266888241	3.34977120697629	0.00115315673965144	0.0572796015719663	1.42645404071393	0.575519996680522	org.Hs.eg.db
NTM1_ASD_up	500	ASD_up	293	ACAA2	ENSG00000167315	ENSG00000167315.17_2	2.93339408024326	-0.464960590438276	0.308681911584384	0.0922427259086581	3.34640925388579	0.00116575133039049	0.0577896208414733	4.45898065347577	0.497181332895743	org.Hs.eg.db
NTM1_ASD_up	500	ASD_up	294	CAPN10-DT	ENSG00000260942	ENSG00000260942.1_1	2.92995455860774	-0.471160941695315	0.175252764431239	0.0524088022401392	3.34395668170824	0.00117502049404214	0.0579334832777427	1.72981585327341	0.284326434412167	org.Hs.eg.db
NTM1_ASD_up	500	ASD_up	295	ZNF600	ENSG00000189190	ENSG00000189190.9_2	2.92609410281482	-0.478120101853275	0.316624179158198	0.094763539807388	3.34120253213159	0.00118551184393872	0.0580170705757952	0.75481590908313	0.51894085802778	org.Hs.eg.db
NTM1_ASD_up	500	ASD_up	296	ECHDC3	ENSG00000134463	ENSG00000134463.14_2	2.92302806509935	-0.483647181725943	0.31619312965044	0.0946965552324375	3.33901406312328	0.00119391094872442	0.0580170705757952	-0.0780330119949003	0.532978319362909	org.Hs.eg.db
NTM1_ASD_up	500	ASD_up	297	CYP19A1	ENSG00000137869	ENSG00000137869.14_2	2.91972842957164	-0.489595363322093	0.907738177314111	0.272050127612888	3.33665778905927	0.00120301646252646	0.0580170705757952	-3.34742863439135	1.42058630889527	org.Hs.eg.db
NTM1_ASD_up	500	ASD_up	298	ARAF	ENSG00000078061	ENSG00000078061.12_1	2.91968049310003	-0.489681777362626	0.169786845622686	0.0508858260781765	3.33662354939153	0.00120314925617151	0.0580170705757952	3.25198777867544	0.308719158462334	org.Hs.eg.db
NTM1_ASD_up	500	ASD_up	299	FERMT2	ENSG00000073712	ENSG00000073712.14_2	2.91923762862967	-0.490480119564384	0.33759673680982	0.101188744106438	3.33630721273415	0.00120437677308902	0.0580170705757952	5.83570587281532	0.519952998935668	org.Hs.eg.db
NTM1_ASD_up	500	ASD_up	300	PLIN2	ENSG00000147872	ENSG00000147872.9_2	2.91874787668558	-0.491362984800886	0.602230418981301	0.180527013318678	3.33595736122995	0.00120573570947656	0.0580170705757952	2.76622924844149	0.931962202958914	org.Hs.eg.db
NTM1_ASD_up	500	ASD_up	301	CYP4F3	ENSG00000186529	ENSG00000186529.14_1	2.91806919913421	-0.492586422143239	0.553671269889837	0.165994853203487	3.33547251137426	0.00120762140113202	0.0580170705757952	0.359721193224503	0.890949519525223	org.Hs.eg.db
NTM1_ASD_up	500	ASD_up	302	C6orf118	ENSG00000112539	ENSG00000112539.14_1	2.91743801889685	-0.493724237104977	0.457060389927816	0.13704870653841	3.33502155162418	0.00120937776910929	0.0580170705757952	-0.492277419973667	0.721990265416271	org.Hs.eg.db
NTM1_ASD_up	500	ASD_up	303	BCL2A1	ENSG00000140379	ENSG00000140379.7_1	2.91734738354822	-0.493887623487566	1.23614758833402	0.370663749318281	3.33495679199145	0.00120963018727004	0.0580170705757952	-2.13458692304349	1.88963826398798	org.Hs.eg.db
NTM1_ASD_up	500	ASD_up	304	ABHD5	ENSG00000011198	ENSG00000011198.7_1	2.91621607570477	-0.495927007667254	0.202576569967783	0.0607581145334889	3.33414839356357	0.00121278529999347	0.0580170705757952	3.23471772879566	0.317563158804852	org.Hs.eg.db
NTM1_ASD_up	500	ASD_up	305	CD7	ENSG00000173762	ENSG00000173762.7_1	2.91552251111259	-0.497177281556096	0.519964771716892	0.155974486259175	3.33365272864494	0.00121472365515435	0.0580170705757952	-2.75155161693969	0.833867290712977	org.Hs.eg.db
NTM1_ASD_up	500	ASD_up	306	BST2	ENSG00000130303	ENSG00000130303.12_2	2.91413279586565	-0.499682491172841	0.561861479960728	0.168592529885166	3.33265940278274	0.00121861692084713	0.0580913048870619	2.59280139316656	0.897756933498913	org.Hs.eg.db
NTM1_ASD_up	500	ASD_up	307	CASP4	ENSG00000196954	ENSG00000196954.13_2	2.90939810169544	-0.508217621944159	0.642890551200934	0.193102342442423	3.3292737056912	0.00123197500952982	0.0585035015997756	1.50179746717858	1.00441032928844	org.Hs.eg.db
NTM1_ASD_up	500	ASD_up	308	ZBTB11-AS1	ENSG00000256628	ENSG00000256628.3_1	2.90679741387829	-0.512905825620414	0.159666163187953	0.0479850749292126	3.32741302214265	0.00123937458498347	0.0586050545530271	1.35441779946835	0.260998363878755	org.Hs.eg.db
NTM1_ASD_up	500	ASD_up	309	NTSR2	ENSG00000169006	ENSG00000169006.6_2	2.90348869379877	-0.518870383741637	0.415543915897824	0.124973931162056	3.32504476760821	0.00124885295616866	0.0588548615168973	3.29025095068533	0.68598065047009	org.Hs.eg.db
NTM1_ASD_up	500	ASD_up	310	TPT1	ENSG00000133112	ENSG00000133112.16_1	2.90106105981257	-0.523246627019928	0.19592013504755	0.0589533761937724	3.32330644480115	0.00125585338405532	0.0589610106737199	8.37691173782369	0.329520940594139	org.Hs.eg.db
NTM1_ASD_up	500	ASD_up	311	HADH	ENSG00000138796	ENSG00000138796.15_1	2.89904513247416	-0.526880695629267	0.130132552325018	0.0391745756047404	3.32186246605493	0.00126169641056781	0.0590396852604142	3.96234082905023	0.209391263620837	org.Hs.eg.db
NTM1_ASD_up	500	ASD_up	312	DCST2	ENSG00000163354	ENSG00000163354.14_1	2.89235042837235	-0.538949093910141	0.529254931860517	0.159555229969963	3.31706414111373	0.00128129629879555	0.0594808876203484	-2.72934776041737	0.846876539419496	org.Hs.eg.db
NTM1_ASD_up	500	ASD_up	313	TRIM25	ENSG00000121060	ENSG00000121060.15_2	2.88684568711436	-0.548872371910839	0.257017293799284	0.0775757182997285	3.313115230287	0.00129764026473675	0.0595710952137416	4.46714401772345	0.420821853224104	org.Hs.eg.db
NTM1_ASD_up	500	ASD_up	314	MCL1	ENSG00000143384	ENSG00000143384.12_1	2.88465505521667	-0.552821376650418	0.386751647382456	0.116788959788583	3.31154287256751	0.00130420224900792	0.0595710952137416	6.36743252128628	0.610542014564391	org.Hs.eg.db
NTM1_ASD_up	500	ASD_up	315	UCP2	ENSG00000175567	ENSG00000175567.8_2	2.87874707903044	-0.563471557534457	0.517688306748766	0.156528990501473	3.30729984963325	0.00132206534394626	0.0595710952137416	1.2632782317606	0.84932666127148	org.Hs.eg.db
NTM1_ASD_up	500	ASD_up	316	ZNF578	ENSG00000258405	ENSG00000258405.9_2	2.87744988275231	-0.565809985207268	0.179555118264996	0.0543058524163325	3.30636773525711	0.00132602013063025	0.0595710952137416	1.56126584424615	0.296634506439512	org.Hs.eg.db
NTM1_ASD_up	500	ASD_up	317	DPYSL3	ENSG00000113657	ENSG00000113657.12_2	2.87622952730052	-0.568009893584468	0.211749696475689	0.0640599890510886	3.30549067541701	0.00132975145042609	0.0595710952137416	6.98985113390904	0.356824467567335	org.Hs.eg.db
NTM1_ASD_up	500	ASD_up	318	EEF1AKMT3	ENSG00000123427	ENSG00000123427.16_2	2.87336360988105	-0.57317622092803	0.311122230871221	0.0941815621196638	3.30343035164271	0.00133855552231919	0.0595710952137416	0.834691054863088	0.511253716160827	org.Hs.eg.db
NTM1_ASD_up	500	ASD_up	319	ANXA5	ENSG00000164111	ENSG00000164111.14_1	2.87309295318557	-0.573664127898793	0.381969348227016	0.115634904490166	3.3032357306915	0.00133938998359841	0.0595710952137416	5.38031700356522	0.597479316945998	org.Hs.eg.db
NTM1_ASD_up	500	ASD_up	320	FAM181A-AS1	ENSG00000258584	ENSG00000258584.1_1	2.87200620233052	-0.575623190159259	0.391958896323816	0.118687155698007	3.30245420423701	0.00134274578471962	0.0595710952137416	-0.112511010105349	0.616956899207758	org.Hs.eg.db
NTM1_ASD_up	500	ASD_up	321	NFE2	ENSG00000123405	ENSG00000123405.13_1	2.86972539867794	-0.579734745571005	0.787744601391575	0.238651647936065	3.30081358416856	0.00134981609196981	0.0595710952137416	-2.75249756851823	1.26788916311996	org.Hs.eg.db
NTM1_ASD_up	500	ASD_up	322	KCTD11	ENSG00000213859	ENSG00000213859.4_1	2.86855193966784	-0.581850114747108	0.398899223178853	0.120879677640404	3.29996928321987	0.00135346821227746	0.0595710952137416	1.52008947249551	0.647993027185494	org.Hs.eg.db
NTM1_ASD_up	500	ASD_up	323	ZC3H12A	ENSG00000163874	ENSG00000163874.9_2	2.86724256880472	-0.584210489280944	0.651264005613542	0.197410933878488	3.29902702357111	0.00135755499239149	0.0595710952137416	-0.234204031565695	1.03128539041464	org.Hs.eg.db
NTM1_ASD_up	500	ASD_up	324	ERBB2	ENSG00000141736	ENSG00000141736.13_2	2.86463032697975	-0.588919521117203	0.270628197386529	0.0820795149847435	3.29714664416367	0.00136574516914076	0.0595710952137416	3.64051371676631	0.451996599101967	org.Hs.eg.db
NTM1_ASD_up	500	ASD_up	325	TAB2	ENSG00000228408	ENSG00000228408.6_2	2.86442680643539	-0.589286403200459	0.544347096178667	0.165103754170013	3.29700011314178	0.00136638533923423	0.0595710952137416	2.44916048452436	0.837723473699001	org.Hs.eg.db
NTM1_ASD_up	500	ASD_up	326	LOC101927551	ENSG00000230922	ENSG00000230922.1_2	2.86301555437988	-0.59183043675619	0.539375933295488	0.163646409300253	3.29598391802083	0.00137083266852535	0.0595710952137416	-0.214905761248364	0.849840231311923	org.Hs.eg.db
NTM1_ASD_up	500	ASD_up	327	CARS2	ENSG00000134905	ENSG00000134905.16_2	2.86080085888841	-0.595822820415775	0.104239498829627	0.0316415293316355	3.29438876790974	0.00137784111844245	0.0595710952137416	4.47621331398894	0.164891438080623	org.Hs.eg.db
NTM1_ASD_up	500	ASD_up	328	RHBDD1	ENSG00000144468	ENSG00000144468.16_2	2.85976105485972	-0.597697252647811	0.177085333901288	0.0537658493313363	3.2936396635341	0.0013811439492838	0.0595710952137416	4.04438479472203	0.314195468733056	org.Hs.eg.db
NTM1_ASD_up	500	ASD_up	329	ANKRD22	ENSG00000152766	ENSG00000152766.5_1	2.85787060130406	-0.601105132382932	1.14897827981596	0.348991937177882	3.29227743513835	0.00138716907642359	0.0595710952137416	-3.20066741378555	1.85759428148853	org.Hs.eg.db
NTM1_ASD_up	500	ASD_up	330	MYH6	ENSG00000197616	ENSG00000197616.11_1	2.85773320827722	-0.601352807820668	0.627395805177954	0.190571629369773	3.29217841738969	0.00138760798945679	0.0595710952137416	-2.75510931621862	1.01365326858732	org.Hs.eg.db
NTM1_ASD_up	500	ASD_up	331	DNMT3B	ENSG00000088305	ENSG00000088305.18_1	2.85769084220548	-0.601429180221831	0.226217824476344	0.0687143568375146	3.29214788419354	0.00138774335927974	0.0595710952137416	0.804270351205351	0.378353708862745	org.Hs.eg.db
NTM1_ASD_up	500	ASD_up	332	BATF	ENSG00000156127	ENSG00000156127.6_1	2.8573631986384	-0.602019816193416	0.824328319871499	0.250410212558767	3.29191174532486	0.001388790705631	0.0595710952137416	-2.9291801221915	1.39681683799774	org.Hs.eg.db
NTM1_ASD_up	500	ASD_up	333	PLCD1	ENSG00000187091	ENSG00000187091.13_1	2.85681713870055	-0.603004186632356	0.279852934111827	0.0850224486468639	3.29151816450477	0.00139053799914163	0.0595710952137416	3.84345649501115	0.461922837789721	org.Hs.eg.db
NTM1_ASD_up	500	ASD_up	334	PALLD	ENSG00000129116	ENSG00000129116.17_2	2.85578350703977	-0.604867492070245	0.386589713896883	0.117476867997042	3.29077307293056	0.00139385145562997	0.0595710952137416	5.32662433627514	0.61969104689594	org.Hs.eg.db
NTM1_ASD_up	500	ASD_up	335	SRPX	ENSG00000101955	ENSG00000101955.14_2	2.8521677514651	-0.611385536437531	0.400600393273754	0.121830960131173	3.288165773646	0.00140550452624547	0.0595710952137416	0.95862679561571	0.639170737185747	org.Hs.eg.db
NTM1_ASD_up	500	ASD_up	336	CD99P1	ENSG00000223773	ENSG00000223773.7_1	2.85120447728073	-0.613122009974504	0.470401385858749	0.143089139337583	3.28747092921534	0.00140862542431632	0.0595710952137416	-0.0076276367928753	0.779051452194791	org.Hs.eg.db
NTM1_ASD_up	500	ASD_up	337	HMGB2	ENSG00000164104	ENSG00000164104.11_2	2.84988837768818	-0.615494514243357	0.290813742057959	0.0884867934426818	3.28652142024263	0.00141290064150016	0.0595710952137416	3.89091353305615	0.474119704494809	org.Hs.eg.db
NTM1_ASD_up	500	ASD_up	338	MAP7D3	ENSG00000129680	ENSG00000129680.15_1	2.84957913934361	-0.61605197151843	0.300136039979157	0.0913295183075667	3.28629829151623	0.00141390705227803	0.0595710952137416	1.31883749658502	0.515656476690012	org.Hs.eg.db
NTM1_ASD_up	500	ASD_up	339	NFATC2	ENSG00000101096	ENSG00000101096.19_1	2.84910812021592	-0.616901067511982	0.340603904195724	0.103654356366634	3.28595841154018	0.00141544135347561	0.0595710952137416	2.53586621314463	0.569659300421274	org.Hs.eg.db
NTM1_ASD_up	500	ASD_up	340	LRCH1	ENSG00000136141	ENSG00000136141.14_2	2.84707505659389	-0.620566027329146	0.136995045553165	0.0417096715317939	3.28449111493814	0.00142208299553623	0.0596602251303004	4.23537005321929	0.228795502197708	org.Hs.eg.db
NTM1_ASD_up	500	ASD_up	341	FABP5	ENSG00000164687	ENSG00000164687.10_1	2.84110929366594	-0.631320379122585	0.352480963658044	0.107457713471923	3.28018298798198	0.00144175247737083	0.0600567266306739	3.45812741267421	0.566399031966972	org.Hs.eg.db
NTM1_ASD_up	500	ASD_up	342	TBC1D2B	ENSG00000167202	ENSG00000167202.11_2	2.8410688608896	-0.631393266413953	0.146618425235499	0.0446986437860246	3.28015377686561	0.00144188671064239	0.0600567266306739	4.79076555245508	0.253788939806296	org.Hs.eg.db
NTM1_ASD_up	500	ASD_up	343	VWA3B	ENSG00000168658	ENSG00000168658.14	2.84014176723107	-0.63306451809956	0.404590304761955	0.123370113160871	3.27948393979651	0.00144496801123555	0.0600567266306739	-1.18800991154284	0.685113564986977	org.Hs.eg.db
NTM1_ASD_up	500	ASD_up	344	RPL36A	ENSG00000241343	ENSG00000241343.9_2	2.83898198947372	-0.635155224377264	0.204015778326546	0.0622256221790134	3.27864585651912	0.00144883193647394	0.0600567266306739	5.69561696400423	0.319118904890741	org.Hs.eg.db
NTM1_ASD_up	500	ASD_up	345	LY96	ENSG00000154589	ENSG00000154589.6_1	2.83330462957576	-0.645389678266562	0.648684838299761	0.198099459116601	3.27454118851454	0.00146789628185646	0.0605122144381376	-0.882447524151997	1.01495853826193	org.Hs.eg.db
NTM1_ASD_up	500	ASD_up	346	PHF19	ENSG00000119403	ENSG00000119403.13_2	2.83294298855862	-0.646041600706026	0.267578067999823	0.0817212028052427	3.27427960938746	0.00146911912168148	0.0605122144381376	3.57750775531185	0.461248517398567	org.Hs.eg.db
NTM1_ASD_up	500	ASD_up	347	APOBEC3F	ENSG00000128394	ENSG00000128394.16_1	2.83104537432187	-0.649462388846083	0.379369768282918	0.115912181398067	3.27290681365129	0.00147555236211268	0.0605742138789383	-0.894534372291076	0.627756815697148	org.Hs.eg.db
NTM1_ASD_up	500	ASD_up	348	ERI1	ENSG00000104626	ENSG00000104626.14_1	2.83103848986967	-0.649474799299156	0.187760312519277	0.0573681467174048	3.27290183251314	0.00147557575280873	0.0605742138789383	3.00151218436333	0.300746499461692	org.Hs.eg.db
NTM1_ASD_up	500	ASD_up	349	SLC8B1	ENSG00000089060	ENSG00000089060.11_1	2.83007149374626	-0.651217982295132	0.247564447314604	0.0756568322187322	3.27220212708441	0.0014788649167436	0.0606090578749901	3.45884681263645	0.41097888580319	org.Hs.eg.db
NTM1_ASD_up	500	ASD_up	350	TNFSF14	ENSG00000125735	ENSG00000125735.10_1	2.82616595016998	-0.658258421224927	0.893180348556286	0.273196044842587	3.26937510779459	0.00149222410032603	0.0608553000914569	-2.91970799601145	1.41321592550204	org.Hs.eg.db
NTM1_ASD_up	500	ASD_up	351	MSN	ENSG00000147065	ENSG00000147065.16_2	2.82390716845156	-0.662330278172289	0.439176005651068	0.134397502112626	3.2677393459518	0.00150000543120742	0.0610355849738044	5.77153845873287	0.706383726093703	org.Hs.eg.db
NTM1_ASD_up	500	ASD_up	352	MMP11	ENSG00000099953	ENSG00000099953.9_2	2.82231581977748	-0.665198968006892	0.308363331525931	0.0943992520962218	3.26658659553376	0.00150551185691544	0.0610355849738044	-0.595734595286957	0.483780030026783	org.Hs.eg.db
NTM1_ASD_up	500	ASD_up	353	SYTL3	ENSG00000164674	ENSG00000164674.15_1	2.81880390542708	-0.671529820045214	0.346900185162918	0.106279337829763	3.26404164954977	0.00151773550744467	0.0612918358746275	0.349310710249835	0.536810828824267	org.Hs.eg.db
NTM1_ASD_up	500	ASD_up	354	MYCL	ENSG00000116990	ENSG00000116990.10_2	2.81758990232307	-0.673718277182481	0.297232015955342	0.0910871272672369	3.26316160002834	0.00152198403777843	0.0613202531026878	1.12956402183931	0.501843542880209	org.Hs.eg.db
NTM1_ASD_up	500	ASD_up	355	SPTLC3	ENSG00000172296	ENSG00000172296.12_2	2.81221336454774	-0.683410445537957	0.348544355566197	0.106939650571634	3.25926215115808	0.00154094321691889	0.0618269236436147	1.25282440631368	0.556651266489623	org.Hs.eg.db
NTM1_ASD_up	500	ASD_up	356	YAP1	ENSG00000137693	ENSG00000137693.13_2	2.80745421050797	-0.69198966958708	0.431004837053942	0.132380304777912	3.2558078618796	0.00155792228446516	0.0622066846575187	4.54930380589943	0.699038818359545	org.Hs.eg.db
NTM1_ASD_up	500	ASD_up	357	SLC25A1	ENSG00000100075	ENSG00000100075.9_1	2.80581076563562	-0.694952272111492	0.168393832154449	0.0517400248041226	3.25461444581743	0.0015638288986015	0.0622871212250906	3.55940641987275	0.279135719373476	org.Hs.eg.db
NTM1_ASD_up	500	ASD_up	358	LRRIQ3	ENSG00000162620	ENSG00000162620.15_2	2.800554163503	-0.704428235078005	0.393452831408539	0.121032791987265	3.25079530058217	0.00158287214479536	0.0625254249769867	-0.506381137986508	0.638247197218394	org.Hs.eg.db
NTM1_ASD_up	500	ASD_up	359	PHPT1	ENSG00000054148	ENSG00000054148.17_2	2.80052331450577	-0.704483845898074	0.149090759115101	0.0458631730616957	3.25077287859133	0.00158298458406124	0.0625254249769867	4.53663260843138	0.242397330463682	org.Hs.eg.db
NTM1_ASD_up	500	ASD_up	360	RPL27A	ENSG00000166441	ENSG00000166441.12_2	2.79957866414655	-0.706186746668266	0.187088389470293	0.0575641310299946	3.2500862277033	0.00158643154116698	0.0625254249769867	6.64189680550816	0.310808488313545	org.Hs.eg.db
NTM1_ASD_up	500	ASD_up	361	DHTKD1	ENSG00000181192	ENSG00000181192.11_2	2.79951438189794	-0.706302626887448	0.160087661274473	0.0492571432903197	3.25003949845249	0.00158666637476174	0.0625254249769867	4.88255173486223	0.260729048302007	org.Hs.eg.db
NTM1_ASD_up	500	ASD_up	362	THBS1	ENSG00000137801	ENSG00000137801.10_2	2.79823546415288	-0.708608104244045	0.583749621643754	0.17966448465699	3.24910971001437	0.00159134570327358	0.0625254249769867	4.63390483233334	1.15382876238331	org.Hs.eg.db
NTM1_ASD_up	500	ASD_up	363	CXCL3	ENSG00000163734	ENSG00000163734.4_1	2.79814462353797	-0.708771860655693	0.728103578963694	0.224097813058025	3.24904366101587	0.00159167859707686	0.0625254249769867	-2.84926301219862	1.16685620995662	org.Hs.eg.db
NTM1_ASD_up	500	ASD_up	364	DNALI1	ENSG00000163879	ENSG00000163879.10_1	2.79731504429175	-0.710267325219426	0.269794773671066	0.0830536309274721	3.24844044334038	0.001594721890304	0.0625254249769867	2.93087963328794	0.453151279448729	org.Hs.eg.db
NTM1_ASD_up	500	ASD_up	365	RPL12	ENSG00000197958	ENSG00000197958.12_1	2.79519631000178	-0.714086721696694	0.248211465618303	0.0764456880193923	3.24689949229495	0.00160252085469795	0.0625254249769867	6.38550213726533	0.415712437134015	org.Hs.eg.db
NTM1_ASD_up	500	ASD_up	366	RPL30	ENSG00000156482	ENSG00000156482.10_1	2.7951809873518	-0.714114343506387	0.221837204684191	0.0683230160753015	3.2468883463765	0.0016025773953641	0.0625254249769867	6.55044899051059	0.349973660067773	org.Hs.eg.db
NTM1_ASD_up	500	ASD_up	367	AHNAK	ENSG00000124942	ENSG00000124942.13_2	2.79432049172411	-0.71566554036229	0.32321516151221	0.0995653230881979	3.24626236813289	0.00160575583295311	0.0625254249769867	9.02921129153738	0.564460053775982	org.Hs.eg.db
NTM1_ASD_up	500	ASD_up	368	TEP1	ENSG00000129566	ENSG00000129566.12_2	2.7939072537073	-0.716410475597044	0.266037601171443	0.0819595619957855	3.2459617242113	0.00160728446197623	0.0625254249769867	4.27474329577577	0.45153497548406	org.Hs.eg.db
NTM1_ASD_up	500	ASD_up	369	KIF7	ENSG00000166813	ENSG00000166813.14_1	2.79302751661411	-0.717996358626618	0.216019138237368	0.0665632449410652	3.24532162499936	0.0016105435889579	0.0625254249769867	2.70139567698738	0.362702984495227	org.Hs.eg.db
NTM1_ASD_up	500	ASD_up	370	NECAP2	ENSG00000157191	ENSG00000157191.19_1	2.79173566213456	-0.720325156754661	0.269593599759882	0.0830955294748481	3.24438151442894	0.00161534145209178	0.0625254249769867	3.78502481730392	0.426263123606234	org.Hs.eg.db
NTM1_ASD_up	500	ASD_up	371	MYD88	ENSG00000172936	ENSG00000172936.12_2	2.79145898524292	-0.720823916202823	0.462819429030414	0.142661445442895	3.24418014687558	0.00161637086891224	0.0625254249769867	1.75351918927792	0.764165787547744	org.Hs.eg.db
NTM1_ASD_up	500	ASD_up	372	RUFY4	ENSG00000188282	ENSG00000188282.12_1	2.78892870390618	-0.725385199639715	0.592006349344487	0.182586242679488	3.24233819950879	0.00162581563639241	0.0625254249769867	-2.93227265090888	0.927299754686099	org.Hs.eg.db
NTM1_ASD_up	500	ASD_up	373	SIGLEC9	ENSG00000129450	ENSG00000129450.8_1	2.78837662358271	-0.726380422897577	0.856605741691692	0.264226587268226	3.24193621295998	0.0016278837068133	0.0625254249769867	-0.756897453622965	1.34744851695628	org.Hs.eg.db
NTM1_ASD_up	500	ASD_up	374	CHSY1	ENSG00000131873	ENSG00000131873.5_1	2.78551187294367	-0.731544646911308	0.258262628693267	0.0797143841795167	3.23984976301969	0.00163865726230117	0.0625780013502219	4.82009970537817	0.421101800943296	org.Hs.eg.db
NTM1_ASD_up	500	ASD_up	375	STON2	ENSG00000140022	ENSG00000140022.9_2	2.77961943870206	-0.742166810667938	0.385228557109213	0.119061031117771	3.23555535755573	0.00166104179892509	0.0628866373751579	6.1150158313008	0.631582908172686	org.Hs.eg.db
NTM1_ASD_up	500	ASD_up	376	TMC1	ENSG00000165091	ENSG00000165091.15_1	2.77851962567108	-0.744149419830418	0.351325346032413	0.108609622949326	3.23475339009629	0.00166525357364591	0.0628894454752018	-0.457012550480447	0.552555064982429	org.Hs.eg.db
NTM1_ASD_up	500	ASD_up	377	NFATC1	ENSG00000131196	ENSG00000131196.17_2	2.77684608507166	-0.747166275271057	0.374681279251883	0.115873659230698	3.23353281271555	0.0016716829574912	0.0629653563881887	1.70007933793452	0.63654350765699	org.Hs.eg.db
NTM1_ASD_up	500	ASD_up	378	RHOC	ENSG00000155366	ENSG00000155366.16_2	2.77643604979307	-0.747905436998908	0.38383976401387	0.118716986867085	3.23323371105783	0.00167326200741683	0.0629653563881887	4.78776819937015	0.620247411087252	org.Hs.eg.db
NTM1_ASD_up	500	ASD_up	379	NXT2	ENSG00000101888	ENSG00000101888.11_1	2.77470538334772	-0.751025271966386	0.434313039830041	0.134380237636546	3.23197106560204	0.00167994327142369	0.063080862693303	2.04052712370038	0.708463823328827	org.Hs.eg.db
NTM1_ASD_up	500	ASD_up	380	CTSH	ENSG00000103811	ENSG00000103811.15_1	2.77287640915184	-0.754322324189409	0.351156035462709	0.108695624882834	3.23063633739841	0.00168703305032458	0.063080862693303	4.49048972269999	0.597913013399709	org.Hs.eg.db
NTM1_ASD_up	500	ASD_up	381	MZB1	ENSG00000170476	ENSG00000170476.15_1	2.77120580184268	-0.757333891851154	0.527992755900688	0.163494766808257	3.2294168566258	0.00169353508420476	0.063080862693303	-3.73815418471665	0.851924969416949	org.Hs.eg.db
NTM1_ASD_up	500	ASD_up	382	HSPB2-C11orf52	ENSG00000254445	ENSG00000254445.1_2	2.76916087926655	-0.761020229548368	0.345915645600682	0.107163513071281	3.22792371850101	0.00170152808063386	0.063262202710513	0.878052500512871	0.578850421245105	org.Hs.eg.db
NTM1_ASD_up	500	ASD_up	383	CNBD2	ENSG00000149646	ENSG00000149646.12_2	2.76846306189007	-0.762278169839487	0.42067032115586	0.130342840950763	3.22741408801092	0.0017042642661808	0.0632692187068257	-0.459811306581734	0.733166155841701	org.Hs.eg.db
NTM1_ASD_up	500	ASD_up	384	EYA2	ENSG00000064655	ENSG00000064655.18_2	2.76681793820063	-0.76524379873115	0.3607475385536	0.111817665160008	3.22621240603958	0.00171073232565283	0.0633200417882468	2.06682986993275	0.621023544912947	org.Hs.eg.db
NTM1_ASD_up	500	ASD_up	385	DLEU2	ENSG00000231607	ENSG00000231607.9_2	2.76360833003416	-0.771029689950446	0.215216601416352	0.0667572812879541	3.22386707882884	0.00172342214849976	0.0633449235483404	1.75882267287673	0.376869046109709	org.Hs.eg.db
NTM1_ASD_up	500	ASD_up	386	EMP1	ENSG00000134531	ENSG00000134531.9_2	2.76239926006571	-0.773209254230937	0.995707628374053	0.308939742808153	3.22298328898517	0.00172822681743387	0.0633490328868509	2.9198943136428	1.58165044091294	org.Hs.eg.db
NTM1_ASD_up	500	ASD_up	387	MTHFD2	ENSG00000065911	ENSG00000065911.11_1	2.76193283205275	-0.774050073921268	0.518524242859894	0.16090034023301	3.22264230211687	0.00173008391315397	0.0633490328868509	2.39031038732626	0.835357996179328	org.Hs.eg.db
NTM1_ASD_up	500	ASD_up	388	CD180	ENSG00000134061	ENSG00000134061.5_1	2.76147188774676	-0.774881008251665	0.741601538109261	0.230146267652049	3.22230530034258	0.0017319211358581	0.0633490328868509	-0.0727205385475967	1.20671530636338	org.Hs.eg.db
NTM1_ASD_up	500	ASD_up	389	TSPO	ENSG00000100300	ENSG00000100300.17_1	2.76047222620545	-0.776683076489942	0.36923496280404	0.114613205269338	3.22157435468581	0.00173591227355945	0.0634016429795918	2.1722445143198	0.598104977845818	org.Hs.eg.db
NTM1_ASD_up	500	ASD_up	390	ST20	ENSG00000180953	ENSG00000180953.11_2	2.75946085613553	-0.778506251439515	0.192710041586812	0.0598323284116223	3.22083473437712	0.00173995951713931	0.0634561447396062	0.568576845783964	0.325743632987972	org.Hs.eg.db
NTM1_ASD_up	500	ASD_up	391	RYK	ENSG00000163785	ENSG00000163785.12_1	2.75713764312738	-0.782694257279241	0.127792344277004	0.0396977235875842	3.21913532384441	0.00174929218881604	0.063571440188258	4.80227783359973	0.213092093959823	org.Hs.eg.db
NTM1_ASD_up	500	ASD_up	392	CFLAR	ENSG00000003402	ENSG00000003402.19_2	2.75391976091908	-0.788495063934792	0.270295596183874	0.0840267461198342	3.21678047366482	0.00176230161444368	0.0638025115106754	5.91545143951601	0.469883768320912	org.Hs.eg.db
NTM1_ASD_up	500	ASD_up	393	EDA2R	ENSG00000131080	ENSG00000131080.14_1	2.75323102012826	-0.789736642061249	0.478698533834406	0.148836259366106	3.21627630171025	0.00176509863815866	0.0638094930344989	-0.68923353855671	0.85301340414842	org.Hs.eg.db
NTM1_ASD_up	500	ASD_up	394	RBM47	ENSG00000163694	ENSG00000163694.14_1	2.74898632647152	-0.797388459505434	0.640842796563437	0.199442671840698	3.21316792765041	0.0017824348855696	0.0638094930344989	1.09013187249211	1.05388522535762	org.Hs.eg.db
NTM1_ASD_up	500	ASD_up	395	MAT2A	ENSG00000168906	ENSG00000168906.12_1	2.74815124085533	-0.798893850283215	0.143229815751103	0.0445843772516918	3.2125561593589	0.00178586554791081	0.0638094930344989	7.05144095870044	0.238535322596383	org.Hs.eg.db
NTM1_ASD_up	500	ASD_up	396	FKBP14	ENSG00000106080	ENSG00000106080.10_1	2.74803639538346	-0.799100879731292	0.198638297811118	0.0618334717319488	3.21247201955965	0.00178633786727189	0.0638094930344989	3.52452878636626	0.313919986574807	org.Hs.eg.db
NTM1_ASD_up	500	ASD_up	397	SLC16A3	ENSG00000141526	ENSG00000141526.15_2	2.74606181592714	-0.802660411407925	0.541577915969529	0.168661997973682	3.21102514185821	0.00179447818903055	0.0638094930344989	2.38678120088674	0.891063020822596	org.Hs.eg.db
NTM1_ASD_up	500	ASD_up	398	TCF12	ENSG00000140262	ENSG00000140262.17_1	2.74587052279965	-0.803005251391265	0.213341244841408	0.0664431296329616	3.21088494807403	0.0017952687746137	0.0638094930344989	5.97410088083893	0.35317561039404	org.Hs.eg.db
NTM1_ASD_up	500	ASD_up	399	RPS2	ENSG00000140988	ENSG00000140988.15_2	2.74585218615849	-0.803038306457669	0.211137734472772	0.0657571422133018	3.21087150940786	0.0017953445754715	0.0638094930344989	6.65726973184762	0.402755417192438	org.Hs.eg.db
NTM1_ASD_up	500	ASD_up	400	UBTD1	ENSG00000165886	ENSG00000165886.4_1	2.74571918125556	-0.803278071519359	0.211518814830961	0.0658778265920746	3.21077403085438	0.00179589449311945	0.0638094930344989	2.65290548518997	0.354847054280295	org.Hs.eg.db
NTM1_ASD_up	500	ASD_up	401	PTTG1IP	ENSG00000183255	ENSG00000183255.11_1	2.74436854158258	-0.805712840444108	0.353800149825247	0.110225530820906	3.20978404177614	0.00180148835198232	0.0639168067283326	5.98662615435621	0.5640056314831	org.Hs.eg.db
NTM1_ASD_up	500	ASD_up	402	PPP1R14B	ENSG00000173457	ENSG00000173457.10_2	2.74367992262396	-0.806954198946292	0.242335660700957	0.075510930670944	3.20927922020972	0.00180434706446045	0.0639269096903563	3.17639448445439	0.409573159934785	org.Hs.eg.db
NTM1_ASD_up	500	ASD_up	403	DSC2	ENSG00000134755	ENSG00000134755.14_2	2.74249462335197	-0.809090912306413	0.374673671169655	0.116778607595377	3.20841016077065	0.00180927830932369	0.0639293943743396	2.46608824931278	0.60945587730917	org.Hs.eg.db
NTM1_ASD_up	500	ASD_up	404	SIX5	ENSG00000177045	ENSG00000177045.7_1	2.74240789596994	-0.809247253882123	0.335867145764231	0.104685431837223	3.20834656618197	0.00180963965317297	0.0639293943743396	0.825406341486115	0.614406445875006	org.Hs.eg.db
NTM1_ASD_up	500	ASD_up	405	RPS25	ENSG00000118181	ENSG00000118181.10_1	2.74180840180301	-0.810327949050058	0.177710202795822	0.0553975553097141	3.20790695189143	0.00181213937991364	0.0639293943743396	6.57336163245129	0.292412004073596	org.Hs.eg.db
NTM1_ASD_up	500	ASD_up	406	AFF1	ENSG00000172493	ENSG00000172493.20_2	2.73904723204705	-0.81530545004626	0.230350766864776	0.0718525487949446	3.20588163855063	0.0018236973538558	0.0641548831166611	5.74474968584244	0.412253971305122	org.Hs.eg.db
NTM1_ASD_up	500	ASD_up	407	DHRSX	ENSG00000169084	ENSG00000169084.13_2	2.73747407366682	-0.818141348631597	0.189969302896811	0.0592778362952251	3.20472734447822	0.00183031536846302	0.0642337093741636	3.03726159204098	0.350744514873207	org.Hs.eg.db
NTM1_ASD_up	500	ASD_up	408	OTOS	ENSG00000178602	ENSG00000178602.7_1	2.73452332515038	-0.823460599158801	0.690279907304541	0.21553993816539	3.20256149825406	0.00184279351329411	0.0643707731310442	-2.15786264312521	1.33009422761682	org.Hs.eg.db
NTM1_ASD_up	500	ASD_up	409	ITPRIP	ENSG00000148841	ENSG00000148841.15_1	2.73383569386559	-0.824700177202739	0.486505790633081	0.151935410874155	3.20205663600069	0.0018457135738096	0.0643822223583359	2.39708722866199	0.823957371521801	org.Hs.eg.db
NTM1_ASD_up	500	ASD_up	410	SLC16A10	ENSG00000112394	ENSG00000112394.16_2	2.73288847061052	-0.826407716076643	0.201665181284067	0.0629935753791186	3.20136109230778	0.00184974358307215	0.0644323024252173	3.01255203838331	0.367561463826673	org.Hs.eg.db
NTM1_ASD_up	500	ASD_up	411	FPR1	ENSG00000171051	ENSG00000171051.8_2	2.73091023302464	-0.82997384218431	0.914012082851049	0.285636974636736	3.19990814919344	0.00185818849571432	0.0644517483135494	1.26713836708908	1.48537668547643	org.Hs.eg.db
NTM1_ASD_up	500	ASD_up	412	BTN2A2	ENSG00000124508	ENSG00000124508.16_2	2.73066312589798	-0.830419296856719	0.363479591750745	0.113597076919148	3.19972662685193	0.00185924607828745	0.0644517483135494	1.77250308113321	0.594028579396201	org.Hs.eg.db
NTM1_ASD_up	500	ASD_up	413	RP2	ENSG00000102218	ENSG00000102218.5_1	2.72877669976765	-0.833819916439315	0.291218481418418	0.0910529907105415	3.19834064917433	0.00186733956989694	0.0644517483135494	2.22173402245074	0.477658671569684	org.Hs.eg.db
NTM1_ASD_up	500	ASD_up	414	MESD	ENSG00000117899	ENSG00000117899.10_2	2.72820906589776	-0.8348431777389	0.105152850582489	0.0328816026451706	3.19792352329072	0.0018697818256317	0.0644517483135494	4.83611608043456	0.18910026631041	org.Hs.eg.db
NTM1_ASD_up	500	ASD_up	415	ZNF561	ENSG00000171469	ENSG00000171469.10_2	2.7270778828538	-0.836882336945274	0.106022568734208	0.0331621871683978	3.19709216391018	0.00187465829189131	0.0644517483135494	3.92200457644209	0.176844934962224	org.Hs.eg.db
NTM1_ASD_up	500	ASD_up	416	SBNO2	ENSG00000064932	ENSG00000064932.15_1	2.72680984088396	-0.837365530406662	0.42226972318804	0.132087448572798	3.19689514598591	0.00187581566832375	0.0644517483135494	3.59289767704024	0.728713195803411	org.Hs.eg.db
NTM1_ASD_up	500	ASD_up	417	SLC9A9	ENSG00000181804	ENSG00000181804.14_2	2.72581003830354	-0.839167852893108	0.250776477929466	0.0784617987899304	3.19616019256558	0.0018801390153644	0.0644517483135494	4.00985524216259	0.409660666975848	org.Hs.eg.db
NTM1_ASD_up	500	ASD_up	418	LENG8-AS1	ENSG00000226696	ENSG00000226696.5_1	2.72550894211246	-0.839710632484195	0.286987786710911	0.0897976468063322	3.19593883489911	0.00188144296695617	0.0644517483135494	0.849763027706598	0.499902541970589	org.Hs.eg.db
NTM1_ASD_up	500	ASD_up	419	NR1H3	ENSG00000025434	ENSG00000025434.18_2	2.72061041320498	-0.848541104592722	0.160589497742833	0.0503046959177247	3.19233611918625	0.00190278442015809	0.064807061275461	2.51686682658069	0.259584672431331	org.Hs.eg.db
NTM1_ASD_up	500	ASD_up	420	H3-3B	ENSG00000132475	ENSG00000132475.9_2	2.72041800909148	-0.84888794732652	0.261539304720395	0.0819308786250869	3.19219455606219	0.00190362759149375	0.064807061275461	7.23972604972591	0.418760018147734	org.Hs.eg.db
NTM1_ASD_up	500	ASD_up	421	NFE2L1-DT	ENSG00000263412	ENSG00000263412.1_1	2.71852515895575	-0.852300147324689	0.302340626586543	0.0947538142139738	3.19080164840431	0.0019119425613468	0.064807061275461	0.360062923592441	0.516134380656515	org.Hs.eg.db
NTM1_ASD_up	500	ASD_up	422	STK17B	ENSG00000081320	ENSG00000081320.10_2	2.71732148251966	-0.854469988801044	0.463770789094181	0.145386535643293	3.18991567576826	0.00191724898922041	0.064807061275461	3.81420850423714	0.741258707661301	org.Hs.eg.db
NTM1_ASD_up	500	ASD_up	423	CDKN1A	ENSG00000124762	ENSG00000124762.13_1	2.71717100235447	-0.854741256140027	0.848510182975022	0.266006921723235	3.18980490236209	0.00191791341841642	0.064807061275461	3.12135697690527	1.3864899710275	org.Hs.eg.db
NTM1_ASD_up	500	ASD_up	424	RIPK1	ENSG00000137275	ENSG00000137275.13_1	2.71610897006178	-0.856655758782774	0.233620866201815	0.0732578171679577	3.18902303171543	0.00192260926103443	0.064807061275461	3.81220921846295	0.383905717615088	org.Hs.eg.db
NTM1_ASD_up	500	ASD_up	425	NPC2	ENSG00000119655	ENSG00000119655.9_2	2.71540296085852	-0.857928466302817	0.325498702568603	0.102085111006447	3.18850319463381	0.00192573728544412	0.064807061275461	3.40014584400913	0.542965162939085	org.Hs.eg.db
NTM1_ASD_up	500	ASD_up	426	CT45A11P	ENSG00000230162	ENSG00000230162.1_1	2.71365185409833	-0.861085148583756	0.461275681404495	0.144726943030417	3.18721360201431	0.00193351767245338	0.0648930336662865	-2.52588940989327	0.73779535413179	org.Hs.eg.db
NTM1_ASD_up	500	ASD_up	427	GNG5	ENSG00000174021	ENSG00000174021.10_1	2.71094383989237	-0.865966827219716	0.442214587087005	0.138833355424113	3.18521860784905	0.00194561165906672	0.0649092699827264	2.48753761310048	0.742287301771088	org.Hs.eg.db
NTM1_ASD_up	500	ASD_up	428	RPL10	ENSG00000147403	ENSG00000147403.16_2	2.71016035078062	-0.867379206094949	0.179589583638785	0.0563924063325568	3.184641254351	0.00194912480845611	0.0649092699827264	6.79378673591198	0.300760245916143	org.Hs.eg.db
NTM1_ASD_up	500	ASD_up	429	TNFAIP3	ENSG00000118503	ENSG00000118503.14_2	2.70893459251616	-0.869588854005684	0.577911040585667	0.181519668903147	3.1837378509875	0.00195463381376995	0.0649092699827264	2.05360743013323	0.965540302042525	org.Hs.eg.db
NTM1_ASD_up	500	ASD_up	430	GTF3C6	ENSG00000155115	ENSG00000155115.6_1	2.70713498940557	-0.872832959608535	0.161998106783955	0.0509042032954669	3.18241120175594	0.00196275011100932	0.0649092699827264	3.60137099340607	0.275919359045393	org.Hs.eg.db
NTM1_ASD_up	500	ASD_up	431	IL4I1	ENSG00000104951	ENSG00000104951.15_2	2.70393725029139	-0.878597454743995	0.757340813080279	0.238153523603043	3.18005294073509	0.00197725530625898	0.0652247976583666	-1.76763747185483	1.22678782078245	org.Hs.eg.db
NTM1_ASD_up	500	ASD_up	432	BMP2K	ENSG00000138756	ENSG00000138756.17_2	2.70268162737714	-0.880860939012959	0.256821286718572	0.0807835978382387	3.17912662460059	0.00198298017631974	0.0652308551775854	5.85259857246874	0.415632395725118	org.Hs.eg.db
NTM1_ASD_up	500	ASD_up	433	DENND2B	ENSG00000166444	ENSG00000166444.18_2	2.70085784706793	-0.884148628328824	0.199708086351351	0.0628451415357314	3.17778083509931	0.00199132503128628	0.0653287627876767	4.60243661314244	0.36084071587515	org.Hs.eg.db
NTM1_ASD_up	500	ASD_up	434	SERPINA1	ENSG00000197249	ENSG00000197249.13_2	2.69908938123127	-0.887336603441433	0.864080278251473	0.272024852511647	3.1764754957986	0.00199945032463067	0.0653287627876767	1.09938552610639	1.39963769518822	org.Hs.eg.db
NTM1_ASD_up	500	ASD_up	435	PTPN2	ENSG00000175354	ENSG00000175354.18_2	2.69654435131652	-0.891924473820898	0.142698313874598	0.0449500658653567	3.174596324331	0.00201120179839486	0.0653287627876767	4.50013456071761	0.231688351327293	org.Hs.eg.db
NTM1_ASD_up	500	ASD_up	436	SOCS1	ENSG00000185338	ENSG00000185338.4_1	2.6957061492181	-0.893435482613784	0.602618345070736	0.189862212663528	3.17397725759517	0.00201508722983058	0.0653287627876767	-2.4915380475829	1.03651321478309	org.Hs.eg.db
NTM1_ASD_up	500	ASD_up	437	KDM5A	ENSG00000073614	ENSG00000073614.12_2	2.69292283963198	-0.898452894602946	0.096301533847322	0.0303606342324203	3.17192101818767	0.00202804300649455	0.0653287627876767	6.74232527434763	0.161369866045972	org.Hs.eg.db
NTM1_ASD_up	500	ASD_up	438	BIRC7	ENSG00000101197	ENSG00000101197.12_1	2.69024704447395	-0.903276492658068	0.53321588288357	0.168209908617425	3.16994335985469	0.00204057685084264	0.0654862531256971	-3.50366370582027	0.857132330460035	org.Hs.eg.db
NTM1_ASD_up	500	ASD_up	439	EEF1G	ENSG00000254772	ENSG00000254772.9_2	2.68961650179328	-0.904413158310158	0.163395383112283	0.0515527868789887	3.16947720975446	0.00204354167159936	0.0654882592978603	7.65112740952838	0.274760971299018	org.Hs.eg.db
NTM1_ASD_up	500	ASD_up	440	PIM1	ENSG00000137193	ENSG00000137193.13_1	2.6888579717924	-0.905780543936087	0.404822800173596	0.127748022259492	3.16891637939637	0.00204711399912139	0.0655182001059007	3.11978361374085	0.66714762292565	org.Hs.eg.db
NTM1_ASD_up	500	ASD_up	441	HYPK	ENSG00000242028	ENSG00000242028.6_2	2.68478686326233	-0.913119443226989	0.293080481122093	0.0925739915045833	3.16590520035622	0.00206639402184848	0.0655398846166389	3.1514781565512	0.480860411169758	org.Hs.eg.db
NTM1_ASD_up	500	ASD_up	442	SLX4IP	ENSG00000149346	ENSG00000149346.14_1	2.68425991602052	-0.914069359622159	0.128373548818696	0.0405537602762992	3.16551530472308	0.00206890278383979	0.0655398846166389	3.60932448526759	0.21986118171221	org.Hs.eg.db
NTM1_ASD_up	500	ASD_up	443	EFEMP2	ENSG00000172638	ENSG00000172638.12_2	2.68134721933318	-0.919320014940114	0.226930478857005	0.0717371748248586	3.16335957487927	0.00208282499437048	0.0657927064508432	3.59075687070563	0.412041567152665	org.Hs.eg.db
NTM1_ASD_up	500	ASD_up	444	METTL7B	ENSG00000170439	ENSG00000170439.6_1	2.68037768176827	-0.921067779337711	0.5483374467173	0.173379561720578	3.16264178589291	0.00208747997597296	0.0657927064508432	-0.0485525514859276	0.934955354356097	org.Hs.eg.db
NTM1_ASD_up	500	ASD_up	445	SIGLEC5	ENSG00000268500	ENSG00000268500.5_2	2.67970635805825	-0.922277960069335	0.680263622660022	0.215127290015301	3.16214471261009	0.00209070925593702	0.0658109696837158	-2.91261809226077	1.12998794771218	org.Hs.eg.db
NTM1_ASD_up	500	ASD_up	446	NOTCH2NLA	ENSG00000264343	ENSG00000264343.5_2	2.67773152316133	-0.925837952223216	0.281293543717277	0.0889977318322277	3.16068216488429	0.00210023783002701	0.0658950729813135	5.36804638707889	0.470169149874879	org.Hs.eg.db
NTM1_ASD_up	500	ASD_up	447	APOC2	ENSG00000234906	ENSG00000234906.8_2	2.67759309178773	-0.926087499466197	0.692092552192357	0.21897646443794	3.16057962653107	0.00210090738757664	0.0658950729813135	-1.07894798931615	1.14247516000684	org.Hs.eg.db
NTM1_ASD_up	500	ASD_up	448	DPH5	ENSG00000117543	ENSG00000117543.20_2	2.67750352626544	-0.926248957295971	0.166477536897105	0.0526742089039849	3.16051328270656	0.0021013407070865	0.0658950729813135	2.67535206275882	0.284080895703835	org.Hs.eg.db
NTM1_ASD_up	500	ASD_up	449	TENT5A	ENSG00000112773	ENSG00000112773.15_2	2.67673044287421	-0.927642578003879	0.44696532258031	0.141447381279576	3.15994059795893	0.00210508461453797	0.0659268932498668	2.55863991374227	0.750333022895822	org.Hs.eg.db
NTM1_ASD_up	500	ASD_up	450	FXYD1	ENSG00000266964	ENSG00000266964.5_2	2.676198538288	-0.928601430896597	0.333132628528693	0.105436848310924	3.15954653297598	0.00210766440813312	0.0659268932498668	3.78658994656982	0.594604486305621	org.Hs.eg.db
NTM1_ASD_up	500	ASD_up	451	RPL39	ENSG00000198918	ENSG00000198918.7_1	2.67131659359484	-0.937402007000673	0.293237400922818	0.0929163738580541	3.15592816149701	0.00213149052482127	0.0660662930705161	4.84863908148122	0.532678445512342	org.Hs.eg.db
NTM1_ASD_up	500	ASD_up	452	PCF11	ENSG00000165494	ENSG00000165494.11_2	2.67092734333111	-0.938103700031793	0.113982224872445	0.036120166284669	3.15563953870345	0.00213340179749372	0.0660662930705161	6.26226517431198	0.198815412819548	org.Hs.eg.db
NTM1_ASD_up	500	ASD_up	453	RUNX1	ENSG00000159216	ENSG00000159216.18_2	2.66499639067694	-0.948795300097602	0.559055155391284	0.177408011373978	3.15123962588583	0.00216273649766543	0.0666609334709064	2.2669848676359	0.943959344853966	org.Hs.eg.db
NTM1_ASD_up	500	ASD_up	454	MSR1	ENSG00000038945	ENSG00000038945.14_2	2.66381764478075	-0.950920199828922	0.83698908730977	0.265680063883022	3.15036467199245	0.00216861448976514	0.0666635210114791	1.50894325388816	1.39189534548419	org.Hs.eg.db
NTM1_ASD_up	500	ASD_up	455	ZNF701	ENSG00000167562	ENSG00000167562.11_2	2.66093838531003	-0.956110578599699	0.193903888026479	0.0615914613722095	3.14822677862242	0.00218303960439723	0.0668046657925205	3.0274372232666	0.323721029439046	org.Hs.eg.db
NTM1_ASD_up	500	ASD_up	456	POLA1	ENSG00000101868	ENSG00000101868.10_1	2.66071882626588	-0.956506372939627	0.124138721360478	0.039433357357878	3.14806371250246	0.00218414352647474	0.0668046657925205	4.10015641459745	0.221908021246252	org.Hs.eg.db
NTM1_ASD_up	500	ASD_up	457	RPL17	ENSG00000265681	ENSG00000265681.7_2	2.65815126227303	-0.961134865014268	0.193742104110191	0.0615805706149957	3.14615636353022	0.00219709450411229	0.0670187206037372	6.52224372691313	0.315695990838663	org.Hs.eg.db
NTM1_ASD_up	500	ASD_up	458	MANBA	ENSG00000109323	ENSG00000109323.8_2	2.65772790959483	-0.961898033730343	0.130520114784768	0.0414897262084369	3.1458417953654	0.00219923728829304	0.0670187206037372	4.307933281596	0.220499160684681	org.Hs.eg.db
NTM1_ASD_up	500	ASD_up	459	RPL37	ENSG00000145592	ENSG00000145592.13_1	2.65537972759655	-0.966131050628507	0.169456493754013	0.0538967196284437	3.14409661519703	0.00221116052465785	0.0672994887137283	7.38683749611582	0.284140408381617	org.Hs.eg.db
NTM1_ASD_up	500	ASD_up	460	RPL29	ENSG00000162244	ENSG00000162244.10_2	2.64899791153059	-0.977635412414791	0.175174012091315	0.0557994472961994	3.1393503086409	0.00224389271436432	0.0679327306402326	6.15118319778114	0.313245453161762	org.Hs.eg.db
NTM1_ASD_up	500	ASD_up	461	RALGAPA2	ENSG00000188559	ENSG00000188559.13_1	2.64640065626601	-0.982317428302781	0.164919905201577	0.0525654990955995	3.13741728013734	0.002257352299915	0.0682038950373343	5.63660297816343	0.298007858878576	org.Hs.eg.db
NTM1_ASD_up	500	ASD_up	462	S100A10	ENSG00000197747	ENSG00000197747.8_1	2.64359609174198	-0.987373156108773	0.509014056862825	0.162347890066912	3.13532905572738	0.00227197688338284	0.0683133388325619	1.71078756719651	0.865669228991422	org.Hs.eg.db
NTM1_ASD_up	500	ASD_up	463	RGS16	ENSG00000143333	ENSG00000143333.6_1	2.64241911641562	-0.989494864072149	0.504945896338707	0.161095409423343	3.13445242261224	0.00227814248664966	0.0684158969751281	2.52337633031164	0.880006477018889	org.Hs.eg.db
NTM1_ASD_up	500	ASD_up	464	RPL23	ENSG00000125691	ENSG00000125691.12_2	2.64045010037692	-0.993044366696188	0.185846296352694	0.0593192329865382	3.13298549215681	0.0022884946402204	0.0685609805603303	6.64547452440688	0.306335808267726	org.Hs.eg.db
NTM1_ASD_up	500	ASD_up	465	STAT3	ENSG00000168610	ENSG00000168610.14_2	2.63494432813673	-1.00296950322619	0.238892835790808	0.0763508811967598	3.12888118704446	0.00231769173398154	0.0690238124328398	6.44014379656543	0.404606708766654	org.Hs.eg.db
NTM1_ASD_up	500	ASD_up	466	ZNF460	ENSG00000197714	ENSG00000197714.8_1	2.63373421517609	-1.00515094768614	0.0998365138762961	0.0319172622916651	3.1279786143302	0.00232415872815874	0.0690248899426534	6.62410333989934	0.169380951181264	org.Hs.eg.db
NTM1_ASD_up	500	ASD_up	467	ECI2-DT	ENSG00000234817	ENSG00000234817.2_2	2.63280865432905	-1.00681943620563	0.392037688762181	0.125360270279469	3.12728815826738	0.00232911721666634	0.0690248899426534	-1.80872487604763	0.651075811288967	org.Hs.eg.db
NTM1_ASD_up	500	ASD_up	468	UNG	ENSG00000076248	ENSG00000076248.10_1	2.63028022853427	-1.01137737469715	0.196471877938485	0.0628629251049069	3.12540146056852	0.00234271668947193	0.0690248899426534	3.5909829298129	0.355548039962785	org.Hs.eg.db
NTM1_ASD_up	500	ASD_up	469	UNC93B1	ENSG00000110057	ENSG00000110057.7_2	2.62973348170112	-1.01236298338739	0.33278517699364	0.10649148223872	3.12499337973004	0.00234566786566273	0.0690248899426534	2.3039894396527	0.557534194978382	org.Hs.eg.db
NTM1_ASD_up	500	ASD_up	470	FLNA	ENSG00000196924	ENSG00000196924.14_1	2.62841725911343	-1.0147357093769	0.350481370043346	0.11218955027303	3.12401082980008	0.0023527876989388	0.0690702540706493	7.02569653226495	0.592940305771711	org.Hs.eg.db
NTM1_ASD_up	500	ASD_up	471	CASP7	ENSG00000165806	ENSG00000165806.19_1	2.62740724572891	-1.01655643865905	0.421211915534504	0.13486304622879	3.12325672089546	0.00235826580786115	0.0690702540706493	2.42350873483294	0.694301823083615	org.Hs.eg.db
NTM1_ASD_up	500	ASD_up	472	RASSF8	ENSG00000123094	ENSG00000123094.15_2	2.62739474538281	-1.01657897276258	0.231786978095036	0.0742134545802926	3.12324738695815	0.00235833368706356	0.0690702540706493	5.62264408134109	0.398132333269318	org.Hs.eg.db
NTM1_ASD_up	500	ASD_up	473	FCGR1A	ENSG00000150337	ENSG00000150337.13_1	2.6268385823515	-1.01758155582957	0.799246852984611	0.2559365446054	3.12283208408897	0.00236135573376894	0.0690773038915023	1.33765740973934	1.31620306813977	org.Hs.eg.db
NTM1_ASD_up	500	ASD_up	474	PARVG	ENSG00000138964	ENSG00000138964.16_2	2.62465174165826	-1.02152372624689	0.544136953303357	0.174335887505786	3.1211987450679	0.00237327605975521	0.0692861152615892	2.03432734775904	0.916317987249763	org.Hs.eg.db
NTM1_ASD_up	500	ASD_up	475	GPR137B	ENSG00000077585	ENSG00000077585.13_1	2.62317639378409	-1.02418330394853	0.242220086112329	0.0776322421252465	3.12009648931108	0.00238135205891427	0.0693042901715155	4.44455687489151	0.420892303558836	org.Hs.eg.db
NTM1_ASD_up	500	ASD_up	476	N4BP2	ENSG00000078177	ENSG00000078177.13_2	2.62154409202014	-1.02712581903246	0.235998806142596	0.0756678867381956	3.11887666374418	0.00239031924436208	0.0694327202744798	4.53926346266993	0.391059327617333	org.Hs.eg.db
NTM1_ASD_up	500	ASD_up	477	NAIPP3	ENSG00000248477	ENSG00000248477.6_1	2.62082603017293	-1.02842025359307	0.37006366715832	0.11867329186961	3.11833995103904	0.00239427466366884	0.0694327202744798	0.00711886086693721	0.598962834878984	org.Hs.eg.db
NTM1_ASD_up	500	ASD_up	478	TMCO4	ENSG00000162542	ENSG00000162542.13_1	2.61858272049158	-1.03246421943385	0.308728015676562	0.0990572403965201	3.11666279456951	0.00240667407384407	0.0694327202744798	0.835401149847737	0.51337657373812	org.Hs.eg.db
NTM1_ASD_up	500	ASD_up	479	MTM1	ENSG00000171100	ENSG00000171100.14_1	2.61835668085484	-1.03287169619787	0.185975111246574	0.0596744691677237	3.11649376760879	0.00240792701476539	0.0694327202744798	3.96815265555752	0.342059184743604	org.Hs.eg.db
NTM1_ASD_up	500	ASD_up	480	MAPKAPK2	ENSG00000162889	ENSG00000162889.10_1	2.61830899748847	-1.03295765397105	0.322037438198384	0.103334435052655	3.11645811035099	0.00240819140764687	0.0694327202744798	4.29619381379055	0.555454743155271	org.Hs.eg.db
NTM1_ASD_up	500	ASD_up	481	RPS17	ENSG00000182774	ENSG00000182774.10_2	2.61585050792123	-1.03738951993788	0.205874092637179	0.0660992798957435	3.11461929633573	0.0024218625525202	0.0696386573596287	5.52013643767736	0.340507765785383	org.Hs.eg.db
NTM1_ASD_up	500	ASD_up	482	CTSC	ENSG00000109861	ENSG00000109861.15_1	2.61553587777633	-1.03795669689479	0.420887184545634	0.135142999614141	3.11438391738638	0.00242361773726528	0.0696386573596287	3.42933355172588	0.705278283940196	org.Hs.eg.db
NTM1_ASD_up	500	ASD_up	483	ZNF844	ENSG00000223547	ENSG00000223547.9_1	2.6140248679318	-1.04068056165905	0.234137953762565	0.0752068424725705	3.11325334324413	0.00243206474377272	0.069749145469214	4.36859460256448	0.390400413481056	org.Hs.eg.db
NTM1_ASD_up	500	ASD_up	484	XBP1	ENSG00000100219	ENSG00000100219.16_2	2.61259425801171	-1.04325949121854	0.267878931681435	0.0860742957842392	3.11218267010771	0.00244008942065379	0.0698245922171333	4.75928001713723	0.456648815871314	org.Hs.eg.db
NTM1_ASD_up	500	ASD_up	485	BAZ2B-AS1	ENSG00000224152	ENSG00000224152.1_1	2.61128243300341	-1.04562428978682	0.163970368509634	0.052703244034334	3.1112006768087	0.00244747107005704	0.0698362887780136	0.99372689086847	0.268733118287147	org.Hs.eg.db
NTM1_ASD_up	500	ASD_up	486	ZNF79	ENSG00000196152	ENSG00000196152.10_1	2.60932583330958	-1.04915140973452	0.129641157792554	0.0416888034988317	3.10973563432173	0.00245852238368572	0.0698625422439572	3.09932783269341	0.214980966208244	org.Hs.eg.db
NTM1_ASD_up	500	ASD_up	487	FGD4	ENSG00000139132	ENSG00000139132.14_2	2.60691842508923	-1.05349119246217	0.19623591906248	0.0631403434470398	3.10793239867434	0.00247218846041184	0.0700904938387997	5.89617371388409	0.328147979501618	org.Hs.eg.db
NTM1_ASD_up	500	ASD_up	488	CCDC8	ENSG00000169515	ENSG00000169515.5_1	2.60395808261123	-1.05882773781639	0.350933127194999	0.11299595665124	3.10571402371633	0.00248909755028861	0.0702515579802129	1.77485792090702	0.612927564116335	org.Hs.eg.db
NTM1_ASD_up	500	ASD_up	489	SERPINE1	ENSG00000106366	ENSG00000106366.8_1	2.6030709003084	-1.06042704216433	1.11595054620907	0.359398691964381	3.10504899199709	0.00249418750763331	0.0702515579802129	0.108037086567674	1.85016651121175	org.Hs.eg.db
NTM1_ASD_up	500	ASD_up	490	GMNN	ENSG00000112312	ENSG00000112312.9_2	2.60238378836057	-1.06166568401077	0.290979704156858	0.093727340931272	3.10453386669986	0.00249813676911995	0.0702515579802129	2.08943279933586	0.489589660059053	org.Hs.eg.db
NTM1_ASD_up	500	ASD_up	491	RPS6	ENSG00000137154	ENSG00000137154.12_1	2.59995126828858	-1.06605073533023	0.20562270640258	0.0662719761024798	3.10270974996452	0.0025121683033678	0.0702515579802129	7.60489144938081	0.346391923844618	org.Hs.eg.db
NTM1_ASD_up	500	ASD_up	492	CYP4F11	ENSG00000171903	ENSG00000171903.16_1	2.5991496237236	-1.06749584264831	0.47179535677024	0.152088608363442	3.10210844748349	0.00251680968369158	0.0702515579802129	2.78543688425074	0.770143478938395	org.Hs.eg.db
NTM1_ASD_up	500	ASD_up	493	PPP1R3B	ENSG00000173281	ENSG00000173281.4_1	2.59844155682697	-1.06877225952769	0.431939109146104	0.139264339222941	3.101577270651	0.00252091639748931	0.0702515579802129	1.81784819131618	0.725200431149979	org.Hs.eg.db
NTM1_ASD_up	500	ASD_up	494	SPTSSA	ENSG00000165389	ENSG00000165389.6_2	2.59712710292892	-1.07114179713866	0.162276209537603	0.0523371860005496	3.10059103169779	0.00252855786697585	0.0702515579802129	3.65204303734036	0.276859496164098	org.Hs.eg.db
NTM1_ASD_up	500	ASD_up	495	TRIM5	ENSG00000132256	ENSG00000132256.18_2	2.59706282739885	-1.07125766524646	0.415363468090306	0.133964758710992	3.10054280011349	0.00252893212092419	0.0702515579802129	1.75699637007361	0.703887035048294	org.Hs.eg.db
NTM1_ASD_up	500	ASD_up	496	RAP1B	ENSG00000127314	ENSG00000127314.17_2	2.59663648854739	-1.07202621707247	0.197299545707559	0.0636404394545045	3.10022286770356	0.00253141594572438	0.0702515579802129	4.95810403374977	0.330555205760531	org.Hs.eg.db
NTM1_ASD_up	500	ASD_up	497	PBXIP1	ENSG00000163346	ENSG00000163346.16_1	2.59653530842987	-1.07220861228185	0.328303454456183	0.105899320621023	3.10014693702397	0.00253200577316129	0.0702515579802129	6.61081966808306	0.557503678686326	org.Hs.eg.db
NTM1_ASD_up	500	ASD_up	498	GNA12	ENSG00000146535	ENSG00000146535.13_1	2.59590828882873	-1.07333892695466	0.26156262084278	0.0843838486092201	3.09967636169418	0.00253566403717755	0.0702515579802129	5.69364093911528	0.487150791527968	org.Hs.eg.db
NTM1_ASD_up	500	ASD_up	499	CLU	ENSG00000120885	ENSG00000120885.20_2	2.59524886163579	-1.07452766209227	0.253343398205584	0.0817452625366987	3.09918141240109	0.00253951708152333	0.0702515579802129	10.3731531349539	0.452691763424115	org.Hs.eg.db
NTM1_ASD_up	500	ASD_up	500	ANO6	ENSG00000177119	ENSG00000177119.15_2	2.5934128886292	-1.07783733091997	0.336091712416082	0.108493568522586	3.09780309554583	0.00255027557420209	0.0703842353439505	4.57115743224276	0.556495922696866	org.Hs.eg.db
NTM2_ASD_down	500	ASD_down	1	ZNF804B	ENSG00000182348	ENSG00000182348.6_1	-6.00204416930744	-5.93216486271385	-0.543280570251208	0.103969604653257	-5.22537882165728	9.95304186196068e-07	0.00617984369209139	2.53441244810912	0.613706942685104	org.Hs.eg.db
NTM2_ASD_down	500	ASD_down	2	SUSD5	ENSG00000173705	ENSG00000173705.8_2	-4.89335536098251	-3.81738359178205	-0.350154341699042	0.0761238283607732	-4.59979942206214	1.2783348799876e-05	0.0252465006095842	4.45535091231067	0.442733660901006	org.Hs.eg.db
NTM2_ASD_down	500	ASD_down	3	NOS2	ENSG00000007171	ENSG00000007171.16_2	-4.82139570628448	-3.68012331741524	-0.486759099373344	0.106801309025554	-4.55761360805866	1.50870487520625e-05	0.0252465006095842	2.86335756056489	0.622680796614436	org.Hs.eg.db
NTM2_ASD_down	500	ASD_down	4	IRGQ	ENSG00000167378	ENSG00000167378.8_2	-4.76627462450893	-3.5749819734266	-0.246562267011425	0.0544871118014398	-4.52514840408387	1.71287383554676e-05	0.0252465006095842	7.14146942748417	0.315378010955711	org.Hs.eg.db
NTM2_ASD_down	500	ASD_down	5	TMEM151B	ENSG00000178233	ENSG00000178233.17_2	-4.75439472156047	-3.55232151535464	-0.345638231522596	0.076500218138596	-4.51813393389808	1.76037534918704e-05	0.0252465006095842	7.64243202376796	0.461587540089025	org.Hs.eg.db
NTM2_ASD_down	500	ASD_down	6	OVOL2	ENSG00000125850	ENSG00000125850.10_2	-4.72035155775408	-3.48738548941082	-0.454021690203937	0.100938604404447	-4.49799849009932	1.90391888756794e-05	0.0252465006095842	0.0666537749263885	0.567736531919317	org.Hs.eg.db
NTM2_ASD_down	500	ASD_down	7	COL10A1	ENSG00000123500	ENSG00000123500.9_2	-4.64040114822016	-3.33488315745249	-0.732143214370141	0.164507905906674	-4.45050473614009	2.28875260587941e-05	0.0252465006095842	1.79292021337282	0.994992274457642	org.Hs.eg.db
NTM2_ASD_down	500	ASD_down	8	WNT10A	ENSG00000135925	ENSG00000135925.8_1	-4.60749518513366	-3.27211629815457	-0.487456429248712	0.110013659236748	-4.43087188109715	2.46890747664152e-05	0.0252465006095842	0.33652026453688	0.70839257134227	org.Hs.eg.db
NTM2_ASD_down	500	ASD_down	9	TPBG	ENSG00000146242	ENSG00000146242.8_1	-4.49961714888502	-3.06634309210208	-0.551869408992683	0.126397301502868	-4.36614866323046	3.1650665865119e-05	0.0252465006095842	3.89929257633326	0.713820723796104	org.Hs.eg.db
NTM2_ASD_down	500	ASD_down	10	APOOL	ENSG00000155008	ENSG00000155008.13_1	-4.4902150855277	-3.04840901777314	-0.168977845559786	0.0387521102815849	-4.36048112817445	3.23433435965896e-05	0.0252465006095842	4.96583857070667	0.20859427625582	org.Hs.eg.db
NTM2_ASD_down	500	ASD_down	11	ATP2B2	ENSG00000157087	ENSG00000157087.16_2	-4.37978008568899	-2.83775850199214	-0.46546850386785	0.108410295757342	-4.29358208661033	4.17080527663791e-05	0.0267612442010097	9.69981104983396	0.639770791162906	org.Hs.eg.db
NTM2_ASD_down	500	ASD_down	12	SYT3	ENSG00000213023	ENSG00000213023.10_2	-4.35771917587339	-2.79567816479794	-0.335799162604467	0.0784551088560275	-4.2801439893569	4.38814352828476e-05	0.0267612442010097	4.52025141225486	0.448395399540066	org.Hs.eg.db
NTM2_ASD_down	500	ASD_down	13	BASP1	ENSG00000176788	ENSG00000176788.8_2	-4.25043917932904	-2.59104569648577	-0.313171272008399	0.07430923806755	-4.2144325544519	5.61772946210212e-05	0.0303308541132105	8.13842904191725	0.425852648087739	org.Hs.eg.db
NTM2_ASD_down	500	ASD_down	14	LYNX1	ENSG00000180155	ENSG00000180155.18_1	-4.19515521994107	-2.48559366971437	-0.351450714334223	0.0840725104958293	-4.18032853142477	6.38035407035571e-05	0.0325916229894719	7.8372462789467	0.449001053755683	org.Hs.eg.db
NTM2_ASD_down	500	ASD_down	15	CENPS-CORT	ENSG00000251503	ENSG00000251503.8_2	-4.18228216882888	-2.46103881970832	-0.584594634201572	0.140111158028787	-4.17236316098011	6.57230684171768e-05	0.0325916229894719	0.598216334968302	0.776631481068352	org.Hs.eg.db
NTM2_ASD_down	500	ASD_down	16	HR	ENSG00000168453	ENSG00000168453.14_2	-4.15442329006094	-2.40789907967918	-0.469309112631204	0.112947907294177	-4.15509347516172	7.00771950098475e-05	0.0325916229894719	5.730475118117	0.599590422796039	org.Hs.eg.db
NTM2_ASD_down	500	ASD_down	17	RNF157	ENSG00000141576	ENSG00000141576.14_2	-4.14629829441838	-2.39240096291073	-0.260737377157925	0.0628275479957799	-4.15004859294269	7.1400574399913e-05	0.0325916229894719	7.40926076535675	0.331934620136004	org.Hs.eg.db
NTM2_ASD_down	500	ASD_down	18	LZTS1	ENSG00000061337	ENSG00000061337.15_2	-4.14161297378831	-2.38346389396733	-0.338505845494685	0.0816239697410481	-4.14713774113896	7.21750388315733e-05	0.0325916229894719	6.25672905721623	0.437548087421118	org.Hs.eg.db
NTM2_ASD_down	500	ASD_down	19	CACNG2	ENSG00000166862	ENSG00000166862.6_1	-4.07613308461322	-2.25856352317764	-0.318563342675949	0.0775786805874351	-4.10632586509269	8.39202782947897e-05	0.0344970382948302	3.49244321632128	0.410039660008438	org.Hs.eg.db
NTM2_ASD_down	500	ASD_down	20	ZSCAN1	ENSG00000152467	ENSG00000152467.9_2	-4.04228833533272	-2.19400596531257	-0.39986449220389	0.0978828349965388	-4.08513394833762	9.0721801305577e-05	0.0356630831004443	1.16056157717205	0.512966390352695	org.Hs.eg.db
NTM2_ASD_down	500	ASD_down	21	CELSR2	ENSG00000143126	ENSG00000143126.7_1	-4.01401276163347	-2.14007139572458	-0.275101580548044	0.0676361095299184	-4.06737735892918	9.68249404079467e-05	0.0356630831004443	8.82453015695413	0.356920081234176	org.Hs.eg.db
NTM2_ASD_down	500	ASD_down	22	CYP2E1	ENSG00000130649	ENSG00000130649.9_2	-3.98729269375799	-2.08910389368362	-0.347322441772508	0.0857469047199013	-4.05055369528571	0.000102969192331653	0.0356630831004443	3.24401456236196	0.484212235809576	org.Hs.eg.db
NTM2_ASD_down	500	ASD_down	23	IQSEC1	ENSG00000144711	ENSG00000144711.13_2	-3.96536990397371	-2.04728701513821	-0.240761528582589	0.0596428856876361	-4.0367183077545	0.000108300408818136	0.0356630831004443	8.3207002381959	0.315735352715266	org.Hs.eg.db
NTM2_ASD_down	500	ASD_down	24	RPH3A	ENSG00000089169	ENSG00000089169.14_2	-3.96440789507353	-2.04545202015198	-0.426612025458829	0.105698796795045	-4.03611051775784	0.000108540571745161	0.0356630831004443	7.75732418535844	0.589448055940955	org.Hs.eg.db
NTM2_ASD_down	500	ASD_down	25	FBLN7	ENSG00000144152	ENSG00000144152.12_2	-3.94999790784626	-2.0179655236042	-0.563407657005871	0.139907551602518	-4.02699961905224	0.000112202385948406	0.0356630831004443	3.6261082159304	0.7832437815781	org.Hs.eg.db
NTM2_ASD_down	500	ASD_down	26	TANGO2	ENSG00000183597	ENSG00000183597.15_1	-3.94383213493093	-2.00620454885254	-0.184015167243885	0.0457396756389305	-4.02309733668649	0.000113806709061585	0.0356630831004443	4.87825475633822	0.245462127756808	org.Hs.eg.db
NTM2_ASD_down	500	ASD_down	27	IL17REL	ENSG00000188263	ENSG00000188263.10_1	-3.90973956081033	-1.94117427463425	-1.02663420783193	0.256563759295528	-4.00147788078433	0.000123100676382554	0.0366370449333958	-0.889847486246436	1.48537340201976	org.Hs.eg.db
NTM2_ASD_down	500	ASD_down	28	PCDHA3	ENSG00000255408	ENSG00000255408.3_2	-3.90258554108698	-1.92752825709605	-0.31152454883499	0.0779409171077981	-3.99693204025465	0.000125145275557223	0.0366370449333958	2.74986383687619	0.445670393042932	org.Hs.eg.db
NTM2_ASD_down	500	ASD_down	29	OTUD7A	ENSG00000169918	ENSG00000169918.9_2	-3.90174228832616	-1.92591978487928	-0.21302679489486	0.0533047262117165	-3.99639600527648	0.000125388501342351	0.0366370449333958	6.64412881552682	0.279411886536978	org.Hs.eg.db
NTM2_ASD_down	500	ASD_down	30	JCAD	ENSG00000165757	ENSG00000165757.8_1	-3.85483506812587	-1.83644606600867	-0.256336710631699	0.0646252939118806	-3.96650746348983	0.00013968987601226	0.0372539650119464	7.11283364845923	0.392940827011976	org.Hs.eg.db
NTM2_ASD_down	500	ASD_down	31	ADGRL1	ENSG00000072071	ENSG00000072071.16_1	-3.85233508705342	-1.83167744824145	-0.270135868948492	0.0681316421428746	-3.96491058269236	0.00014049630834403	0.0372539650119464	8.16714225055483	0.412857784371447	org.Hs.eg.db
NTM2_ASD_down	500	ASD_down	32	ADRA1D	ENSG00000171873	ENSG00000171873.7_1	-3.84226965772106	-1.81247802882265	-0.722252502421926	0.182457160677107	-3.95847715563266	0.000143790549134019	0.0372539650119464	2.23890337362943	1.2672550445689	org.Hs.eg.db
NTM2_ASD_down	500	ASD_down	33	SERTAD4	ENSG00000082497	ENSG00000082497.11_1	-3.80931364122228	-1.74961569456545	-0.508892454345853	0.129246889884035	-3.93736711809816	0.000155126630313712	0.0372539650119464	3.43860177233867	0.732213692647791	org.Hs.eg.db
NTM2_ASD_down	500	ASD_down	34	LINC01844	ENSG00000236714	ENSG00000236714.1_1	-3.7997998356648	-1.73146847628636	-0.64292708400001	0.163542250125526	-3.93125986408122	0.000158562383082682	0.0372539650119464	0.313309121673099	0.931793923992755	org.Hs.eg.db
NTM2_ASD_down	500	ASD_down	35	CDK5R2	ENSG00000171450	ENSG00000171450.5_1	-3.79337610007523	-1.7192154476527	-0.423702261121869	0.107890991849404	-3.92713287605401	0.00016092514159354	0.0373526805291324	5.35046740360498	0.658916811879692	org.Hs.eg.db
NTM2_ASD_down	500	ASD_down	36	KCNA2	ENSG00000177301	ENSG00000177301.13_1	-3.7862697120283	-1.70566028570574	-0.37463420261099	0.095507476448071	-3.9225641441242	0.000163580031683195	0.0374011441735603	8.51513964855641	0.50725448586713	org.Hs.eg.db
NTM2_ASD_down	500	ASD_down	37	SLC36A1	ENSG00000123643	ENSG00000123643.12_2	-3.78242449677066	-1.69832568545677	-0.28918636150778	0.0737703251459237	-3.92009064533396	0.000165034789367032	0.0374011441735603	5.66253063174077	0.414168682763317	org.Hs.eg.db
NTM2_ASD_down	500	ASD_down	38	RHOBTB2	ENSG00000008853	ENSG00000008853.16_1	-3.77857289838518	-1.6909789096369	-0.299447234526546	0.0764361631541826	-3.9176120591312	0.00016650493179151	0.0374011441735603	7.47810438910966	0.45811753751882	org.Hs.eg.db
NTM2_ASD_down	500	ASD_down	39	LIMK1	ENSG00000106683	ENSG00000106683.14_1	-3.74177248899971	-1.62078354377171	-0.27767125053385	0.0713096514763818	-3.89388034838197	0.000181228923605654	0.0388017374712933	6.69500997207191	0.371030483767738	org.Hs.eg.db
NTM2_ASD_down	500	ASD_down	40	ARHGEF11	ENSG00000132694	ENSG00000132694.18_1	-3.73676868272424	-1.61123897570601	-0.175769983562489	0.0451775775287873	-3.89064649273166	0.000183329062376057	0.0388118822145941	7.14316406584247	0.234045375123215	org.Hs.eg.db
NTM2_ASD_down	500	ASD_down	41	CLEC2L	ENSG00000236279	ENSG00000236279.6_2	-3.71072568993876	-1.56156296836455	-0.442463625295303	0.114219885369215	-3.87378803493843	0.000194658920247897	0.0388118822145941	4.06975758744753	0.614021616405317	org.Hs.eg.db
NTM2_ASD_down	500	ASD_down	42	CABP1	ENSG00000157782	ENSG00000157782.9_1	-3.70697547436262	-1.55440957635515	-0.433992895264406	0.112103570127083	-3.87135659259042	0.000196347115556898	0.0388118822145941	7.24239962942851	0.578261015006027	org.Hs.eg.db
NTM2_ASD_down	500	ASD_down	43	MIR3677HG	ENSG00000260778	ENSG00000260778.4_2	-3.68725110984757	-1.51678610947767	-0.308889098232512	0.0800531033859081	-3.85855245040864	0.000205470221995163	0.0388118822145941	-0.617467834859208	0.451905964235768	org.Hs.eg.db
NTM2_ASD_down	500	ASD_down	44	IQSEC3	ENSG00000120645	ENSG00000120645.11_1	-3.68016766523167	-1.50327471124319	-0.326551174172279	0.0847316059955364	-3.85394765430838	0.000208848968563394	0.0388118822145941	6.6849250614175	0.451896620553932	org.Hs.eg.db
NTM2_ASD_down	500	ASD_down	45	RIMKLA	ENSG00000177181	ENSG00000177181.14_2	-3.67787346373641	-1.49889861010688	-0.379284538472807	0.0984526722630298	-3.85245549719054	0.000209955152092657	0.0388118822145941	6.38478214438137	0.55553149295048	org.Hs.eg.db
NTM2_ASD_down	500	ASD_down	46	MAP1A	ENSG00000166963	ENSG00000166963.12_2	-3.67487030453126	-1.49317019939957	-0.219130157239956	0.0569095082963704	-3.85050167888959	0.000211412029557806	0.0388118822145941	11.1331992869205	0.294662852693476	org.Hs.eg.db
NTM2_ASD_down	500	ASD_down	47	MARCHF10	ENSG00000173838	ENSG00000173838.11_2	-3.67257803807993	-1.48879778928516	-0.344644373587598	0.089541045428338	-3.84900993660417	0.000212530841568079	0.0388118822145941	-0.364240436916827	0.489116415688874	org.Hs.eg.db
NTM2_ASD_down	500	ASD_down	48	CFAP410	ENSG00000160226	ENSG00000160226.15_2	-3.60888105438887	-1.36729824215053	-0.188593760876276	0.0495333467143775	-3.80741002548763	0.000246104154779641	0.0405451628606895	4.7110606188843	0.272865495793163	org.Hs.eg.db
NTM2_ASD_down	500	ASD_down	49	CPLX1	ENSG00000168993	ENSG00000168993.14_2	-3.60289792831945	-1.35588565923437	-0.42726546504965	0.112335177700427	-3.80348768565685	0.000249518109727787	0.0405451628606895	6.34654251821669	0.5895595799474	org.Hs.eg.db
NTM2_ASD_down	500	ASD_down	50	PARD6A	ENSG00000102981	ENSG00000102981.9_1	-3.59819926888217	-1.34692314702911	-0.284519058133539	0.0748654455409799	-3.80040559536641	0.000252232318041162	0.0405451628606895	4.09715450188778	0.424076376362732	org.Hs.eg.db
NTM2_ASD_down	500	ASD_down	51	ABCA3	ENSG00000167972	ENSG00000167972.13_2	-3.5940180035995	-1.3389475442791	-0.192670715883035	0.0507340407318835	-3.797661552354	0.00025467246763841	0.0405451628606895	7.54427062687442	0.272381110167268	org.Hs.eg.db
NTM2_ASD_down	500	ASD_down	52	TECPR1	ENSG00000205356	ENSG00000205356.9_2	-3.58266489487352	-1.31729192593039	-0.232917925796195	0.0614526018766611	-3.7902044613778	0.000261417769699041	0.0409050171334653	6.23208298848854	0.359775782661709	org.Hs.eg.db
NTM2_ASD_down	500	ASD_down	53	EVI5L	ENSG00000142459	ENSG00000142459.8_2	-3.58122506102895	-1.31454549823591	-0.197644959894671	0.0521592767114838	-3.78925806406276	0.000262285896746725	0.0409050171334653	6.23019074626973	0.311218328793987	org.Hs.eg.db
NTM2_ASD_down	500	ASD_down	54	ST8SIA5	ENSG00000101638	ENSG00000101638.13_2	-3.56380328102081	-1.2813141227671	-0.352822575268378	0.0933937896064434	-3.7777948272059	0.000273021418655922	0.0409050171334653	7.53384241910234	0.534404888105698	org.Hs.eg.db
NTM2_ASD_down	500	ASD_down	55	TMEM121B	ENSG00000183307	ENSG00000183307.3_1	-3.56371700868177	-1.2811495615977	-0.402436441272403	0.106528414782101	-3.77773800629222	0.000273075659584704	0.0409050171334653	4.71499425215541	0.647878435361891	org.Hs.eg.db
NTM2_ASD_down	500	ASD_down	56	NUP93	ENSG00000102900	ENSG00000102900.12_2	-3.55688952055928	-1.26812639053246	-0.192420979162919	0.0509962267853041	-3.77323953736849	0.000277402569461856	0.0409050171334653	6.10590081917507	0.274013420631909	org.Hs.eg.db
NTM2_ASD_down	500	ASD_down	57	POU3F1	ENSG00000185668	ENSG00000185668.7_2	-3.55591932915285	-1.26627578773017	-0.425404707951341	0.112761677697677	-3.77260002367012	0.000278022965159886	0.0409050171334653	1.52054992072143	0.591322994188236	org.Hs.eg.db
NTM2_ASD_down	500	ASD_down	58	SETD4	ENSG00000185917	ENSG00000185917.13_2	-3.55136748949434	-1.25759332860746	-0.12423715088288	0.0329576596482643	-3.76959869750408	0.000280952247427131	0.0409050171334653	4.06158175474867	0.175880572195657	org.Hs.eg.db
NTM2_ASD_down	500	ASD_down	59	SPDEF	ENSG00000124664	ENSG00000124664.10_1	-3.5457528102404	-1.24688354382442	-0.376499662177297	0.0999761584841527	-3.76589446809937	0.000284608056572889	0.0410960796107225	-0.0478236043908839	0.530757983542114	org.Hs.eg.db
NTM2_ASD_down	500	ASD_down	60	FAM86HP	ENSG00000253540	ENSG00000253540.5_1	-3.53605191903366	-1.22837946686313	-0.520759577082032	0.138518716181062	-3.75948890835322	0.000291036916847586	0.0411906133837507	-0.509398779498034	0.732187232189753	org.Hs.eg.db
NTM2_ASD_down	500	ASD_down	61	PANX2	ENSG00000073150	ENSG00000073150.13_2	-3.53306625888345	-1.22268443493025	-0.299691581504195	0.0797578978267041	-3.75751605383779	0.000293044612259801	0.0411906133837507	4.77154023333849	0.45440359379966	org.Hs.eg.db
NTM2_ASD_down	500	ASD_down	62	LINC02192	ENSG00000261325	ENSG00000261325.1_1	-3.52383279524289	-1.20507195807809	-0.900732661244131	0.240105058460582	-3.75141059925651	0.000299341688980859	0.0411906133837507	0.477280653441513	1.28317869718481	org.Hs.eg.db
NTM2_ASD_down	500	ASD_down	63	ADGRB2	ENSG00000121753	ENSG00000121753.12_2	-3.50938857561023	-1.1775201645333	-0.280897487283386	0.0750692100370651	-3.7418468523206	0.000309464918961195	0.0411906133837507	8.11529108613564	0.453204614332569	org.Hs.eg.db
NTM2_ASD_down	500	ASD_down	64	N4BP3	ENSG00000145911	ENSG00000145911.5_1	-3.50454542725897	-1.16828204528046	-0.30281916750466	0.0809972185571029	-3.73863662109796	0.000312935312370225	0.0411906133837507	4.41414763287647	0.530125329920209	org.Hs.eg.db
NTM2_ASD_down	500	ASD_down	65	LOC153910	ENSG00000236366	ENSG00000236366.2_1	-3.50216799074943	-1.16374717655495	-0.65942297562366	0.176455008830876	-3.737060115169	0.000314653095960662	0.0411906133837507	-2.71035913217953	1.01992840229976	org.Hs.eg.db
NTM2_ASD_down	500	ASD_down	66	NGEF	ENSG00000066248	ENSG00000066248.14_1	-3.49955670975169	-1.15876625845991	-0.413180511672506	0.110614250161614	-3.7353280528397	0.000316550708760231	0.0411906133837507	7.85118973644476	0.619424676764687	org.Hs.eg.db
NTM2_ASD_down	500	ASD_down	67	PRRT3	ENSG00000163704	ENSG00000163704.11_1	-3.49731009797539	-1.15448093288262	-0.276919128481091	0.0741647517321084	-3.73383746339979	0.000318192473031401	0.0411906133837507	5.17752521227323	0.412749735823139	org.Hs.eg.db
NTM2_ASD_down	500	ASD_down	68	CACNB1	ENSG00000067191	ENSG00000067191.15_1	-3.47161258955423	-1.10546392368164	-0.303006396985058	0.0815243300619087	-3.71676034326143	0.000337588318527892	0.0411906133837507	6.53617623484495	0.442813836890576	org.Hs.eg.db
NTM2_ASD_down	500	ASD_down	69	BCL11B	ENSG00000127152	ENSG00000127152.17_1	-3.46962817893975	-1.10167873673843	-0.275125537168543	0.0740492573312718	-3.71543952071961	0.00033913438165882	0.0411906133837507	4.56007302384289	0.400397515425408	org.Hs.eg.db
NTM2_ASD_down	500	ASD_down	70	KLF13	ENSG00000169926	ENSG00000169926.10_2	-3.46890176256176	-1.10029312542935	-0.182131243430799	0.0490264881271413	-3.71495594296851	0.000339702104537109	0.0411906133837507	7.25386047168533	0.304166748549271	org.Hs.eg.db
NTM2_ASD_down	500	ASD_down	71	KCNF1	ENSG00000162975	ENSG00000162975.4_2	-3.46274379623636	-1.08854704144782	-0.365114243638117	0.0983908694095352	-3.71085493836213	0.000344553133382817	0.0411906133837507	5.73828624389416	0.619627768214515	org.Hs.eg.db
NTM2_ASD_down	500	ASD_down	72	CHGA	ENSG00000100604	ENSG00000100604.12_2	-3.44278448125473	-1.05047541558955	-0.448107915704041	0.121190737755711	-3.69754260104688	0.000360757624669602	0.0411906133837507	7.28780854715954	0.6263541456081	org.Hs.eg.db
NTM2_ASD_down	500	ASD_down	73	MAP3K9	ENSG00000006432	ENSG00000006432.15_2	-3.43834150703	-1.0420006130957	-0.332351575149661	0.0899566445647939	-3.69457505621249	0.00036446723576779	0.0411906133837507	7.05856984734887	0.470635143327288	org.Hs.eg.db
NTM2_ASD_down	500	ASD_down	74	LOC101927588	ENSG00000214803	ENSG00000214803.3_1	-3.43654102360364	-1.03856626019155	-0.530920928832995	0.143749647388648	-3.69337204283759	0.000365981368201397	0.0411906133837507	-1.65413262355738	0.804468160656965	org.Hs.eg.db
NTM2_ASD_down	500	ASD_down	75	PEX5L	ENSG00000114757	ENSG00000114757.18_2	-3.42546754570567	-1.01744402689499	-0.295047528859462	0.0800461533434133	-3.68596761412946	0.000375433009072442	0.0411906133837507	8.44515529116836	0.430808947579679	org.Hs.eg.db
NTM2_ASD_down	500	ASD_down	76	DAGLA	ENSG00000134780	ENSG00000134780.9_1	-3.42275976985864	-1.01227904858532	-0.27092501151466	0.0735378858865959	-3.68415556482625	0.000377781102886635	0.0411906133837507	6.06639712398609	0.413208596456849	org.Hs.eg.db
NTM2_ASD_down	500	ASD_down	77	TESC	ENSG00000088992	ENSG00000088992.17_1	-3.41264044081996	-0.992976817549241	-0.331782610103736	0.0902225869881923	-3.67737859420012	0.000386686988757858	0.0418778728093393	3.9042009736293	0.488335432981303	org.Hs.eg.db
NTM2_ASD_down	500	ASD_down	78	SFTPD	ENSG00000133661	ENSG00000133661.15_2	-3.40961996127914	-0.987215368967651	-0.382930297789316	0.10418867866406	-3.67535420066141	0.000389385736309456	0.0418778728093393	0.291457288885778	0.538338383655425	org.Hs.eg.db
NTM2_ASD_down	500	ASD_down	79	FAM43B	ENSG00000183114	ENSG00000183114.7_1	-3.40660386600902	-0.98146228321382	-0.298129632904279	0.0811605459818049	-3.6733320272527	0.000392099360508062	0.0418778728093393	3.14215590181853	0.466692898296244	org.Hs.eg.db
NTM2_ASD_down	500	ASD_down	80	DIRAS1	ENSG00000176490	ENSG00000176490.4_2	-3.39655317807332	-0.962290982442317	-0.378661403469174	0.103273500758774	-3.66658824080779	0.000401279359784997	0.0418778728093393	6.85182757135907	0.556891505805159	org.Hs.eg.db
NTM2_ASD_down	500	ASD_down	81	DGCR5	ENSG00000273032	ENSG00000273032.1_2	-3.39409679521988	-0.957605526601429	-0.396630600266942	0.108222979178208	-3.66493884458512	0.000403555438817909	0.0418778728093393	4.54271360475771	0.60018167080122	org.Hs.eg.db
NTM2_ASD_down	500	ASD_down	82	RAB11FIP5	ENSG00000135631	ENSG00000135631.16_2	-3.39366435868832	-0.956780670545394	-0.212996921997806	0.05812206173219	-3.66464842522682	0.000403957467932119	0.0418778728093393	6.32685007007448	0.299373762346718	org.Hs.eg.db
NTM2_ASD_down	500	ASD_down	83	PHF24	ENSG00000122733	ENSG00000122733.12_1	-3.39086086941949	-0.951433122563971	-0.33682478155869	0.0919591500980873	-3.66276527348741	0.00040657355820939	0.0418778728093393	7.93804084041291	0.532668134229502	org.Hs.eg.db
NTM2_ASD_down	500	ASD_down	84	INKA2	ENSG00000197852	ENSG00000197852.9_1	-3.3859253836118	-0.942018873163529	-0.281022719655025	0.0767937353182448	-3.65944850176156	0.00041122036704656	0.0419359871469395	6.16755786052088	0.467975466445122	org.Hs.eg.db
NTM2_ASD_down	500	ASD_down	85	ARIH2	ENSG00000177479	ENSG00000177479.19_1	-3.38510495434062	-0.940453935875638	-0.13541606920993	0.0370100799608292	-3.65889696410415	0.000411997941047401	0.0419359871469395	6.19086679579889	0.200557419236304	org.Hs.eg.db
NTM2_ASD_down	500	ASD_down	86	INF2	ENSG00000203485	ENSG00000203485.12_1	-3.37768521892548	-0.926301075872563	-0.307500507946833	0.0841566423197127	-3.65390656602759	0.000419097221002838	0.0421222691224777	6.71807027852928	0.448698932529652	org.Hs.eg.db
NTM2_ASD_down	500	ASD_down	87	ATXN1	ENSG00000124788	ENSG00000124788.17_2	-3.3758842283766	-0.922865755651684	-0.117549906831647	0.0321816960495	-3.65269458299644	0.00042083879812077	0.0421222691224777	8.10460072253065	0.177151149135428	org.Hs.eg.db
NTM2_ASD_down	500	ASD_down	88	ROCK2	ENSG00000134318	ENSG00000134318.13_2	-3.37161949569335	-0.914730942044519	-0.176384746203526	0.0483269238758619	-3.6498235777764	0.000424991754658491	0.0421222691224777	8.05641114339138	0.265806923397389	org.Hs.eg.db
NTM2_ASD_down	500	ASD_down	89	ANKRD52	ENSG00000139645	ENSG00000139645.9_1	-3.37036411151274	-0.912336344991638	-0.179094431023952	0.049080707601843	-3.64897817848956	0.000426222025378273	0.0421222691224777	6.38255124246922	0.273621171164614	org.Hs.eg.db
NTM2_ASD_down	500	ASD_down	90	KCNB1	ENSG00000158445	ENSG00000158445.9_2	-3.35672516541186	-0.886320579744602	-0.361696811577674	0.0993731181726482	-3.63978526817758	0.000439819858600647	0.0428617063978014	8.30991877188019	0.532266536523325	org.Hs.eg.db
NTM2_ASD_down	500	ASD_down	91	KCNA1	ENSG00000111262	ENSG00000111262.4_1	-3.35506995293236	-0.883163325585671	-0.445011020824811	0.122300508708276	-3.63866860019609	0.000441499328190256	0.0428617063978014	6.6651072625866	0.656961217329413	org.Hs.eg.db
NTM2_ASD_down	500	ASD_down	92	R3HDM2	ENSG00000179912	ENSG00000179912.20_2	-3.35290936809116	-0.879042093079193	-0.199891502118136	0.0549573618568746	-3.63721065502951	0.000443701229251532	0.0428617063978014	6.74759921929617	0.296122965293035	org.Hs.eg.db
NTM2_ASD_down	500	ASD_down	93	BRSK1	ENSG00000160469	ENSG00000160469.16_2	-3.35207227842145	-0.877445376721728	-0.225394753994988	0.0619787499499001	-3.63664569190543	0.000444557274882578	0.0428617063978014	7.54635546781132	0.352067668751873	org.Hs.eg.db
NTM2_ASD_down	500	ASD_down	94	NEFH	ENSG00000100285	ENSG00000100285.9_1	-3.351392488155	-0.87614870292755	-0.512659647367115	0.140988257330064	-3.63618685041932	0.000445253674127587	0.0428617063978014	6.55436157522069	0.759872306931735	org.Hs.eg.db
NTM2_ASD_down	500	ASD_down	95	TAOK2	ENSG00000149930	ENSG00000149930.17_1	-3.33567711176275	-0.84617222674198	-0.142277923216091	0.0392429238331614	-3.62556887506589	0.000461660681393152	0.0432507019531378	6.85464141526231	0.226175936742907	org.Hs.eg.db
NTM2_ASD_down	500	ASD_down	96	PLCB1	ENSG00000182621	ENSG00000182621.17_2	-3.32047835526877	-0.817181183147435	-0.336146122423312	0.0929792589084953	-3.61528072356575	0.000478103193661754	0.0439784108066049	8.4922681060925	0.520619535333707	org.Hs.eg.db
NTM2_ASD_down	500	ASD_down	97	TESPA1	ENSG00000135426	ENSG00000135426.15_2	-3.31014591703913	-0.797472454524007	-0.466753981127799	0.129356516369957	-3.60827575004334	0.000489614287988268	0.0445004129704234	6.59990257367631	0.665624152179647	org.Hs.eg.db
NTM2_ASD_down	500	ASD_down	98	KAZALD1	ENSG00000107821	ENSG00000107821.14_1	-3.30082086517707	-0.779685276661057	-0.502750928017636	0.139577580432896	-3.60194614678352	0.000500240828350499	0.044851917736148	0.637888501243447	0.871980089797011	org.Hs.eg.db
NTM2_ASD_down	500	ASD_down	99	DNAJC28	ENSG00000177692	ENSG00000177692.11_1	-3.28537762297503	-0.750227885979266	-0.225299715267678	0.0627322829866157	-3.59144772900657	0.000518349133670264	0.0451545053199614	2.44863483290492	0.340215515414746	org.Hs.eg.db
NTM2_ASD_down	500	ASD_down	100	CYP24A1	ENSG00000019186	ENSG00000019186.9_1	-3.28314469298598	-0.745968657885071	-0.68687933871987	0.191335123322722	-3.5899281156096	0.000521021094674454	0.0451545053199614	-0.337574961810345	1.18063462158809	org.Hs.eg.db
NTM2_ASD_down	500	ASD_down	101	SMPD3	ENSG00000103056	ENSG00000103056.11_2	-3.28119721655224	-0.742253921471452	-0.324992678460121	0.0905624641578662	-3.58860242466019	0.000523362719473268	0.0451545053199614	5.21889869827639	0.598335482150894	org.Hs.eg.db
NTM2_ASD_down	500	ASD_down	102	CORO2B	ENSG00000103647	ENSG00000103647.12_1	-3.27940371073112	-0.738832878080991	-0.184827119834308	0.05152145988833	-3.58738126277694	0.000525528519347984	0.0451545053199614	6.72321019413127	0.272818106071944	org.Hs.eg.db
NTM2_ASD_down	500	ASD_down	103	GSK3B	ENSG00000082701	ENSG00000082701.14_2	-3.27499771090141	-0.730428602823908	-0.223893189753602	0.0624635725015675	-3.58438015609791	0.000530887242447605	0.0451545053199614	7.34396774915512	0.337101295906072	org.Hs.eg.db
NTM2_ASD_down	500	ASD_down	104	ADGRA1	ENSG00000197177	ENSG00000197177.15_2	-3.24831482673612	-0.679532027280368	-0.305532115821464	0.085675135210542	-3.56617022045703	0.000564527591729742	0.0468399241277425	5.63680876725589	0.455372357492663	org.Hs.eg.db
NTM2_ASD_down	500	ASD_down	105	FGF13	ENSG00000129682	ENSG00000129682.14_2	-3.23698201091079	-0.657915116859354	-0.286984977527975	0.0806496042813574	-3.55841767712571	0.000579452697676782	0.0473331057614756	7.07051863446776	0.479928168949548	org.Hs.eg.db
NTM2_ASD_down	500	ASD_down	106	GP1BB	ENSG00000203618	ENSG00000203618.5_2	-3.21650388209592	-0.618853873563468	-0.39578332656503	0.11166500784851	-3.54438094968809	0.000607429833111385	0.0483529722280588	4.94282198019943	0.685855782821874	org.Hs.eg.db
NTM2_ASD_down	500	ASD_down	107	DACT2	ENSG00000164488	ENSG00000164488.11_2	-3.20490382588692	-0.59672721238646	-0.46398905988524	0.131203281008695	-3.53641354330531	0.000623872976282352	0.0488737387746178	0.320776007526903	0.704165902916817	org.Hs.eg.db
NTM2_ASD_down	500	ASD_down	108	NEFM	ENSG00000104722	ENSG00000104722.13_1	-3.20149587728076	-0.590226681461561	-0.458517029360496	0.12974189904401	-3.53407058736641	0.000628787823117095	0.0488737387746178	7.79462773460037	0.709568307869008	org.Hs.eg.db
NTM2_ASD_down	500	ASD_down	109	BRD3OS	ENSG00000235106	ENSG00000235106.9_2	-3.19761242420433	-0.582819144043556	-0.135653179644539	0.0384134336277853	-3.53139948276891	0.000634435645715852	0.0488737387746178	5.82586654015861	0.203857117633054	org.Hs.eg.db
NTM2_ASD_down	500	ASD_down	110	LINC02133	ENSG00000261231	ENSG00000261231.6_1	-3.19167273789865	-0.571489420806402	-0.534964293153242	0.151663467351804	-3.52731150417602	0.000643172196414762	0.0488737387746178	-3.01927118857764	0.846098640969676	org.Hs.eg.db
NTM2_ASD_down	500	ASD_down	111	SYNGR1	ENSG00000100321	ENSG00000100321.14_2	-3.19087299487208	-0.569963941734685	-0.309585613332426	0.0877818561870957	-3.52676084534581	0.000644357673996553	0.0488737387746178	8.73483561919237	0.465862926175568	org.Hs.eg.db
NTM2_ASD_down	500	ASD_down	112	TMEM179	ENSG00000258986	ENSG00000258986.6_2	-3.18759600720507	-0.563713213765545	-0.329162357117407	0.0933925358215756	-3.52450390410498	0.000649238092048535	0.0488737387746178	4.92781439756487	0.526441223569165	org.Hs.eg.db
NTM2_ASD_down	500	ASD_down	113	INPP5J	ENSG00000185133	ENSG00000185133.13_2	-3.18520587734968	-0.559154132970889	-0.301021978163891	0.0854482495287881	-3.52285716587412	0.000652821009408297	0.0488737387746178	3.7599393318453	0.449724930279935	org.Hs.eg.db
NTM2_ASD_down	500	ASD_down	114	PDE10A	ENSG00000112541	ENSG00000112541.9	-3.18378790230577	-0.556449400098153	-0.202501039027471	0.0574979954573982	-3.5218799788857	0.000654955958773062	0.0488737387746178	4.99488654637311	0.318086505858136	org.Hs.eg.db
NTM2_ASD_down	500	ASD_down	115	JAKMIP1	ENSG00000152969	ENSG00000152969.17_2	-3.18022884673963	-0.549660638457407	-0.267529713883689	0.0760151445077233	-3.51942649870919	0.000660345394512063	0.0488737387746178	6.67277214052511	0.423923526504457	org.Hs.eg.db
NTM2_ASD_down	500	ASD_down	116	SYT5	ENSG00000129990	ENSG00000129990.14_2	-3.15341249921284	-0.498509486683694	-0.371520088068389	0.106121184456726	-3.50090408404636	0.000702404848610031	0.0493878022695989	6.15112833947257	0.647412962102247	org.Hs.eg.db
NTM2_ASD_down	500	ASD_down	117	PTGFRN	ENSG00000134247	ENSG00000134247.9_1	-3.15101868975551	-0.493943387189841	-0.18575024069263	0.0530829098621948	-3.49924752005579	0.00070628715871591	0.0493878022695989	5.41561801052867	0.301653148372155	org.Hs.eg.db
NTM2_ASD_down	500	ASD_down	118	PHACTR1	ENSG00000112137	ENSG00000112137.17_2	-3.14448661155936	-0.481483699200054	-0.209818526959795	0.0600386447947676	-3.49472456743529	0.000716990478639295	0.0493878022695989	8.1812544949396	0.349040661118449	org.Hs.eg.db
NTM2_ASD_down	500	ASD_down	119	PLXDC1	ENSG00000161381	ENSG00000161381.13_2	-3.13241440808007	-0.458456435259837	-0.257462825951264	0.073848704117267	-3.48635536708173	0.000737200450461525	0.0498534506062477	4.78022381961637	0.43757821299378	org.Hs.eg.db
NTM2_ASD_down	500	ASD_down	120	LOC103344931	ENSG00000260917	ENSG00000260917.1_1	-3.12967943417907	-0.453239577708009	-0.15134989435799	0.0434357128299489	-3.48445747743396	0.000741857626685038	0.0498534506062477	4.72399061168782	0.226366319313093	org.Hs.eg.db
NTM2_ASD_down	500	ASD_down	121	LRTM2	ENSG00000166159	ENSG00000166159.10_2	-3.12807354204816	-0.450176400217547	-0.407279974643165	0.116922163726088	-3.48334277834007	0.00074460587403593	0.0498534506062477	4.81571817739619	0.637059229185776	org.Hs.eg.db
NTM2_ASD_down	500	ASD_down	122	SREBF2	ENSG00000198911	ENSG00000198911.11_1	-3.11398142556512	-0.423296229891712	-0.166592874434336	0.0479603951296553	-3.473550916	0.000769163336096675	0.0498534506062477	7.84955537445178	0.256054484457232	org.Hs.eg.db
NTM2_ASD_down	500	ASD_down	123	PCSK1	ENSG00000175426	ENSG00000175426.10_2	-3.11287132961694	-0.421178764555627	-0.62265373476423	0.179295535682684	-3.47277879727133	0.000771131901946602	0.0498534506062477	6.48924263988017	0.982831233388696	org.Hs.eg.db
NTM2_ASD_down	500	ASD_down	124	SYT12	ENSG00000173227	ENSG00000173227.13_2	-3.11170444546484	-0.418952977904141	-0.385224968134596	0.110952944453561	-3.47196705803362	0.000773206603697025	0.0498534506062477	5.69970733782018	0.573276923859173	org.Hs.eg.db
NTM2_ASD_down	500	ASD_down	125	ATG4D	ENSG00000130734	ENSG00000130734.9_1	-3.10999197063381	-0.415686498011497	-0.217734760937714	0.0627337485674952	-3.47077555398197	0.000776261468250066	0.0498534506062477	3.61461646032596	0.334522116529606	org.Hs.eg.db
NTM2_ASD_down	500	ASD_down	126	ANK3	ENSG00000151150	ENSG00000151150.21_2	-3.10991472053875	-0.415539146425566	-0.200516401323047	0.0577736888626093	-3.47072179863556	0.000776399557975533	0.0498534506062477	9.39960382333422	0.297838608706971	org.Hs.eg.db
NTM2_ASD_down	500	ASD_down	127	PART1	ENSG00000152931	ENSG00000152931.7_1	-3.10967546277738	-0.415082771445619	-0.451358734775217	0.130053750802026	-3.47055530495463	0.000776827403149374	0.0498534506062477	5.41323163616771	0.701987323446776	org.Hs.eg.db
NTM2_ASD_down	500	ASD_down	128	EDN3	ENSG00000124205	ENSG00000124205.15_1	-3.10155135357774	-0.399586345532945	-0.505640198642569	0.145932169104518	-3.46489880706442	0.000791495857885238	0.0501922878658244	1.53407332040735	0.779794928779767	org.Hs.eg.db
NTM2_ASD_down	500	ASD_down	129	C17orf100	ENSG00000256806	ENSG00000256806.4_2	-3.09672548512913	-0.390381187029988	-0.206157307639855	0.0595566002727603	-3.46153586161208	0.000800339985137821	0.0503772596663071	1.8430515767275	0.31029630193692	org.Hs.eg.db
NTM2_ASD_down	500	ASD_down	130	MORN3	ENSG00000139714	ENSG00000139714.12_1	-3.08827028462836	-0.374253217191432	-0.270858203551758	0.0783815195772369	-3.45563858691021	0.000816074326687274	0.050543695704751	2.30765354737592	0.436605824403303	org.Hs.eg.db
NTM2_ASD_down	500	ASD_down	131	TMEFF1	ENSG00000241697	ENSG00000241697.4_2	-3.08575525393784	-0.369455892856417	-0.2967923977533	0.0859300635725446	-3.45388313954567	0.000820813982613267	0.0506063537909644	4.10309000152618	0.518324507943035	org.Hs.eg.db
NTM2_ASD_down	500	ASD_down	132	SCN8A	ENSG00000196876	ENSG00000196876.9	-3.07351395199421	-0.34610608009758	-0.391227327824574	0.113552916771498	-3.44533050271039	0.000844279118454593	0.0510187393988601	8.51719090929906	0.606994373111953	org.Hs.eg.db
NTM2_ASD_down	500	ASD_down	133	ABCG4	ENSG00000172350	ENSG00000172350.9_1	-3.06918530161027	-0.337849345934091	-0.318143445840599	0.0924216897870013	-3.44230284659159	0.000852736197109041	0.0510187393988601	3.8098429962293	0.474831394408224	org.Hs.eg.db
NTM2_ASD_down	500	ASD_down	134	FRMPD2B	ENSG00000150175	ENSG00000150175.12	-3.06899542643329	-0.337487166335028	-0.530933606208961	0.154243865460294	-3.44216999894649	0.000853109098084827	0.0510187393988601	3.40767950623474	0.965731223093327	org.Hs.eg.db
NTM2_ASD_down	500	ASD_down	135	NTN4	ENSG00000074527	ENSG00000074527.11_1	-3.05345173835301	-0.307838179002825	-0.30147028978022	0.0878593431310978	-3.43128321970705	0.000884195421326928	0.0514708670609184	4.86238186445018	0.475877108710826	org.Hs.eg.db
NTM2_ASD_down	500	ASD_down	136	COL26A1	ENSG00000160963	ENSG00000160963.13_1	-3.05204234505528	-0.305149815480943	-0.342082419120431	0.0997239082147739	-3.43029495378073	0.000887069515799665	0.0514708670609184	5.0256768323602	0.659157768060408	org.Hs.eg.db
NTM2_ASD_down	500	ASD_down	137	TMEM250	ENSG00000238227	ENSG00000238227.7_2	-3.05073772021372	-0.302661293760685	-0.194343829651261	0.0566702525173978	-3.42937998364482	0.000889738287741942	0.0514708670609184	5.02957504646909	0.319503312443661	org.Hs.eg.db
NTM2_ASD_down	500	ASD_down	138	ADCY1	ENSG00000164742	ENSG00000164742.14_1	-3.0457678024276	-0.293181366685345	-0.303393139297189	0.0885588495605038	-3.42589296047606	0.000899978630697751	0.0514708670609184	9.32858402524737	0.47833431975926	org.Hs.eg.db
NTM2_ASD_down	500	ASD_down	139	RHOBTB1	ENSG00000072422	ENSG00000072422.16_1	-3.04535214793416	-0.292388521721731	-0.176734851998606	0.0515923601846026	-3.42560122014638	0.000900840394424564	0.0514708670609184	4.5239672135218	0.283840094371277	org.Hs.eg.db
NTM2_ASD_down	500	ASD_down	140	SYNPO2	ENSG00000172403	ENSG00000172403.10_2	-3.04503090992872	-0.291775772578487	-0.188597793017685	0.0550590088374544	-3.42537573777372	0.000901506972600237	0.0514708670609184	5.99132572584304	0.291212436533087	org.Hs.eg.db
NTM2_ASD_down	500	ASD_down	141	EPHB6	ENSG00000106123	ENSG00000106123.11_1	-3.03999642654012	-0.282172689099091	-0.331836477870151	0.0969760168092165	-3.42184066523356	0.00091201834359022	0.0518236024395457	7.39835264386021	0.501106091063098	org.Hs.eg.db
NTM2_ASD_down	500	ASD_down	142	REEP2	ENSG00000132563	ENSG00000132563.15_2	-3.0340002335414	-0.270735181517725	-0.236153035235242	0.0690985367187606	-3.41762715173569	0.000924697676682892	0.0519992851257431	6.82415206118667	0.384080972487252	org.Hs.eg.db
NTM2_ASD_down	500	ASD_down	143	TBC1D10B	ENSG00000169221	ENSG00000169221.13_1	-3.02669169046449	-0.256794416624284	-0.155418197132274	0.045543970229302	-3.41248679791823	0.000940390665396955	0.0522613923903661	5.61122741917032	0.232839237625061	org.Hs.eg.db
NTM2_ASD_down	500	ASD_down	144	CBLN2	ENSG00000141668	ENSG00000141668.9_1	-3.02659315167104	-0.256606457664768	-0.364339601120488	0.106768766043074	-3.41241745711944	0.000940604058563926	0.0522613923903661	5.96172408734369	0.604510065456982	org.Hs.eg.db
NTM2_ASD_down	500	ASD_down	145	LRRC8B	ENSG00000197147	ENSG00000197147.12_2	-3.02426055903806	-0.25215712690947	-0.278385967849128	0.0816195456127774	-3.4107757616032	0.000945669627792556	0.0524255599907498	7.61223122433211	0.482257615725433	org.Hs.eg.db
NTM2_ASD_down	500	ASD_down	146	PRKCB	ENSG00000166501	ENSG00000166501.12_2	-3.02323653951301	-0.250203849040702	-0.378842103794034	0.111095603057852	-3.41005488396111	0.000947902045596678	0.0524322833061004	9.74502504833819	0.671008561154658	org.Hs.eg.db
NTM2_ASD_down	500	ASD_down	147	CCDC184	ENSG00000177875	ENSG00000177875.4_1	-3.01988584140213	-0.243812521234164	-0.434265732470476	0.127436781330415	-3.40769539168228	0.000955243648259092	0.0526040604172125	4.74862300326677	0.7024811466965	org.Hs.eg.db
NTM2_ASD_down	500	ASD_down	148	KIF17	ENSG00000117245	ENSG00000117245.12_2	-3.01500268030148	-0.234498079200437	-0.282310321174556	0.082928668728985	-3.40425483130762	0.000966044916907123	0.0527365357811218	4.10395631503165	0.441051776286555	org.Hs.eg.db
NTM2_ASD_down	500	ASD_down	149	TRABD2A	ENSG00000186854	ENSG00000186854.10_2	-3.01481414553417	-0.234138456381261	-0.340669379261553	0.100075550896766	-3.40412194795685	0.0009664643848039	0.0527365357811218	3.26717575001633	0.556926237252517	org.Hs.eg.db
NTM2_ASD_down	500	ASD_down	150	PCSK2	ENSG00000125851	ENSG00000125851.9_1	-3.01043711029012	-0.225789429957597	-0.353078125669389	0.103814875995136	-3.40103595255397	0.00097625414249164	0.0528912936230823	6.70416980505938	0.573156737184577	org.Hs.eg.db
NTM2_ASD_down	500	ASD_down	151	NDRG4	ENSG00000103034	ENSG00000103034.14_2	-3.00562013646297	-0.216601237603048	-0.276658202649758	0.0814266359050789	-3.39763763508866	0.000987142530236255	0.0530663893527005	9.5268645237505	0.441461751365588	org.Hs.eg.db
NTM2_ASD_down	500	ASD_down	152	NCR3LG1	ENSG00000188211	ENSG00000188211.8_1	-2.98354554627299	-0.174494805620751	-0.256300855355788	0.0757830210999366	-3.38203533767542	0.00103861467285982	0.0545771164316581	5.49518063665296	0.39927275512321	org.Hs.eg.db
NTM2_ASD_down	500	ASD_down	153	MARK2	ENSG00000072518	ENSG00000072518.20_1	-2.98046411235412	-0.16861708890683	-0.177329466590276	0.0524666119951609	-3.37985358396368	0.0010460101232674	0.0545771164316581	5.78231460421887	0.302223019401357	org.Hs.eg.db
NTM2_ASD_down	500	ASD_down	154	STX1B	ENSG00000099365	ENSG00000099365.9_1	-2.97735135824163	-0.162679630127879	-0.297868451306363	0.088188108756648	-3.37764870463796	0.00105353420836122	0.0548544561820951	7.64998769168889	0.447361661232991	org.Hs.eg.db
NTM2_ASD_down	500	ASD_down	155	PTGES3L	ENSG00000267060	ENSG00000267060.5_2	-2.95977003030337	-0.129143923117261	-0.334093661215422	0.0992796640175458	-3.36517719435853	0.00109705896228701	0.0561784667780621	0.853175417301617	0.530248751588237	org.Hs.eg.db
NTM2_ASD_down	500	ASD_down	156	HCN2	ENSG00000099822	ENSG00000099822.2_1	-2.95641705796594	-0.122748257311032	-0.244575910347674	0.0727299443062648	-3.36279523765023	0.00110556159058109	0.0564973820240162	6.2486666007207	0.396813855823564	org.Hs.eg.db
NTM2_ASD_down	500	ASD_down	157	CORO2A	ENSG00000106789	ENSG00000106789.12_1	-2.95495921625826	-0.119967480310101	-0.307341438780708	0.0914227989952334	-3.36175923466019	0.00110927898058152	0.0565098164773033	3.44482936621613	0.479846529647161	org.Hs.eg.db
NTM2_ASD_down	500	ASD_down	158	KCNN1	ENSG00000105642	ENSG00000105642.15_1	-2.9544218524457	-0.118942479500175	-0.234984555351102	0.0699072236820571	-3.36137730801366	0.00111065236968906	0.0565098164773033	5.84577499337266	0.422277633390468	org.Hs.eg.db
NTM2_ASD_down	500	ASD_down	159	KCNJ4	ENSG00000168135	ENSG00000168135.4_2	-2.94732715886252	-0.105409624293149	-0.351036176260915	0.104589225698013	-3.35633210704211	0.00112894514733357	0.0568731879902159	5.8287754738724	0.579266658525778	org.Hs.eg.db
NTM2_ASD_down	500	ASD_down	160	RNFT2	ENSG00000135119	ENSG00000135119.14_2	-2.94584030703743	-0.102573511608739	-0.198796331775689	0.0592489090042789	-3.35527413274956	0.00113281683092696	0.0569527101475746	5.40660437635463	0.303954277170264	org.Hs.eg.db
NTM2_ASD_down	500	ASD_down	161	LRRTM1	ENSG00000162951	ENSG00000162951.10_2	-2.94332014093755	-0.0977663916778505	-0.276671187070853	0.0825027000718575	-3.35348039312508	0.0011394095601599	0.057030843540952	4.66872816111909	0.509083725628042	org.Hs.eg.db
NTM2_ASD_down	500	ASD_down	162	GRID1	ENSG00000182771	ENSG00000182771.18_2	-2.9391565141941	-0.0898244337631627	-0.127182279019997	0.0379590181030721	-3.35051551319511	0.00115038572988017	0.0572796015719663	5.79421058011279	0.197485517194537	org.Hs.eg.db
NTM2_ASD_down	500	ASD_down	163	TTC23L	ENSG00000205838	ENSG00000205838.12_2	-2.93859556039601	-0.0887544359629233	-0.214685368005885	0.0640829668314438	-3.35011592972229	0.00115187257856991	0.0572796015719663	1.10531364358602	0.391681009735671	org.Hs.eg.db
NTM2_ASD_down	500	ASD_down	164	CCDC68	ENSG00000166510	ENSG00000166510.13_1	-2.92954869951242	-0.0714978966944728	-0.272923503840902	0.081624003623545	-3.34366720235438	0.00117611909344447	0.0579334832777427	2.68650862256834	0.434978584427062	org.Hs.eg.db
NTM2_ASD_down	500	ASD_down	165	CTXN3	ENSG00000205279	ENSG00000205279.8_1	-2.92913244778467	-0.0707039125293763	-0.540626475433301	0.161701046560071	-3.34337029310729	0.00117724689108283	0.0579334832777427	2.45146363544726	0.901162767441359	org.Hs.eg.db
NTM2_ASD_down	500	ASD_down	166	LOC105378231	ENSG00000260581	ENSG00000260581.1_1	-2.92886063161261	-0.0701854336329583	-0.487171489751797	0.145721144080414	-3.34317639918444	0.00117798393683605	0.0579334832777427	-0.604823522252841	0.760251078393164	org.Hs.eg.db
NTM2_ASD_down	500	ASD_down	167	PCDHA7	ENSG00000204963	ENSG00000204963.4	-2.92648543254012	-0.0656548327325886	-0.263686908604556	0.0789131665254243	-3.34148178580061	0.00118444409592117	0.0580170705757952	2.71890573508629	0.431178472104957	org.Hs.eg.db
NTM2_ASD_down	500	ASD_down	168	PLBD2	ENSG00000151176	ENSG00000151176.7_1	-2.91982573493689	-0.0529517156309831	-0.243671725287435	0.0730271622611505	-3.33672729081334	0.00120274695220968	0.0580170705757952	5.47671409678573	0.381558809309521	org.Hs.eg.db
NTM2_ASD_down	500	ASD_down	169	TRAPPC10	ENSG00000160218	ENSG00000160218.12_1	-2.91598726336959	-0.0456299787120406	-0.123668600057593	0.0370933296590589	-3.3339848752939	0.00121342443625434	0.0580170705757952	6.43259103057286	0.200600056615705	org.Hs.eg.db
NTM2_ASD_down	500	ASD_down	170	PCDHA2	ENSG00000204969	ENSG00000204969.6_2	-2.91284707697828	-0.0396401939160728	-0.300890752881742	0.0903103878754935	-3.33174023454052	0.00122222995390041	0.0581519217146948	1.44848313710667	0.499440380296449	org.Hs.eg.db
NTM2_ASD_down	500	ASD_down	171	PACSIN1	ENSG00000124507	ENSG00000124507.10_1	-2.90642066173718	-0.0273820539501395	-0.248866505805248	0.0747988513945027	-3.32714341417733	0.00124045021371331	0.0586050545530271	8.54047340147081	0.417347203932251	org.Hs.eg.db
NTM2_ASD_down	500	ASD_down	172	PPP6R2	ENSG00000100239	ENSG00000100239.15_2	-2.90616083247274	-0.0268864396190819	-0.127913055045693	0.0384474572449288	-3.32695746901609	0.00124119257106186	0.0586050545530271	6.61526915519228	0.203582674633615	org.Hs.eg.db
NTM2_ASD_down	500	ASD_down	173	SLC9A1	ENSG00000090020	ENSG00000090020.10_1	-2.90132601044653	-0.0176642025111291	-0.227144146892889	0.0683449396787053	-3.3234961938764	0.00125508745750673	0.0589610106737199	4.53472213231178	0.35900059561261	org.Hs.eg.db
NTM2_ASD_down	500	ASD_down	174	CHRNA2	ENSG00000120903	ENSG00000120903.12_2	-2.89846216989233	-0.0122015367734656	-0.413680760315953	0.124548436798817	-3.32144482057347	0.00126339114928031	0.0590396852604142	2.85288206409014	0.788650034037053	org.Hs.eg.db
NTM2_ASD_down	500	ASD_down	175	KRBOX5	ENSG00000197302	ENSG00000197302.10_2	-2.89802598527444	-0.011369531386878	-0.151755714056177	0.0456939682138018	-3.32113230669993	0.00126466067637866	0.0590396852604142	4.63335333479845	0.242070262145716	org.Hs.eg.db
NTM2_ASD_down	500	ASD_down	176	PPP2R2C	ENSG00000074211	ENSG00000074211.13_1	-2.89715836079709	-0.00971457105795517	-0.180337496353203	0.0543101700267443	-3.3205106200993	0.0012671897145464	0.0590467612579258	8.42327075593886	0.297970902984261	org.Hs.eg.db
NTM2_ASD_down	500	ASD_down	177	FBXO41	ENSG00000163013	ENSG00000163013.11_1	-2.88974143482191	0.00443293004642942	-0.222430404030123	0.0670942562523473	-3.31519293087538	0.00128901676303443	0.0595710952137416	7.81845858390897	0.379290349378318	org.Hs.eg.db
NTM2_ASD_down	500	ASD_down	178	RAPGEF4-AS1	ENSG00000228016	ENSG00000228016.1_1	-2.88735146976517	0.00899169649399089	-0.292797032207787	0.0883654622769662	-3.31347819230623	0.00129612990269294	0.0595710952137416	1.61717627251784	0.496791877720247	org.Hs.eg.db
NTM2_ASD_down	500	ASD_down	179	FBXL20	ENSG00000108306	ENSG00000108306.11_2	-2.88698735994108	0.00968622198281565	-0.139120361791945	0.041989512294254	-3.31321690085415	0.00129721702569121	0.0595710952137416	6.39671201479584	0.21572122781487	org.Hs.eg.db
NTM2_ASD_down	500	ASD_down	180	WDR13	ENSG00000101940	ENSG00000101940.17_1	-2.88607992171151	0.0114171255131907	-0.139721856023805	0.0421793470323588	-3.31256564774732	0.00129993033433671	0.0595710952137416	6.74575072060322	0.254656667746185	org.Hs.eg.db
NTM2_ASD_down	500	ASD_down	181	UBE3A	ENSG00000114062	ENSG00000114062.18_2	-2.88196799257543	0.0192604722296765	-0.163559670372533	0.0494195680874261	-3.30961351348087	0.00131229661147763	0.0595710952137416	7.40457659554985	0.304547716760625	org.Hs.eg.db
NTM2_ASD_down	500	ASD_down	182	SPOCK2	ENSG00000107742	ENSG00000107742.12_1	-2.88038200346026	0.0222856854829157	-0.20009996097816	0.0604810366498483	-3.30847439233933	0.00131709771570718	0.0595710952137416	8.66542188120656	0.308974602593613	org.Hs.eg.db
NTM2_ASD_down	500	ASD_down	183	SYT15	ENSG00000204176	ENSG00000204176.13_2	-2.87964126636584	0.0236986130079309	-0.477605602757005	0.144381480385527	-3.30794227543383	0.00131934608787238	0.0595710952137416	2.98070890842781	0.78010098616319	org.Hs.eg.db
NTM2_ASD_down	500	ASD_down	184	OPA3	ENSG00000125741	ENSG00000125741.4_2	-2.87906062311374	0.0248061676846193	-0.151131804749237	0.0456933202600491	-3.30752512378436	0.00132111120756257	0.0595710952137416	4.43606168023015	0.249522027099758	org.Hs.eg.db
NTM2_ASD_down	500	ASD_down	185	TMEM178B	ENSG00000261115	ENSG00000261115.5_2	-2.87679430928602	0.0291290741674178	-0.283170557098925	0.0856562050900745	-3.30589659909808	0.0013280232876879	0.0595710952137416	7.76260192753262	0.488225420241084	org.Hs.eg.db
NTM2_ASD_down	500	ASD_down	186	PIK3R2	ENSG00000105647	ENSG00000105647.15_2	-2.86724731068098	0.0473396069083837	-0.267945240719636	0.0812193903314365	-3.2990304362815	0.00135754016990834	0.0595710952137416	6.18603473747575	0.466778977282708	org.Hs.eg.db
NTM2_ASD_down	500	ASD_down	187	CHRNB2	ENSG00000160716	ENSG00000160716.5_2	-2.86706681785884	0.047683890026358	-0.35737072133933	0.108330250515087	-3.29890053461621	0.00135810448096953	0.0595710952137416	6.19684010985824	0.582569664360812	org.Hs.eg.db
NTM2_ASD_down	500	ASD_down	188	RMND5B	ENSG00000145916	ENSG00000145916.18_1	-2.86495038136878	0.0517209112506093	-0.12803873637598	0.0388304806252342	-3.29737706859012	0.00136473905064791	0.0595710952137416	5.07051507244468	0.21655613536253	org.Hs.eg.db
NTM2_ASD_down	500	ASD_down	189	ADCY5	ENSG00000173175	ENSG00000173175.14_2	-2.86042119836676	0.0603601536722759	-0.16578512219262	0.0503276628054729	-3.29411526288067	0.00137904615469922	0.0595710952137416	6.78001767676601	0.258580123664281	org.Hs.eg.db
NTM2_ASD_down	500	ASD_down	190	ADCK1	ENSG00000063761	ENSG00000063761.15_1	-2.86023846039294	0.0607087193307442	-0.215909995381262	0.0655467727438081	-3.29398361419187	0.00137962653767873	0.0595710952137416	3.13557360531967	0.346361080153548	org.Hs.eg.db
NTM2_ASD_down	500	ASD_down	191	RAPGEF5	ENSG00000136237	ENSG00000136237.18_2	-2.85998706203962	0.0611882520230131	-0.197129836582585	0.0598487118971882	-3.29380249521872	0.00138042538790445	0.0595710952137416	8.33252149535736	0.321814376509	org.Hs.eg.db
NTM2_ASD_down	500	ASD_down	192	LINC01470	ENSG00000249484	ENSG00000249484.8_1	-2.85858882777239	0.0638553301232986	-0.73275078492388	0.222531551526102	-3.29279502119469	0.00138487690322866	0.0595710952137416	-2.55019831424036	1.37130275644158	org.Hs.eg.db
NTM2_ASD_down	500	ASD_down	193	HCRTR1	ENSG00000121764	ENSG00000121764.11_1	-2.85815595342089	0.0646810213040302	-0.86703863555246	0.263338828086692	-3.29248307912659	0.00138625793977039	0.0595710952137416	-0.0780009739137121	1.82560446150693	org.Hs.eg.db
NTM2_ASD_down	500	ASD_down	194	SLC45A1	ENSG00000162426	ENSG00000162426.14_1	-2.85716026484753	0.0665802589718208	-0.308202288853115	0.0936282644039326	-3.29176548145188	0.00138943980072869	0.0595710952137416	4.01446234899543	0.507375084477654	org.Hs.eg.db
NTM2_ASD_down	500	ASD_down	195	KLF9	ENSG00000119138	ENSG00000119138.4_1	-2.85669443464454	0.0674688121720736	-0.197431316159198	0.0599834518706102	-3.29142971940119	0.00139093093242943	0.0595710952137416	6.90516288245661	0.328686243898869	org.Hs.eg.db
NTM2_ASD_down	500	ASD_down	196	KIAA0513	ENSG00000135709	ENSG00000135709.12_1	-2.85653578360892	0.0677714329221171	-0.256054219828806	0.077796926674192	-3.29131536135281	0.00139143914276526	0.0595710952137416	9.04081033185905	0.404737566924939	org.Hs.eg.db
NTM2_ASD_down	500	ASD_down	197	LOC119746555	ENSG00000260257	ENSG00000260257.2_1	-2.85467319966769	0.071324240170534	-0.178846789348577	0.0543611792430189	-3.28997258409446	0.00139741950353819	0.0595710952137416	3.58375149895576	0.283833408227685	org.Hs.eg.db
NTM2_ASD_down	500	ASD_down	198	ARHGAP44	ENSG00000006740	ENSG00000006740.16_1	-2.85189936793361	0.0766152175448033	-0.27616505413112	0.0839925152264383	-3.28797218879084	0.00140637336262882	0.0595710952137416	6.40539532706346	0.490322098966956	org.Hs.eg.db
NTM2_ASD_down	500	ASD_down	199	MARCHF4	ENSG00000144583	ENSG00000144583.4_1	-2.8516013472232	0.0771836805905034	-0.368777535604546	0.112166900164148	-3.28775721772525	0.00140733877261151	0.0595710952137416	4.24414900639215	0.742583665168531	org.Hs.eg.db
NTM2_ASD_down	500	ASD_down	200	UNC5A	ENSG00000113763	ENSG00000113763.10_2	-2.85077665739101	0.078756744734702	-0.320717798863624	0.0975667673223935	-3.2871622957832	0.00141001373322454	0.0595710952137416	6.39864159629105	0.514978207741009	org.Hs.eg.db
NTM2_ASD_down	500	ASD_down	201	ATP13A2	ENSG00000159363	ENSG00000159363.17_2	-2.84958842348029	0.0810232552298029	-0.241769590088916	0.0735688229738032	-3.28630499056654	0.00141387682678226	0.0595710952137416	7.1179404916918	0.375936660613329	org.Hs.eg.db
NTM2_ASD_down	500	ASD_down	202	SCN1A-AS1	ENSG00000236107	ENSG00000236107.7_1	-2.84955938000651	0.08107865453927	-0.377059635971995	0.114737384862417	-3.2862840339627	0.0014139713830554	0.0595710952137416	1.28687825377836	0.696468278600556	org.Hs.eg.db
NTM2_ASD_down	500	ASD_down	203	DUTP6	ENSG00000225171	ENSG00000225171.2_1	-2.84160952699589	0.0962426934718233	-0.609979239212195	0.185938420546506	-3.28054437280557	0.00144009277991883	0.0600567266306739	-2.96417731052883	1.06143858207026	org.Hs.eg.db
NTM2_ASD_down	500	ASD_down	204	FLJ33534	ENSG00000145063	ENSG00000145063.14_1	-2.83886303367317	0.10148152387762	-0.339366174397998	0.10351074434563	-3.27855988809074	0.0014492288343753	0.0600567266306739	1.8858834918133	0.543911283706887	org.Hs.eg.db
NTM2_ASD_down	500	ASD_down	205	SHISAL1	ENSG00000138944	ENSG00000138944.7_1	-2.83836874333988	0.102424363682092	-0.285707091651843	0.0871535783376219	-3.27820265216249	0.00145087920673234	0.0600567266306739	7.08874520670637	0.482372871272439	org.Hs.eg.db
NTM2_ASD_down	500	ASD_down	206	TMEM150C	ENSG00000249242	ENSG00000249242.7_2	-2.83292129284957	0.112815166028728	-0.22525841998653	0.0687966595707281	-3.27426391618545	0.00146919251514724	0.0605122144381376	5.20503618519798	0.39463244961421	org.Hs.eg.db
NTM2_ASD_down	500	ASD_down	207	SLC38A5	ENSG00000017483	ENSG00000017483.14_2	-2.8278885449385	0.122414939151474	-0.518400244568085	0.158502025581201	-3.27062220603931	0.00148631703396571	0.0608141183782084	2.88674958311425	0.81603325682775	org.Hs.eg.db
NTM2_ASD_down	500	ASD_down	208	EXTL1	ENSG00000158008	ENSG00000158008.9_1	-2.82259868022439	0.132505152689458	-0.339780652295685	0.104010510214305	-3.26679151554583	0.00150453162086742	0.0610355849738044	5.75517857357032	0.591512889762713	org.Hs.eg.db
NTM2_ASD_down	500	ASD_down	209	GBA2	ENSG00000070610	ENSG00000070610.14_2	-2.82203806538599	0.133574503937122	-0.15945041618985	0.0488155555180892	-3.26638536625407	0.00150647501968683	0.0610355849738044	6.65143998589121	0.263869286040461	org.Hs.eg.db
NTM2_ASD_down	500	ASD_down	210	PGBD5	ENSG00000177614	ENSG00000177614.10_2	-2.82059660911432	0.136324026348902	-0.238108941467189	0.0729200862924209	-3.265340917348	0.00151148343140352	0.0611387662904526	7.38894156598983	0.391593433629068	org.Hs.eg.db
NTM2_ASD_down	500	ASD_down	211	LOC645485	ENSG00000246331	ENSG00000246331.2_1	-2.81476334506893	0.147450753216676	-0.497514616721446	0.152559808282967	-3.26111196861665	0.00153192200633638	0.0615644254844181	-2.85792090335473	0.879258759554188	org.Hs.eg.db
NTM2_ASD_down	500	ASD_down	212	NECTIN1	ENSG00000110400	ENSG00000110400.10_2	-2.81150941565157	0.153657498461236	-0.322421589163577	0.0989402237190968	-3.25875136566267	0.00154344296059525	0.0618273376924897	6.33925075656988	0.575565995528306	org.Hs.eg.db
NTM2_ASD_down	500	ASD_down	213	ALKBH6	ENSG00000239382	ENSG00000239382.10_2	-2.80795405996229	0.160439202729143	-0.168906323477318	0.0518726857370034	-3.25617077807923	0.00155613023167155	0.0622066846575187	3.66080970975248	0.270801135918872	org.Hs.eg.db
NTM2_ASD_down	500	ASD_down	214	PLXNA2	ENSG00000076356	ENSG00000076356.6_1	-2.80549880229741	0.165122512316119	-0.184182922670769	0.0565952583836771	-3.25438787507842	0.00156495263506428	0.0622871212250906	7.66363235769164	0.301151988296796	org.Hs.eg.db
NTM2_ASD_down	500	ASD_down	215	KCNH3	ENSG00000135519	ENSG00000135519.6_1	-2.80379773869915	0.168367225721041	-0.258540526559924	0.0794738476977067	-3.25315225133342	0.00157109433008573	0.0624315180512149	6.96524477863811	0.481041327321134	org.Hs.eg.db
NTM2_ASD_down	500	ASD_down	216	CBX6	ENSG00000183741	ENSG00000183741.11_1	-2.80261215237709	0.170628686042588	-0.199023069662333	0.0611947323558884	-3.25229087537928	0.00157538914110078	0.0625021800453339	8.58291186829882	0.393536446052407	org.Hs.eg.db
NTM2_ASD_down	500	ASD_down	217	TTC19	ENSG00000011295	ENSG00000011295.15_2	-2.79400511764269	0.187046273843513	-0.174788821883303	0.0538469035647242	-3.24603292505401	0.00160692231723764	0.0625254249769867	6.02118476433755	0.298193055380991	org.Hs.eg.db
NTM2_ASD_down	500	ASD_down	218	POU6F1	ENSG00000184271	ENSG00000184271.16_2	-2.79207273919736	0.190732211424773	-0.173428052725185	0.0534508471367753	-3.24462683035501	0.00161408819347331	0.0625254249769867	5.78853768487413	0.292630011530348	org.Hs.eg.db
NTM2_ASD_down	500	ASD_down	219	POMGNT2	ENSG00000144647	ENSG00000144647.5_1	-2.79001095397754	0.194664987452479	-0.171216808510049	0.0527937558020758	-3.2431261218077	0.00162176919182576	0.0625254249769867	5.28908861245479	0.280740104310601	org.Hs.eg.db
NTM2_ASD_down	500	ASD_down	220	RNF165	ENSG00000141622	ENSG00000141622.13_2	-2.78889311203446	0.196797227975999	-0.314824005489649	0.0970986067403957	-3.24231228498846	0.00162594888283047	0.0625254249769867	5.65155959978362	0.644527648074563	org.Hs.eg.db
NTM2_ASD_down	500	ASD_down	221	CCR10	ENSG00000184451	ENSG00000184451.5_2	-2.78812071825092	0.198270539418262	-0.233099136850831	0.0719053431824283	-3.2417498691223	0.0016288432098611	0.0625254249769867	0.881649464456329	0.363677826869263	org.Hs.eg.db
NTM2_ASD_down	500	ASD_down	222	GIT1	ENSG00000108262	ENSG00000108262.15_2	-2.78697599186086	0.200454060990653	-0.171442634740377	0.0528994343261233	-3.24091622007598	0.00163314222678051	0.0625780013502219	7.41597370274295	0.315888326756039	org.Hs.eg.db
NTM2_ASD_down	500	ASD_down	223	DCAF8	ENSG00000132716	ENSG00000132716.18_2	-2.78562346842746	0.203033947433059	-0.143513387957817	0.0442951980880309	-3.23993105691961	0.00163823625014228	0.0625780013502219	6.99460010341312	0.230905849706348	org.Hs.eg.db
NTM2_ASD_down	500	ASD_down	224	TMEM38A	ENSG00000072954	ENSG00000072954.6_1	-2.78501442747469	0.204195669631814	-0.328965560728155	0.101548647331311	-3.23948737253858	0.00164053527291168	0.0625780013502219	5.42930581129488	0.613183241850551	org.Hs.eg.db
NTM2_ASD_down	500	ASD_down	225	RUSC2	ENSG00000198853	ENSG00000198853.11_2	-2.7844123671405	0.205344076569059	-0.181154762720541	0.0559283844208831	-3.23904873341736	0.00164281111613564	0.0625780013502219	7.4920146871973	0.299217745602558	org.Hs.eg.db
NTM2_ASD_down	500	ASD_down	226	SCRT1	ENSG00000261678	ENSG00000261678.2_1	-2.78145419371467	0.210986678632085	-0.37617217470663	0.116213968777923	-3.23689293690218	0.00165403923183594	0.0628866373751579	5.20342273790939	0.633260247928108	org.Hs.eg.db
NTM2_ASD_down	500	ASD_down	227	MEGF8	ENSG00000105429	ENSG00000105429.12_1	-2.78000156297277	0.213757515916165	-0.178430376907248	0.0551420062953071	-3.2358339657009	0.00165958093479783	0.0628866373751579	7.98101667098078	0.297887309782935	org.Hs.eg.db
NTM2_ASD_down	500	ASD_down	228	FASN	ENSG00000169710	ENSG00000169710.6	-2.77827799218621	0.217045160917325	-0.216842394624519	0.067038868693955	-3.23457717662936	0.00166618034799013	0.0628894454752018	8.120899580387	0.351130361456285	org.Hs.eg.db
NTM2_ASD_down	500	ASD_down	229	SEZ6L2	ENSG00000174938	ENSG00000174938.14_2	-2.77199674530712	0.229026397814705	-0.368687748326061	0.11414501677111	-3.22999425428597	0.00169045360020553	0.063080862693303	7.35450624098448	0.627324688947676	org.Hs.eg.db
NTM2_ASD_down	500	ASD_down	230	MPPED1	ENSG00000186732	ENSG00000186732.13_2	-2.77142322326586	0.230120369055511	-0.336860816626831	0.104304979990003	-3.22957558363098	0.00169268745967806	0.063080862693303	6.76172391568767	0.582219676096624	org.Hs.eg.db
NTM2_ASD_down	500	ASD_down	231	SNPH	ENSG00000101298	ENSG00000101298.13_2	-2.7713270892958	0.230303740906893	-0.194292086161527	0.0601615609687105	-3.22950540233782	0.00169306218877039	0.063080862693303	7.63704771441812	0.314093843379608	org.Hs.eg.db
NTM2_ASD_down	500	ASD_down	232	LINC02433	ENSG00000234111	ENSG00000234111.6_1	-2.76699327209852	0.238570330568152	-0.575385418857111	0.178339955153197	-3.22634049314886	0.00171004180611001	0.0633200417882468	-1.1691602917431	0.915508576530148	org.Hs.eg.db
NTM2_ASD_down	500	ASD_down	233	TSHR	ENSG00000165409	ENSG00000165409.16_2	-2.76602271915825	0.240421622982319	-0.801407341719369	0.248449756012913	-3.22563142979185	0.00171386764795615	0.0633416918223794	-1.01602669063329	1.52057987611983	org.Hs.eg.db
NTM2_ASD_down	500	ASD_down	234	IGLON5	ENSG00000142549	ENSG00000142549.9_1	-2.76481275311137	0.242729586691523	-0.237657735888147	0.0736980957063766	-3.22474731009344	0.00171864922630887	0.0633449235483404	3.51206412782248	0.375550814890532	org.Hs.eg.db
NTM2_ASD_down	500	ASD_down	235	RAB15	ENSG00000139998	ENSG00000139998.14_1	-2.76395938099467	0.244357361190535	-0.288679626704234	0.0895373929803889	-3.22412365487862	0.0017220296266746	0.0633449235483404	6.80493533287093	0.505227264719403	org.Hs.eg.db
NTM2_ASD_down	500	ASD_down	236	HECW1	ENSG00000002746	ENSG00000002746.14_2	-2.76342313890602	0.245380222355227	-0.281159792343954	0.0872156298012277	-3.223731720848	0.0017241572040054	0.0633449235483404	7.26155543637065	0.454275433906941	org.Hs.eg.db
NTM2_ASD_down	500	ASD_down	237	PLPP6	ENSG00000205808	ENSG00000205808.5_1	-2.75676349912565	0.258083229161943	-0.200498975463464	0.0622887844698971	-3.21886158430914	0.00175079985057048	0.063571440188258	3.09847058903809	0.362479526483564	org.Hs.eg.db
NTM2_ASD_down	500	ASD_down	238	CYP1A1	ENSG00000140465	ENSG00000140465.13_1	-2.75405746946144	0.263244876695027	-0.623786054473349	0.193910188657091	-3.21688127268262	0.00176174290249845	0.0638025115106754	-0.375063717276326	1.11489379836378	org.Hs.eg.db
NTM2_ASD_down	500	ASD_down	239	OPRD1	ENSG00000116329	ENSG00000116329.10_1	-2.7489066880416	0.273069794197178	-0.321727064755384	0.100129502528645	-3.21310958938744	0.00178276176822055	0.0638094930344989	5.24713778837531	0.516651210978454	org.Hs.eg.db
NTM2_ASD_down	500	ASD_down	240	GABBR2	ENSG00000136928	ENSG00000136928.6_2	-2.74814091393126	0.27453047886735	-0.305154906044521	0.0949884171890037	-3.2125485935547	0.00178590801383647	0.0638094930344989	8.42165841058633	0.532500509701665	org.Hs.eg.db
NTM2_ASD_down	500	ASD_down	241	TMEM132B	ENSG00000139364	ENSG00000139364.10_2	-2.74612185641588	0.278381753441777	-0.200678103113419	0.0624957277991829	-3.21106914313018	0.00179423012255769	0.0638094930344989	8.33711591196548	0.372921695711943	org.Hs.eg.db
NTM2_ASD_down	500	ASD_down	242	HSD11B1L	ENSG00000167733	ENSG00000167733.13_2	-2.7406766947858	0.288768189875537	-0.23325529704524	0.0727314313390978	-3.20707695078524	0.00181686770439153	0.0640052855408057	5.42842749841229	0.416271821935916	org.Hs.eg.db
NTM2_ASD_down	500	ASD_down	243	DLG4	ENSG00000132535	ENSG00000132535.18_2	-2.73677206137629	0.296216127964456	-0.218781346033266	0.0682792946525005	-3.20421215753222	0.00183327636148624	0.0642337093741636	8.30336010653802	0.402765586095445	org.Hs.eg.db
NTM2_ASD_down	500	ASD_down	244	ACTR1B	ENSG00000115073	ENSG00000115073.7_1	-2.73667241357487	0.296406202314049	-0.284268629557525	0.088719193331003	-3.20413902431399	0.00183369705050258	0.0642337093741636	6.34077021260679	0.460315584470074	org.Hs.eg.db
NTM2_ASD_down	500	ASD_down	245	DCC	ENSG00000187323	ENSG00000187323.11_1	-2.72944797001328	0.310186550615779	-0.284097113677475	0.0888127123475933	-3.19883388501391	0.00186445553311879	0.0644517483135494	5.0053325646331	0.452047107543514	org.Hs.eg.db
NTM2_ASD_down	500	ASD_down	246	OBSCN-AS1	ENSG00000162913	ENSG00000162913.9_2	-2.72731971646835	0.314246112417809	-0.436600419201691	0.136554132543312	-3.19726991098721	0.0018736146931137	0.0644517483135494	0.839533218449021	0.724812750176339	org.Hs.eg.db
NTM2_ASD_down	500	ASD_down	247	SEC14L5	ENSG00000103184	ENSG00000103184.11_2	-2.72567570645	0.317381998312868	-0.287796676438591	0.0900472916852794	-3.19606143674434	0.00188072065209601	0.0644517483135494	6.03802489992143	0.493138614286847	org.Hs.eg.db
NTM2_ASD_down	500	ASD_down	248	SYT2	ENSG00000143858	ENSG00000143858.11_1	-2.72199307733855	0.324406471739671	-0.729791632289139	0.228534572614737	-3.19335330291326	0.00189673615497684	0.064807061275461	4.62344300837834	1.21630466508977	org.Hs.eg.db
NTM2_ASD_down	500	ASD_down	249	EPHA10	ENSG00000183317	ENSG00000183317.16_2	-2.72008461579299	0.328046788754269	-0.243616469275028	0.0763221625047226	-3.19194924881686	0.00190508950356708	0.064807061275461	4.62796151234804	0.393503624051817	org.Hs.eg.db
NTM2_ASD_down	500	ASD_down	250	PNMA8B	ENSG00000204851	ENSG00000204851.6_2	-2.71979509883726	0.32859903121491	-0.322094226716714	0.100915052190485	-3.19173621501712	0.00190635993094103	0.064807061275461	7.38272490198441	0.51781933052922	org.Hs.eg.db
NTM2_ASD_down	500	ASD_down	251	VAMP2	ENSG00000220205	ENSG00000220205.8_2	-2.7163503007371	0.335169851132696	-0.25317474715047	0.0793850152663042	-3.18920071125732	0.00192154119381265	0.064807061275461	7.84064330651853	0.439228745347205	org.Hs.eg.db
NTM2_ASD_down	500	ASD_down	252	TMEM241	ENSG00000134490	ENSG00000134490.13_2	-2.71581780987691	0.336185556973342	-0.191209131919209	0.0599625604810577	-3.18880865635504	0.00192389865102151	0.064807061275461	3.47752501197901	0.324758101086531	org.Hs.eg.db
NTM2_ASD_down	500	ASD_down	253	MAP1B	ENSG00000131711	ENSG00000131711.14_1	-2.71460858675751	0.338492103576925	-0.242329148881459	0.0760148572548038	-3.18791822589583	0.00192926290179655	0.064837853083923	11.5996424574192	0.415560537711309	org.Hs.eg.db
NTM2_ASD_down	500	ASD_down	254	SPATA2L	ENSG00000158792	ENSG00000158792.15_1	-2.70844278599258	0.350253131450644	-0.356419448321479	0.111962747403984	-3.18337533318512	0.00195684854641819	0.0649092699827264	3.99572250913252	0.710208974589206	org.Hs.eg.db
NTM2_ASD_down	500	ASD_down	255	CAMK2A	ENSG00000070808	ENSG00000070808.15_2	-2.70796203392399	0.351170147535756	-0.267749348161645	0.0841179977983572	-3.18302093689246	0.00195901592342896	0.0649092699827264	10.5233688553749	0.449199197222554	org.Hs.eg.db
NTM2_ASD_down	500	ASD_down	256	EFNA5	ENSG00000184349	ENSG00000184349.12_1	-2.70794524888768	0.351202164347087	-0.262319868979386	0.0824125552254461	-3.18300856297671	0.00195909163884833	0.0649092699827264	4.86134273521138	0.421768191218908	org.Hs.eg.db
NTM2_ASD_down	500	ASD_down	257	OLFM1	ENSG00000130558	ENSG00000130558.19_2	-2.70739545672433	0.352250871758249	-0.26151355363222	0.0821697000909408	-3.18260323869737	0.00196157330815906	0.0649092699827264	9.32796035574625	0.537748956435058	org.Hs.eg.db
NTM2_ASD_down	500	ASD_down	258	IL1RL2	ENSG00000115598	ENSG00000115598.9_2	-2.70736768112102	0.352303852653555	-0.309890873956457	0.0973708768179162	-3.18258276071555	0.00196169876594558	0.0649092699827264	0.83615874144583	0.513333510361939	org.Hs.eg.db
NTM2_ASD_down	500	ASD_down	259	RAB40C	ENSG00000197562	ENSG00000197562.9_2	-2.70334272156866	0.359981308233218	-0.245636024030427	0.0772534012884165	-3.17961435915777	0.0019799639293573	0.0652247976583666	5.79715848614756	0.446598817363546	org.Hs.eg.db
NTM2_ASD_down	500	ASD_down	260	PCGF3	ENSG00000185619	ENSG00000185619.13	-2.7032975648066	0.3600674430205	-0.15110600083872	0.0475238714394869	-3.17958104551996	0.00198016981133872	0.0652247976583666	5.89534623053829	0.281219035681553	org.Hs.eg.db
NTM2_ASD_down	500	ASD_down	261	ANKRD24	ENSG00000089847	ENSG00000089847.12_2	-2.70135775781088	0.363767550275987	-0.258000702365872	0.0811795294639428	-3.1781497634877	0.00198903416162922	0.0653287627876767	5.69470681721484	0.435244166932902	org.Hs.eg.db
NTM2_ASD_down	500	ASD_down	262	FHL2	ENSG00000115641	ENSG00000115641.18_2	-2.69931870775213	0.367656959858144	-0.298078633933476	0.0938344240408763	-3.1766447866044	0.00199839480593123	0.0653287627876767	4.05360306958061	0.542486797667018	org.Hs.eg.db
NTM2_ASD_down	500	ASD_down	263	SLC28A2	ENSG00000137860	ENSG00000137860.11_1	-2.6985880892467	0.369050586563741	-0.80339265941567	0.252948990680283	-3.17610541657043	0.0020017595575399	0.0653287627876767	-2.89311072394651	1.44083649740098	org.Hs.eg.db
NTM2_ASD_down	500	ASD_down	264	NALCN-AS1	ENSG00000233009	ENSG00000233009.1_1	-2.69776441341928	0.370621716532827	-0.605918852264519	0.19081069828468	-3.17549727406018	0.00200555966452273	0.0653287627876767	-1.85262375559703	1.10867379001659	org.Hs.eg.db
NTM2_ASD_down	500	ASD_down	265	ZNRF1	ENSG00000186187	ENSG00000186187.11_2	-2.69619568361853	0.373614008307473	-0.165948600719722	0.0522781625106021	-3.17433882046003	0.00201281711403205	0.0653287627876767	4.79477980582871	0.350167909574031	org.Hs.eg.db
NTM2_ASD_down	500	ASD_down	266	MAP2K7	ENSG00000076984	ENSG00000076984.17_1	-2.69454542184942	0.376761819176703	-0.136351345025345	0.0429707516415321	-3.17311985051615	0.00202048010362814	0.0653287627876767	4.21702649839594	0.251184732258016	org.Hs.eg.db
NTM2_ASD_down	500	ASD_down	267	SNAI3-AS1	ENSG00000260630	ENSG00000260630.6_1	-2.6931880390249	0.37935097472082	-0.211795737329639	0.0667679466715538	-3.17211697959664	0.0020268049718963	0.0653287627876767	4.45797274765104	0.35731681870814	org.Hs.eg.db
NTM2_ASD_down	500	ASD_down	268	FAM163A	ENSG00000143340	ENSG00000143340.6_1	-2.69304222817884	0.379629103303015	-0.439279375183176	0.138486158846476	-3.17200923790627	0.00202748556945522	0.0653287627876767	1.93908153992738	0.859873007236427	org.Hs.eg.db
NTM2_ASD_down	500	ASD_down	269	ZNF165	ENSG00000197279	ENSG00000197279.3_1	-2.69098607471393	0.383551136974776	-0.209418366546605	0.0660523734141669	-3.17048965422474	0.00203710739478809	0.0654862531256971	0.295928463618424	0.364090757497506	org.Hs.eg.db
NTM2_ASD_down	500	ASD_down	270	HTR6	ENSG00000158748	ENSG00000158748.3_1	-2.69019054802966	0.385068573535679	-0.374629809771609	0.118183419442189	-3.1699015948245	0.00204084232240657	0.0654862531256971	0.602618817434445	0.614576573313274	org.Hs.eg.db
NTM2_ASD_down	500	ASD_down	271	SHD	ENSG00000105251	ENSG00000105251.10_1	-2.68727326273581	0.390633183059183	-0.477164655079174	0.150632305509903	-3.16774448524792	0.00205459741450361	0.0655398846166389	2.13114740140994	0.770504226186601	org.Hs.eg.db
NTM2_ASD_down	500	ASD_down	272	TMEM132C	ENSG00000181234	ENSG00000181234.9_2	-2.68724316061926	0.390690601689022	-0.159059536898563	0.050212589917291	-3.16772222186829	0.00205473982910217	0.0655398846166389	4.30822474826352	0.261245707861291	org.Hs.eg.db
NTM2_ASD_down	500	ASD_down	273	KCNIP3	ENSG00000115041	ENSG00000115041.12_1	-2.68624247883109	0.392599363722063	-0.277024632244397	0.0874727506466019	-3.16698206237509	0.00205947972672017	0.0655398846166389	5.96896152970321	0.485942804607182	org.Hs.eg.db
NTM2_ASD_down	500	ASD_down	274	SNX27	ENSG00000143376	ENSG00000143376.12_1	-2.68468490222435	0.39557038120797	-0.100476205246559	0.0317377158117081	-3.16582976048619	0.00206687921432159	0.0655398846166389	7.12974311182708	0.162374837325652	org.Hs.eg.db
NTM2_ASD_down	500	ASD_down	275	RAB40A	ENSG00000172476	ENSG00000172476.4_2	-2.68156777330609	0.401516184760704	-0.241446040899596	0.0763218894705611	-3.1635228448154	0.00208176751213041	0.0657927064508432	1.43246972439058	0.42082015498946	org.Hs.eg.db
NTM2_ASD_down	500	ASD_down	276	DHRS7C	ENSG00000184544	ENSG00000184544.11_2	-2.68039939474215	0.403744821945301	-0.500625329210835	0.158292597883545	-3.16265786211394	0.00208737561299561	0.0657927064508432	-2.88831494038288	0.987098815849926	org.Hs.eg.db
NTM2_ASD_down	500	ASD_down	277	FAM131B	ENSG00000159784	ENSG00000159784.17_1	-2.67270802603035	0.418415812017019	-0.24702684756327	0.0782483363314018	-3.15695974055023	0.00212467238838489	0.0660662930705161	7.35399240363851	0.407707548123305	org.Hs.eg.db
NTM2_ASD_down	500	ASD_down	278	SPTBN2	ENSG00000173898	ENSG00000173898.11_1	-2.671971037854	0.419821588624973	-0.250988304789979	0.0795169309206495	-3.15641338120107	0.00212828097163811	0.0660662930705161	8.83761319569242	0.435602954510548	org.Hs.eg.db
NTM2_ASD_down	500	ASD_down	279	DIPK1B	ENSG00000165716	ENSG00000165716.10_2	-2.67143101882582	0.420851654156586	-0.196372028042186	0.0622215522820025	-3.15601300257156	0.00213092900682261	0.0660662930705161	4.70705196018713	0.331139883298792	org.Hs.eg.db
NTM2_ASD_down	500	ASD_down	280	VSTM2L	ENSG00000132821	ENSG00000132821.11_1	-2.67093516547732	0.421797475352456	-0.302943014311926	0.0960003364700053	-3.15564533887418	0.00213336337280449	0.0660662930705161	5.90885419746081	0.547792653922384	org.Hs.eg.db
NTM2_ASD_down	500	ASD_down	281	PAFAH1B2P2	ENSG00000257501	ENSG00000257501.6_1	-2.66626533506363	0.430704997303735	-0.378220662263046	0.119986961548206	-3.15218134856338	0.00215642652367281	0.0666257283555063	1.17339276367911	0.784774054010443	org.Hs.eg.db
NTM2_ASD_down	500	ASD_down	282	WSB2	ENSG00000176871	ENSG00000176871.8_1	-2.6661836326378	0.430860841539414	-0.204975093781156	0.0650276788114409	-3.15212072040149	0.00215683224342998	0.0666257283555063	8.04787027639554	0.41704823318769	org.Hs.eg.db
NTM2_ASD_down	500	ASD_down	283	CALML3	ENSG00000178363	ENSG00000178363.4_2	-2.66342488757651	0.436123041665427	-0.580911916632601	0.1844122018434	-3.15007310159392	0.00217057657828733	0.0666635210114791	-2.13444136949197	1.10999735461085	org.Hs.eg.db
NTM2_ASD_down	500	ASD_down	284	EPB41L1	ENSG00000088367	ENSG00000088367.21_2	-2.65897186326415	0.444617014314994	-0.183486293598933	0.0583094806239903	-3.14676604276665	0.00219294700570705	0.0669914290697913	8.37459129325698	0.305178748126437	org.Hs.eg.db
NTM2_ASD_down	500	ASD_down	285	FLRT1	ENSG00000126500	ENSG00000126500.3_2	-2.65402538653823	0.45405222846935	-0.301961194087915	0.0960714509245647	-3.14308976477325	0.0022180667596624	0.0674270575801413	4.85229405890116	0.529654488715173	org.Hs.eg.db
NTM2_ASD_down	500	ASD_down	286	ATP6V0A1	ENSG00000033627	ENSG00000033627.15_2	-2.65193190198336	0.458045469759759	-0.193023152585733	0.0614423446524649	-3.14153298799918	0.00222878459859166	0.0676700419200764	8.27844724981117	0.327835648102784	org.Hs.eg.db
NTM2_ASD_down	500	ASD_down	287	CASKIN1	ENSG00000167971	ENSG00000167971.15_1	-2.65119733253558	0.459446632735972	-0.235628035542154	0.0750172045524842	-3.14098661697401	0.00223255757408572	0.0677018313919329	6.90285927154912	0.414944751049909	org.Hs.eg.db
NTM2_ASD_down	500	ASD_down	288	SPRN	ENSG00000203772	ENSG00000203772.7_1	-2.64865942210841	0.464287599288878	-0.351349023962696	0.11192673046687	-3.13909843070681	0.0022456422876321	0.0679327306402326	5.18754158185608	0.737342073774054	org.Hs.eg.db
NTM2_ASD_down	500	ASD_down	289	BCL11A	ENSG00000119866	ENSG00000119866.20_1	-2.64479358219564	0.471661540274439	-0.293104565356438	0.0934578858288221	-3.13622079888785	0.00226572093654876	0.0683133388325619	5.73636562208332	0.535931967292936	org.Hs.eg.db
NTM2_ASD_down	500	ASD_down	290	SLC27A4	ENSG00000167114	ENSG00000167114.12_2	-2.64451816972997	0.472186878962634	-0.234480939797928	0.0747703330184042	-3.13601572083693	0.0022671582232703	0.0683133388325619	5.56558762244252	0.385257700101022	org.Hs.eg.db
NTM2_ASD_down	500	ASD_down	291	LRRC75A	ENSG00000181350	ENSG00000181350.11_1	-2.64048556174279	0.479878923637625	-0.240769003442435	0.0768490545064765	-3.13301191522329	0.00228830778582548	0.0685609805603303	3.59247653814639	0.391453090956694	org.Hs.eg.db
NTM2_ASD_down	500	ASD_down	292	ARFGEF2	ENSG00000124198	ENSG00000124198.8_1	-2.63952348383071	0.481714050261414	-0.182994697316485	0.0584219230829235	-3.13229499577999	0.00229338261582734	0.0686246393333587	7.35511549347367	0.328575258308941	org.Hs.eg.db
NTM2_ASD_down	500	ASD_down	293	ITPK1	ENSG00000100605	ENSG00000100605.16_2	-2.63740824381947	0.485748789248319	-0.134695786663808	0.0430239231173718	-3.13071837489925	0.00230457982798452	0.0688435624149444	7.70014325202806	0.239119007774371	org.Hs.eg.db
NTM2_ASD_down	500	ASD_down	294	ADAM11	ENSG00000073670	ENSG00000073670.13_2	-2.63709498941709	0.486346309975698	-0.31552556133422	0.100791275903452	-3.13048484113309	0.00230624270934264	0.0688435624149444	6.44925383366599	0.537595993813059	org.Hs.eg.db
NTM2_ASD_down	500	ASD_down	295	RNF103-CHMP3	ENSG00000249884	ENSG00000249884.8_2	-2.63491665727563	0.490501394774993	-0.439653355415837	0.140515484254971	-3.12886055047191	0.00231783940928444	0.0690238124328398	0.258271973811246	0.747273826694315	org.Hs.eg.db
NTM2_ASD_down	500	ASD_down	296	CNTNAP1	ENSG00000108797	ENSG00000108797.11_1	-2.6327087482457	0.494712896351779	-0.299908002756989	0.0959026273433023	-3.12721362349552	0.00232965307368303	0.0690248899426534	7.71943968542431	0.496125817835197	org.Hs.eg.db
NTM2_ASD_down	500	ASD_down	297	ACOT4	ENSG00000177465	ENSG00000177465.4_1	-2.63202522852987	0.49601668392724	-0.316546439612651	0.101239667968215	-3.12670365248564	0.00233332251368664	0.0690248899426534	1.60196424054029	0.577868996441364	org.Hs.eg.db
NTM2_ASD_down	500	ASD_down	298	FAM174B	ENSG00000185442	ENSG00000185442.12_2	-2.63194930526179	0.496161504641719	-0.180860304515148	0.0578448108601463	-3.12664700300293	0.00233373046028501	0.0690248899426534	3.7195834981841	0.312293062753118	org.Hs.eg.db
NTM2_ASD_down	500	ASD_down	299	MYSM1	ENSG00000162601	ENSG00000162601.9_1	-2.63073642737838	0.498475022567129	-0.132899112811557	0.0425176216594157	-3.1257419306314	0.00234025710602672	0.0690248899426534	6.32185638248975	0.22779338101498	org.Hs.eg.db
NTM2_ASD_down	500	ASD_down	300	PITPNM3	ENSG00000091622	ENSG00000091622.15_2	-2.6300052230359	0.499869766734382	-0.200476509967793	0.064148455559606	-3.12519620650122	0.0023442006226577	0.0690248899426534	7.32621482600306	0.388803223236532	org.Hs.eg.db
NTM2_ASD_down	500	ASD_down	301	RELL2	ENSG00000164620	ENSG00000164620.8_1	-2.62974747704104	0.500361407308801	-0.374642802678672	0.119885550078141	-3.12500382601974	0.00234559227665215	0.0690248899426534	4.87648782922201	0.610977140583254	org.Hs.eg.db
NTM2_ASD_down	500	ASD_down	302	LINC02857	ENSG00000230852	ENSG00000230852.1_1	-2.62886816313289	0.502038664777514	-0.457078437616448	0.146295648924437	-3.12434744968069	0.00235034619682964	0.0690702540706493	-3.56118434366757	0.756176068766263	org.Hs.eg.db
NTM2_ASD_down	500	ASD_down	303	TOM1L2	ENSG00000175662	ENSG00000175662.17_1	-2.6243012427729	0.510749889758432	-0.129772998520135	0.0415814232851108	-3.12093690565429	0.00237519219363325	0.0692861152615892	7.51709518548928	0.249167372183009	org.Hs.eg.db
NTM2_ASD_down	500	ASD_down	304	NIT2	ENSG00000114021	ENSG00000114021.11_1	-2.62286366073395	0.513492022220274	-0.132045645685871	0.0423241834101967	-3.11986280765571	0.00238306747489428	0.0693042901715155	4.61320621391484	0.271835642920102	org.Hs.eg.db
NTM2_ASD_down	500	ASD_down	305	RASGRF1	ENSG00000058335	ENSG00000058335.15_1	-2.62013969990105	0.518687872768158	-0.302216258427789	0.0969316990192398	-3.11782689755394	0.00239806140834524	0.0694327202744798	7.57514309878533	0.539012389497319	org.Hs.eg.db
NTM2_ASD_down	500	ASD_down	306	KCNH5	ENSG00000140015	ENSG00000140015.19_1	-2.61959906423706	0.519719114508873	-0.39134923207316	0.125536145666614	-3.11742271514743	0.00240104851704007	0.0694327202744798	6.28764128373359	0.700386987512633	org.Hs.eg.db
NTM2_ASD_down	500	ASD_down	307	PCYT2	ENSG00000185813	ENSG00000185813.10_2	-2.61801020472392	0.522749802935863	-0.13521951505621	0.043391955168334	-3.11623466911416	0.00240984880321314	0.0694327202744798	5.31521369585336	0.224956357365931	org.Hs.eg.db
NTM2_ASD_down	500	ASD_down	308	CACNA1G	ENSG00000006283	ENSG00000006283.17_2	-2.61255351794186	0.533158223153867	-0.317039335037968	0.101871411506317	-3.11215217645539	0.00244031833002382	0.0698245922171333	5.98660436243634	0.662942721570503	org.Hs.eg.db
NTM2_ASD_down	500	ASD_down	309	CORT	ENSG00000241563	ENSG00000241563.3_2	-2.61163809696955	0.534904353459086	-0.568116687129272	0.182588052075091	-3.11146693703501	0.00244546754257941	0.0698362887780136	2.24890200162396	1.03795003289276	org.Hs.eg.db
NTM2_ASD_down	500	ASD_down	310	STRN4	ENSG00000090372	ENSG00000090372.14_1	-2.61098234402053	0.536155176994528	-0.159292805769841	0.0512034825334298	-3.11097600960719	0.00244916280905338	0.0698362887780136	6.2204883114757	0.347238017291524	org.Hs.eg.db
NTM2_ASD_down	500	ASD_down	311	PDZD4	ENSG00000067840	ENSG00000067840.12_1	-2.61020774435107	0.53763269607937	-0.200347573232932	0.0644122390306946	-3.11039604037767	0.00245353498881298	0.0698625422439572	8.75583589787093	0.413552882040618	org.Hs.eg.db
NTM2_ASD_down	500	ASD_down	312	ATXN7L3	ENSG00000087152	ENSG00000087152.15_1	-2.60428827826307	0.548923850028809	-0.212607935003491	0.0684515677562079	-3.10596151370411	0.00248720579973946	0.0702515579802129	7.23970177633236	0.368977921376009	org.Hs.eg.db
NTM2_ASD_down	500	ASD_down	313	CCM2	ENSG00000136280	ENSG00000136280.15_2	-2.60143829133032	0.554360090516236	-0.161833651691596	0.0521400707213663	-3.1038249364184	0.00250358135564162	0.0702515579802129	5.97026731016874	0.275726883784452	org.Hs.eg.db
NTM2_ASD_down	500	ASD_down	314	MFSD3	ENSG00000167700	ENSG00000167700.8_1	-2.60044667554982	0.556251559488243	-0.212096204649589	0.0683501924553425	-3.10308130863223	0.00250930426317673	0.0702515579802129	3.72976765366274	0.348072064660888	org.Hs.eg.db
NTM2_ASD_down	500	ASD_down	315	SLC7A1	ENSG00000139514	ENSG00000139514.12_2	-2.59926816280371	0.558499527235663	-0.154038336689714	0.0496545894627452	-3.10219736697825	0.00251612282349555	0.0702515579802129	6.20283134421521	0.26040525514272	org.Hs.eg.db
NTM2_ASD_down	500	ASD_down	316	TCERG1L	ENSG00000176769	ENSG00000176769.9_1	-2.59890927664073	0.559184088791768	-0.250237648658565	0.0806716456572592	-3.10192815108449	0.00251820292101244	0.0702515579802129	3.39013027001289	0.428030328676853	org.Hs.eg.db
NTM2_ASD_down	500	ASD_down	317	SLC6A17	ENSG00000197106	ENSG00000197106.6_1	-2.59723408365134	0.562379455005035	-0.336649625173004	0.108573141676103	-3.10067130761772	0.00252793507842101	0.0702515579802129	7.90640748693253	0.565235300098856	org.Hs.eg.db
NTM2_ASD_down	500	ASD_down	318	POLDIP2	ENSG00000004142	ENSG00000004142.11_1	-2.59713387096846	0.562570606844282	-0.128484054950233	0.0414385009780655	-3.10059611032365	0.00252851846227003	0.0702515579802129	5.6272303105967	0.223483698580463	org.Hs.eg.db
NTM2_ASD_down	500	ASD_down	319	HS3ST5	ENSG00000249853	ENSG00000249853.7_2	-2.59576950675968	0.565173079110448	-0.253195648577321	0.0816872885199216	-3.09957219984812	0.0025364744571784	0.0702515579802129	3.00277043706754	0.427655101538037	org.Hs.eg.db
NTM2_ASD_down	500	ASD_down	320	TATDN2	ENSG00000157014	ENSG00000157014.10_2	-2.59514935440345	0.566355995884048	-0.148988592207829	0.0480746891480193	-3.09910672015167	0.00254009901216908	0.0702515579802129	6.09554367018051	0.328027355840394	org.Hs.eg.db
NTM2_ASD_down	500	ASD_down	321	DOCK3	ENSG00000088538	ENSG00000088538.12_1	-2.59286963353928	0.570704475773364	-0.25168297237369	0.0812563324453038	-3.09739517893089	0.00255346768722496	0.0703861525859257	8.28393900040614	0.43786916428609	org.Hs.eg.db
NTM2_ASD_down	500	ASD_down	322	CFC1B	ENSG00000152093	ENSG00000152093.7_1	-2.59032631732219	0.575555753662666	-0.415628184031731	0.134269165059692	-3.09548498232602	0.00256846518113812	0.0706309822674135	-0.184924190113356	0.717724519509109	org.Hs.eg.db
NTM2_ASD_down	500	ASD_down	323	RNF215	ENSG00000099999	ENSG00000099999.14_2	-2.58689095610567	0.582108573087772	-0.129258542696556	0.0417919735682515	-3.0929035329107	0.00258886285260742	0.0706309822674135	4.51590538160215	0.228336213725373	org.Hs.eg.db
NTM2_ASD_down	500	ASD_down	324	C2orf50	ENSG00000150873	ENSG00000150873.11_1	-2.58587628093645	0.584044026957097	-0.291213173796173	0.0941784974976673	-3.09214079151545	0.00259491848079084	0.0706309822674135	2.05149131225346	0.481691336173915	org.Hs.eg.db
NTM2_ASD_down	500	ASD_down	325	ILRUN	ENSG00000196821	ENSG00000196821.9_1	-2.58523042350152	0.585275975179927	-0.150676166479179	0.0487364066766694	-3.09165522765774	0.002598780363148	0.0706309822674135	7.2370825378936	0.257080311658539	org.Hs.eg.db
NTM2_ASD_down	500	ASD_down	326	RPS6KL1	ENSG00000198208	ENSG00000198208.11_2	-2.58425028589063	0.587145549984757	-0.195411909669155	0.0632213128688341	-3.09091824895472	0.00260465204452581	0.0706309822674135	5.61938358820828	0.349951758168226	org.Hs.eg.db
NTM2_ASD_down	500	ASD_down	327	ARMC7	ENSG00000125449	ENSG00000125449.6_1	-2.58419093146516	0.587258766269052	-0.153968133716862	0.0498137914578448	-3.0908736157367	0.00260500804304037	0.0706309822674135	2.60227100162931	0.284543651612458	org.Hs.eg.db
NTM2_ASD_down	500	ASD_down	328	CNNM1	ENSG00000119946	ENSG00000119946.10_1	-2.5816768951879	0.592054193799016	-0.303702691592079	0.0983180288291504	-3.08898271465379	0.00262013159915141	0.0707321613005701	5.86596060238403	0.519162822990876	org.Hs.eg.db
NTM2_ASD_down	500	ASD_down	329	STXBP5-AS1	ENSG00000233452	ENSG00000233452.6_2	-2.58004915778745	0.595159040301133	-0.295622854848978	0.0957402923209636	-3.08775801370984	0.00262997028874023	0.0709206754518484	3.62581152449162	0.546124741211598	org.Hs.eg.db
NTM2_ASD_down	500	ASD_down	330	CENPBD2P	ENSG00000213753	ENSG00000213753.10_1	-2.57750227810645	0.600017115360842	-0.159234076280724	0.0516015152521771	-3.08584109405596	0.00264543881794854	0.071029317278454	5.66344118327367	0.300174159683858	org.Hs.eg.db
NTM2_ASD_down	500	ASD_down	331	C4orf50	ENSG00000181215	ENSG00000181215.13_2	-2.57215815100735	0.610210832311699	-0.252473470838281	0.0819235981181564	-3.08181618773804	0.00267819286681169	0.0714255733204062	5.74282979380474	0.424164491351379	org.Hs.eg.db
NTM2_ASD_down	500	ASD_down	332	MFSD6	ENSG00000151690	ENSG00000151690.14_2	-2.57181200374643	0.610871094901961	-0.26946043737504	0.0874429972570441	-3.08155536552509	0.00268032832721125	0.0714255733204062	7.04327673931734	0.465296132230531	org.Hs.eg.db
NTM2_ASD_down	500	ASD_down	333	KCNQ3	ENSG00000184156	ENSG00000184156.15_1	-2.56033774396263	0.632757804234986	-0.2560727690424	0.0833325799318893	-3.0729010100455	0.00275208761580783	0.0717662331026061	8.15727777213957	0.469819255224356	org.Hs.eg.db
NTM2_ASD_down	500	ASD_down	334	DCTN1	ENSG00000204843	ENSG00000204843.12_2	-2.56007503781435	0.633258906111331	-0.194895494028714	0.0634280354407576	-3.07270267279125	0.00275375286618772	0.0717662331026061	8.90563787944903	0.334998438032208	org.Hs.eg.db
NTM2_ASD_down	500	ASD_down	335	GPR26	ENSG00000154478	ENSG00000154478.3_1	-2.5595541747078	0.634252432459029	-0.389011074583961	0.126618456357443	-3.07230940713559	0.00275705751037264	0.0717662331026061	5.94062525631499	0.999283431625844	org.Hs.eg.db
NTM2_ASD_down	500	ASD_down	336	KCNV1	ENSG00000164794	ENSG00000164794.8_1	-2.55917286456559	0.634979766893276	-0.451215242303893	0.146878934392283	-3.0720214860682	0.00275947926724003	0.0717662331026061	6.61855794083743	0.869585316621755	org.Hs.eg.db
NTM2_ASD_down	500	ASD_down	337	AP3D1	ENSG00000065000	ENSG00000065000.15_2	-2.55891391400298	0.635473705134372	-0.107868249994463	0.0351153521979106	-3.07182594628458	0.00276112511312049	0.0717662331026061	7.18306959187154	0.179289083119149	org.Hs.eg.db
NTM2_ASD_down	500	ASD_down	338	RAP1GAP2	ENSG00000132359	ENSG00000132359.14_2	-2.55837430956451	0.636502979852055	-0.230045668779583	0.0748988366313431	-3.0714184508884	0.00276455790218562	0.0717662331026061	7.57493407065663	0.463590439877812	org.Hs.eg.db
NTM2_ASD_down	500	ASD_down	339	CPNE9	ENSG00000144550	ENSG00000144550.12_1	-2.55747703328371	0.638214499855901	-0.400209178032835	0.130329848088365	-3.07074076969297	0.00277027553526867	0.0717662331026061	4.14376346755343	0.700365865601133	org.Hs.eg.db
NTM2_ASD_down	500	ASD_down	340	FADS6	ENSG00000172782	ENSG00000172782.11_2	-2.55731377841501	0.638525902240518	-0.338102382061365	0.110108923261238	-3.07061745812557	0.00277131710038768	0.0717662331026061	2.65685438284403	0.555398883354421	org.Hs.eg.db
NTM2_ASD_down	500	ASD_down	341	GRM8	ENSG00000179603	ENSG00000179603.17_2	-2.55442448906614	0.644037110575443	-0.216836507882756	0.0706668191052387	-3.06843453021195	0.00278981568040372	0.0718296828507822	3.98598182372186	0.383799082706947	org.Hs.eg.db
NTM2_ASD_down	500	ASD_down	342	CPLX2	ENSG00000145920	ENSG00000145920.14_2	-2.55351285394233	0.645776019520218	-0.29724251800783	0.0968928202315377	-3.06774554912873	0.00279567798184758	0.0718296828507822	9.46806359190425	0.517433810055385	org.Hs.eg.db
NTM2_ASD_down	500	ASD_down	343	INA	ENSG00000148798	ENSG00000148798.10_2	-2.55192653185265	0.64880186790953	-0.378617470965712	0.123467060307023	-3.06654641346616	0.00280590826393693	0.0718296828507822	7.26762092326304	0.671456525178972	org.Hs.eg.db
NTM2_ASD_down	500	ASD_down	344	ABCC12	ENSG00000140798	ENSG00000140798.15_2	-2.55171541852759	0.649204558459429	-0.497927935721545	0.162382624079408	-3.06638680428054	0.00280727256545943	0.0718296828507822	2.40028036020764	0.916940971424588	org.Hs.eg.db
NTM2_ASD_down	500	ASD_down	345	TGFBRAP1	ENSG00000135966	ENSG00000135966.12_1	-2.55045278325208	0.651612986697011	-0.102492920232806	0.0334350646973077	-3.06543208935554	0.00281544609542657	0.0718296828507822	5.31315946577023	0.177013378522472	org.Hs.eg.db
NTM2_ASD_down	500	ASD_down	346	PGP	ENSG00000184207	ENSG00000184207.8_1	-2.54929658964392	0.653818381546987	-0.193941477512269	0.0632853082564231	-3.06455768100941	0.00282295145830038	0.0718296828507822	5.28582742603176	0.321098477148093	org.Hs.eg.db
NTM2_ASD_down	500	ASD_down	347	FSD1	ENSG00000105255	ENSG00000105255.10_1	-2.5487312308278	0.654896781749738	-0.265508166812609	0.0866504236416335	-3.06413004869648	0.00282662873218952	0.0718296828507822	5.03868793444334	0.461109864211366	org.Hs.eg.db
NTM2_ASD_down	500	ASD_down	348	CLDN4	ENSG00000189143	ENSG00000189143.9_2	-2.54865708707386	0.65503820810943	-0.413476738495332	0.134943458725198	-3.06407396402479	0.00282711134195013	0.0718296828507822	-0.510391147958557	0.7036889805993	org.Hs.eg.db
NTM2_ASD_down	500	ASD_down	349	F7	ENSG00000057593	ENSG00000057593.13_1	-2.54838302141173	0.655560977821651	-0.339772736190926	0.110896711717625	-3.06386664607411	0.0028288959804903	0.0718296828507822	0.525752055184288	0.632787035244093	org.Hs.eg.db
NTM2_ASD_down	500	ASD_down	350	GDF7	ENSG00000143869	ENSG00000143869.6_1	-2.54741515624541	0.657407143410372	-0.299855622299296	0.0978917607634655	-3.06313442480448	0.00283520746541957	0.0718296828507822	3.27729357043076	0.533233098603363	org.Hs.eg.db
NTM2_ASD_down	500	ASD_down	351	TRAF3	ENSG00000131323	ENSG00000131323.14_2	-2.54710869489459	0.657991706653105	-0.155590542902439	0.0507983980079528	-3.06290255212537	0.00283720884508847	0.0718296828507822	6.22978784399541	0.288012158062053	org.Hs.eg.db
NTM2_ASD_down	500	ASD_down	352	TMEM8B	ENSG00000137103	ENSG00000137103.16_1	-2.54578468658023	0.660517201602408	-0.172537463244629	0.0563497914507626	-3.06190065309095	0.00284587167681662	0.0719024099343006	5.36909044039843	0.396521254500312	org.Hs.eg.db
NTM2_ASD_down	500	ASD_down	353	SPRY4-AS1	ENSG00000231185	ENSG00000231185.6_2	-2.53840350296593	0.674596525527759	-0.321703801004783	0.105258852910758	-3.05631110456366	0.0028946529161671	0.072764777151747	0.134916076859108	0.545694811352354	org.Hs.eg.db
NTM2_ASD_down	500	ASD_down	354	GATAD2B	ENSG00000143614	ENSG00000143614.9_2	-2.53442371274326	0.682187822347891	-0.111954934170501	0.0366669301324237	-3.0532944472355	0.00292130086471605	0.0732862911879675	6.39249122175427	0.186640518117909	org.Hs.eg.db
NTM2_ASD_down	500	ASD_down	355	BICDL1	ENSG00000135127	ENSG00000135127.11_2	-2.53177916612342	0.687232193337958	-0.204958576427883	0.0671711501009932	-3.05128877679962	0.00293914379373004	0.0733848732983707	5.07679092352	0.388216567235491	org.Hs.eg.db
NTM2_ASD_down	500	ASD_down	356	SOHLH1	ENSG00000165643	ENSG00000165643.10_1	-2.53069762017525	0.689295200646838	-0.370500434836947	0.121456905568605	-3.05046825540661	0.00294647241675006	0.0733848732983707	3.03803781082517	0.649481014509235	org.Hs.eg.db
NTM2_ASD_down	500	ASD_down	357	C1QTNF4	ENSG00000172247	ENSG00000172247.3_1	-2.52957741692405	0.691431945274807	-0.305992145059212	0.100337852196887	-3.04961824834342	0.00295408224963068	0.0733848732983707	5.31895503142178	0.629621420407466	org.Hs.eg.db
NTM2_ASD_down	500	ASD_down	358	TATDN2P1	ENSG00000198414	ENSG00000198414.5_1	-2.52805889429501	0.694328468799951	-0.461220287995929	0.151295873804697	-3.04846574065399	0.00296442935859175	0.0734043544865252	-3.21790303192806	0.990971778959128	org.Hs.eg.db
NTM2_ASD_down	500	ASD_down	359	MRPL42	ENSG00000198015	ENSG00000198015.12_2	-2.52761839090453	0.695168712079195	-0.154689315548555	0.0507489006808446	-3.04813135798512	0.00296743769444864	0.0734056599395681	6.43575325561228	0.280877226210834	org.Hs.eg.db
NTM2_ASD_down	500	ASD_down	360	KCNK4	ENSG00000182450	ENSG00000182450.12_2	-2.52569763595879	0.698832478281932	-0.353156218233317	0.115915365379065	-3.04667303664556	0.0029805908510044	0.0734130427583098	1.91799375883371	0.594528050406459	org.Hs.eg.db
NTM2_ASD_down	500	ASD_down	361	THEM5	ENSG00000196407	ENSG00000196407.11_1	-2.52536074397751	0.699475086782161	-0.649265911488164	0.213124423833571	-3.04641720460522	0.00298290385926408	0.0734130427583098	-3.22513960366955	1.24660271747275	org.Hs.eg.db
NTM2_ASD_down	500	ASD_down	362	AGAP2	ENSG00000135439	ENSG00000135439.11_2	-2.5234979956836	0.703028207526993	-0.240588659851025	0.0790109921072036	-3.04500239061154	0.0029957254179956	0.0734316243893543	8.61079208321435	0.495987109484255	org.Hs.eg.db
NTM2_ASD_down	500	ASD_down	363	PELI3	ENSG00000174516	ENSG00000174516.14_1	-2.52316056078469	0.70367185162173	-0.285031816080848	0.0936143150624162	-3.04474605075951	0.00299805391894046	0.0734316243893543	5.55022936079166	0.479840550805895	org.Hs.eg.db
NTM2_ASD_down	500	ASD_down	364	SLC35B4	ENSG00000205060	ENSG00000205060.10_1	-2.51947434298905	0.71070317032564	-0.212556993869199	0.0698753624238828	-3.04194477847243	0.00302360919235874	0.0736219195111976	6.09235174304328	0.383237990852859	org.Hs.eg.db
NTM2_ASD_down	500	ASD_down	365	NRXN2	ENSG00000110076	ENSG00000110076.18_1	-2.51401912871381	0.7211087817935	-0.194673675396662	0.0640838546383908	-3.03779597053201	0.00306182857097704	0.0741389312404176	7.82906226388063	0.408485893944809	org.Hs.eg.db
NTM2_ASD_down	500	ASD_down	366	C12orf42	ENSG00000179088	ENSG00000179088.14_2	-2.5132523226884	0.722571434802004	-0.301427156804846	0.0992446718373366	-3.03721248934038	0.00306723942149633	0.0741389312404176	-0.678312942403641	0.610811260158255	org.Hs.eg.db
NTM2_ASD_down	500	ASD_down	367	RARB	ENSG00000077092	ENSG00000077092.18_2	-2.51238329323436	0.724229075069932	-0.269971732043766	0.0889073558551069	-3.03655113176171	0.00307338315613704	0.0741389312404176	4.25098305832234	0.488082983315329	org.Hs.eg.db
NTM2_ASD_down	500	ASD_down	368	FRK	ENSG00000111816	ENSG00000111816.7_1	-2.51227012461174	0.724444939866053	-0.263708466007248	0.0868471943599636	-3.03646499982752	0.00307418412385202	0.0741389312404176	2.58744815672619	0.460444791091127	org.Hs.eg.db
NTM2_ASD_down	500	ASD_down	369	NAPEPLD	ENSG00000161048	ENSG00000161048.11_2	-2.51219810535973	0.724582313820015	-0.188735129791743	0.0621573233713263	-3.03641018555842	0.00307469395947939	0.0741389312404176	6.40005962164123	0.343169957056558	org.Hs.eg.db
NTM2_ASD_down	500	ASD_down	370	NACC1	ENSG00000160877	ENSG00000160877.5_2	-2.50948521707455	0.729757043908866	-0.181743894789287	0.0598955955079249	-3.03434490045666	0.00309396062881111	0.0742430977557031	6.28770555775496	0.380281724097522	org.Hs.eg.db
NTM2_ASD_down	500	ASD_down	371	PRXL2B	ENSG00000157870	ENSG00000157870.14_1	-2.50712993497824	0.734249653943024	-0.158323703476762	0.0522080912260969	-3.03255108084898	0.00311078549332649	0.0742600233126224	5.13420915124777	0.265030434326728	org.Hs.eg.db
NTM2_ASD_down	500	ASD_down	372	CLSTN3	ENSG00000139182	ENSG00000139182.13_1	-2.5070453742353	0.734410950308678	-0.345020417994911	0.113774751927667	-3.03248666465349	0.0031113912480715	0.0742600233126224	8.06752987433	0.619501149599287	org.Hs.eg.db
NTM2_ASD_down	500	ASD_down	373	GPR85	ENSG00000164604	ENSG00000164604.12_2	-2.50688995263924	0.734707411026954	-0.287806647899024	0.0949115089748119	-3.03236826605932	0.00311250492543447	0.0742600233126224	4.74074880930807	0.5112883580153	org.Hs.eg.db
NTM2_ASD_down	500	ASD_down	374	ADAM23	ENSG00000114948	ENSG00000114948.12_1	-2.50566406540529	0.737045743788281	-0.321627832772593	0.106097577014017	-3.0314342874211	0.0031213030345994	0.0742600233126224	6.87015234908532	0.574737790354352	org.Hs.eg.db
NTM2_ASD_down	500	ASD_down	375	SLC4A8	ENSG00000050438	ENSG00000050438.16_1	-2.50525404735459	0.737827837454103	-0.249758116603055	0.0823979134443327	-3.03112185931491	0.00312425125281417	0.0742600233126224	7.54802571675252	0.429996534084714	org.Hs.eg.db
NTM2_ASD_down	500	ASD_down	376	LRRC73	ENSG00000204052	ENSG00000204052.4_1	-2.50190771897903	0.744210830158536	-0.307561479052845	0.101553326753542	-3.02857118407613	0.00314841723416247	0.0742790039744178	3.23201882035734	0.558730044248553	org.Hs.eg.db
NTM2_ASD_down	500	ASD_down	377	NUTM2E	ENSG00000228570	ENSG00000228570.7_1	-2.50142820448052	0.745125485626305	-0.343574157650672	0.113458003571512	-3.02820556360416	0.00315189539364774	0.0742790039744178	1.2217892610451	0.590197553424811	org.Hs.eg.db
NTM2_ASD_down	500	ASD_down	378	ANXA6	ENSG00000197043	ENSG00000197043.13_1	-2.50094089355256	0.746055012483467	-0.33585111518356	0.110921245603577	-3.02783396774919	0.00315543404123072	0.0742790039744178	8.00938793839052	0.60557900257205	org.Hs.eg.db
NTM2_ASD_down	500	ASD_down	379	AREL1	ENSG00000119682	ENSG00000119682.16_2	-2.4994952938177	0.748812438391986	-0.174796885594764	0.0577510388176332	-3.02673145234218	0.00316595477075184	0.0742790039744178	6.02978599033256	0.351767750622296	org.Hs.eg.db
NTM2_ASD_down	500	ASD_down	380	TMEM127	ENSG00000135956	ENSG00000135956.8_1	-2.49757976497279	0.752466236008337	-0.130458544882583	0.0431229410635128	-3.02527011528364	0.00317994958722402	0.0742790039744178	6.04490834470715	0.23034263482484	org.Hs.eg.db
NTM2_ASD_down	500	ASD_down	381	SUV39H1	ENSG00000101945	ENSG00000101945.16_1	-2.49677053663741	0.754009807941882	-0.156726100956258	0.05181623171036	-3.02465261913136	0.00318588036541725	0.0742790039744178	2.53300388684436	0.266176614097113	org.Hs.eg.db
NTM2_ASD_down	500	ASD_down	382	OPN3	ENSG00000054277	ENSG00000054277.13_2	-2.49608902407763	0.755309766944363	-0.384623173328047	0.127184629564938	-3.02413251226765	0.00319088370312099	0.0742790039744178	4.71191143793421	0.678646644928505	org.Hs.eg.db
NTM2_ASD_down	500	ASD_down	383	TAMALIN	ENSG00000161835	ENSG00000161835.10_1	-2.49605116020508	0.755381990825319	-0.329588012690165	0.10898701061541	-3.02410361408301	0.00319116191176936	0.0742790039744178	4.88032218561581	0.666490202531733	org.Hs.eg.db
NTM2_ASD_down	500	ASD_down	384	SRD5A1	ENSG00000145545	ENSG00000145545.11_1	-2.49560349921356	0.756235886953332	-0.231616238536083	0.0765987016117545	-3.02376193933476	0.00319445298564028	0.0742859872203764	5.64508830476441	0.439515510929561	org.Hs.eg.db
NTM2_ASD_down	500	ASD_down	385	SLC24A2	ENSG00000155886	ENSG00000155886.11_1	-2.49432032371245	0.758683494881436	-0.371454120322438	0.122884835574524	-3.02278241725902	0.003203905339999	0.0744361019871049	8.7660365166212	0.636741636124189	org.Hs.eg.db
NTM2_ASD_down	500	ASD_down	386	FKBP11	ENSG00000134285	ENSG00000134285.10_2	-2.49366312283338	0.759937080287786	-0.244941546135141	0.0810452681799884	-3.02228065420384	0.00320875735508528	0.074479156701774	4.99306209782395	0.438452365487116	org.Hs.eg.db
NTM2_ASD_down	500	ASD_down	387	EXTL3	ENSG00000012232	ENSG00000012232.8_1	-2.49258596040682	0.761991726197758	-0.175665639204499	0.0581393590120133	-3.02145813420821	0.00321672577944402	0.074545952918569	6.98848850923306	0.333041291042338	org.Hs.eg.db
NTM2_ASD_down	500	ASD_down	388	BAP1	ENSG00000163930	ENSG00000163930.9_1	-2.49172464338795	0.763634655292162	-0.137287106547656	0.0454472629193155	-3.02080032391363	0.00322311169963472	0.074545952918569	7.13503145561633	0.284175412544106	org.Hs.eg.db
NTM2_ASD_down	500	ASD_down	389	FAM171A2	ENSG00000161682	ENSG00000161682.14_1	-2.48842997123223	0.769919115743518	-0.219640386300997	0.0727699728526757	-3.01828319691232	0.00324765605489458	0.0746755247354049	5.29735870906883	0.415888376573184	org.Hs.eg.db
NTM2_ASD_down	500	ASD_down	390	PPARGC1B	ENSG00000155846	ENSG00000155846.16_1	-2.48828398641306	0.770197576172718	-0.177805841499728	0.0589117728226979	-3.01817163158298	0.00324874791351719	0.0746755247354049	5.2042846485397	0.300118871503023	org.Hs.eg.db
NTM2_ASD_down	500	ASD_down	391	CACNA1I	ENSG00000100346	ENSG00000100346.17_1	-2.4868426645198	0.772946842262868	-0.2678600401664	0.0887815136595596	-3.01706998591545	0.00325954765963227	0.074749885202795	6.21360834383001	0.52870382454756	org.Hs.eg.db
NTM2_ASD_down	500	ASD_down	392	LYRM4	ENSG00000214113	ENSG00000214113.10_1	-2.48396887527666	0.77842848474212	-0.143199171225132	0.0474975854982931	-3.01487264505851	0.0032811880766739	0.0749831843597292	4.56959652632534	0.247005450041707	org.Hs.eg.db
NTM2_ASD_down	500	ASD_down	393	SLC66A2	ENSG00000122490	ENSG00000122490.18_1	-2.48385192239866	0.778651567859876	-0.168884798899746	0.0560188868655835	-3.01478319812	0.00328207179976846	0.0749831843597292	5.75131791023144	0.295991706700599	org.Hs.eg.db
NTM2_ASD_down	500	ASD_down	394	LGI3	ENSG00000168481	ENSG00000168481.8_1	-2.48342707434377	0.779461949188462	-0.312448260842727	0.103649888139901	-3.01445825412761	0.00328528405349698	0.0749831843597292	6.57243276483149	0.539101611805954	org.Hs.eg.db
NTM2_ASD_down	500	ASD_down	395	CAMK1D	ENSG00000183049	ENSG00000183049.12_1	-2.48308989147437	0.780105112546588	-0.19999723401849	0.0663516724886674	-3.01420034367105	0.003287835712987	0.0749831843597292	7.98611430945021	0.346017197887394	org.Hs.eg.db
NTM2_ASD_down	500	ASD_down	396	RGS4	ENSG00000117152	ENSG00000117152.13_1	-2.4818585947505	0.782453763701948	-0.481913671219584	0.159931080335474	-3.01325839986021	0.0032971704978862	0.0750188684519987	8.84652964401874	0.912226284645831	org.Hs.eg.db
NTM2_ASD_down	500	ASD_down	397	TBC1D24	ENSG00000162065	ENSG00000162065.12_2	-2.48168818514005	0.782778813481337	-0.128152525673801	0.0425313909011186	-3.01312802047184	0.00329846450416967	0.0750188684519987	6.44934389829372	0.229035402523102	org.Hs.eg.db
NTM2_ASD_down	500	ASD_down	398	CFC1	ENSG00000136698	ENSG00000136698.8_1	-2.48049702281972	0.785050909805166	-0.412994187314451	0.137106406135965	-3.01221656196643	0.00330752379428807	0.0750188684519987	0.0550664225598368	0.736564959371156	org.Hs.eg.db
NTM2_ASD_down	500	ASD_down	399	TPPP	ENSG00000171368	ENSG00000171368.11_1	-2.47834198321771	0.789161564981121	-0.201990227478455	0.0670937474334849	-3.01056708270324	0.00332397705148419	0.0752545980407122	9.24015231721221	0.35035375812677	org.Hs.eg.db
NTM2_ASD_down	500	ASD_down	400	BCDIN3D-AS1	ENSG00000258057	ENSG00000258057.5_1	-2.47663900684483	0.792409926930076	-0.196793208169393	0.0653958116662258	-3.00926317993892	0.00333703677836224	0.0752827095698203	2.57796358258478	0.359969804598663	org.Hs.eg.db
NTM2_ASD_down	500	ASD_down	401	MIR600HG	ENSG00000236901	ENSG00000236901.5_2	-2.47557581575974	0.79443792304341	-0.300183922277848	0.0997802948223331	-3.00844894086903	0.00334521614568677	0.0752827095698203	6.33933727243054	0.520730639896594	org.Hs.eg.db
NTM2_ASD_down	500	ASD_down	402	PPP3R1	ENSG00000221823	ENSG00000221823.10_2	-2.47485996054958	0.795803389330955	-0.267291273670078	0.0888630667066371	-3.00790062256668	0.00335073467101184	0.0752827095698203	8.17712715249343	0.474044517819629	org.Hs.eg.db
NTM2_ASD_down	500	ASD_down	403	GRIN2A	ENSG00000183454	ENSG00000183454.9	-2.4726894341523	0.799943584973368	-0.374400803687698	0.124541318908461	-3.00623766448856	0.00336752296304996	0.0754155097477987	8.72576095231224	0.713200169626585	org.Hs.eg.db
NTM2_ASD_down	500	ASD_down	404	LRP8	ENSG00000157193	ENSG00000157193.15_2	-2.4722756103215	0.80073293801841	-0.219167597140604	0.0729119729502685	-3.00592054051387	0.00337073328567552	0.0754193980928263	6.34162521698247	0.3833463722371	org.Hs.eg.db
NTM2_ASD_down	500	ASD_down	405	ZNF385B	ENSG00000144331	ENSG00000144331.18_2	-2.47169405149153	0.801842239124657	-0.282592061175523	0.0940257617765339	-3.00547483834425	0.00337525001998306	0.0754524837950488	4.56088501844047	0.481205810123697	org.Hs.eg.db
NTM2_ASD_down	500	ASD_down	406	KCNH2	ENSG00000055118	ENSG00000055118.14_1	-2.47035385020782	0.804398621540347	-0.212900785739488	0.0708618747375831	-3.00444754711763	0.00338568188454096	0.0755715786209353	4.5295652044047	0.390752332994868	org.Hs.eg.db
NTM2_ASD_down	500	ASD_down	407	CAMK2B	ENSG00000058404	ENSG00000058404.19_1	-2.468614022138	0.807717276684212	-0.270848143578613	0.0901891109431767	-3.00311357708426	0.0033992724765865	0.0755891101000697	8.37735646920047	0.503418071954567	org.Hs.eg.db
NTM2_ASD_down	500	ASD_down	408	TCTE1	ENSG00000146221	ENSG00000146221.9_1	-2.46241186400311	0.819547654843113	-0.208790862358926	0.0696351387911547	-2.9983549395244	0.00344816576767233	0.0761232400052534	0.965946760638613	0.370359589873625	org.Hs.eg.db
NTM2_ASD_down	500	ASD_down	409	DHCR24	ENSG00000116133	ENSG00000116133.11_1	-2.46186536604536	0.820590078683748	-0.294357807048148	0.0981868415393981	-2.99793538964215	0.00345250752599712	0.0761407438569359	7.57330601983017	0.509682044081913	org.Hs.eg.db
NTM2_ASD_down	500	ASD_down	410	GFRA2	ENSG00000168546	ENSG00000168546.10_1	-2.45648385356694	0.830855106808146	-0.337924770807068	0.112874795953471	-2.99380183106924	0.00349555505318984	0.0764912348771762	5.02754684778123	0.582733937035088	org.Hs.eg.db
NTM2_ASD_down	500	ASD_down	411	NLK	ENSG00000087095	ENSG00000087095.12_1	-2.45570951424199	0.832332129295833	-0.214770469536301	0.0717526346510284	-2.9932067384124	0.00350179312511473	0.0764912348771762	7.35107976829388	0.393564464182269	org.Hs.eg.db
NTM2_ASD_down	500	ASD_down	412	DNAJC11	ENSG00000007923	ENSG00000007923.15_1	-2.45489020731961	0.83389492574654	-0.114446673741862	0.0382435184642857	-2.9925769996487	0.00350840557687234	0.076506936367816	5.6098364217333	0.199940350168622	org.Hs.eg.db
NTM2_ASD_down	500	ASD_down	413	FNDC5	ENSG00000160097	ENSG00000160097.15_1	-2.45320929429496	0.837101202707138	-0.244974908677932	0.0818962188529744	-2.99128472729281	0.00352201098115566	0.076506936367816	4.98897596148488	0.4436460771556	org.Hs.eg.db
NTM2_ASD_down	500	ASD_down	414	NRXN3	ENSG00000021645	ENSG00000021645.18_2	-2.45266969312422	0.838130471191739	-0.269012581456144	0.0899445977053196	-2.9908698056274	0.00352638972062816	0.076506936367816	8.28449348968988	0.491284446390913	org.Hs.eg.db
NTM2_ASD_down	500	ASD_down	415	MAPK8IP2	ENSG00000008735	ENSG00000008735.13_1	-2.45145184519806	0.840453469282603	-0.19613431810833	0.0655982272767549	-2.98993320781141	0.003536292295227	0.076506936367816	7.66459990211925	0.335511637944026	org.Hs.eg.db
NTM2_ASD_down	500	ASD_down	416	TUBG1	ENSG00000131462	ENSG00000131462.7_1	-2.45119870944653	0.840936315995146	-0.191212701822178	0.0639563297677678	-2.98973850620402	0.00353835408273709	0.076506936367816	4.39107084397986	0.33285455807426	org.Hs.eg.db
NTM2_ASD_down	500	ASD_down	417	GRASLND	ENSG00000228203	ENSG00000228203.6_1	-2.45051482093003	0.842240807043699	-0.312749866257633	0.104626175659132	-2.98921244408818	0.00354393035897498	0.076506936367816	3.91959158789405	0.538316828532297	org.Hs.eg.db
NTM2_ASD_down	500	ASD_down	418	FRMPD2	ENSG00000170324	ENSG00000170324.20_2	-2.44930867441387	0.844541485144923	-0.364054937423039	0.121827402286353	-2.98828449585862	0.00355378643732815	0.076506936367816	3.91059677138773	0.756864924026105	org.Hs.eg.db
NTM2_ASD_down	500	ASD_down	419	SLC6A17-AS1	ENSG00000227091	ENSG00000227091.1_1	-2.44728156677924	0.848408115012278	-0.664487092486587	0.222480209564012	-2.98672449917574	0.00357041281998773	0.076506936367816	-3.21626374501162	1.45933266196611	org.Hs.eg.db
NTM2_ASD_down	500	ASD_down	420	PRKAR1B	ENSG00000188191	ENSG00000188191.14_2	-2.44721531165063	0.848534494122476	-0.327844719962292	0.109769186268003	-2.98667350199586	0.00357095755683283	0.076506936367816	8.18457910999608	0.582860796298761	org.Hs.eg.db
NTM2_ASD_down	500	ASD_down	421	RASL10B	ENSG00000270885	ENSG00000270885.1_1	-2.44708268048927	0.848787482962894	-0.236507089199939	0.0791901670882241	-2.98657141279234	0.00357204827429662	0.076506936367816	5.26592284250945	0.509340187927839	org.Hs.eg.db
NTM2_ASD_down	500	ASD_down	422	PDE4A	ENSG00000065989	ENSG00000065989.15_1	-2.44566118886628	0.851498923575006	-0.217756880352144	0.0729387204749238	-2.98547710919893	0.00358375911982791	0.076531592003479	5.37559647452174	0.374482238900177	org.Hs.eg.db
NTM2_ASD_down	500	ASD_down	423	GALNT9	ENSG00000182870	ENSG00000182870.8	-2.44484896644454	0.853048206613154	-0.274407657116627	0.091933430301067	-2.98485171518116	0.00359046777776536	0.0766089843029041	6.06838012104972	0.479952229426677	org.Hs.eg.db
NTM2_ASD_down	500	ASD_down	424	SYT7	ENSG00000011347	ENSG00000011347.9_2	-2.4444331831456	0.85384129726832	-0.259881254310283	0.0870760624065102	-2.98453153631408	0.0035939068529564	0.0766165412875753	7.57101447216522	0.4546246836564	org.Hs.eg.db
NTM2_ASD_down	500	ASD_down	425	CEP170B	ENSG00000099814	ENSG00000099814.15_1	-2.44399832409505	0.854670774186166	-0.22176579457914	0.074313398584914	-2.98419664289395	0.00359750723400075	0.0766275211523522	7.60392230277093	0.424062026502674	org.Hs.eg.db
NTM2_ASD_down	500	ASD_down	426	DGCR2	ENSG00000070413	ENSG00000070413.19_2	-2.44312106466761	0.856344112811912	-0.151186211229598	0.0506737551808675	-2.98352097037166	0.00360478141515151	0.0766509856393004	7.06374810064104	0.255804772927002	org.Hs.eg.db
NTM2_ASD_down	500	ASD_down	427	CIDEA	ENSG00000176194	ENSG00000176194.17_1	-2.44020699416849	0.86190259023808	-0.501967486207178	0.168373382150493	-2.98127578003106	0.00362905045128581	0.0769036663891932	0.72822570132707	0.905773065309494	org.Hs.eg.db
NTM2_ASD_down	500	ASD_down	428	UNC13A	ENSG00000130477	ENSG00000130477.15_2	-2.43939720416665	0.863447233528803	-0.272661898276161	0.0914772772379157	-2.98065166026987	0.00363582352906433	0.0769815116520389	8.96483710225484	0.499412862164568	org.Hs.eg.db
NTM2_ASD_down	500	ASD_down	429	MYPOP	ENSG00000176182	ENSG00000176182.5_1	-2.4378098422215	0.866475065402439	-0.214440048119741	0.0719735629130958	-2.97942799328506	0.00364913691040077	0.0770662961791782	3.77577376782401	0.379516510256995	org.Hs.eg.db
NTM2_ASD_down	500	ASD_down	430	CCAR2	ENSG00000158941	ENSG00000158941.16_2	-2.43663077460717	0.868724091539641	-0.127491677272557	0.0428037167657278	-2.9785188508358	0.00365905742554327	0.0772101531187703	6.62849729738304	0.228562908743034	org.Hs.eg.db
NTM2_ASD_down	500	ASD_down	431	CHRM4	ENSG00000180720	ENSG00000180720.7_1	-2.43481586149305	0.872185968518364	-0.377772005484259	0.126891803163532	-2.97711905785912	0.00367438059221339	0.0772851180985682	2.72281305626414	0.685582050954726	org.Hs.eg.db
NTM2_ASD_down	500	ASD_down	432	SBK1	ENSG00000188322	ENSG00000188322.4_1	-2.43285501244696	0.875926212675846	-0.304861069114059	0.102453432411608	-2.97560620408769	0.0036910080089548	0.0772851180985682	4.93438476993144	0.636691415792902	org.Hs.eg.db
NTM2_ASD_down	500	ASD_down	433	NEURL1	ENSG00000107954	ENSG00000107954.10_2	-2.43265878926503	0.876300500850256	-0.213002103291619	0.071586402353277	-2.97545478316481	0.00369267605911188	0.0772851180985682	6.60385837768952	0.407993517071926	org.Hs.eg.db
NTM2_ASD_down	500	ASD_down	434	RANGAP1	ENSG00000100401	ENSG00000100401.19_2	-2.43206497800483	0.877433172996056	-0.177682720017715	0.0597253538901992	-2.97499652064637	0.00369772851194162	0.0772989608866268	7.12478811722116	0.302682276888064	org.Hs.eg.db
NTM2_ASD_down	500	ASD_down	435	USP32	ENSG00000170832	ENSG00000170832.12_2	-2.43172614072538	0.878079492077744	-0.172219659942127	0.057894118126983	-2.97473500787051	0.0037006146116202	0.0772989608866268	7.14986466133249	0.307471832249109	org.Hs.eg.db
NTM2_ASD_down	500	ASD_down	436	KCNAB1	ENSG00000169282	ENSG00000169282.17_1	-2.42908754785853	0.883112506512937	-0.348211216958769	0.117136424438847	-2.9726980196545	0.00372316644719308	0.0774418429058114	5.9673190684944	0.651723958909074	org.Hs.eg.db
NTM2_ASD_down	500	ASD_down	437	KRT5	ENSG00000186081	ENSG00000186081.11_2	-2.42823076498565	0.884746786898216	-0.60768847770581	0.204468721083704	-2.97203638035687	0.00373051881761175	0.0774418429058114	0.67733318119056	1.08787132442586	org.Hs.eg.db
NTM2_ASD_down	500	ASD_down	438	PRKCE	ENSG00000171132	ENSG00000171132.13_1	-2.42805385810907	0.885084229962916	-0.319084214097925	0.107367085207226	-2.97189975384049	0.00373203872839059	0.0774418429058114	7.65795766064404	0.57661357005455	org.Hs.eg.db
NTM2_ASD_down	500	ASD_down	439	CLSTN1	ENSG00000171603	ENSG00000171603.16_1	-2.42604947785693	0.888907508222083	-0.251001564125829	0.0845023115265575	-2.97035145656274	0.00374930285138692	0.0775384492654113	9.84449404835726	0.465858560275375	org.Hs.eg.db
NTM2_ASD_down	500	ASD_down	440	BAG6	ENSG00000204463	ENSG00000204463.12_2	-2.42511524396807	0.890689523442217	-0.10890709101246	0.0366736277583862	-2.96962961313682	0.00375737685665745	0.0775384492654113	6.68009626012216	0.188593124296903	org.Hs.eg.db
NTM2_ASD_down	500	ASD_down	441	MYH10	ENSG00000133026	ENSG00000133026.12_2	-2.42461647651084	0.891640903188438	-0.191765956207159	0.0645840975358934	-2.9692441874036	0.00376169451190211	0.0775384492654113	8.50079312227427	0.356536682955132	org.Hs.eg.db
NTM2_ASD_down	500	ASD_down	442	KIF3A	ENSG00000131437	ENSG00000131437.15_1	-2.42366762555275	0.893450799906089	-0.245561151207001	0.0827219985290419	-2.96851086257048	0.00376992208452691	0.0775384492654113	7.7735687754753	0.450689612167309	org.Hs.eg.db
NTM2_ASD_down	500	ASD_down	443	LOC100506551	ENSG00000257279	ENSG00000257279.1_1	-2.42364952320091	0.893485329446153	-0.530730320831076	0.178787562836981	-2.96849687086454	0.0037700792264689	0.0775384492654113	-0.639687714699617	1.01471924648229	org.Hs.eg.db
NTM2_ASD_down	500	ASD_down	444	BICDL2	ENSG00000162069	ENSG00000162069.14_2	-2.42299388562774	0.894735932906617	-0.414793451619701	0.13975567299813	-2.96799008384618	0.0037757750674977	0.0775384492654113	-0.27755184979828	0.725073716909723	org.Hs.eg.db
NTM2_ASD_down	500	ASD_down	445	CALHM1	ENSG00000185933	ENSG00000185933.6_1	-2.42253437684309	0.895612428244437	-0.402460916473994	0.135616723436931	-2.96763486297589	0.00377977217101807	0.0775384492654113	1.86869154493409	0.720464590543729	org.Hs.eg.db
NTM2_ASD_down	500	ASD_down	446	NECAB1	ENSG00000123119	ENSG00000123119.11_1	-2.4217828238828	0.897045986617725	-0.35301568954064	0.118978525968296	-2.96705381637277	0.00378631878497902	0.0775384492654113	7.84215712550437	0.693454617457616	org.Hs.eg.db
NTM2_ASD_down	500	ASD_down	447	NCALD	ENSG00000104490	ENSG00000104490.17_2	-2.41908769249267	0.902186846112063	-0.44143724299852	0.148884244347947	-2.96496949648257	0.00380988886569078	0.0778356009159578	7.87209152431317	0.792457867171771	org.Hs.eg.db
NTM2_ASD_down	500	ASD_down	448	BRSK2	ENSG00000174672	ENSG00000174672.15_1	-2.41830411081133	0.903681498039189	-0.189521808667984	0.0639333943129425	-2.96436331442545	0.00381676911412895	0.0778397519638637	6.4398671956808	0.345520067328768	org.Hs.eg.db
NTM2_ASD_down	500	ASD_down	449	SCN1A	ENSG00000144285	ENSG00000144285.16_2	-2.41823291949265	0.903817292742136	-0.396993916974032	0.13392464120563	-2.9643082363348	0.00381739482573627	0.0778397519638637	7.88291204207819	0.710913140828115	org.Hs.eg.db
NTM2_ASD_down	500	ASD_down	450	LUZP1	ENSG00000169641	ENSG00000169641.13_2	-2.41677196744802	0.906604002591211	-0.162094005072733	0.0547027603963881	-2.96317779757667	0.00383025803723921	0.077974007059732	7.20431141948253	0.293581909213994	org.Hs.eg.db
NTM2_ASD_down	500	ASD_down	451	LHFPL4	ENSG00000156959	ENSG00000156959.8_1	-2.41608197064485	0.907920144961719	-0.218682035156345	0.0738131378951443	-2.9626437974632	0.00383634829738495	0.0779971827200506	5.69350109001347	0.412814577370886	org.Hs.eg.db
NTM2_ASD_down	500	ASD_down	452	FBXW5	ENSG00000159069	ENSG00000159069.13_2	-2.41512151296206	0.909752181060441	-0.134843273242464	0.0455259314035672	-2.96190037381418	0.00384484190649685	0.0779971827200506	6.39288478272733	0.265987715768222	org.Hs.eg.db
NTM2_ASD_down	500	ASD_down	453	TMEM221	ENSG00000188051	ENSG00000188051.6_2	-2.41443310765676	0.911065287709953	-0.214666987323537	0.0724891426143848	-2.96136744871554	0.00385094124353702	0.0779971827200506	1.80894376457019	0.408354996513882	org.Hs.eg.db
NTM2_ASD_down	500	ASD_down	454	PRKACA	ENSG00000072062	ENSG00000072062.13_1	-2.41347758591645	0.912887908688172	-0.168506520174211	0.0569158101994578	-2.96062762848654	0.00385942329693526	0.0779971827200506	5.58259968310088	0.287894222586581	org.Hs.eg.db
NTM2_ASD_down	500	ASD_down	455	BSN	ENSG00000164061	ENSG00000164061.4_2	-2.41345085215128	0.912938902317283	-0.285828571337971	0.0965439108615587	-2.9606069278449	0.00385966087787656	0.0779971827200506	9.45554196760978	0.50272857098592	org.Hs.eg.db
NTM2_ASD_down	500	ASD_down	456	SLC39A10	ENSG00000196950	ENSG00000196950.13_2	-2.41065444677604	0.918272938044056	-0.304736093617503	0.103005633066729	-2.95844105360811	0.00388459326822678	0.0782983901040344	7.90055639756706	0.578141618741168	org.Hs.eg.db
NTM2_ASD_down	500	ASD_down	457	IQSEC2	ENSG00000124313	ENSG00000124313.12_1	-2.41024342737726	0.919056941742843	-0.244761015998069	0.0827420115712149	-2.95812261933475	0.00388827141527179	0.0782983901040344	6.91809241096663	0.461575666153112	org.Hs.eg.db
NTM2_ASD_down	500	ASD_down	458	JPH3	ENSG00000154118	ENSG00000154118.12_1	-2.4095455587121	0.920388099387425	-0.201457804303331	0.0681157145638359	-2.95758189711908	0.00389452450903716	0.0782983901040344	7.69860409170314	0.380153953027364	org.Hs.eg.db
NTM2_ASD_down	500	ASD_down	459	NPLOC4	ENSG00000182446	ENSG00000182446.13_2	-2.40877131257656	0.921864944119906	-0.102693177238696	0.0347290514834352	-2.95698191721931	0.0039014737337741	0.0782983901040344	6.43444369336224	0.178396421075819	org.Hs.eg.db
NTM2_ASD_down	500	ASD_down	460	LMTK2	ENSG00000164715	ENSG00000164715.5_1	-2.40805310894583	0.923234889929383	-0.192545611597411	0.0651278461678909	-2.95642529158809	0.00390793103615194	0.0782983901040344	8.30406714449161	0.349596803657263	org.Hs.eg.db
NTM2_ASD_down	500	ASD_down	461	SPNS2	ENSG00000183018	ENSG00000183018.8_2	-2.40712704362894	0.925001323912586	-0.20893412766666	0.0706883649082751	-2.95570746243419	0.0039162729809947	0.0782983901040344	5.38026223739518	0.376850313920528	org.Hs.eg.db
NTM2_ASD_down	500	ASD_down	462	CDH6	ENSG00000113361	ENSG00000113361.12_2	-2.40691595472964	0.925403967871272	-0.177390359724911	0.0600195329092925	-2.95554382259191	0.00391817694875001	0.0782983901040344	5.39411153172992	0.374777923465426	org.Hs.eg.db
NTM2_ASD_down	500	ASD_down	463	ABR	ENSG00000159842	ENSG00000159842.14_2	-2.40648516831692	0.926225676389073	-0.150201261049499	0.050825920548629	-2.95520985017458	0.0039220654043279	0.0783025855159869	9.0338951789115	0.296252547547887	org.Hs.eg.db
NTM2_ASD_down	500	ASD_down	464	MAGEE1	ENSG00000198934	ENSG00000198934.4_2	-2.40483318880401	0.929376763788554	-0.299013879140456	0.101225821561716	-2.95392889410287	0.00393701265882607	0.0785060006698886	5.92912908360334	0.523506140229149	org.Hs.eg.db
NTM2_ASD_down	500	ASD_down	465	TPBGL	ENSG00000261594	ENSG00000261594.3_1	-2.40378222570814	0.931381435482635	-0.432784782340986	0.146552017843225	-2.95311377291276	0.00394655149859419	0.0785060006698886	0.673426456839576	0.808259082860841	org.Hs.eg.db
NTM2_ASD_down	500	ASD_down	466	LMOD3	ENSG00000163380	ENSG00000163380.15_1	-2.40348048017488	0.931957003484695	-0.352004779708449	0.119207287121763	-2.95287971236941	0.00394929449472145	0.0785060006698886	-0.0710183063928791	0.627640058767273	org.Hs.eg.db
NTM2_ASD_down	500	ASD_down	467	NAPA	ENSG00000105402	ENSG00000105402.7_2	-2.40015457098591	0.938301047375857	-0.213090195664021	0.0722266439498993	-2.95029900339594	0.0039796550430854	0.0785745897784251	6.67988396339139	0.383051302083486	org.Hs.eg.db
NTM2_ASD_down	500	ASD_down	468	SYNPO	ENSG00000171992	ENSG00000171992.12_1	-2.40011888773023	0.938369111813987	-0.22924511731017	0.0777030630269272	-2.95027130694613	0.00397998203983165	0.0785745897784251	8.14006398806344	0.438208118099036	org.Hs.eg.db
NTM2_ASD_down	500	ASD_down	469	DGKZ	ENSG00000149091	ENSG00000149091.15_2	-2.3995128834961	0.939525041588711	-0.215231081397543	0.0729646127429867	-2.94980091452936	0.00398553948897207	0.0786218099667279	8.62559950913137	0.435886869447265	org.Hs.eg.db
NTM2_ASD_down	500	ASD_down	470	NBL1	ENSG00000158747	ENSG00000158747.13_2	-2.39875841097172	0.94096416891824	-0.193788820929289	0.0657086063095724	-2.94921520654834	0.00399246933403488	0.0786335990325855	6.84537434427225	0.399209871496796	org.Hs.eg.db
NTM2_ASD_down	500	ASD_down	471	SLC2A6	ENSG00000160326	ENSG00000160326.13_2	-2.39762582104479	0.943124540653871	-0.202300763142631	0.0686152379101974	-2.94833581146216	0.00400289482198181	0.0787161422029519	4.5592909537073	0.367981762375552	org.Hs.eg.db
NTM2_ASD_down	500	ASD_down	472	NOVA1	ENSG00000139910	ENSG00000139910.19_2	-2.39631070563876	0.945633072722463	-0.201133507334027	0.0682429748667374	-2.9473144704901	0.00401503461987842	0.078729432632319	6.55969543412081	0.366259193747083	org.Hs.eg.db
NTM2_ASD_down	500	ASD_down	473	DGKQ	ENSG00000145214	ENSG00000145214.13_2	-2.39591038853311	0.946396662208632	-0.180982124107299	0.0614122522412927	-2.94700352946198	0.00401873724126234	0.078729432632319	4.97208783438477	0.318690353916973	org.Hs.eg.db
NTM2_ASD_down	500	ASD_down	474	MICAL2	ENSG00000133816	ENSG00000133816.13_2	-2.39513865928436	0.947868706076339	-0.261090418023316	0.0886132434165809	-2.94640403574779	0.00402588477447975	0.078729432632319	7.77083633023579	0.477111616467732	org.Hs.eg.db
NTM2_ASD_down	500	ASD_down	475	HIVEP2	ENSG00000010818	ENSG00000010818.8_1	-2.39379523305435	0.950431239953087	-0.241248439653386	0.081907956963627	-2.94536023845056	0.00403835753946101	0.0788495659198536	8.84249657585265	0.509879376651694	org.Hs.eg.db
NTM2_ASD_down	500	ASD_down	476	TTLL7	ENSG00000137941	ENSG00000137941.16_2	-2.39165542263554	0.954512846047666	-0.169356962455041	0.0575320603653637	-2.94369715562976	0.00405830401174812	0.0791767780328173	8.09206537548104	0.300682122704329	org.Hs.eg.db
NTM2_ASD_down	500	ASD_down	477	HCN1	ENSG00000164588	ENSG00000164588.6_2	-2.39055643358241	0.956609125408532	-0.36266896907846	0.123237630611176	-2.942842760607	0.00406858661887898	0.0792181861153368	6.79077166128399	0.654192172007536	org.Hs.eg.db
NTM2_ASD_down	500	ASD_down	478	KCNB2	ENSG00000182674	ENSG00000182674.5_2	-2.38946035735109	0.958699848673802	-0.33167189415794	0.112737243205879	-2.94199046141518	0.00407886792211917	0.0792181861153368	4.16693251062068	0.607433808377767	org.Hs.eg.db
NTM2_ASD_down	500	ASD_down	479	MAFG	ENSG00000197063	ENSG00000197063.10_2	-2.38906686807043	0.95945041434633	-0.157742123378867	0.0536230606128638	-2.9416844465052	0.00408256522472397	0.0792181861153368	6.10609528474355	0.309739657181248	org.Hs.eg.db
NTM2_ASD_down	500	ASD_down	480	CAMKK2	ENSG00000110931	ENSG00000110931.18_2	-2.38871624349	0.960119217251399	-0.289691188965752	0.0984871258050603	-2.94141174897468	0.00408586258577462	0.0792181861153368	8.09426276339085	0.562967717108528	org.Hs.eg.db
NTM2_ASD_down	500	ASD_down	481	SCAI	ENSG00000173611	ENSG00000173611.17_2	-2.38861303226999	0.960316088684914	-0.282416752503967	0.0960166356836084	-2.94133147337697	0.00408683371710063	0.0792181861153368	7.15129788407961	0.539389090731505	org.Hs.eg.db
NTM2_ASD_down	500	ASD_down	482	FNDC10	ENSG00000228594	ENSG00000228594.3_2	-2.38746044715685	0.962514600469408	-0.214394699697368	0.0729125812818542	-2.94043491436127	0.0040976942736775	0.0792181861153368	3.45670903894513	0.384302725900791	org.Hs.eg.db
NTM2_ASD_down	500	ASD_down	483	PPFIA3	ENSG00000177380	ENSG00000177380.13_2	-2.3840692542422	0.968983170557038	-0.192948588623734	0.0656780093520874	-2.9377959308933	0.00412981641123169	0.0795416811712584	6.59739553600844	0.384579099747071	org.Hs.eg.db
NTM2_ASD_down	500	ASD_down	484	C3orf80	ENSG00000180044	ENSG00000180044.4_1	-2.38043157114829	0.975921911183636	-0.425223224694617	0.144881954799642	-2.93496333123514	0.00416455333913445	0.0797952173666831	4.22279657785031	0.778784010571206	org.Hs.eg.db
NTM2_ASD_down	500	ASD_down	485	ADARB1	ENSG00000197381	ENSG00000197381.15_2	-2.38004998009706	0.976649781441035	-0.16379994483242	0.0558155306592499	-2.93466608482875	0.00416821411473751	0.0797952173666831	6.27650885075458	0.305347118383278	org.Hs.eg.db
NTM2_ASD_down	500	ASD_down	486	RBP5	ENSG00000139194	ENSG00000139194.7_1	-2.37949563799208	0.977707167690894	-0.317373196417452	0.108162188510255	-2.93423423461298	0.00417353790301664	0.0797952173666831	-1.57921117937103	0.577328907410463	org.Hs.eg.db
NTM2_ASD_down	500	ASD_down	487	MARK1	ENSG00000116141	ENSG00000116141.15_2	-2.3783755201943	0.979843749319759	-0.2030106270625	0.0692075038958507	-2.93336149455712	0.00418431604568217	0.0798044642151241	5.95472070225701	0.38801781437637	org.Hs.eg.db
NTM2_ASD_down	500	ASD_down	488	NF2	ENSG00000186575	ENSG00000186575.17_2	-2.3773015657939	0.981892276043171	-0.0869358973239464	0.0296454115417611	-2.93252455616887	0.00419467612542347	0.0798044642151241	6.7833150440446	0.161449023255207	org.Hs.eg.db
NTM2_ASD_down	500	ASD_down	489	CRH	ENSG00000147571	ENSG00000147571.4_1	-2.37711128802494	0.982255223570966	-0.710564477941835	0.242316952610874	-2.93237625467706	0.00419651434469931	0.0798044642151241	2.22876794893012	1.33168159597012	org.Hs.eg.db
NTM2_ASD_down	500	ASD_down	490	DNAJC24	ENSG00000170946	ENSG00000170946.14_1	-2.37641301822869	0.983587146357666	-0.103966498934414	0.0354612745676229	-2.93183198297499	0.00420326703511272	0.0798584362503052	3.8980760883247	0.183152053136812	org.Hs.eg.db
NTM2_ASD_down	500	ASD_down	491	KIF1A	ENSG00000130294	ENSG00000130294.14_1	-2.3761531053909	0.984082920101661	-0.141659627576376	0.0483211243609509	-2.93162937431261	0.00420578332321627	0.0798584362503052	10.65906776911	0.25002521178165	org.Hs.eg.db
NTM2_ASD_down	500	ASD_down	492	NRIP2	ENSG00000053702	ENSG00000053702.14_1	-2.37468232779126	0.986888371819104	-0.265214302426321	0.0905019175623445	-2.93048268555881	0.00422005073468809	0.0800681283779323	2.32254784732176	0.54719193799681	org.Hs.eg.db
NTM2_ASD_down	500	ASD_down	493	DLGAP1	ENSG00000170579	ENSG00000170579.15_2	-2.37255448089866	0.99094715794744	-0.27734736358467	0.0946958376631876	-2.92882317141682	0.00424077781328313	0.0802579789281221	8.37213637119225	0.498909802082683	org.Hs.eg.db
NTM2_ASD_down	500	ASD_down	494	ZBTB7A	ENSG00000178951	ENSG00000178951.8_2	-2.37162919999827	0.992712095686328	-0.209356341325653	0.0714990080245907	-2.92810134168084	0.00424982258328992	0.0803261747934463	6.17973686474172	0.38485148324864	org.Hs.eg.db
NTM2_ASD_down	500	ASD_down	495	KIFC2	ENSG00000167702	ENSG00000167702.11_1	-2.37119198789211	0.993546060967293	-0.203165292916663	0.0693927362674137	-2.92776022167133	0.00425410311079404	0.0803459352545101	7.168961207398	0.395952692947965	org.Hs.eg.db
NTM2_ASD_down	500	ASD_down	496	FBXL18	ENSG00000155034	ENSG00000155034.18_1	-2.3706945642923	0.994494877357164	-0.174464134519758	0.0595975260803782	-2.92737209065458	0.00425897838247652	0.0803768898990781	4.59359775130468	0.323141481185648	org.Hs.eg.db
NTM2_ASD_down	500	ASD_down	497	RUSC1	ENSG00000160753	ENSG00000160753.15_1	-2.36799373888148	0.999646597977014	-0.21019058087442	0.0718535407017197	-2.92526406940708	0.00428554698722355	0.0807519329280407	6.24789006281253	0.367227432354333	org.Hs.eg.db
NTM2_ASD_down	500	ASD_down	498	OTOGL	ENSG00000165899	ENSG00000165899.10_1	-2.36519187276971	1.00499104984877	-0.276208667605899	0.0944924659273876	-2.92307608754915	0.00431328472349352	0.0807519329280407	3.7755466525894	0.517655098741957	org.Hs.eg.db
NTM2_ASD_down	500	ASD_down	499	LOC101927745	ENSG00000229425	ENSG00000229425.2_1	-2.36514824153746	1.00507427474659	-0.43401735391733	0.148481394683286	-2.92304200700093	0.00431371807779368	0.0807519329280407	3.46949779159696	0.811652940976396	org.Hs.eg.db
NTM2_ASD_down	500	ASD_down	500	TMEM132D	ENSG00000151952	ENSG00000151952.15_2	-2.36467596375546	1.00597512645587	-0.219129488653539	0.0749757094972512	-2.92267309136398	0.00431841162426696	0.0807519329280407	6.53719382333502	0.495950527958509	org.Hs.eg.db
NTM3_ASD_signed	500	ASD_up	1	PGAM2	ENSG00000164708	ENSG00000164708.5_1	7.20971851829502	1.86731045740662	0.713980108592849	0.121699099027351	5.86676577147367	6.16994768556818e-08	0.000916402834212062	0.948570559944864	0.742747373437745	org.Hs.eg.db
NTM3_ASD_signed	500	ASD_up	2	PCDHGA6	ENSG00000253731	ENSG00000253731.2_2	6.01412271071827	1.5121838384871	0.251492235338014	0.0480683186984918	5.23197486717804	9.6800430618953e-07	0.00617984369209139	3.68471601695383	0.290765598931853	org.Hs.eg.db
NTM3_ASD_signed	500	ASD_down	3	ZNF804B	ENSG00000182348	ENSG00000182348.6_1	-6.00204416930744	-2.05696611121473	-0.543280570251208	0.103969604653257	-5.22537882165728	9.95304186196068e-07	0.00617984369209139	2.53441244810912	0.613706942685104	org.Hs.eg.db
NTM3_ASD_signed	500	ASD_up	4	PIRT	ENSG00000233670	ENSG00000233670.6_1	5.05062106677198	1.22599591530297	0.941053921046187	0.200597870543318	4.69124581680429	8.89977307527947e-06	0.0252465006095842	0.558546109744905	1.13034169090096	org.Hs.eg.db
NTM3_ASD_signed	500	ASD_up	5	ARHGAP6	ENSG00000047648	ENSG00000047648.21_2	5.01938156206294	1.21671687667324	0.355895259312581	0.0761572922465021	4.67316062341919	9.56353469893258e-06	0.0252465006095842	2.61302620792832	0.410121874457749	org.Hs.eg.db
NTM3_ASD_signed	500	ASD_down	6	SUSD5	ENSG00000173705	ENSG00000173705.8_2	-4.89335536098251	-1.72765339077925	-0.350154341699042	0.0761238283607732	-4.59979942206214	1.2783348799876e-05	0.0252465006095842	4.45535091231067	0.442733660901006	org.Hs.eg.db
NTM3_ASD_signed	500	ASD_up	7	PITPNA-AS1	ENSG00000236618	ENSG00000236618.2_1	4.87958528763785	1.1751933300369	0.314571318828804	0.0685080288170579	4.59174383295755	1.3195161569819e-05	0.0252465006095842	0.53507835456182	0.390853332546864	org.Hs.eg.db
NTM3_ASD_signed	500	ASD_up	8	H1-2	ENSG00000187837	ENSG00000187837.3_1	4.84856990719471	1.16598086281221	0.364997519589538	0.0798058194535844	4.57357022443487	1.41719657082656e-05	0.0252465006095842	5.05447640789812	0.451399507309904	org.Hs.eg.db
NTM3_ASD_signed	500	ASD_down	9	NOS2	ENSG00000007171	ENSG00000007171.16_2	-4.82139570628448	-1.70627928699804	-0.486759099373344	0.106801309025554	-4.55761360805866	1.50870487520625e-05	0.0252465006095842	2.86335756056489	0.622680796614436	org.Hs.eg.db
NTM3_ASD_signed	500	ASD_down	10	IRGQ	ENSG00000167378	ENSG00000167378.8_2	-4.76627462450893	-1.68990672757781	-0.246562267011425	0.0544871118014398	-4.52514840408387	1.71287383554676e-05	0.0252465006095842	7.14146942748417	0.315378010955711	org.Hs.eg.db
NTM3_ASD_signed	500	ASD_down	11	TMEM151B	ENSG00000178233	ENSG00000178233.17_2	-4.75439472156047	-1.6863780519665	-0.345638231522596	0.076500218138596	-4.51813393389808	1.76037534918704e-05	0.0252465006095842	7.64243202376796	0.461587540089025	org.Hs.eg.db
NTM3_ASD_signed	500	ASD_up	12	FAH	ENSG00000103876	ENSG00000103876.11_2	4.75124265057912	1.13707184577521	0.341422108690389	0.0755982207320324	4.51627175063555	1.77319847621979e-05	0.0252465006095842	2.38273760664979	0.419928514510813	org.Hs.eg.db
NTM3_ASD_signed	500	ASD_down	13	OVOL2	ENSG00000125850	ENSG00000125850.10_2	-4.72035155775408	-1.676266245298	-0.454021690203937	0.100938604404447	-4.49799849009932	1.90391888756794e-05	0.0252465006095842	0.0666537749263885	0.567736531919317	org.Hs.eg.db
NTM3_ASD_signed	500	ASD_up	14	BTG1	ENSG00000133639	ENSG00000133639.4_2	4.70597123337315	1.12362492230478	0.352970981657495	0.0786218416114411	4.48947740758759	1.96801664210095e-05	0.0252465006095842	4.28056713494804	0.438643012735124	org.Hs.eg.db
NTM3_ASD_signed	500	ASD_up	15	CXCL5	ENSG00000163735	ENSG00000163735.6_1	4.70202457051339	1.1224526490093	0.613055562950394	0.136625099412451	4.48713717747914	1.9859825558299e-05	0.0252465006095842	-0.842256162110143	0.741164569439205	org.Hs.eg.db
NTM3_ASD_signed	500	ASD_up	16	FTL	ENSG00000087086	ENSG00000087086.14_2	4.67509714484616	1.11445442287568	0.462301144410212	0.103396442915849	4.47115134111977	2.11301633844375e-05	0.0252465006095842	8.72792724362507	0.568709047055966	org.Hs.eg.db
NTM3_ASD_signed	500	ASD_down	17	COL10A1	ENSG00000123500	ENSG00000123500.9_2	-4.64040114822016	-1.6525186556535	-0.732143214370141	0.164507905906674	-4.45050473614009	2.28875260587941e-05	0.0252465006095842	1.79292021337282	0.994992274457642	org.Hs.eg.db
NTM3_ASD_signed	500	ASD_up	18	GADD45G	ENSG00000130222	ENSG00000130222.10_1	4.63056622604224	1.10122744890003	0.669729607493109	0.150682458640244	4.44464215368357	2.34117443968761e-05	0.0252465006095842	1.41845481831653	0.807248941840204	org.Hs.eg.db
NTM3_ASD_signed	500	ASD_down	19	WNT10A	ENSG00000135925	ENSG00000135925.8_1	-4.60749518513366	-1.64274463056982	-0.487456429248712	0.110013659236748	-4.43087188109715	2.46890747664152e-05	0.0252465006095842	0.33652026453688	0.70839257134227	org.Hs.eg.db
NTM3_ASD_signed	500	ASD_up	20	MTMR11	ENSG00000014914	ENSG00000014914.19_1	4.57292011111706	1.08410488142573	0.373333405371863	0.084652482731958	4.41018849445892	2.67349815596139e-05	0.0252465006095842	2.36299823969209	0.464323871888151	org.Hs.eg.db
NTM3_ASD_signed	500	ASD_up	21	H4C14	ENSG00000270882	ENSG00000270882.2_1	4.55987022516043	1.08022868693952	0.329859187455614	0.0749276874941237	4.4023671153802	2.75505183835707e-05	0.0252465006095842	3.30063549458367	0.40915074759878	org.Hs.eg.db
NTM3_ASD_signed	500	ASD_up	22	PLEKHA4	ENSG00000105559	ENSG00000105559.11_1	4.55023103057427	1.07736556667697	0.737325413987447	0.167704130537728	4.39658469724794	2.81688404169933e-05	0.0252465006095842	0.526121254816732	0.953575110503336	org.Hs.eg.db
NTM3_ASD_signed	500	ASD_up	23	HNRNPH1	ENSG00000169045	ENSG00000169045.13	4.54444093479356	1.07564574035708	0.141671355397032	0.0322485397555073	4.39310916001517	2.85469073293072e-05	0.0252465006095842	7.04029351392028	0.186677360345628	org.Hs.eg.db
NTM3_ASD_signed	500	ASD_up	24	BCCIP	ENSG00000107949	ENSG00000107949.16_2	4.53898953614708	1.07402651690594	0.221543837258979	0.0504674581740101	4.38983545585164	2.89074953099052e-05	0.0252465006095842	4.45886958139924	0.269474371068835	org.Hs.eg.db
NTM3_ASD_signed	500	ASD_up	25	ABCA1	ENSG00000165029	ENSG00000165029.15_1	4.51075268234858	1.06563935265291	0.504615612106569	0.115397274754528	4.37285553909297	3.08494423312607e-05	0.0252465006095842	5.5856756749042	0.618716008748952	org.Hs.eg.db
NTM3_ASD_signed	500	ASD_up	26	CSTB	ENSG00000160213	ENSG00000160213.5_1	4.50543993966292	1.06406131404221	0.27780152748036	0.063575141504487	4.36965645543634	3.12291425678066e-05	0.0252465006095842	3.57244665341182	0.375702203668638	org.Hs.eg.db
NTM3_ASD_signed	500	ASD_down	27	TPBG	ENSG00000146242	ENSG00000146242.8_1	-4.49961714888502	-1.61070172608163	-0.551869408992683	0.126397301502868	-4.36614866323046	3.1650665865119e-05	0.0252465006095842	3.89929257633326	0.713820723796104	org.Hs.eg.db
NTM3_ASD_signed	500	ASD_up	28	ARMCX6	ENSG00000198960	ENSG00000198960.10_2	4.49773909292779	1.06177393929019	0.202123361081816	0.0463052869339183	4.3650169228033	3.178783185255e-05	0.0252465006095842	2.6943427082717	0.262357388374559	org.Hs.eg.db
NTM3_ASD_signed	500	ASD_down	29	APOOL	ENSG00000155008	ENSG00000155008.13_1	-4.4902150855277	-1.60790904066923	-0.168977845559786	0.0387521102815849	-4.36048112817445	3.23433435965896e-05	0.0252465006095842	4.96583857070667	0.20859427625582	org.Hs.eg.db
NTM3_ASD_signed	500	ASD_up	30	IGFBP5	ENSG00000115461	ENSG00000115461.4_2	4.48773048332092	1.05880109205599	0.345943619137745	0.0793633844090669	4.35898269351303	3.25289104327063e-05	0.0252465006095842	6.5019623306624	0.424364698302647	org.Hs.eg.db
NTM3_ASD_signed	500	ASD_up	31	TMEM176A	ENSG00000002933	ENSG00000002933.7_2	4.44560789496208	1.04628946204758	0.584072234267297	0.134779700725371	4.3335326545754	3.58419892333066e-05	0.0267612442010097	1.50944746309793	0.745226173073056	org.Hs.eg.db
NTM3_ASD_signed	500	ASD_up	32	HMGN1	ENSG00000205581	ENSG00000205581.10_1	4.41438035214001	1.0370139764451	0.189724548085968	0.0439726021818793	4.31460815762576	3.85140906144277e-05	0.0267612442010097	5.42821967697533	0.239523117274098	org.Hs.eg.db
NTM3_ASD_signed	500	ASD_down	33	ATP2B2	ENSG00000157087	ENSG00000157087.16_2	-4.37978008568899	-1.5751066438604	-0.46546850386785	0.108410295757342	-4.29358208661033	4.17080527663791e-05	0.0267612442010097	9.69981104983396	0.639770791162906	org.Hs.eg.db
NTM3_ASD_signed	500	ASD_up	34	SLC2A4RG	ENSG00000125520	ENSG00000125520.13_2	4.36586526979047	1.02260359038301	0.319979311705607	0.0746723857837495	4.28510899105679	4.3066019252224e-05	0.0267612442010097	2.65727238384527	0.472861406161148	org.Hs.eg.db
NTM3_ASD_signed	500	ASD_up	35	UXT-AS1	ENSG00000267064	ENSG00000267064.1_1	4.35895711628577	1.0205516685031	0.570022008523745	0.133154751994863	4.28089872861418	4.37565309712027e-05	0.0267612442010097	-2.1283168428756	0.713547702082612	org.Hs.eg.db
NTM3_ASD_signed	500	ASD_up	36	EMP3	ENSG00000142227	ENSG00000142227.10_2	4.35891209592947	1.02053829615199	0.734525738125885	0.17158323380666	4.28087128229294	4.37610671483944e-05	0.0267612442010097	0.809312583671095	0.92778704343466	org.Hs.eg.db
NTM3_ASD_signed	500	ASD_down	37	SYT3	ENSG00000213023	ENSG00000213023.10_2	-4.35771917587339	-1.56855391403026	-0.335799162604467	0.0784551088560275	-4.2801439893569	4.38814352828476e-05	0.0267612442010097	4.52025141225486	0.448395399540066	org.Hs.eg.db
NTM3_ASD_signed	500	ASD_up	38	FOXJ1	ENSG00000129654	ENSG00000129654.7_1	4.35077776535989	1.01812216413309	0.994372733552641	0.232552278049839	4.27591052597444	4.45884355372326e-05	0.0267612442010097	0.102948818038827	1.31395617382119	org.Hs.eg.db
NTM3_ASD_signed	500	ASD_up	39	RPS3	ENSG00000149273	ENSG00000149273.14_2	4.34432605971197	1.01620582050049	0.202645419350223	0.0474360199362311	4.2719734839188	4.52557680964087e-05	0.0267612442010097	6.67163446446257	0.257008565470464	org.Hs.eg.db
NTM3_ASD_signed	500	ASD_up	40	SNHG19	ENSG00000260260	ENSG00000260260.1_1	4.33245991305077	1.01268123090534	0.332496038206217	0.077964207468487	4.26472671245471	4.65093303977122e-05	0.0268629239478507	0.620298846191747	0.434843020777338	org.Hs.eg.db
NTM3_ASD_signed	500	ASD_up	41	GTF2A1L	ENSG00000242441	ENSG00000242441.7_2	4.29489688255692	1.0015239217787	0.989233883024591	0.23321428855178	4.24173788479068	5.07111100761178e-05	0.0286241165875105	-0.870336204239481	1.29631258213786	org.Hs.eg.db
NTM3_ASD_signed	500	ASD_up	42	DDR2	ENSG00000162733	ENSG00000162733.16_1	4.25581641962911	0.989915891224047	0.480240879123992	0.113862112132598	4.21774082817583	5.54860208032488e-05	0.0303308541132105	5.06216053169138	0.617327173644864	org.Hs.eg.db
NTM3_ASD_signed	500	ASD_down	43	BASP1	ENSG00000176788	ENSG00000176788.8_2	-4.25043917932904	-1.53668864467329	-0.313171272008399	0.07430923806755	-4.2144325544519	5.61772946210212e-05	0.0303308541132105	8.13842904191725	0.425852648087739	org.Hs.eg.db
NTM3_ASD_signed	500	ASD_up	44	NABP1	ENSG00000173559	ENSG00000173559.12_1	4.2327175690044	0.983054862880443	0.497937421816289	0.118457293198103	4.20351848647732	5.85170509336777e-05	0.0309219037657196	2.81578619395434	0.622937019235802	org.Hs.eg.db
NTM3_ASD_signed	500	ASD_down	45	LYNX1	ENSG00000180155	ENSG00000180155.18_1	-4.19515521994107	-1.52026770587984	-0.351450714334223	0.0840725104958293	-4.18032853142477	6.38035407035571e-05	0.0325916229894719	7.8372462789467	0.449001053755683	org.Hs.eg.db
NTM3_ASD_signed	500	ASD_up	46	PABPC1	ENSG00000070756	ENSG00000070756.14_2	4.18268487204014	0.96819370127738	0.193139276718626	0.0462873745692652	4.17261247836835	6.56621543950644e-05	0.0325916229894719	6.75903851666304	0.276749233943626	org.Hs.eg.db
NTM3_ASD_signed	500	ASD_down	47	CENPS-CORT	ENSG00000251503	ENSG00000251503.8_2	-4.18228216882888	-1.51644403646942	-0.584594634201572	0.140111158028787	-4.17236316098011	6.57230684171768e-05	0.0325916229894719	0.598216334968302	0.776631481068352	org.Hs.eg.db
NTM3_ASD_signed	500	ASD_up	48	GHRHR	ENSG00000106128	ENSG00000106128.18_1	4.16103189753518	0.961762140061819	0.569385509713126	0.136898038216293	4.15919407708035	6.90189109804681e-05	0.0325916229894719	-2.21236296135965	0.745914979151765	org.Hs.eg.db
NTM3_ASD_signed	500	ASD_down	49	HR	ENSG00000168453	ENSG00000168453.14_2	-4.15442329006094	-1.50816914175914	-0.469309112631204	0.112947907294177	-4.15509347516172	7.00771950098475e-05	0.0325916229894719	5.730475118117	0.599590422796039	org.Hs.eg.db
NTM3_ASD_signed	500	ASD_up	50	DZIP1L	ENSG00000158163	ENSG00000158163.14_2	4.14734839405979	0.95769774280198	0.393054254619324	0.0946958771021297	4.15070081874224	7.1228140377018e-05	0.0325916229894719	1.5564467171626	0.527540106634601	org.Hs.eg.db
NTM3_ASD_signed	500	ASD_down	51	RNF157	ENSG00000141576	ENSG00000141576.14_2	-4.14629829441838	-1.50575578248422	-0.260737377157925	0.0628275479957799	-4.15004859294269	7.1400574399913e-05	0.0325916229894719	7.40926076535675	0.331934620136004	org.Hs.eg.db
NTM3_ASD_signed	500	ASD_down	52	LZTS1	ENSG00000061337	ENSG00000061337.15_2	-4.14161297378831	-1.50436410641496	-0.338505845494685	0.0816239697410481	-4.14713774113896	7.21750388315733e-05	0.0325916229894719	6.25672905721623	0.437548087421118	org.Hs.eg.db
NTM3_ASD_signed	500	ASD_up	53	UBE2L6	ENSG00000156587	ENSG00000156587.15_2	4.09636713253115	0.942554830021437	0.321441091450869	0.0780393148109279	4.11896352793012	8.01000648083738e-05	0.0344970382948302	4.29077748760395	0.422095125173943	org.Hs.eg.db
NTM3_ASD_signed	500	ASD_up	54	LONRF3	ENSG00000175556	ENSG00000175556.16_1	4.09586529067049	0.942405768438854	0.453742573177275	0.110167781104028	4.11865037699923	8.01926766213366e-05	0.0344970382948302	2.68217649365354	0.600659964107298	org.Hs.eg.db
NTM3_ASD_signed	500	ASD_up	55	GFPT2	ENSG00000131459	ENSG00000131459.12_2	4.08154082031066	0.938150985430698	0.319746002345866	0.0778026515815847	4.10970572141204	8.28818010151534e-05	0.0344970382948302	4.03643534121793	0.417627461677931	org.Hs.eg.db
NTM3_ASD_signed	500	ASD_down	56	CACNG2	ENSG00000166862	ENSG00000166862.6_1	-4.07613308461322	-1.48491468086277	-0.318563342675949	0.0775786805874351	-4.10632586509269	8.39202782947897e-05	0.0344970382948302	3.49244321632128	0.410039660008438	org.Hs.eg.db
NTM3_ASD_signed	500	ASD_up	57	ZNF217	ENSG00000171940	ENSG00000171940.13_2	4.07197000536311	0.935308175903357	0.420370976605414	0.102436495030588	4.1037227648202	8.47285930095282e-05	0.0344970382948302	2.98836774767286	0.569707235118933	org.Hs.eg.db
NTM3_ASD_signed	500	ASD_down	58	ZSCAN1	ENSG00000152467	ENSG00000152467.9_2	-4.04228833533272	-1.47486180906111	-0.39986449220389	0.0978828349965388	-4.08513394833762	9.0721801305577e-05	0.0356630831004443	1.16056157717205	0.512966390352695	org.Hs.eg.db
NTM3_ASD_signed	500	ASD_up	59	CD99	ENSG00000002586	ENSG00000002586.18_2	4.04092295329309	0.926086301287225	0.508244260762121	0.124439205771975	4.08427760052919	9.100747115709e-05	0.0356630831004443	3.72944795094798	0.767367124416675	org.Hs.eg.db
NTM3_ASD_signed	500	ASD_up	60	TGIF1	ENSG00000177426	ENSG00000177426.20_2	4.03372049260923	0.923946961642213	0.655944890343528	0.160780323342357	4.07975849723099	9.25293491570703e-05	0.0356630831004443	1.67601587046876	0.851559314774355	org.Hs.eg.db
NTM3_ASD_signed	500	ASD_up	61	CHI3L2	ENSG00000064886	ENSG00000064886.13_2	4.02488209421331	0.921321701065757	1.565645621764	0.38428213213023	4.07420874107521	9.44317212380473e-05	0.0356630831004443	-1.20951603053729	1.99711916998321	org.Hs.eg.db
NTM3_ASD_signed	500	ASD_up	62	DDAH2	ENSG00000213722	ENSG00000213722.8_2	4.01525259993605	0.918461462076196	0.361461169461524	0.08885133330112	4.0681569542296	9.65489155440757e-05	0.0356630831004443	3.53071060173477	0.493755749350724	org.Hs.eg.db
NTM3_ASD_signed	500	ASD_down	63	CELSR2	ENSG00000143126	ENSG00000143126.7_1	-4.01401276163347	-1.46646314387495	-0.275101580548044	0.0676361095299184	-4.06737735892918	9.68249404079467e-05	0.0356630831004443	8.82453015695413	0.356920081234176	org.Hs.eg.db
NTM3_ASD_signed	500	ASD_up	64	RAB20	ENSG00000139832	ENSG00000139832.4_1	4.00359439238769	0.914998636426361	0.682260732270652	0.168010467146562	4.06082278002055	9.91757760729429e-05	0.0356630831004443	0.438925610291704	0.944944499772304	org.Hs.eg.db
NTM3_ASD_signed	500	ASD_up	65	MDK	ENSG00000110492	ENSG00000110492.15_2	3.99980525018311	0.913873151332495	0.545700407958178	0.134460722373395	4.05843727689323	0.000100044852858411	0.0356630831004443	1.64595742093981	0.70863107106356	org.Hs.eg.db
NTM3_ASD_signed	500	ASD_down	66	CYP2E1	ENSG00000130649	ENSG00000130649.9_2	-3.98729269375799	-1.45852650901742	-0.347322441772508	0.0857469047199013	-4.05055369528571	0.000102969192331653	0.0356630831004443	3.24401456236196	0.484212235809576	org.Hs.eg.db
NTM3_ASD_signed	500	ASD_up	67	TMEM176B	ENSG00000106565	ENSG00000106565.17_2	3.98693579140637	0.910050548949862	0.574074045624391	0.141735175018517	4.05032868904554	0.000103053846991277	0.0356630831004443	2.31726835442629	0.754372203415758	org.Hs.eg.db
NTM3_ASD_signed	500	ASD_up	68	GDPD2	ENSG00000130055	ENSG00000130055.13_1	3.97583184533899	0.906752355029657	0.523029880822324	0.129356396814726	4.04332444085811	0.00010572267780518	0.0356630831004443	0.965238897410035	0.727379210079485	org.Hs.eg.db
NTM3_ASD_signed	500	ASD_up	69	SMAD1	ENSG00000170365	ENSG00000170365.9_2	3.9726439599843	0.905805460652526	0.204734166158207	0.0506603195452503	4.04131217481438	0.000106501577359976	0.0356630831004443	3.77238734535422	0.27989967522337	org.Hs.eg.db
NTM3_ASD_signed	500	ASD_down	70	IQSEC1	ENSG00000144711	ENSG00000144711.13_2	-3.96536990397371	-1.45201480484112	-0.240761528582589	0.0596428856876361	-4.0367183077545	0.000108300408818136	0.0356630831004443	8.3207002381959	0.315735352715266	org.Hs.eg.db
NTM3_ASD_signed	500	ASD_down	71	RPH3A	ENSG00000089169	ENSG00000089169.14_2	-3.96440789507353	-1.45172906030611	-0.426612025458829	0.105698796795045	-4.03611051775784	0.000108540571745161	0.0356630831004443	7.75732418535844	0.589448055940955	org.Hs.eg.db
NTM3_ASD_signed	500	ASD_down	72	FBLN7	ENSG00000144152	ENSG00000144152.12_2	-3.94999790784626	-1.44744887630892	-0.563407657005871	0.139907551602518	-4.02699961905224	0.000112202385948406	0.0356630831004443	3.6261082159304	0.7832437815781	org.Hs.eg.db
NTM3_ASD_signed	500	ASD_up	73	LRAT	ENSG00000121207	ENSG00000121207.11_2	3.94902302919565	0.89878935936349	0.53318387149439	0.132422549141718	4.02638277959579	0.000112454534147699	0.0356630831004443	0.635945035148851	0.793827411816159	org.Hs.eg.db
NTM3_ASD_signed	500	ASD_up	74	RPL18A	ENSG00000105640	ENSG00000105640.12_1	3.94595963527571	0.897879442551878	0.236505588892587	0.0587672692090097	4.02444408385626	0.000113250561705432	0.0356630831004443	5.87678581410606	0.353931435809554	org.Hs.eg.db
NTM3_ASD_signed	500	ASD_down	75	TANGO2	ENSG00000183597	ENSG00000183597.15_1	-3.94383213493093	-1.44561746298799	-0.184015167243885	0.0457396756389305	-4.02309733668649	0.000113806709061585	0.0356630831004443	4.87825475633822	0.245462127756808	org.Hs.eg.db
NTM3_ASD_signed	500	ASD_up	76	EIF4EBP1	ENSG00000187840	ENSG00000187840.4_1	3.93977277863401	0.89604176675293	0.455226064923487	0.113225473815557	4.02052691486232	0.000114875448865983	0.0356630831004443	0.993730738687919	0.626002622983772	org.Hs.eg.db
NTM3_ASD_signed	500	ASD_up	77	NT5C2	ENSG00000076685	ENSG00000076685.18_2	3.92455628271224	0.891522026290264	0.175072606174828	0.0436493965786208	4.01088262146968	0.000118971713690308	0.0364787837186727	5.74595059363296	0.243393303342238	org.Hs.eg.db
NTM3_ASD_signed	500	ASD_down	78	IL17REL	ENSG00000188263	ENSG00000188263.10_1	-3.90973956081033	-1.43549098002361	-1.02663420783193	0.256563759295528	-4.00147788078433	0.000123100676382554	0.0366370449333958	-0.889847486246436	1.48537340201976	org.Hs.eg.db
NTM3_ASD_signed	500	ASD_down	79	PCDHA3	ENSG00000255408	ENSG00000255408.3_2	-3.90258554108698	-1.43336602874832	-0.31152454883499	0.0779409171077981	-3.99693204025465	0.000125145275557223	0.0366370449333958	2.74986383687619	0.445670393042932	org.Hs.eg.db
NTM3_ASD_signed	500	ASD_down	80	OTUD7A	ENSG00000169918	ENSG00000169918.9_2	-3.90174228832616	-1.43311555822982	-0.21302679489486	0.0533047262117165	-3.99639600527648	0.000125388501342351	0.0366370449333958	6.64412881552682	0.279411886536978	org.Hs.eg.db
NTM3_ASD_signed	500	ASD_up	81	RPS27L	ENSG00000185088	ENSG00000185088.13_1	3.88131043466562	0.878676755587759	0.250196436088993	0.0628098594835527	3.98339429742729	0.000131428504246666	0.0372539650119464	3.61188466614259	0.354040129362653	org.Hs.eg.db
NTM3_ASD_signed	500	ASD_down	82	JCAD	ENSG00000165757	ENSG00000165757.8_1	-3.85483506812587	-1.41918275384302	-0.256336710631699	0.0646252939118806	-3.96650746348983	0.00013968987601226	0.0372539650119464	7.11283364845923	0.392940827011976	org.Hs.eg.db
NTM3_ASD_signed	500	ASD_down	83	ADGRL1	ENSG00000072071	ENSG00000072071.16_1	-3.85233508705342	-1.41844018698222	-0.270135868948492	0.0681316421428746	-3.96491058269236	0.00014049630834403	0.0372539650119464	8.16714225055483	0.412857784371447	org.Hs.eg.db
NTM3_ASD_signed	500	ASD_up	84	LINC01354	ENSG00000231768	ENSG00000231768.1_1	3.84929218893059	0.86916640829517	0.792684811861216	0.200023098389172	3.96296636860879	0.000141484156859056	0.0372539650119464	0.450614736798521	1.0746484042503	org.Hs.eg.db
NTM3_ASD_signed	500	ASD_up	85	C10orf105	ENSG00000214688	ENSG00000214688.4_1	3.84742043174694	0.868610442143521	0.783339451688793	0.197724608852758	3.96177014198638	0.00014209525255241	0.0372539650119464	0.497655106252142	1.15492192656819	org.Hs.eg.db
NTM3_ASD_signed	500	ASD_down	86	ADRA1D	ENSG00000171873	ENSG00000171873.7_1	-3.84226965772106	-1.41545046264217	-0.722252502421926	0.182457160677107	-3.95847715563266	0.000143790549134019	0.0372539650119464	2.23890337362943	1.2672550445689	org.Hs.eg.db
NTM3_ASD_signed	500	ASD_up	87	H2AC6	ENSG00000180573	ENSG00000180573.9_1	3.84058470352856	0.86658003267348	0.254437148260001	0.0642940254786941	3.95739956186624	0.000144349504177296	0.0372539650119464	4.95260319290405	0.340201854042952	org.Hs.eg.db
NTM3_ASD_signed	500	ASD_up	88	INTS4	ENSG00000149262	ENSG00000149262.16_2	3.83570222826705	0.865129795962551	0.119572003211259	0.0302386589558639	3.9542759943748	0.000145981483159815	0.0372539650119464	4.00400388282668	0.160017003697186	org.Hs.eg.db
NTM3_ASD_signed	500	ASD_up	89	MARCHF3	ENSG00000173926	ENSG00000173926.5_1	3.83225933588053	0.864107157103516	0.45866329138512	0.116056396811583	3.95207247498608	0.000147143358387345	0.0372539650119464	1.6071820629764	0.609194323253148	org.Hs.eg.db
NTM3_ASD_signed	500	ASD_up	90	H2AJ	ENSG00000246705	ENSG00000246705.4_2	3.83118709002056	0.863788668995338	0.339220254158817	0.0858484210431744	3.95138605971819	0.000147507094954826	0.0372539650119464	1.87700414086441	0.491753753872205	org.Hs.eg.db
NTM3_ASD_signed	500	ASD_up	91	TNFRSF11B	ENSG00000164761	ENSG00000164761.8_1	3.8115604507069	0.857958988081402	0.795915363214007	0.202070080565811	3.93880856079923	0.000154326159732184	0.0372539650119464	0.244994626345994	1.07784216709404	org.Hs.eg.db
NTM3_ASD_signed	500	ASD_up	92	WEE1	ENSG00000166483	ENSG00000166483.10_1	3.80965726943861	0.857393688065528	0.612185861018709	0.155472315556158	3.93758759447807	0.000155003937518002	0.0372539650119464	0.684207715615492	0.809426070743201	org.Hs.eg.db
NTM3_ASD_signed	500	ASD_down	93	SERTAD4	ENSG00000082497	ENSG00000082497.11_1	-3.80931364122228	-1.40566157024383	-0.508892454345853	0.129246889884035	-3.93736711809816	0.000155126630313712	0.0372539650119464	3.43860177233867	0.732213692647791	org.Hs.eg.db
NTM3_ASD_signed	500	ASD_up	94	ADIRF	ENSG00000148671	ENSG00000148671.13_2	3.80619456135892	0.856365163371101	0.466649899799496	0.118578540463421	3.93536552208995	0.000156244751858095	0.0372539650119464	3.18167615293984	0.665942585135971	org.Hs.eg.db
NTM3_ASD_signed	500	ASD_up	95	ZC3HAV1	ENSG00000105939	ENSG00000105939.12_2	3.80390067831273	0.855683813599527	0.526527599562582	0.133843902256992	3.93389307008999	0.000157072198209482	0.0372539650119464	4.27932670577443	0.705892913375644	org.Hs.eg.db
NTM3_ASD_signed	500	ASD_down	96	LINC01844	ENSG00000236714	ENSG00000236714.1_1	-3.7997998356648	-1.40283569415822	-0.64292708400001	0.163542250125526	-3.93125986408122	0.000158562383082682	0.0372539650119464	0.313309121673099	0.931793923992755	org.Hs.eg.db
NTM3_ASD_signed	500	ASD_up	97	ALPK1	ENSG00000073331	ENSG00000073331.17_2	3.79968757090355	0.854432398547811	0.397561638762118	0.101130157816536	3.93118776184797	0.000158603376624594	0.0372539650119464	2.53203762911149	0.537718550592709	org.Hs.eg.db
NTM3_ASD_signed	500	ASD_up	98	OST4	ENSG00000228474	ENSG00000228474.5_1	3.79860328355859	0.854110333769471	0.213299084242749	0.0542677915115339	3.93049133384053	0.000158999850671055	0.0372539650119464	4.40050721010616	0.284061019343084	org.Hs.eg.db
NTM3_ASD_signed	500	ASD_down	99	CDK5R2	ENSG00000171450	ENSG00000171450.5_1	-3.79337610007523	-1.4009276584439	-0.423702261121869	0.107890991849404	-3.92713287605401	0.00016092514159354	0.0373526805291324	5.35046740360498	0.658916811879692	org.Hs.eg.db
NTM3_ASD_signed	500	ASD_down	100	KCNA2	ENSG00000177301	ENSG00000177301.13_1	-3.7862697120283	-1.3988168551575	-0.37463420261099	0.095507476448071	-3.9225641441242	0.000163580031683195	0.0374011441735603	8.51513964855641	0.50725448586713	org.Hs.eg.db
NTM3_ASD_signed	500	ASD_down	101	SLC36A1	ENSG00000123643	ENSG00000123643.12_2	-3.78242449677066	-1.39767471474114	-0.28918636150778	0.0737703251459237	-3.92009064533396	0.000165034789367032	0.0374011441735603	5.66253063174077	0.414168682763317	org.Hs.eg.db
NTM3_ASD_signed	500	ASD_down	102	RHOBTB2	ENSG00000008853	ENSG00000008853.16_1	-3.77857289838518	-1.39653067835075	-0.299447234526546	0.0764361631541826	-3.9176120591312	0.00016650493179151	0.0374011441735603	7.47810438910966	0.45811753751882	org.Hs.eg.db
NTM3_ASD_signed	500	ASD_up	103	SYNC	ENSG00000162520	ENSG00000162520.14_2	3.77403983331961	0.846814276877096	0.310158011161733	0.0792291905812409	3.91469367396477	0.000168251973394281	0.0374011441735603	2.45992242935763	0.428954462807755	org.Hs.eg.db
NTM3_ASD_signed	500	ASD_up	104	H2BC18	ENSG00000203814	ENSG00000203814.6_2	3.7729787401893	0.846499101452979	0.376057400545471	0.0960798177174045	3.91401034556032	0.000168663558843564	0.0374011441735603	3.76501177647928	0.517198763397746	org.Hs.eg.db
NTM3_ASD_signed	500	ASD_up	105	MOB3C	ENSG00000142961	ENSG00000142961.14_2	3.76289742094555	0.843504657348547	0.327374549750564	0.0837807663770904	3.90751438435258	0.000172624557787078	0.0379407390902644	3.24485793726354	0.462874674295493	org.Hs.eg.db
NTM3_ASD_signed	500	ASD_up	106	RPS19	ENSG00000105372	ENSG00000105372.6_2	3.75600958749704	0.841458771114461	0.250405674284513	0.064156043584108	3.90307226405309	0.00017538417835545	0.0381120840792415	6.32698121275421	0.353182998979438	org.Hs.eg.db
NTM3_ASD_signed	500	ASD_up	107	INTS12	ENSG00000138785	ENSG00000138785.14_2	3.75332111291757	0.840660216217056	0.126773744440639	0.0324949438545355	3.90133754371589	0.000176473251292993	0.0381120840792415	3.19113215123764	0.168191438802619	org.Hs.eg.db
NTM3_ASD_signed	500	ASD_down	108	LIMK1	ENSG00000106683	ENSG00000106683.14_1	-3.74177248899971	-1.38559988980407	-0.27767125053385	0.0713096514763818	-3.89388034838197	0.000181228923605654	0.0388017374712933	6.69500997207191	0.371030483767738	org.Hs.eg.db
NTM3_ASD_signed	500	ASD_down	109	ARHGEF11	ENSG00000132694	ENSG00000132694.18_1	-3.73676868272424	-1.38411361426423	-0.175769983562489	0.0451775775287873	-3.89064649273166	0.000183329062376057	0.0388118822145941	7.14316406584247	0.234045375123215	org.Hs.eg.db
NTM3_ASD_signed	500	ASD_up	110	GLIS3	ENSG00000107249	ENSG00000107249.21_2	3.72741520190745	0.832965409553507	0.469860288994217	0.120954706505134	3.88459699147195	0.000187320279919499	0.0388118822145941	3.82460856531684	0.659011947856178	org.Hs.eg.db
NTM3_ASD_signed	500	ASD_up	111	ROM1	ENSG00000149489	ENSG00000149489.8_2	3.71908518737016	0.830491153722705	0.425897274695165	0.109789850481642	3.87920443307627	0.000190947867535631	0.0388118822145941	2.76472326193563	0.623747808455629	org.Hs.eg.db
NTM3_ASD_signed	500	ASD_up	112	H4C15	ENSG00000270276	ENSG00000270276.2_1	3.71586232841559	0.829533871172418	0.294799261929829	0.0760356927946523	3.87711679994797	0.000192370144665813	0.0388118822145941	3.33980818608408	0.405687546624227	org.Hs.eg.db
NTM3_ASD_signed	500	ASD_up	113	NQO1	ENSG00000181019	ENSG00000181019.12_1	3.71394455929174	0.828964238140496	0.645649414007967	0.166581622239611	3.87587421305853	0.000193221496193929	0.0388118822145941	4.00863965315402	0.885393227360743	org.Hs.eg.db
NTM3_ASD_signed	500	ASD_down	114	CLEC2L	ENSG00000236279	ENSG00000236279.6_2	-3.71072568993876	-1.37637809033897	-0.442463625295303	0.114219885369215	-3.87378803493843	0.000194658920247897	0.0388118822145941	4.06975758744753	0.614021616405317	org.Hs.eg.db
NTM3_ASD_signed	500	ASD_up	115	KIFC1	ENSG00000237649	ENSG00000237649.7_1	3.70909724606816	0.827524445574292	0.74057406041986	0.191227792771376	3.87273235593563	0.000195390189426016	0.0388118822145941	-1.93603328471035	1.01451042134883	org.Hs.eg.db
NTM3_ASD_signed	500	ASD_down	116	CABP1	ENSG00000157782	ENSG00000157782.9_1	-3.70697547436262	-1.37526416758235	-0.433992895264406	0.112103570127083	-3.87135659259042	0.000196347115556898	0.0388118822145941	7.24239962942851	0.578261015006027	org.Hs.eg.db
NTM3_ASD_signed	500	ASD_up	117	HMOX1	ENSG00000100292	ENSG00000100292.16_1	3.70239104088511	0.825532508201023	0.910722711137767	0.235427235699969	3.86838297799327	0.000198430743258728	0.0388118822145941	1.9020994473234	1.25118104689064	org.Hs.eg.db
NTM3_ASD_signed	500	ASD_up	118	MICA	ENSG00000204520	ENSG00000204520.12_2	3.69482416074067	0.823284925410555	0.411647434293494	0.106548583015895	3.86347169189557	0.000201918373511818	0.0388118822145941	1.70125235531754	0.575747274069591	org.Hs.eg.db
NTM3_ASD_signed	500	ASD_down	119	MIR3677HG	ENSG00000260778	ENSG00000260778.4_2	-3.68725110984757	-1.36940545945024	-0.308889098232512	0.0800531033859081	-3.85855245040864	0.000205470221995163	0.0388118822145941	-0.617467834859208	0.451905964235768	org.Hs.eg.db
NTM3_ASD_signed	500	ASD_up	120	POLR2J	ENSG00000005075	ENSG00000005075.15_1	3.68162805578246	0.81936529964153	0.185399495419851	0.0480945355040944	3.85489730749281	0.000208147857133829	0.0388118822145941	3.58089986054731	0.267223965917092	org.Hs.eg.db
NTM3_ASD_signed	500	ASD_down	121	IQSEC3	ENSG00000120645	ENSG00000120645.11_1	-3.68016766523167	-1.36730147102806	-0.326551174172279	0.0847316059955364	-3.85394765430838	0.000208848968563394	0.0388118822145941	6.6849250614175	0.451896620553932	org.Hs.eg.db
NTM3_ASD_signed	500	ASD_up	122	VIM-AS1	ENSG00000229124	ENSG00000229124.6_1	3.68003236524138	0.818891333286759	0.656809422304202	0.170428993120319	3.85385966483126	0.000208914043453093	0.0388118822145941	-2.13257655162915	0.891703999282177	org.Hs.eg.db
NTM3_ASD_signed	500	ASD_up	123	CRTC3-AS1	ENSG00000259736	ENSG00000259736.1_1	3.67942236667132	0.818710146025682	0.427755359113637	0.111005442306451	3.85346294943576	0.000209207684778309	0.0388118822145941	-1.96207443216132	0.613564793175124	org.Hs.eg.db
NTM3_ASD_signed	500	ASD_down	124	RIMKLA	ENSG00000177181	ENSG00000177181.14_2	-3.67787346373641	-1.36662002666788	-0.379284538472807	0.0984526722630298	-3.85245549719054	0.000209955152092657	0.0388118822145941	6.38478214438137	0.55553149295048	org.Hs.eg.db
NTM3_ASD_signed	500	ASD_down	125	MAP1A	ENSG00000166963	ENSG00000166963.12_2	-3.67487030453126	-1.36572800131295	-0.219130157239956	0.0569095082963704	-3.85050167888959	0.000211412029557806	0.0388118822145941	11.1331992869205	0.294662852693476	org.Hs.eg.db
NTM3_ASD_signed	500	ASD_up	126	SRGAP1	ENSG00000196935	ENSG00000196935.8_2	3.6732660751797	0.816881548962487	0.342448834337008	0.0889602791730996	3.84945773012547	0.000212194403187379	0.0388118822145941	4.52713663963389	0.483158042099047	org.Hs.eg.db
NTM3_ASD_signed	500	ASD_down	127	MARCHF10	ENSG00000173838	ENSG00000173838.11_2	-3.67257803807993	-1.36504713171692	-0.344644373587598	0.089541045428338	-3.84900993660417	0.000212530841568079	0.0388118822145941	-0.364240436916827	0.489116415688874	org.Hs.eg.db
NTM3_ASD_signed	500	ASD_up	128	SFMBT2	ENSG00000198879	ENSG00000198879.11_2	3.65644549800314	0.811885349859804	0.207304941885676	0.054006744742956	3.8385009663578	0.000220574092955311	0.0396852595019912	5.43932793336181	0.302264855512571	org.Hs.eg.db
NTM3_ASD_signed	500	ASD_up	129	RPL13A	ENSG00000142541	ENSG00000142541.16_2	3.6557983365219	0.811693124136637	0.209092881032911	0.0544785243235303	3.8380790160757	0.000220903025217597	0.0396852595019912	7.79781586121237	0.295924883082592	org.Hs.eg.db
NTM3_ASD_signed	500	ASD_up	130	HSPB1	ENSG00000106211	ENSG00000106211.8_1	3.65177222669989	0.810497252789959	0.893273906569804	0.232899172710858	3.83545332588533	0.00022296041974082	0.0396852595019912	4.58576350651043	1.26741221336996	org.Hs.eg.db
NTM3_ASD_signed	500	ASD_up	131	DYNLT1	ENSG00000146425	ENSG00000146425.10_1	3.65032439099228	0.810067203607506	0.253540470897651	0.0661207165963035	3.83450881885672	0.000223704957733885	0.0396852595019912	2.99590641693545	0.353432800874617	org.Hs.eg.db
NTM3_ASD_signed	500	ASD_up	132	CAPG	ENSG00000042493	ENSG00000042493.15_1	3.6457295239143	0.80870239486575	0.559786266664434	0.146100679989028	3.83151034414399	0.000226084337199819	0.0397540053972923	2.67345167700175	0.766204854225271	org.Hs.eg.db
NTM3_ASD_signed	500	ASD_up	133	RPS16	ENSG00000105193	ENSG00000105193.8_1	3.64036472136277	0.807108892965506	0.304612250406441	0.0795746211367082	3.82800754882792	0.000228894458520406	0.0397540053972923	5.31429712749078	0.486780094034928	org.Hs.eg.db
NTM3_ASD_signed	500	ASD_up	134	PDLIM3	ENSG00000154553	ENSG00000154553.13_1	3.63364084042349	0.805111705380159	0.358981532614304	0.0938853882206613	3.82361450932684	0.000232465848370877	0.0400098956182947	3.27475071354761	0.485571599952587	org.Hs.eg.db
NTM3_ASD_signed	500	ASD_up	135	C4A	ENSG00000244731	ENSG00000244731.7_2	3.63154623058816	0.804489545529764	0.784555796504873	0.205260449247921	3.82224534429065	0.000233589743302171	0.0400098956182947	4.24305971325665	1.09628977544372	org.Hs.eg.db
NTM3_ASD_signed	500	ASD_up	136	SLC44A3	ENSG00000143036	ENSG00000143036.16_1	3.62607545774037	0.802864567379121	0.51126485470009	0.133885657419918	3.8186678435358	0.000236550865969167	0.0402395705973303	1.48804511723006	0.711771688297028	org.Hs.eg.db
NTM3_ASD_signed	500	ASD_up	137	RAD51B	ENSG00000182185	ENSG00000182185.18_2	3.6208483334971	0.801311959928158	0.292211429379508	0.0765904218197193	3.81524768289335	0.000239415170812818	0.0404497631449465	1.39304265954604	0.424997371278069	org.Hs.eg.db
NTM3_ASD_signed	500	ASD_down	138	CFAP410	ENSG00000160226	ENSG00000160226.15_2	-3.60888105438887	-1.3461272807855	-0.188593760876276	0.0495333467143775	-3.80741002548763	0.000246104154779641	0.0405451628606895	4.7110606188843	0.272865495793163	org.Hs.eg.db
NTM3_ASD_signed	500	ASD_up	139	ARRDC4	ENSG00000140450	ENSG00000140450.8_1	3.60733665557234	0.797298599838617	0.304561787465855	0.0800131258712254	3.80639781472882	0.000246980886102291	0.0405451628606895	5.14686017447931	0.427069526565566	org.Hs.eg.db
NTM3_ASD_signed	500	ASD_down	140	CPLX1	ENSG00000168993	ENSG00000168993.14_2	-3.60289792831945	-1.34435011887331	-0.42726546504965	0.112335177700427	-3.80348768565685	0.000249518109727787	0.0405451628606895	6.34654251821669	0.5895595799474	org.Hs.eg.db
NTM3_ASD_signed	500	ASD_up	141	SUGCT	ENSG00000175600	ENSG00000175600.15_2	3.60202309465504	0.795720318189396	0.248220395757963	0.0652711048676155	3.8029139580433	0.000250021240334517	0.0405451628606895	0.41694022866971	0.348612278147808	org.Hs.eg.db
NTM3_ASD_signed	500	ASD_up	142	KIF18A	ENSG00000121621	ENSG00000121621.6_1	3.59993919251804	0.795101338835854	0.551142031382535	0.144978351974251	3.80154708532223	0.000251223815640763	0.0405451628606895	-1.73775458762557	0.752865565622952	org.Hs.eg.db
NTM3_ASD_signed	500	ASD_down	143	PARD6A	ENSG00000102981	ENSG00000102981.9_1	-3.59819926888217	-1.34295448079157	-0.284519058133539	0.0748654455409799	-3.80040559536641	0.000252232318041162	0.0405451628606895	4.09715450188778	0.424076376362732	org.Hs.eg.db
NTM3_ASD_signed	500	ASD_up	144	AGTRAP	ENSG00000177674	ENSG00000177674.15_2	3.59591037716023	0.793904663866603	0.4696438186238	0.123626147382375	3.79890361843271	0.00025356518443117	0.0405451628606895	1.81034035620457	0.651592783900192	org.Hs.eg.db
NTM3_ASD_signed	500	ASD_up	145	HMGN2	ENSG00000198830	ENSG00000198830.10_1	3.59418538617666	0.793392291531587	0.198376085237793	0.0522348669896139	3.79777142492269	0.000254574332566099	0.0405451628606895	5.37669816364848	0.274820990542034	org.Hs.eg.db
NTM3_ASD_signed	500	ASD_down	146	ABCA3	ENSG00000167972	ENSG00000167972.13_2	-3.5940180035995	-1.34171252377464	-0.192670715883035	0.0507340407318835	-3.797661552354	0.00025467246763841	0.0405451628606895	7.54427062687442	0.272381110167268	org.Hs.eg.db
NTM3_ASD_signed	500	ASD_up	147	PSD4	ENSG00000125637	ENSG00000125637.15_1	3.58660484526475	0.791140651097114	0.242964980027136	0.0640596399480511	3.7927934066468	0.000259056894328407	0.0409050171334653	3.32372549920887	0.337259398105863	org.Hs.eg.db
NTM3_ASD_signed	500	ASD_down	148	TECPR1	ENSG00000205356	ENSG00000205356.9_2	-3.58266489487352	-1.33834032132082	-0.232917925796195	0.0614526018766611	-3.7902044613778	0.000261417769699041	0.0409050171334653	6.23208298848854	0.359775782661709	org.Hs.eg.db
NTM3_ASD_signed	500	ASD_down	149	EVI5L	ENSG00000142459	ENSG00000142459.8_2	-3.58122506102895	-1.33791264892369	-0.197644959894671	0.0521592767114838	-3.78925806406276	0.000262285896746725	0.0409050171334653	6.23019074626973	0.311218328793987	org.Hs.eg.db
NTM3_ASD_signed	500	ASD_up	150	NFKB2	ENSG00000077150	ENSG00000077150.18_2	3.5734041710986	0.787219668140853	0.651886892954085	0.172269323018413	3.78411478916887	0.000267051996356861	0.0409050171334653	1.57001643269837	0.924883906111885	org.Hs.eg.db
NTM3_ASD_signed	500	ASD_down	151	ST8SIA5	ENSG00000101638	ENSG00000101638.13_2	-3.56380328102081	-1.33273787514927	-0.352822575268378	0.0933937896064434	-3.7777948272059	0.000273021418655922	0.0409050171334653	7.53384241910234	0.534404888105698	org.Hs.eg.db
NTM3_ASD_signed	500	ASD_down	152	TMEM121B	ENSG00000183307	ENSG00000183307.3_1	-3.56371700868177	-1.33271224976327	-0.402436441272403	0.106528414782101	-3.77773800629222	0.000273075659584704	0.0409050171334653	4.71499425215541	0.647878435361891	org.Hs.eg.db
NTM3_ASD_signed	500	ASD_up	153	HAL	ENSG00000084110	ENSG00000084110.10_1	3.56366051918942	0.784325521024824	0.798617095290214	0.211402950475556	3.77770080073957	0.000273111181354625	0.0409050171334653	-3.43761084456104	1.1296238988625	org.Hs.eg.db
NTM3_ASD_signed	500	ASD_up	154	ANGPT1	ENSG00000154188	ENSG00000154188.9_2	3.56079118149372	0.783473244538108	0.338253061879091	0.0895842222176601	3.77581066738792	0.000274921571980225	0.0409050171334653	1.91261991388023	0.477004510342083	org.Hs.eg.db
NTM3_ASD_signed	500	ASD_down	155	NUP93	ENSG00000102900	ENSG00000102900.12_2	-3.55688952055928	-1.33068428784062	-0.192420979162919	0.0509962267853041	-3.77323953736849	0.000277402569461856	0.0409050171334653	6.10590081917507	0.274013420631909	org.Hs.eg.db
NTM3_ASD_signed	500	ASD_down	156	POU3F1	ENSG00000185668	ENSG00000185668.7_2	-3.55591932915285	-1.33039611286402	-0.425404707951341	0.112761677697677	-3.77260002367012	0.000278022965159886	0.0409050171334653	1.52054992072143	0.591322994188236	org.Hs.eg.db
NTM3_ASD_signed	500	ASD_up	157	SLC2A9	ENSG00000109667	ENSG00000109667.11_1	3.55248540853681	0.781006189159521	0.355162666052778	0.0941992093512625	3.77033595609492	0.000280229977199277	0.0409050171334653	0.318086864208992	0.503996374053621	org.Hs.eg.db
NTM3_ASD_signed	500	ASD_down	158	SETD4	ENSG00000185917	ENSG00000185917.13_2	-3.55136748949434	-1.32904408451335	-0.12423715088288	0.0329576596482643	-3.76959869750408	0.000280952247427131	0.0409050171334653	4.06158175474867	0.175880572195657	org.Hs.eg.db
NTM3_ASD_signed	500	ASD_up	159	P4HA1	ENSG00000122884	ENSG00000122884.12_1	3.55030896187596	0.78035972139924	0.441511717592318	0.117146025741965	3.76890052219804	0.000281637861564768	0.0409050171334653	4.44051472207208	0.614386376572703	org.Hs.eg.db
NTM3_ASD_signed	500	ASD_down	160	SPDEF	ENSG00000124664	ENSG00000124664.10_1	-3.5457528102404	-1.32737636198778	-0.376499662177297	0.0999761584841527	-3.76589446809937	0.000284608056572889	0.0410960796107225	-0.0478236043908839	0.530757983542114	org.Hs.eg.db
NTM3_ASD_signed	500	ASD_down	161	FAM86HP	ENSG00000253540	ENSG00000253540.5_1	-3.53605191903366	-1.32449491604014	-0.520759577082032	0.138518716181062	-3.75948890835322	0.000291036916847586	0.0411906133837507	-0.509398779498034	0.732187232189753	org.Hs.eg.db
NTM3_ASD_signed	500	ASD_up	162	EVC2	ENSG00000173040	ENSG00000173040.12_1	3.53572295543524	0.776027254592307	0.483767247119507	0.1286864325166	3.7592715693405	0.000291257451127267	0.0411906133837507	0.497333580762876	0.684500483305444	org.Hs.eg.db
NTM3_ASD_signed	500	ASD_down	163	PANX2	ENSG00000073150	ENSG00000073150.13_2	-3.53306625888345	-1.32360808841188	-0.299691581504195	0.0797578978267041	-3.75751605383779	0.000293044612259801	0.0411906133837507	4.77154023333849	0.45440359379966	org.Hs.eg.db
NTM3_ASD_signed	500	ASD_up	164	H2BC21	ENSG00000184678	ENSG00000184678.10_1	3.52904005485231	0.774042239360947	0.298110245199431	0.0793932863775931	3.75485458281225	0.000295773966251242	0.0411906133837507	4.46130364732883	0.424693203124837	org.Hs.eg.db
NTM3_ASD_signed	500	ASD_down	165	LINC02192	ENSG00000261325	ENSG00000261325.1_1	-3.52383279524289	-1.32086548200359	-0.900732661244131	0.240105058460582	-3.75141059925651	0.000299341688980859	0.0411906133837507	0.477280653441513	1.28317869718481	org.Hs.eg.db
NTM3_ASD_signed	500	ASD_up	166	LCTL	ENSG00000188501	ENSG00000188501.11_1	3.5202019620474	0.771417069553883	0.6874353830841	0.18336460640338	3.74900803687177	0.00030185476642514	0.0411906133837507	-1.76375335286599	1.14163089482153	org.Hs.eg.db
NTM3_ASD_signed	500	ASD_up	167	ELL3	ENSG00000128886	ENSG00000128886.11_2	3.51906529696569	0.771079447069132	0.279001927129972	0.0744351373462667	3.74825569048225	0.000302645836036994	0.0411906133837507	-0.487288039402179	0.397503621055142	org.Hs.eg.db
NTM3_ASD_signed	500	ASD_up	168	LHFPL1	ENSG00000182508	ENSG00000182508.13_1	3.51852635751975	0.770919366428142	0.518528978153027	0.138351910407659	3.74789893847626	0.000303021638706586	0.0411906133837507	0.57180443328867	0.778363315046302	org.Hs.eg.db
NTM3_ASD_signed	500	ASD_up	169	MAML2	ENSG00000184384	ENSG00000184384.13_2	3.5151711828091	0.769922782262052	0.328240969544735	0.0876319359760488	3.74567748491199	0.000305371721367427	0.0411906133837507	4.51303684823415	0.47997959267882	org.Hs.eg.db
NTM3_ASD_signed	500	ASD_down	170	ADGRB2	ENSG00000121753	ENSG00000121753.12_2	-3.50938857561023	-1.3165751299895	-0.280897487283386	0.0750692100370651	-3.7418468523206	0.000309464918961195	0.0411906133837507	8.11529108613564	0.453204614332569	org.Hs.eg.db
NTM3_ASD_signed	500	ASD_up	171	EEF1A1	ENSG00000156508	ENSG00000156508.17_2	3.50515097230627	0.766946489225406	0.211176417778855	0.0564788088003746	3.73903809701904	0.000312499284770137	0.0411906133837507	10.2893189383628	0.29691602500696	org.Hs.eg.db
NTM3_ASD_signed	500	ASD_down	172	N4BP3	ENSG00000145911	ENSG00000145911.5_1	-3.50454542725897	-1.31513657451112	-0.30281916750466	0.0809972185571029	-3.73863662109796	0.000312935312370225	0.0411906133837507	4.41414763287647	0.530125329920209	org.Hs.eg.db
NTM3_ASD_signed	500	ASD_up	173	FNDC3B	ENSG00000075420	ENSG00000075420.12_1	3.50231578382987	0.766104356046918	0.304782623751357	0.0815546501044026	3.73715813091207	0.000314546035796567	0.0411906133837507	4.75922841209363	0.428169531697362	org.Hs.eg.db
NTM3_ASD_signed	500	ASD_down	174	LOC153910	ENSG00000236366	ENSG00000236366.2_1	-3.50216799074943	-1.31443040693846	-0.65942297562366	0.176455008830876	-3.737060115169	0.000314653095960662	0.0411906133837507	-2.71035913217953	1.01992840229976	org.Hs.eg.db
NTM3_ASD_signed	500	ASD_up	175	PYCR1	ENSG00000183010	ENSG00000183010.16_2	3.50041061690305	0.765538466232893	0.249407715491782	0.0667598389335142	3.73589450597934	0.000315928920173514	0.0411906133837507	2.5483743716776	0.410019704002468	org.Hs.eg.db
NTM3_ASD_signed	500	ASD_down	176	NGEF	ENSG00000066248	ENSG00000066248.14_1	-3.49955670975169	-1.31365478077291	-0.413180511672506	0.110614250161614	-3.7353280528397	0.000316550708760231	0.0411906133837507	7.85118973644476	0.619424676764687	org.Hs.eg.db
NTM3_ASD_signed	500	ASD_down	177	PRRT3	ENSG00000163704	ENSG00000163704.11_1	-3.49731009797539	-1.31298747193903	-0.276919128481091	0.0741647517321084	-3.73383746339979	0.000318192473031401	0.0411906133837507	5.17752521227323	0.412749735823139	org.Hs.eg.db
NTM3_ASD_signed	500	ASD_up	178	SLC16A9	ENSG00000165449	ENSG00000165449.11_1	3.49675533939778	0.764452742835878	0.50285723960153	0.134688996999602	3.73346933159666	0.000318599185068011	0.0411906133837507	3.19614467927733	0.70587794778126	org.Hs.eg.db
NTM3_ASD_signed	500	ASD_up	179	PCDHGB6	ENSG00000253305	ENSG00000253305.2_2	3.48911941149687	0.762184650859828	0.29392842257418	0.0788350055911029	3.72839984433707	0.000324250450765811	0.0411906133837507	3.65894774899354	0.444512548119705	org.Hs.eg.db
NTM3_ASD_signed	500	ASD_up	180	ZFAS1	ENSG00000177410	ENSG00000177410.12_1	3.48827364234565	0.761933432900418	0.264993747634586	0.0710851015754108	3.72783806679191	0.000324882529342646	0.0411906133837507	3.7981018239558	0.380059635307267	org.Hs.eg.db
NTM3_ASD_signed	500	ASD_up	181	RPS11	ENSG00000142534	ENSG00000142534.6_2	3.48485269496908	0.760917312345591	0.228276748791643	0.0612730508318155	3.72556524757068	0.000327451741902503	0.0411906133837507	7.39038552786404	0.32004197174081	org.Hs.eg.db
NTM3_ASD_signed	500	ASD_up	182	DDIT4L	ENSG00000145358	ENSG00000145358.6_2	3.4845941930119	0.760840529769526	0.526865216029901	0.141425387863391	3.72539346711089	0.000327646706647804	0.0411906133837507	1.70496550295971	0.762773251218893	org.Hs.eg.db
NTM3_ASD_signed	500	ASD_up	183	LYPLAL1-DT	ENSG00000228063	ENSG00000228063.1_1	3.48084563378832	0.759727098997644	0.303351341639486	0.0814824968346058	3.72290189211104	0.00033048698890015	0.0411906133837507	-1.49241226167382	0.425944275679442	org.Hs.eg.db
NTM3_ASD_signed	500	ASD_up	184	PNP	ENSG00000198805	ENSG00000198805.11_2	3.47911374691331	0.759212678382937	0.627838143729892	0.168694318071443	3.72175038796506	0.000331807541811681	0.0411906133837507	2.75936809016785	0.890532222546517	org.Hs.eg.db
NTM3_ASD_signed	500	ASD_down	185	CACNB1	ENSG00000067191	ENSG00000067191.15_1	-3.47161258955423	-1.30535456688665	-0.303006396985058	0.0815243300619087	-3.71676034326143	0.000337588318527892	0.0411906133837507	6.53617623484495	0.442813836890576	org.Hs.eg.db
NTM3_ASD_signed	500	ASD_down	186	BCL11B	ENSG00000127152	ENSG00000127152.17_1	-3.46962817893975	-1.30476513939986	-0.275125537168543	0.0740492573312718	-3.71543952071961	0.00033913438165882	0.0411906133837507	4.56007302384289	0.400397515425408	org.Hs.eg.db
NTM3_ASD_signed	500	ASD_down	187	KLF13	ENSG00000169926	ENSG00000169926.10_2	-3.46890176256176	-1.30454937267451	-0.182131243430799	0.0490264881271413	-3.71495594296851	0.000339702104537109	0.0411906133837507	7.25386047168533	0.304166748549271	org.Hs.eg.db
NTM3_ASD_signed	500	ASD_up	188	CAPN8	ENSG00000203697	ENSG00000203697.11_2	3.46750166028192	0.755763551982633	0.57518591594726	0.154868668217888	3.71402377618447	0.000340799021943528	0.0411906133837507	-2.67937125636819	0.96458116769947	org.Hs.eg.db
NTM3_ASD_signed	500	ASD_up	189	RIPK2	ENSG00000104312	ENSG00000104312.7_1	3.46485809292967	0.754978335833714	0.220283567199726	0.0593394240275603	3.71226331919593	0.000342879805285143	0.0411906133837507	2.73748908233821	0.325335808579622	org.Hs.eg.db
NTM3_ASD_signed	500	ASD_down	190	KCNF1	ENSG00000162975	ENSG00000162975.4_2	-3.46274379623636	-1.30272027813713	-0.365114243638117	0.0983908694095352	-3.71085493836213	0.000344553133382817	0.0411906133837507	5.73828624389416	0.619627768214515	org.Hs.eg.db
NTM3_ASD_signed	500	ASD_up	191	ENO3	ENSG00000108515	ENSG00000108515.17_2	3.46211433818887	0.754163361125648	0.279757428090697	0.0753974627452075	3.71043557574462	0.000345052884127323	0.0411906133837507	0.190439916055159	0.395405098842074	org.Hs.eg.db
NTM3_ASD_signed	500	ASD_up	192	NUPR1	ENSG00000176046	ENSG00000176046.8_1	3.46040253172887	0.753654904976394	0.61264494036532	0.165164794289977	3.70929496808933	0.000346415621592166	0.0411906133837507	2.09652832575576	0.915960668739339	org.Hs.eg.db
NTM3_ASD_signed	500	ASD_up	193	C4B	ENSG00000224389	ENSG00000224389.8_1	3.45793567959398	0.752922178370556	0.741936836419673	0.200109682337001	3.70765086304115	0.000348388908730367	0.0411906133837507	4.22823742271765	1.06491427580496	org.Hs.eg.db
NTM3_ASD_signed	500	ASD_up	194	MGST1	ENSG00000008394	ENSG00000008394.12_2	3.45555374496255	0.752214674725272	0.555516928333663	0.149894090311193	3.70606290868681	0.000350304934560341	0.0411906133837507	3.43954136948241	0.817541853844516	org.Hs.eg.db
NTM3_ASD_signed	500	ASD_up	195	H3-3A	ENSG00000163041	ENSG00000163041.9_1	3.45287427814487	0.751418795394281	0.177483232646638	0.0479130682965336	3.70427607658511	0.00035247289198512	0.0411906133837507	5.15695859886548	0.280387781977865	org.Hs.eg.db
NTM3_ASD_signed	500	ASD_up	196	SLC25A43	ENSG00000077713	ENSG00000077713.18_2	3.44768609884499	0.74987775572064	0.294362809424514	0.0795400021174646	3.70081470440244	0.000356708863775596	0.0411906133837507	1.97513582802465	0.432410992008956	org.Hs.eg.db
NTM3_ASD_signed	500	ASD_up	197	PCDHGB7	ENSG00000254122	ENSG00000254122.2_2	3.44765391182497	0.749868195242493	0.271871874470874	0.073463135610819	3.70079322384431	0.000356735301645035	0.0411906133837507	4.02814228997911	0.43298141147254	org.Hs.eg.db
NTM3_ASD_signed	500	ASD_up	198	GNG12	ENSG00000172380	ENSG00000172380.5_1	3.44756447097343	0.749841628716416	0.447276349088247	0.120861538674528	3.70073353354149	0.000356808777123597	0.0411906133837507	4.44369868975626	0.629374955250808	org.Hs.eg.db
NTM3_ASD_signed	500	ASD_down	199	CHGA	ENSG00000100604	ENSG00000100604.12_2	-3.44278448125473	-1.29679178290449	-0.448107915704041	0.121190737755711	-3.69754260104688	0.000360757624669602	0.0411906133837507	7.28780854715954	0.6263541456081	org.Hs.eg.db
NTM3_ASD_signed	500	ASD_up	200	CNN3	ENSG00000117519	ENSG00000117519.15_1	3.44212426536059	0.748225729920791	0.429860921131936	0.116269703351187	3.69710172764062	0.000361306466662468	0.0411906133837507	6.52695286070209	0.607143353705998	org.Hs.eg.db
NTM3_ASD_signed	500	ASD_down	201	MAP3K9	ENSG00000006432	ENSG00000006432.15_2	-3.43834150703	-1.295472090744	-0.332351575149661	0.0899566445647939	-3.69457505621249	0.00036446723576779	0.0411906133837507	7.05856984734887	0.470635143327288	org.Hs.eg.db
NTM3_ASD_signed	500	ASD_up	202	WDR49	ENSG00000174776	ENSG00000174776.10_2	3.43743533252677	0.746832980922291	0.313038106081715	0.0847430105111581	3.69396961700454	0.000365228506592648	0.0411906133837507	2.59399216194575	0.450600735838805	org.Hs.eg.db
NTM3_ASD_signed	500	ASD_down	203	LOC101927588	ENSG00000214803	ENSG00000214803.3_1	-3.43654102360364	-1.29493729496472	-0.530920928832995	0.143749647388648	-3.69337204283759	0.000365981368201397	0.0411906133837507	-1.65413262355738	0.804468160656965	org.Hs.eg.db
NTM3_ASD_signed	500	ASD_up	204	PCDHGB3	ENSG00000262209	ENSG00000262209.2_2	3.43552966948157	0.746266943746721	0.245231210256163	0.0664097986968173	3.6926961844249	0.000366834632724909	0.0411906133837507	2.65809362684024	0.386362448893968	org.Hs.eg.db
NTM3_ASD_signed	500	ASD_up	205	PPBP	ENSG00000163736	ENSG00000163736.3_1	3.43435788324216	0.745918889259862	0.901901527876737	0.244291109891758	3.69191301425728	0.000367825739483584	0.0411906133837507	-3.66232710553714	1.31156375722764	org.Hs.eg.db
NTM3_ASD_signed	500	ASD_up	206	FZD7	ENSG00000155760	ENSG00000155760.2_1	3.43395983736755	0.745800658094506	0.396381345009846	0.107372495254697	3.69164695362247	0.000368163019003325	0.0411906133837507	1.89027911800396	0.553549265550905	org.Hs.eg.db
NTM3_ASD_signed	500	ASD_up	207	MR1	ENSG00000153029	ENSG00000153029.14_1	3.42823303530704	0.744099631844596	0.340045268436763	0.0922077219481191	3.68781769305709	0.000373049931597196	0.0411906133837507	2.92155571177926	0.477393385649208	org.Hs.eg.db
NTM3_ASD_signed	500	ASD_down	208	PEX5L	ENSG00000114757	ENSG00000114757.18_2	-3.42546754570567	-1.29164815097419	-0.295047528859462	0.0800461533434133	-3.68596761412946	0.000375433009072442	0.0411906133837507	8.44515529116836	0.430808947579679	org.Hs.eg.db
NTM3_ASD_signed	500	ASD_up	209	ZNF274	ENSG00000171606	ENSG00000171606.17_1	3.42480286455692	0.743080771680411	0.229664057476316	0.0623151900340049	3.68552286129579	0.000376008043554101	0.0411906133837507	3.80103306337898	0.346074348064245	org.Hs.eg.db
NTM3_ASD_signed	500	ASD_down	210	DAGLA	ENSG00000134780	ENSG00000134780.9_1	-3.42275976985864	-1.29084386304072	-0.27092501151466	0.0735378858865959	-3.68415556482625	0.000377781102886635	0.0411906133837507	6.06639712398609	0.413208596456849	org.Hs.eg.db
NTM3_ASD_signed	500	ASD_up	211	GALNT4	ENSG00000257594	ENSG00000257594.3_2	3.42234854493874	0.742351767595393	0.367670113303316	0.0998051188332998	3.68388032198448	0.000378138985806698	0.0411906133837507	2.41009447264868	0.517136803637501	org.Hs.eg.db
NTM3_ASD_signed	500	ASD_down	212	TESC	ENSG00000088992	ENSG00000088992.17_1	-3.41264044081996	-1.28783812892517	-0.331782610103736	0.0902225869881923	-3.67737859420012	0.000386686988757858	0.0418778728093393	3.9042009736293	0.488335432981303	org.Hs.eg.db
NTM3_ASD_signed	500	ASD_down	213	SFTPD	ENSG00000133661	ENSG00000133661.15_2	-3.40961996127914	-1.28694095892838	-0.382930297789316	0.10418867866406	-3.67535420066141	0.000389385736309456	0.0418778728093393	0.291457288885778	0.538338383655425	org.Hs.eg.db
NTM3_ASD_signed	500	ASD_down	214	FAM43B	ENSG00000183114	ENSG00000183114.7_1	-3.40660386600902	-1.2860450911871	-0.298129632904279	0.0811605459818049	-3.6733320272527	0.000392099360508062	0.0418778728093393	3.14215590181853	0.466692898296244	org.Hs.eg.db
NTM3_ASD_signed	500	ASD_up	215	SERP1	ENSG00000120742	ENSG00000120742.10_1	3.40433559135836	0.737001398130048	0.225463401270244	0.0614038728357991	3.67181076465907	0.000394152611744116	0.0418778728093393	6.23511475650285	0.31750154920706	org.Hs.eg.db
NTM3_ASD_signed	500	ASD_up	216	PCDHGB2	ENSG00000253910	ENSG00000253910.2_2	3.39950978530903	0.735567993818155	0.187213725807789	0.0510317585252773	3.66857288907764	0.000398556792127202	0.0418778728093393	3.59539237241529	0.276464035018116	org.Hs.eg.db
NTM3_ASD_signed	500	ASD_up	217	RNF114	ENSG00000124226	ENSG00000124226.10_2	3.39851381834001	0.735272162752155	0.150570738762574	0.041050889478901	3.66790441507883	0.000399471850749187	0.0418778728093393	4.88128529490313	0.227098799190734	org.Hs.eg.db
NTM3_ASD_signed	500	ASD_down	218	DIRAS1	ENSG00000176490	ENSG00000176490.4_2	-3.39655317807332	-1.28305974546925	-0.378661403469174	0.103273500758774	-3.66658824080779	0.000401279359784997	0.0418778728093393	6.85182757135907	0.556891505805159	org.Hs.eg.db
NTM3_ASD_signed	500	ASD_down	219	DGCR5	ENSG00000273032	ENSG00000273032.1_2	-3.39409679521988	-1.28233012854355	-0.396630600266942	0.108222979178208	-3.66493884458512	0.000403555438817909	0.0418778728093393	4.54271360475771	0.60018167080122	org.Hs.eg.db
NTM3_ASD_signed	500	ASD_down	220	RAB11FIP5	ENSG00000135631	ENSG00000135631.16_2	-3.39366435868832	-1.28220168235598	-0.212996921997806	0.05812206173219	-3.66464842522682	0.000403957467932119	0.0418778728093393	6.32685007007448	0.299373762346718	org.Hs.eg.db
NTM3_ASD_signed	500	ASD_up	221	AKR1C3	ENSG00000196139	ENSG00000196139.13_2	3.39240390366122	0.73345734094698	0.393029983380696	0.107273810444241	3.66380183339331	0.000405131578682786	0.0418778728093393	2.30657777489591	0.614076023589388	org.Hs.eg.db
NTM3_ASD_signed	500	ASD_down	222	PHF24	ENSG00000122733	ENSG00000122733.12_1	-3.39086086941949	-1.2813689647612	-0.33682478155869	0.0919591500980873	-3.66276527348741	0.00040657355820939	0.0418778728093393	7.93804084041291	0.532668134229502	org.Hs.eg.db
NTM3_ASD_signed	500	ASD_up	223	IFI16	ENSG00000163565	ENSG00000163565.18_2	3.39033209452995	0.732841953566753	0.531806093373165	0.145206596481492	3.66241001620713	0.000407068882991014	0.0418778728093393	3.85948938294064	0.75997162056713	org.Hs.eg.db
NTM3_ASD_signed	500	ASD_up	224	GNA13	ENSG00000120063	ENSG00000120063.9_1	3.38940828890438	0.732567556511937	0.333434309452753	0.0910577539435917	3.66178930417401	0.000407935697518745	0.0418778728093393	5.98138881350989	0.477434415315041	org.Hs.eg.db
NTM3_ASD_signed	500	ASD_up	225	GEM	ENSG00000164949	ENSG00000164949.7_2	3.3892816716573	0.732529947518526	0.673677895703844	0.183979331626053	3.66170422378274	0.000408054647280565	0.0418778728093393	2.38009262345405	0.959135892699978	org.Hs.eg.db
NTM3_ASD_signed	500	ASD_down	226	INKA2	ENSG00000197852	ENSG00000197852.9_1	-3.3859253836118	-1.27990298238112	-0.281022719655025	0.0767937353182448	-3.65944850176156	0.00041122036704656	0.0419359871469395	6.16755786052088	0.467975466445122	org.Hs.eg.db
NTM3_ASD_signed	500	ASD_down	227	ARIH2	ENSG00000177479	ENSG00000177479.19_1	-3.38510495434062	-1.27965929110076	-0.13541606920993	0.0370100799608292	-3.65889696410415	0.000411997941047401	0.0419359871469395	6.19086679579889	0.200557419236304	org.Hs.eg.db
NTM3_ASD_signed	500	ASD_up	228	LTBR	ENSG00000111321	ENSG00000111321.10_1	3.38223801985956	0.730437778717056	0.486721622515338	0.133094262430977	3.6569692308694	0.000414726684823578	0.0420414365072587	2.18286907962953	0.714655680358196	org.Hs.eg.db
NTM3_ASD_signed	500	ASD_up	229	CD109-AS1	ENSG00000231652	ENSG00000231652.2_1	3.37816582235212	0.729228217991579	0.364360777909796	0.0997093185999466	3.65422994586577	0.000418633691850383	0.0421222691224777	-0.817075233854033	0.627877525687819	org.Hs.eg.db
NTM3_ASD_signed	500	ASD_down	230	INF2	ENSG00000203485	ENSG00000203485.12_1	-3.37768521892548	-1.27745541456108	-0.307500507946833	0.0841566423197127	-3.65390656602759	0.000419097221002838	0.0421222691224777	6.71807027852928	0.448698932529652	org.Hs.eg.db
NTM3_ASD_signed	500	ASD_down	231	ATXN1	ENSG00000124788	ENSG00000124788.17_2	-3.3758842283766	-1.27692046815171	-0.117549906831647	0.0321816960495	-3.65269458299644	0.00042083879812077	0.0421222691224777	8.10460072253065	0.177151149135428	org.Hs.eg.db
NTM3_ASD_signed	500	ASD_down	232	ROCK2	ENSG00000134318	ENSG00000134318.13_2	-3.37161949569335	-1.27565371889681	-0.176384746203526	0.0483269238758619	-3.6498235777764	0.000424991754658491	0.0421222691224777	8.05641114339138	0.265806923397389	org.Hs.eg.db
NTM3_ASD_signed	500	ASD_down	233	ANKRD52	ENSG00000139645	ENSG00000139645.9_1	-3.37036411151274	-1.27528083339765	-0.179094431023952	0.049080707601843	-3.64897817848956	0.000426222025378273	0.0421222691224777	6.38255124246922	0.273621171164614	org.Hs.eg.db
NTM3_ASD_signed	500	ASD_up	234	ABHD3	ENSG00000158201	ENSG00000158201.9_2	3.36787247027769	0.726170793988939	0.434198145744897	0.119046461615622	3.64729988487048	0.000428674381307935	0.0421222691224777	2.85029984613336	0.630226621865805	org.Hs.eg.db
NTM3_ASD_signed	500	ASD_down	235	KCNB1	ENSG00000158445	ENSG00000158445.9_2	-3.35672516541186	-1.2712296709699	-0.361696811577674	0.0993731181726482	-3.63978526817758	0.000439819858600647	0.0428617063978014	8.30991877188019	0.532266536523325	org.Hs.eg.db
NTM3_ASD_signed	500	ASD_down	236	KCNA1	ENSG00000111262	ENSG00000111262.4_1	-3.35506995293236	-1.27073802487369	-0.445011020824811	0.122300508708276	-3.63866860019609	0.000441499328190256	0.0428617063978014	6.6651072625866	0.656961217329413	org.Hs.eg.db
NTM3_ASD_signed	500	ASD_down	237	R3HDM2	ENSG00000179912	ENSG00000179912.20_2	-3.35290936809116	-1.27009626853373	-0.199891502118136	0.0549573618568746	-3.63721065502951	0.000443701229251532	0.0428617063978014	6.74759921929617	0.296122965293035	org.Hs.eg.db
NTM3_ASD_signed	500	ASD_down	238	BRSK1	ENSG00000160469	ENSG00000160469.16_2	-3.35207227842145	-1.26984762863197	-0.225394753994988	0.0619787499499001	-3.63664569190543	0.000444557274882578	0.0428617063978014	7.54635546781132	0.352067668751873	org.Hs.eg.db
NTM3_ASD_signed	500	ASD_down	239	NEFH	ENSG00000100285	ENSG00000100285.9_1	-3.351392488155	-1.26964571121359	-0.512659647367115	0.140988257330064	-3.63618685041932	0.000445253674127587	0.0428617063978014	6.55436157522069	0.759872306931735	org.Hs.eg.db
NTM3_ASD_signed	500	ASD_up	240	SWI5	ENSG00000175854	ENSG00000175854.11_1	3.34290315717444	0.71875418405864	0.164450642563973	0.0452975470098934	3.63045359891243	0.000454042851854418	0.0432507019531378	2.24989281529329	0.248974288879557	org.Hs.eg.db
NTM3_ASD_signed	500	ASD_up	241	ASAP3	ENSG00000088280	ENSG00000088280.18_2	3.34090670427579	0.718161179664314	0.267560004122688	0.0737261790345845	3.62910444602286	0.000456134892937805	0.0432507019531378	4.35258670870999	0.395153916395749	org.Hs.eg.db
NTM3_ASD_signed	500	ASD_up	242	LPP-AS2	ENSG00000270959	ENSG00000270959.1_1	3.34003887810913	0.717903410131814	0.316524589602345	0.0872324732167374	3.62851788938633	0.000457047272840979	0.0432507019531378	0.626151602039816	0.472738352042665	org.Hs.eg.db
NTM3_ASD_signed	500	ASD_up	243	PCDHGB8P	ENSG00000248449	ENSG00000248449.2_2	3.33626197966249	0.716781561789042	0.332419484380603	0.0916775367627909	3.62596439780788	0.000461039377661984	0.0432507019531378	1.8768933314138	0.510027497662485	org.Hs.eg.db
NTM3_ASD_signed	500	ASD_down	244	TAOK2	ENSG00000149930	ENSG00000149930.17_1	-3.33567711176275	-1.26497778878708	-0.142277923216091	0.0392429238331614	-3.62556887506589	0.000461660681393152	0.0432507019531378	6.85464141526231	0.226175936742907	org.Hs.eg.db
NTM3_ASD_signed	500	ASD_up	245	TGDS	ENSG00000088451	ENSG00000088451.10_1	3.33513172436888	0.716445843197198	0.193766482632861	0.0534498734506704	3.62520002618323	0.000462240799464662	0.0432507019531378	1.70598430381653	0.283013260436469	org.Hs.eg.db
NTM3_ASD_signed	500	ASD_up	246	DDX31	ENSG00000125485	ENSG00000125485.17_2	3.33420685414319	0.716171129925281	0.157747119681981	0.0435215556387	3.62457447503807	0.000463226232869007	0.0432507019531378	2.89978041678892	0.233253976538564	org.Hs.eg.db
NTM3_ASD_signed	500	ASD_up	247	SLC44A3-AS1	ENSG00000224081	ENSG00000224081.8_1	3.33117921164163	0.715271832321474	0.418926899215804	0.115644960821281	3.62252618912827	0.000466466853021493	0.0433901526653251	1.29601829567766	0.602688802722446	org.Hs.eg.db
NTM3_ASD_signed	500	ASD_up	248	MT2A	ENSG00000125148	ENSG00000125148.6_1	3.32880767382884	0.714567416832761	0.59932215340594	0.165516483728071	3.62092125150854	0.00046902104089795	0.0434649498945578	4.15230317278871	0.887618142449409	org.Hs.eg.db
NTM3_ASD_signed	500	ASD_up	249	CAPN2	ENSG00000162909	ENSG00000162909.17_1	3.32092362370177	0.712225625361701	0.226406182929706	0.0626195610908162	3.61558239926582	0.000477613260737785	0.0439784108066049	6.14909882353076	0.369832928292644	org.Hs.eg.db
NTM3_ASD_signed	500	ASD_down	250	PLCB1	ENSG00000182621	ENSG00000182621.17_2	-3.32047835526877	-1.26046331744879	-0.336146122423312	0.0929792589084953	-3.61528072356575	0.000478103193661754	0.0439784108066049	8.4922681060925	0.520619535333707	org.Hs.eg.db
NTM3_ASD_signed	500	ASD_up	251	RAB13	ENSG00000143545	ENSG00000143545.8_1	3.3113018423827	0.709367677344345	0.523983307555279	0.145185540828068	3.60905985931334	0.000488312855263674	0.0445004129704234	2.31217918329957	0.795966676469747	org.Hs.eg.db
NTM3_ASD_signed	500	ASD_down	252	TESPA1	ENSG00000135426	ENSG00000135426.15_2	-3.31014591703913	-1.25739428372482	-0.466753981127799	0.129356516369957	-3.60827575004334	0.000489614287988268	0.0445004129704234	6.59990257367631	0.665624152179647	org.Hs.eg.db
NTM3_ASD_signed	500	ASD_up	253	LMNB1	ENSG00000113368	ENSG00000113368.11_1	3.30815570909612	0.708433184541967	0.243078802040958	0.0673922444724864	3.60692545475611	0.000491863154673482	0.0445004129704234	2.59951200940499	0.347836615360143	org.Hs.eg.db
NTM3_ASD_signed	500	ASD_up	254	RHOD	ENSG00000173156	ENSG00000173156.6_1	3.30645805198657	0.70792893116003	0.586498319122526	0.162655346371828	3.60577338651874	0.000493789610527072	0.0445004129704234	-1.94470934714919	0.866767108402968	org.Hs.eg.db
NTM3_ASD_signed	500	ASD_down	255	KAZALD1	ENSG00000107821	ENSG00000107821.14_1	-3.30082086517707	-1.25462447295931	-0.502750928017636	0.139577580432896	-3.60194614678352	0.000500240828350499	0.044851917736148	0.637888501243447	0.871980089797011	org.Hs.eg.db
NTM3_ASD_signed	500	ASD_up	256	PLAUR	ENSG00000011422	ENSG00000011422.11_1	3.29858382759002	0.705590058215814	0.764970152895718	0.212466530209769	3.60042662785739	0.000502824201275673	0.0449172041073663	1.02475718836246	1.1120009386599	org.Hs.eg.db
NTM3_ASD_signed	500	ASD_up	257	SEC11A	ENSG00000140612	ENSG00000140612.13_1	3.29572482742625	0.704740852275799	0.210423557651096	0.0584756124750457	3.59848403025952	0.000506145258245758	0.0449172041073663	3.9616714011334	0.309725734756868	org.Hs.eg.db
NTM3_ASD_signed	500	ASD_up	258	ATP6V0E1	ENSG00000113732	ENSG00000113732.8_2	3.29390668089891	0.704200810043413	0.307539041403601	0.0854928588258726	3.59724830386103	0.000508268645139753	0.0449172041073663	4.01493321466432	0.44211471392913	org.Hs.eg.db
NTM3_ASD_signed	500	ASD_up	259	S100A11	ENSG00000163191	ENSG00000163191.5_1	3.29381590071067	0.704173845695505	0.720824744170505	0.200385697208286	3.59718659671234	0.000508374899186065	0.0449172041073663	0.654223641927243	1.07174169531381	org.Hs.eg.db
NTM3_ASD_signed	500	ASD_up	260	TAF1A-AS1	ENSG00000225265	ENSG00000225265.1_1	3.29133957399187	0.70343830486355	0.233896580334772	0.0650525325685834	3.5955030665129	0.000511281908901797	0.0449172041073663	-0.563321954998162	0.349238075832392	org.Hs.eg.db
NTM3_ASD_signed	500	ASD_up	261	PLP2	ENSG00000102007	ENSG00000102007.10_1	3.29088250008456	0.703302540661072	0.661499316808723	0.183995532740821	3.59519226882818	0.000511820291608337	0.0449172041073663	-0.278916801516294	0.988528747166044	org.Hs.eg.db
NTM3_ASD_signed	500	ASD_down	262	DNAJC28	ENSG00000177692	ENSG00000177692.11_1	-3.28537762297503	-1.25003738227732	-0.225299715267678	0.0627322829866157	-3.59144772900657	0.000518349133670264	0.0451545053199614	2.44863483290492	0.340215515414746	org.Hs.eg.db
NTM3_ASD_signed	500	ASD_down	263	CYP24A1	ENSG00000019186	ENSG00000019186.9_1	-3.28314469298598	-1.24937413733093	-0.68687933871987	0.191335123322722	-3.5899281156096	0.000521021094674454	0.0451545053199614	-0.337574961810345	1.18063462158809	org.Hs.eg.db
NTM3_ASD_signed	500	ASD_up	264	PLCB3	ENSG00000149782	ENSG00000149782.11_1	3.28205607494575	0.700680836489122	0.282230039651606	0.0786334150731829	3.58918710816438	0.000522328742950134	0.0451545053199614	3.43726116569067	0.442526929653532	org.Hs.eg.db
NTM3_ASD_signed	500	ASD_down	265	SMPD3	ENSG00000103056	ENSG00000103056.11_2	-3.28119721655224	-1.24879568036667	-0.324992678460121	0.0905624641578662	-3.58860242466019	0.000523362719473268	0.0451545053199614	5.21889869827639	0.598335482150894	org.Hs.eg.db
NTM3_ASD_signed	500	ASD_up	266	TMEM216	ENSG00000187049	ENSG00000187049.9_1	3.28001814309097	0.70007551164222	0.229901418437992	0.0640786668720839	3.58779964784426	0.000524785536345595	0.0451545053199614	1.67813964174054	0.356044927275617	org.Hs.eg.db
NTM3_ASD_signed	500	ASD_down	267	CORO2B	ENSG00000103647	ENSG00000103647.12_1	-3.27940371073112	-1.24826295713844	-0.184827119834308	0.05152145988833	-3.58738126277694	0.000525528519347984	0.0451545053199614	6.72321019413127	0.272818106071944	org.Hs.eg.db
NTM3_ASD_signed	500	ASD_up	268	LIX1	ENSG00000145721	ENSG00000145721.11_1	3.27723135135709	0.699247753699432	0.387747468618003	0.108131090008816	3.585901784458	0.000528163820687256	0.0451545053199614	4.22654101815259	0.567365385957812	org.Hs.eg.db
NTM3_ASD_signed	500	ASD_up	269	NUP98	ENSG00000110713	ENSG00000110713.15_2	3.2756149923817	0.69876764822043	0.143238481611577	0.0399571672695913	3.58480071034931	0.00053013320550981	0.0451545053199614	5.98609684379283	0.20929227062588	org.Hs.eg.db
NTM3_ASD_signed	500	ASD_down	270	GSK3B	ENSG00000082701	ENSG00000082701.14_2	-3.27499771090141	-1.24695424744527	-0.223893189753602	0.0624635725015675	-3.58438015609791	0.000530887242447605	0.0451545053199614	7.34396774915512	0.337101295906072	org.Hs.eg.db
NTM3_ASD_signed	500	ASD_up	271	FAM107A	ENSG00000168309	ENSG00000168309.16_1	3.27022045724846	0.69716531488138	0.427097634718408	0.119263559791717	3.5811243221676	0.000536759256623894	0.0454072014215138	8.76305658605543	0.693023195401794	org.Hs.eg.db
NTM3_ASD_signed	500	ASD_up	272	XPO1	ENSG00000082898	ENSG00000082898.16_1	3.26960958487376	0.696983868074988	0.162016500163258	0.0452470591485903	3.580707856199	0.000537514785711268	0.0454072014215138	7.31416349513002	0.236595113388567	org.Hs.eg.db
NTM3_ASD_signed	500	ASD_up	273	CBFB	ENSG00000067955	ENSG00000067955.13_2	3.26795763732878	0.696493191758994	0.31638801707514	0.0883868741324784	3.57958147270739	0.000539563250920034	0.0454257386435592	3.98279370275009	0.45677744512036	org.Hs.eg.db
NTM3_ASD_signed	500	ASD_up	274	PXN	ENSG00000089159	ENSG00000089159.16_2	3.26202129357124	0.694729925549795	0.449295277134369	0.125658306262964	3.57553185695607	0.000546989143216734	0.0458953458139554	3.69079401073623	0.728999559389105	org.Hs.eg.db
NTM3_ASD_signed	500	ASD_up	275	PLTP	ENSG00000100979	ENSG00000100979.14_2	3.26047175899106	0.694269668853617	0.429849868982158	0.12025540856958	3.57447431342306	0.000548944250823317	0.0459043077893868	4.77644426093883	0.644121239257573	org.Hs.eg.db
NTM3_ASD_signed	500	ASD_up	276	RPL13	ENSG00000167526	ENSG00000167526.13_1	3.25859299304341	0.693711620895854	0.157892480905285	0.0441880788390735	3.5731917986366	0.000551324137794204	0.0459486116988485	7.57363280558882	0.248026658289219	org.Hs.eg.db
NTM3_ASD_signed	500	ASD_down	277	ADGRA1	ENSG00000197177	ENSG00000197177.15_2	-3.24831482673612	-1.23902865722775	-0.305532115821464	0.085675135210542	-3.56617022045703	0.000564527591729742	0.0468399241277425	5.63680876725589	0.455372357492663	org.Hs.eg.db
NTM3_ASD_signed	500	ASD_up	278	LIMS4	ENSG00000256671	ENSG00000256671.6_2	3.2459487896433	0.689955925890939	0.418030080285335	0.117274208108574	3.56455257321641	0.000567611532059779	0.0468399241277425	0.0168938165383825	0.608004024556002	org.Hs.eg.db
NTM3_ASD_signed	500	ASD_up	279	HPS5	ENSG00000110756	ENSG00000110756.17_1	3.24554100799242	0.689834802917761	0.226084200265894	0.0634306502831596	3.56427372660749	0.000568144742305162	0.0468399241277425	4.2608554114979	0.341755092132906	org.Hs.eg.db
NTM3_ASD_signed	500	ASD_down	280	FGF13	ENSG00000129682	ENSG00000129682.14_2	-3.23698201091079	-1.23566248235378	-0.286984977527975	0.0806496042813574	-3.55841767712571	0.000579452697676782	0.0473331057614756	7.07051863446776	0.479928168949548	org.Hs.eg.db
NTM3_ASD_signed	500	ASD_up	281	ST7-OT4	ENSG00000214188	ENSG00000214188.9_2	3.23583827511466	0.686952809940434	0.410966536280682	0.115516790150831	3.55763465851223	0.000580980725931588	0.0473331057614756	-0.184405112089055	0.630500482165788	org.Hs.eg.db
NTM3_ASD_signed	500	ASD_up	282	MYC	ENSG00000136997	ENSG00000136997.15_1	3.23561681019418	0.686887028438088	0.561930305117809	0.157957269452687	3.55748302730774	0.000581277067855132	0.0473331057614756	1.88736031372353	0.831621434501545	org.Hs.eg.db
NTM3_ASD_signed	500	ASD_up	283	NPL	ENSG00000135838	ENSG00000135838.13_1	3.23178728127474	0.685749547318971	0.429181106324913	0.120730791164101	3.55486038140475	0.000586425327046151	0.0474412359039681	3.13087106075544	0.62909646211524	org.Hs.eg.db
NTM3_ASD_signed	500	ASD_up	284	EZH2	ENSG00000106462	ENSG00000106462.10_2	3.22869760577928	0.684831824117445	0.308875527833382	0.0869400022153879	3.55274350083595	0.000590612173455429	0.0475372026184706	0.95175611892415	0.444751652005205	org.Hs.eg.db
NTM3_ASD_signed	500	ASD_up	285	EMILIN1	ENSG00000138080	ENSG00000138080.13_1	3.22808955016484	0.684651213970517	0.370026247629718	0.104164472703163	3.55232679652862	0.000591439668590248	0.0475372026184706	2.421171001708	0.548470191755341	org.Hs.eg.db
NTM3_ASD_signed	500	ASD_down	286	GP1BB	ENSG00000203618	ENSG00000203618.5_2	-3.21650388209592	-1.22957988437064	-0.39578332656503	0.11166500784851	-3.54438094968809	0.000607429833111385	0.0483529722280588	4.94282198019943	0.685855782821874	org.Hs.eg.db
NTM3_ASD_signed	500	ASD_up	287	LOC105379362	ENSG00000247134	ENSG00000247134.6_2	3.20504197824997	0.677805416890464	0.326136602867229	0.0922199403028574	3.53650850126525	0.000623674549127076	0.0488737387746178	-1.41899661715124	0.49956646524741	org.Hs.eg.db
NTM3_ASD_signed	500	ASD_up	288	DANCR	ENSG00000226950	ENSG00000226950.6_1	3.20503733325836	0.677804037193284	0.183349021082614	0.0518446899081699	3.53650530859326	0.000623681219666672	0.0488737387746178	3.66605387263662	0.270759005835856	org.Hs.eg.db
NTM3_ASD_signed	500	ASD_down	289	DACT2	ENSG00000164488	ENSG00000164488.11_2	-3.20490382588692	-1.22613433135458	-0.46398905988524	0.131203281008695	-3.53641354330531	0.000623872976282352	0.0488737387746178	0.320776007526903	0.704165902916817	org.Hs.eg.db
NTM3_ASD_signed	500	ASD_up	290	IFITM2	ENSG00000185201	ENSG00000185201.16_2	3.20421394123029	0.67755946588823	0.776826685709069	0.219694574169873	3.53593933143023	0.000624864797367984	0.0488737387746178	2.02658777164972	1.21181794342535	org.Hs.eg.db
NTM3_ASD_signed	500	ASD_down	291	NEFM	ENSG00000104722	ENSG00000104722.13_1	-3.20149587728076	-1.22512207181144	-0.458517029360496	0.12974189904401	-3.53407058736641	0.000628787823117095	0.0488737387746178	7.79462773460037	0.709568307869008	org.Hs.eg.db
NTM3_ASD_signed	500	ASD_up	292	RPL11	ENSG00000142676	ENSG00000142676.12_1	3.19960881701924	0.676191610480567	0.226592720088029	0.064140190403945	3.53277280065717	0.000631525924044669	0.0488737387746178	6.57039525190979	0.336496172106658	org.Hs.eg.db
NTM3_ASD_signed	500	ASD_down	293	BRD3OS	ENSG00000235106	ENSG00000235106.9_2	-3.19761242420433	-1.22396857365427	-0.135653179644539	0.0384134336277853	-3.53139948276891	0.000634435645715852	0.0488737387746178	5.82586654015861	0.203857117633054	org.Hs.eg.db
NTM3_ASD_signed	500	ASD_up	294	IFITM3	ENSG00000142089	ENSG00000142089.15_2	3.19581984291415	0.675066175317123	0.725141198022513	0.205412772069758	3.5301660686233	0.0006370597356943	0.0488737387746178	4.06572104726882	1.12094606397324	org.Hs.eg.db
NTM3_ASD_signed	500	ASD_up	295	CD44	ENSG00000026508	ENSG00000026508.16_2	3.19175588393058	0.673859061672094	0.96066049911878	0.272344789278723	3.52736875070381	0.000643049072360916	0.0488737387746178	3.18147844196434	1.40452953960456	org.Hs.eg.db
NTM3_ASD_signed	500	ASD_down	296	LINC02133	ENSG00000261231	ENSG00000261231.6_1	-3.19167273789865	-1.22220431461136	-0.534964293153242	0.151663467351804	-3.52731150417602	0.000643172196414762	0.0488737387746178	-3.01927118857764	0.846098640969676	org.Hs.eg.db
NTM3_ASD_signed	500	ASD_down	297	SYNGR1	ENSG00000100321	ENSG00000100321.14_2	-3.19087299487208	-1.22196676774541	-0.309585613332426	0.0877818561870957	-3.52676084534581	0.000644357673996553	0.0488737387746178	8.73483561919237	0.465862926175568	org.Hs.eg.db
NTM3_ASD_signed	500	ASD_up	298	H2AC11	ENSG00000196787	ENSG00000196787.3_1	3.18929011653717	0.673126657265927	0.625828648511246	0.177506263233136	3.52567079669345	0.000646710457184749	0.0488737387746178	-0.109833628687507	0.924604501484582	org.Hs.eg.db
NTM3_ASD_signed	500	ASD_down	299	TMEM179	ENSG00000258986	ENSG00000258986.6_2	-3.18759600720507	-1.22099340739817	-0.329162357117407	0.0933925358215756	-3.52450390410498	0.000649238092048535	0.0488737387746178	4.92781439756487	0.526441223569165	org.Hs.eg.db
NTM3_ASD_signed	500	ASD_up	300	PEA15	ENSG00000162734	ENSG00000162734.12_2	3.18741891809434	0.672570857076502	0.190147212103737	0.0539519316793851	3.52438191154502	0.000649502881137975	0.0488737387746178	8.72509900162042	0.287519098660181	org.Hs.eg.db
NTM3_ASD_signed	500	ASD_down	301	INPP5J	ENSG00000185133	ENSG00000185133.13_2	-3.18520587734968	-1.22028346953376	-0.301021978163891	0.0854482495287881	-3.52285716587412	0.000652821009408297	0.0488737387746178	3.7599393318453	0.449724930279935	org.Hs.eg.db
NTM3_ASD_signed	500	ASD_up	302	ANG	ENSG00000214274	ENSG00000214274.9_2	3.18465983722871	0.671751330065007	0.494090824159125	0.140267850969615	3.52248088741415	0.000653642319982316	0.0488737387746178	-1.480670895738	0.742474647504142	org.Hs.eg.db
NTM3_ASD_signed	500	ASD_up	303	SNTG2	ENSG00000172554	ENSG00000172554.11_1	3.18442952263871	0.671682919954236	0.565772766993639	0.160624934313453	3.52232216879577	0.000653989050816491	0.0488737387746178	-0.78519805721033	0.958971087510683	org.Hs.eg.db
NTM3_ASD_signed	500	ASD_up	304	TNFRSF10C	ENSG00000173535	ENSG00000173535.13_1	3.18427075157883	0.671635760346182	0.803115972796138	0.228014611725271	3.52221275083806	0.000654228182376989	0.0488737387746178	-1.28891374710841	1.18639776202769	org.Hs.eg.db
NTM3_ASD_signed	500	ASD_down	305	PDE10A	ENSG00000112541	ENSG00000112541.9	-3.18378790230577	-1.21986228983418	-0.202501039027471	0.0574979954573982	-3.5218799788857	0.000654955958773062	0.0488737387746178	4.99488654637311	0.318086505858136	org.Hs.eg.db
NTM3_ASD_signed	500	ASD_up	306	ADAM17	ENSG00000151694	ENSG00000151694.12_1	3.18265490525544	0.671155807139686	0.127240624941615	0.0361366218242497	3.52109905459478	0.000656666853104076	0.0488737387746178	4.99078459917445	0.195282428615493	org.Hs.eg.db
NTM3_ASD_signed	500	ASD_up	307	RNF122	ENSG00000133874	ENSG00000133874.1_1	3.18226252999712	0.671039260311778	0.61387797992339	0.174356111277731	3.52082858137129	0.000657260404868685	0.0488737387746178	0.0487402921534838	0.927781819871533	org.Hs.eg.db
NTM3_ASD_signed	500	ASD_down	308	JAKMIP1	ENSG00000152969	ENSG00000152969.17_2	-3.18022884673963	-1.21880514714286	-0.267529713883689	0.0760151445077233	-3.51942649870919	0.000660345394512063	0.0488737387746178	6.67277214052511	0.423923526504457	org.Hs.eg.db
NTM3_ASD_signed	500	ASD_up	309	VASP	ENSG00000125753	ENSG00000125753.13_1	3.18018013072608	0.670420727352998	0.411414149271798	0.116899181204014	3.51939290792628	0.000660419471436491	0.0488737387746178	2.78279099920843	0.648937864112042	org.Hs.eg.db
NTM3_ASD_signed	500	ASD_up	310	ROBO3	ENSG00000154134	ENSG00000154134.14_1	3.17803815199825	0.669784497568156	0.246843184762155	0.070167451913351	3.51791575767892	0.000663684764314099	0.0488737387746178	3.42769296265876	0.40220081994738	org.Hs.eg.db
NTM3_ASD_signed	500	ASD_up	311	ZNF442	ENSG00000198342	ENSG00000198342.5	3.17708938765945	0.669502687051882	0.299173764620874	0.0850587248400268	3.5172613413091	0.000665136241980223	0.0488737387746178	1.55328801562098	0.447022850663404	org.Hs.eg.db
NTM3_ASD_signed	500	ASD_up	312	CASP1	ENSG00000137752	ENSG00000137752.22_2	3.17149820850231	0.667841944736405	0.550164870526819	0.15659030421406	3.51340316559282	0.000673754674754001	0.0493609767026265	1.03730058717067	0.830077318616881	org.Hs.eg.db
NTM3_ASD_signed	500	ASD_up	313	IGDCC4	ENSG00000103742	ENSG00000103742.11_1	3.16798495082577	0.666798405346123	0.409932561127957	0.116757390000805	3.5109774304233	0.000679227168792128	0.0493878022695989	2.85815632168562	0.727430288163351	org.Hs.eg.db
NTM3_ASD_signed	500	ASD_up	314	RAB38	ENSG00000123892	ENSG00000123892.11_2	3.16758414736567	0.666679355097925	0.477623301848962	0.136047858493145	3.51070062505268	0.000679854306070771	0.0493878022695989	-2.40631768943726	0.705616750828709	org.Hs.eg.db
NTM3_ASD_signed	500	ASD_up	315	PKNOX1	ENSG00000160199	ENSG00000160199.14_1	3.16066762413923	0.664624947167988	0.175807701533424	0.0501459301981397	3.50592163389456	0.000690768262917713	0.0493878022695989	4.11204617100808	0.270631832844853	org.Hs.eg.db
NTM3_ASD_signed	500	ASD_up	316	ACRBP	ENSG00000111644	ENSG00000111644.7_1	3.15945101007169	0.664263577516473	0.416082644970921	0.118708439597632	3.50508056867106	0.000692706064684091	0.0493878022695989	-1.63974924184503	0.638011019545135	org.Hs.eg.db
NTM3_ASD_signed	500	ASD_up	317	PLAAT4	ENSG00000133321	ENSG00000133321.10_1	3.15894312480519	0.664112720867139	0.611826226119471	0.174571601053547	3.50472942006074	0.000693516622989856	0.0493878022695989	1.91852223128089	0.906259270670843	org.Hs.eg.db
NTM3_ASD_signed	500	ASD_up	318	H2AC20	ENSG00000184260	ENSG00000184260.5_1	3.15447913750132	0.662786787212908	0.288454454955743	0.0823769107664793	3.50164205323806	0.000700681841185961	0.0493878022695989	3.44973797779521	0.448815719822861	org.Hs.eg.db
NTM3_ASD_signed	500	ASD_down	319	SYT5	ENSG00000129990	ENSG00000129990.14_2	-3.15341249921284	-1.21083991443746	-0.371520088068389	0.106121184456726	-3.50090408404636	0.000702404848610031	0.0493878022695989	6.15112833947257	0.647412962102247	org.Hs.eg.db
NTM3_ASD_signed	500	ASD_down	320	PTGFRN	ENSG00000134247	ENSG00000134247.9_1	-3.15101868975551	-1.21012888362459	-0.18575024069263	0.0530829098621948	-3.49924752005579	0.00070628715871591	0.0493878022695989	5.41561801052867	0.301653148372155	org.Hs.eg.db
NTM3_ASD_signed	500	ASD_up	321	CCNJL	ENSG00000135083	ENSG00000135083.14_2	3.15098913300119	0.661750154690202	0.291144929881921	0.0832026400809527	3.49922706297118	0.000706335228095747	0.0493878022695989	0.967403643253483	0.536043534951125	org.Hs.eg.db
NTM3_ASD_signed	500	ASD_up	322	STYXL1	ENSG00000127952	ENSG00000127952.16_1	3.15078720108554	0.661690175056615	0.218614813781316	0.0624776677933843	3.49908729794911	0.000706663725915016	0.0493878022695989	3.16376909352864	0.320099137701756	org.Hs.eg.db
NTM3_ASD_signed	500	ASD_up	323	AIM2	ENSG00000163568	ENSG00000163568.14_2	3.15024573610285	0.661529344257988	0.568543563116045	0.162500794617639	3.49871251062996	0.000707545321940686	0.0493878022695989	-2.29068224435656	0.887225165757762	org.Hs.eg.db
NTM3_ASD_signed	500	ASD_up	324	TRIP6	ENSG00000087077	ENSG00000087077.12_2	3.1500708401973	0.661477395103259	0.317846579068947	0.0908498702695926	3.49859144680948	0.000707830316812834	0.0493878022695989	3.00645332563732	0.502584746657114	org.Hs.eg.db
NTM3_ASD_signed	500	ASD_up	325	LRG1	ENSG00000171236	ENSG00000171236.9_2	3.14946794830974	0.661298318732929	0.982000913335561	0.280718136091227	3.4981741009296	0.000708813616202074	0.0493878022695989	-2.04913147395414	1.4506531293455	org.Hs.eg.db
NTM3_ASD_signed	500	ASD_up	326	C1R	ENSG00000159403	ENSG00000159403.11	3.14838947021254	0.660977979469601	0.510019673027355	0.145827091423389	3.49742745363126	0.00071057599159542	0.0493878022695989	3.38632759433521	0.773039877452318	org.Hs.eg.db
NTM3_ASD_signed	500	ASD_up	327	APLNR	ENSG00000134817	ENSG00000134817.10_1	3.14603517376047	0.660278685164904	0.713848390518496	0.204201890195845	3.49579717324781	0.000714438460949445	0.0493878022695989	3.59528285079601	1.06276552263028	org.Hs.eg.db
NTM3_ASD_signed	500	ASD_up	328	PPP1R18	ENSG00000146112	ENSG00000146112.11_1	3.14449150383839	0.659820170442219	0.415912583582499	0.119011433442609	3.49472795639475	0.000716982401866787	0.0493878022695989	3.3814592034744	0.691650241721633	org.Hs.eg.db
NTM3_ASD_signed	500	ASD_down	329	PHACTR1	ENSG00000112137	ENSG00000112137.17_2	-3.14448661155936	-1.20818866701492	-0.209818526959795	0.0600386447947676	-3.49472456743529	0.000716990478639295	0.0493878022695989	8.1812544949396	0.349040661118449	org.Hs.eg.db
NTM3_ASD_signed	500	ASD_up	330	VIM	ENSG00000026025	ENSG00000026025.14_2	3.14306902486247	0.659397652944246	0.586017061525455	0.16773332978556	3.49374249157668	0.000719334641021131	0.0493878022695989	6.83850231220527	0.889602169359649	org.Hs.eg.db
NTM3_ASD_signed	500	ASD_up	331	SMAD9	ENSG00000120693	ENSG00000120693.13_2	3.14306053889818	0.659395132366818	0.284116583589015	0.0813216951166679	3.4937366121231	0.000719348696709071	0.0493878022695989	4.23311399653126	0.422593301146635	org.Hs.eg.db
NTM3_ASD_signed	500	ASD_up	332	CA12	ENSG00000074410	ENSG00000074410.13_1	3.14255468003576	0.659244877618247	0.627209761638558	0.179542066150259	3.49338611884774	0.000720187070063327	0.0493878022695989	1.54996758682662	0.970472940763036	org.Hs.eg.db
NTM3_ASD_signed	500	ASD_up	333	RPL28	ENSG00000108107	ENSG00000108107.13_2	3.14171081326257	0.658994224720267	0.273956614288871	0.0784346387139396	3.49280137935005	0.000721587808021025	0.0493878022695989	5.84260064820253	0.461841223456636	org.Hs.eg.db
NTM3_ASD_signed	500	ASD_up	334	CDKAL1	ENSG00000145996	ENSG00000145996.11_1	3.1404873625686	0.658630824392486	0.130061450132966	0.0372460429663203	3.4919535009551	0.000723623458520087	0.0493878022695989	3.88889908023138	0.199366312127651	org.Hs.eg.db
NTM3_ASD_signed	500	ASD_up	335	FPR2	ENSG00000171049	ENSG00000171049.8_2	3.14036056680214	0.658593162373641	1.15750460628574	0.331486011186464	3.4918656209436	0.000723834757051618	0.0493878022695989	-2.41715418206894	1.6985873339913	org.Hs.eg.db
NTM3_ASD_signed	500	ASD_up	336	ALDH7A1	ENSG00000164904	ENSG00000164904.16_2	3.13314641260928	0.656450349417425	0.258369703142657	0.0740980323212764	3.48686321415945	0.000735958943674781	0.0498534506062477	5.98863846021841	0.422054457016401	org.Hs.eg.db
NTM3_ASD_signed	500	ASD_down	337	PLXDC1	ENSG00000161381	ENSG00000161381.13_2	-3.13241440808007	-1.20460287257056	-0.257462825951264	0.073848704117267	-3.48635536708173	0.000737200450461525	0.0498534506062477	4.78022381961637	0.43757821299378	org.Hs.eg.db
NTM3_ASD_signed	500	ASD_down	338	LOC103344931	ENSG00000260917	ENSG00000260917.1_1	-3.12967943417907	-1.2037905060265	-0.15134989435799	0.0434357128299489	-3.48445747743396	0.000741857626685038	0.0498534506062477	4.72399061168782	0.226366319313093	org.Hs.eg.db
NTM3_ASD_signed	500	ASD_up	339	LINC01819	ENSG00000231826	ENSG00000231826.5_1	3.12869173959156	0.65512718237623	0.449186914870256	0.128936946991902	3.48377191603946	0.000743546716990453	0.0498534506062477	-2.31501420373828	0.749046728767545	org.Hs.eg.db
NTM3_ASD_signed	500	ASD_down	340	LRTM2	ENSG00000166159	ENSG00000166159.10_2	-3.12807354204816	-1.20331350950377	-0.407279974643165	0.116922163726088	-3.48334277834007	0.00074460587403593	0.0498534506062477	4.81571817739619	0.637059229185776	org.Hs.eg.db
NTM3_ASD_signed	500	ASD_up	341	TIMP1	ENSG00000102265	ENSG00000102265.11_1	3.12719990137572	0.654684063173062	0.845646588106565	0.24281097540579	3.482736258908	0.000746105254626679	0.0498534506062477	2.2358050035525	1.25647846710067	org.Hs.eg.db
NTM3_ASD_signed	500	ASD_up	342	RPLP1	ENSG00000137818	ENSG00000137818.11_1	3.12525268941349	0.654105684764502	0.270029543523243	0.0775638454103102	3.48138416932265	0.000749458018636745	0.0498534506062477	6.13614235722199	0.506252128303188	org.Hs.eg.db
NTM3_ASD_signed	500	ASD_up	343	BTN3A1	ENSG00000026950	ENSG00000026950.16_2	3.12500825136869	0.654033079578171	0.317722427031016	0.0912676983517219	3.48121441396053	0.000749879961868867	0.0498534506062477	3.35056874078619	0.469813145123172	org.Hs.eg.db
NTM3_ASD_signed	500	ASD_up	344	RPS26P23	ENSG00000240775	ENSG00000240775.1_1	3.12220325930303	0.653199915609159	0.644020822757153	0.185102494656909	3.47926603555969	0.000754738910697274	0.0498534506062477	-3.14114487600222	0.951596031528962	org.Hs.eg.db
NTM3_ASD_signed	500	ASD_up	345	HNRNPF	ENSG00000169813	ENSG00000169813.16_2	3.12145406138615	0.652977382106251	0.228842492215328	0.0657830506332776	3.47874551289909	0.000756042028396087	0.0498534506062477	5.11429585632741	0.362840632236243	org.Hs.eg.db
NTM3_ASD_signed	500	ASD_up	346	BTN2A3P	ENSG00000124549	ENSG00000124549.14_1	3.12073442664697	0.652763629724248	0.547209998815912	0.157323570662457	3.47824548166384	0.000757295843838339	0.0498534506062477	-0.159148258920666	0.82458046006002	org.Hs.eg.db
NTM3_ASD_signed	500	ASD_up	347	DOK1	ENSG00000115325	ENSG00000115325.13_1	3.11994439786707	0.652528968271208	0.284722663709568	0.0818710502988673	3.47769648331368	0.000758674700903605	0.0498534506062477	1.767489114332	0.443878437111015	org.Hs.eg.db
NTM3_ASD_signed	500	ASD_up	348	PTPN13	ENSG00000163629	ENSG00000163629.12_2	3.11722495048501	0.651721213553433	0.215072436053734	0.0618769916605737	3.47580627761469	0.00076344024381178	0.0498534506062477	6.60757419564954	0.321335491193035	org.Hs.eg.db
NTM3_ASD_signed	500	ASD_down	349	SREBF2	ENSG00000198911	ENSG00000198911.11_1	-3.11398142556512	-1.19912774233369	-0.166592874434336	0.0479603951296553	-3.473550916	0.000769163336096675	0.0498534506062477	7.84955537445178	0.256054484457232	org.Hs.eg.db
NTM3_ASD_signed	500	ASD_down	350	PCSK1	ENSG00000175426	ENSG00000175426.10_2	-3.11287132961694	-1.19879801165192	-0.62265373476423	0.179295535682684	-3.47277879727133	0.000771131901946602	0.0498534506062477	6.48924263988017	0.982831233388696	org.Hs.eg.db
NTM3_ASD_signed	500	ASD_down	351	SYT12	ENSG00000173227	ENSG00000173227.13_2	-3.11170444546484	-1.19845141322712	-0.385224968134596	0.110952944453561	-3.47196705803362	0.000773206603697025	0.0498534506062477	5.69970733782018	0.573276923859173	org.Hs.eg.db
NTM3_ASD_signed	500	ASD_down	352	ATG4D	ENSG00000130734	ENSG00000130734.9_1	-3.10999197063381	-1.19794275855229	-0.217734760937714	0.0627337485674952	-3.47077555398197	0.000776261468250066	0.0498534506062477	3.61461646032596	0.334522116529606	org.Hs.eg.db
NTM3_ASD_signed	500	ASD_down	353	ANK3	ENSG00000151150	ENSG00000151150.21_2	-3.10991472053875	-1.19791981303434	-0.200516401323047	0.0577736888626093	-3.47072179863556	0.000776399557975533	0.0498534506062477	9.39960382333422	0.297838608706971	org.Hs.eg.db
NTM3_ASD_signed	500	ASD_down	354	PART1	ENSG00000152931	ENSG00000152931.7_1	-3.10967546277738	-1.19784874654238	-0.451358734775217	0.130053750802026	-3.47055530495463	0.000776827403149374	0.0498534506062477	5.41323163616771	0.701987323446776	org.Hs.eg.db
NTM3_ASD_signed	500	ASD_up	355	RPS8	ENSG00000142937	ENSG00000142937.11_1	3.10667924166072	0.648588832279475	0.205313323096596	0.059194207040981	3.46846986149261	0.000782205307308231	0.0499404910342088	7.06684330659596	0.308077253103297	org.Hs.eg.db
NTM3_ASD_signed	500	ASD_up	356	ALDH9A1	ENSG00000143149	ENSG00000143149.12_1	3.10550837483421	0.648241050884901	0.240144695627012	0.0692527709498269	3.46765468490777	0.000784316994148859	0.049946915042772	5.40157123981187	0.360142378873	org.Hs.eg.db
NTM3_ASD_signed	500	ASD_down	357	EDN3	ENSG00000124205	ENSG00000124205.15_1	-3.10155135357774	-1.1954356505667	-0.505640198642569	0.145932169104518	-3.46489880706442	0.000791495857885238	0.0501922878658244	1.53407332040735	0.779794928779767	org.Hs.eg.db
NTM3_ASD_signed	500	ASD_up	358	H3C13	ENSG00000183598	ENSG00000183598.3_1	3.09871235176379	0.646222434994981	0.330323172847378	0.0953886048109154	3.46292068640864	0.000796686848925975	0.0503473653433219	-0.402195258034071	0.490955369672056	org.Hs.eg.db
NTM3_ASD_signed	500	ASD_down	359	C17orf100	ENSG00000256806	ENSG00000256806.4_2	-3.09672548512913	-1.19400222772041	-0.206157307639855	0.0595566002727603	-3.46153586161208	0.000800339985137821	0.0503772596663071	1.8430515767275	0.31029630193692	org.Hs.eg.db
NTM3_ASD_signed	500	ASD_up	360	C17orf114	ENSG00000262165	ENSG00000262165.2_2	3.09625001573135	0.645491049802509	0.580578242577174	0.167738790820601	3.46120441036273	0.000801216684175845	0.0503772596663071	-1.93417559210804	0.937884169733739	org.Hs.eg.db
NTM3_ASD_signed	500	ASD_up	361	H2BC5	ENSG00000158373	ENSG00000158373.8_2	3.09502301064682	0.645126593717679	0.244933902376366	0.0707830062493834	3.46034896445925	0.000803483549307635	0.0503922157338495	3.55210774934039	0.383316048947444	org.Hs.eg.db
NTM3_ASD_signed	500	ASD_up	362	RPS27	ENSG00000177954	ENSG00000177954.11_1	3.09057657820176	0.643805874365486	0.271065852416932	0.0784050974450108	3.45724782252892	0.000811752101832415	0.050543695704751	6.38488576201667	0.431859450189739	org.Hs.eg.db
NTM3_ASD_signed	500	ASD_up	363	DSE	ENSG00000111817	ENSG00000111817.16_2	3.08935585370273	0.643443283796647	0.314413854881473	0.0909658050086813	3.45639611336884	0.000814037002246332	0.050543695704751	4.08441248228799	0.470033527778802	org.Hs.eg.db
NTM3_ASD_signed	500	ASD_down	364	MORN3	ENSG00000139714	ENSG00000139714.12_1	-3.08827028462836	-1.19149078802892	-0.270858203551758	0.0783815195772369	-3.45563858691021	0.000816074326687274	0.050543695704751	2.30765354737592	0.436605824403303	org.Hs.eg.db
NTM3_ASD_signed	500	ASD_down	365	TMEFF1	ENSG00000241697	ENSG00000241697.4_2	-3.08575525393784	-1.19074375099522	-0.2967923977533	0.0859300635725446	-3.45388313954567	0.000820813982613267	0.0506063537909644	4.10309000152618	0.518324507943035	org.Hs.eg.db
NTM3_ASD_signed	500	ASD_up	366	GSTP1	ENSG00000084207	ENSG00000084207.15_1	3.08557155769658	0.642319238164217	0.191715063743488	0.0555091688060853	3.45375489972156	0.000821161240850325	0.0506063537909644	5.48947407597826	0.299270412351914	org.Hs.eg.db
NTM3_ASD_signed	500	ASD_up	367	MIR4453HG	ENSG00000268471	ENSG00000268471.5_2	3.08431073843542	0.641944738288551	0.14444130756464	0.0418321900370644	3.45287462685223	0.000823548653704999	0.0506278573351915	2.36223606016613	0.216852260889456	org.Hs.eg.db
NTM3_ASD_signed	500	ASD_up	368	NFIL3	ENSG00000165030	ENSG00000165030.3_1	3.08158080272522	0.641133868233231	0.425126433280814	0.123190483177969	3.4509681455397	0.000828741710264465	0.0506525449874071	3.65392055308967	0.641483726239576	org.Hs.eg.db
NTM3_ASD_signed	500	ASD_up	369	RREB1	ENSG00000124782	ENSG00000124782.19_2	3.08156975168952	0.641130585755224	0.34853900533105	0.100997682457723	3.45096042651223	0.000828762798652945	0.0506525449874071	3.5894160699045	0.555515693675836	org.Hs.eg.db
NTM3_ASD_signed	500	ASD_up	370	CD40	ENSG00000101017	ENSG00000101017.13_2	3.08088597100425	0.640927483066754	0.374129840572964	0.108428258661801	3.45048279102143	0.000830068682955174	0.0506525449874071	0.400227841243098	0.579492205387519	org.Hs.eg.db
NTM3_ASD_signed	500	ASD_up	371	TNFRSF1A	ENSG00000067182	ENSG00000067182.7_1	3.0736347912027	0.638773672431268	0.460207677821642	0.133571043863373	3.445414997972	0.000844044236749778	0.0510187393988601	3.54493625335219	0.709209122584735	org.Hs.eg.db
NTM3_ASD_signed	500	ASD_down	372	SCN8A	ENSG00000196876	ENSG00000196876.9	-3.07351395199421	-1.18710772940425	-0.391227327824574	0.113552916771498	-3.44533050271039	0.000844279118454593	0.0510187393988601	8.51719090929906	0.606994373111953	org.Hs.eg.db
NTM3_ASD_signed	500	ASD_up	373	RPLP0	ENSG00000089157	ENSG00000089157.15_2	3.0707651178576	0.63792129624695	0.233465940236872	0.0678008348454512	3.44340804606678	0.000849639866725971	0.0510187393988601	6.86820183372781	0.366824772514765	org.Hs.eg.db
NTM3_ASD_signed	500	ASD_down	374	ABCG4	ENSG00000172350	ENSG00000172350.9_1	-3.06918530161027	-1.18582199473908	-0.318143445840599	0.0924216897870013	-3.44230284659159	0.000852736197109041	0.0510187393988601	3.8098429962293	0.474831394408224	org.Hs.eg.db
NTM3_ASD_signed	500	ASD_up	375	UHRF2	ENSG00000147854	ENSG00000147854.16_2	3.06906466566665	0.6374162126448	0.133311575342482	0.0387283891321396	3.44221844310716	0.000852973098402575	0.0510187393988601	5.27579388302963	0.207345921395602	org.Hs.eg.db
NTM3_ASD_signed	500	ASD_up	376	BCL6	ENSG00000113916	ENSG00000113916.17_2	3.0690125287425	0.637400726466713	0.344631161431876	0.100119971852504	3.44218196484897	0.000853075503717601	0.0510187393988601	5.44367547102571	0.54021447066778	org.Hs.eg.db
NTM3_ASD_signed	500	ASD_down	377	FRMPD2B	ENSG00000150175	ENSG00000150175.12	-3.06899542643329	-1.18576559630644	-0.530933606208961	0.154243865460294	-3.44216999894649	0.000853109098084827	0.0510187393988601	3.40767950623474	0.965731223093327	org.Hs.eg.db
NTM3_ASD_signed	500	ASD_up	378	C1orf87	ENSG00000162598	ENSG00000162598.13_1	3.06819912448322	0.63715912181857	0.680379536578515	0.197692062276986	3.44161282320602	0.000854674753748425	0.0510187393988601	-3.47073869406311	1.14886004806164	org.Hs.eg.db
NTM3_ASD_signed	500	ASD_up	379	PLXNB2	ENSG00000196576	ENSG00000196576.14_1	3.06651137355554	0.636657810859861	0.209981758998763	0.0610335496565285	3.44043169994951	0.000858002644557956	0.0510187393988601	6.04770235144303	0.364962895048803	org.Hs.eg.db
NTM3_ASD_signed	500	ASD_up	380	RPL36	ENSG00000130255	ENSG00000130255.12_2	3.06617564579708	0.636558089981798	0.206903625870424	0.060142963553176	3.44019671873149	0.00085866617284279	0.0510187393988601	6.31030921111574	0.332764671143422	org.Hs.eg.db
NTM3_ASD_signed	500	ASD_up	381	EFNB1	ENSG00000090776	ENSG00000090776.5_1	3.06250731580273	0.635468489617095	0.279247374632849	0.0812325631603924	3.43762850473497	0.000865949736090208	0.0511981036600761	3.0333758411679	0.449751772439933	org.Hs.eg.db
NTM3_ASD_signed	500	ASD_up	382	PCSK5	ENSG00000099139	ENSG00000099139.13_2	3.06154568001121	0.635182855906178	0.205127802899794	0.0596830042704323	3.43695504955365	0.000867869288166052	0.0511981036600761	3.9843686649318	0.321433492506905	org.Hs.eg.db
NTM3_ASD_signed	500	ASD_up	383	FCGR2A	ENSG00000143226	ENSG00000143226.13_2	3.06005947920018	0.634741411175682	0.753067621016974	0.219175336831875	3.43591405813436	0.000870844314504543	0.0512518706043479	2.21001643888484	1.14593847575585	org.Hs.eg.db
NTM3_ASD_signed	500	ASD_up	384	FCGR3B	ENSG00000162747	ENSG00000162747.9_1	3.058691206612	0.634334994546482	1.02066190997905	0.297139778022993	3.43495548381298	0.000873592291874095	0.0512920523900356	-0.349688229938879	1.53767499890128	org.Hs.eg.db
NTM3_ASD_signed	500	ASD_up	385	PLEK	ENSG00000115956	ENSG00000115956.9_1	3.05448482868382	0.633085578345735	0.584972592131216	0.170446186867902	3.43200750266462	0.000882094616027094	0.0514708670609184	1.83214438531623	0.92944091765419	org.Hs.eg.db
NTM3_ASD_signed	500	ASD_down	386	NTN4	ENSG00000074527	ENSG00000074527.11_1	-3.05345173835301	-1.18114867028637	-0.30147028978022	0.0878593431310978	-3.43128321970705	0.000884195421326928	0.0514708670609184	4.86238186445018	0.475877108710826	org.Hs.eg.db
NTM3_ASD_signed	500	ASD_down	387	COL26A1	ENSG00000160963	ENSG00000160963.13_1	-3.05204234505528	-1.18073003961422	-0.342082419120431	0.0997239082147739	-3.43029495378073	0.000887069515799665	0.0514708670609184	5.0256768323602	0.659157768060408	org.Hs.eg.db
NTM3_ASD_signed	500	ASD_down	388	TMEM250	ENSG00000238227	ENSG00000238227.7_2	-3.05073772021372	-1.18034252821111	-0.194343829651261	0.0566702525173978	-3.42937998364482	0.000889738287741942	0.0514708670609184	5.02957504646909	0.319503312443661	org.Hs.eg.db
NTM3_ASD_signed	500	ASD_up	389	EPS8	ENSG00000151491	ENSG00000151491.12_2	3.04983582710523	0.631704690087769	0.300457206116846	0.0876288550959176	3.42874736624105	0.000891587914337716	0.0514708670609184	4.59156138926333	0.475698260591936	org.Hs.eg.db
NTM3_ASD_signed	500	ASD_up	390	EML4	ENSG00000143924	ENSG00000143924.18_1	3.04939492907519	0.63157373058983	0.168733082489923	0.0492157299213844	3.42843807781479	0.000892493518662045	0.0514708670609184	4.77434732911994	0.255350234579844	org.Hs.eg.db
NTM3_ASD_signed	500	ASD_up	391	FGL1	ENSG00000104760	ENSG00000104760.16_1	3.04751433768332	0.631015140422207	0.501979932189555	0.146472878410739	3.42711864227795	0.000896366593051518	0.0514708670609184	-0.277180852935446	0.809415249170371	org.Hs.eg.db
NTM3_ASD_signed	500	ASD_up	392	GAB3	ENSG00000160219	ENSG00000160219.11_1	3.04739477821596	0.630979627794	0.333958075878196	0.0974481149195848	3.42703474719631	0.000896613393022148	0.0514708670609184	1.57861936849288	0.531008733028658	org.Hs.eg.db
NTM3_ASD_signed	500	ASD_down	393	ADCY1	ENSG00000164742	ENSG00000164742.14_1	-3.0457678024276	-1.17886631853514	-0.303393139297189	0.0885588495605038	-3.42589296047606	0.000899978630697751	0.0514708670609184	9.32858402524737	0.47833431975926	org.Hs.eg.db
NTM3_ASD_signed	500	ASD_down	394	RHOBTB1	ENSG00000072422	ENSG00000072422.16_1	-3.04535214793416	-1.17874285709946	-0.176734851998606	0.0515923601846026	-3.42560122014638	0.000900840394424564	0.0514708670609184	4.5239672135218	0.283840094371277	org.Hs.eg.db
NTM3_ASD_signed	500	ASD_down	395	SYNPO2	ENSG00000172403	ENSG00000172403.10_2	-3.04503090992872	-1.17864744009815	-0.188597793017685	0.0550590088374544	-3.42537573777372	0.000901506972600237	0.0514708670609184	5.99132572584304	0.291212436533087	org.Hs.eg.db
NTM3_ASD_signed	500	ASD_down	396	EPHB6	ENSG00000106123	ENSG00000106123.11_1	-3.03999642654012	-1.17715205256629	-0.331836477870151	0.0969760168092165	-3.42184066523356	0.00091201834359022	0.0518236024395457	7.39835264386021	0.501106091063098	org.Hs.eg.db
NTM3_ASD_signed	500	ASD_up	397	PLSCR1	ENSG00000188313	ENSG00000188313.12_2	3.03836825457937	0.628298488566723	0.609092705656989	0.178060998961138	3.42069689157436	0.000915443921692964	0.0518236024395457	3.01352447724854	0.935904240303351	org.Hs.eg.db
NTM3_ASD_signed	500	ASD_up	398	SERPINA3	ENSG00000196136	ENSG00000196136.16_2	3.03826444463592	0.628267654003744	1.83642519039428	0.536868481644631	3.4206239576006	0.000915662767532443	0.0518236024395457	-0.0952877199238698	2.73049535762139	org.Hs.eg.db
NTM3_ASD_signed	500	ASD_up	399	ABHD4	ENSG00000100439	ENSG00000100439.10_1	3.03808953190693	0.628215699851965	0.319384221445488	0.0933735190370027	3.42050106646319	0.000916031626306996	0.0518236024395457	3.00286858573925	0.528202566262992	org.Hs.eg.db
NTM3_ASD_signed	500	ASD_up	400	AGTR1	ENSG00000144891	ENSG00000144891.17_2	3.03557697129073	0.627469396501948	0.456608776589219	0.133560722245903	3.41873545538742	0.000921346581294191	0.0519992851257431	-3.0572772753923	0.686046647259544	org.Hs.eg.db
NTM3_ASD_signed	500	ASD_down	401	REEP2	ENSG00000132563	ENSG00000132563.15_2	-3.0340002335414	-1.17537100939724	-0.236153035235242	0.0690985367187606	-3.41762715173569	0.000924697676682892	0.0519992851257431	6.82415206118667	0.384080972487252	org.Hs.eg.db
NTM3_ASD_signed	500	ASD_up	402	ELOA	ENSG00000011007	ENSG00000011007.12_1	3.03366200873004	0.626900597100657	0.114984067202886	0.0336467561749843	3.41738937937722	0.00092541810378396	0.0519992851257431	5.3479736947313	0.175221422696683	org.Hs.eg.db
NTM3_ASD_signed	500	ASD_up	403	PCBD1	ENSG00000166228	ENSG00000166228.8_1	3.03186087131327	0.626365607067259	0.2089383184825	0.061162410976798	3.41612299361059	0.000929264034075325	0.0520969890571313	3.39058183020174	0.361010459387563	org.Hs.eg.db
NTM3_ASD_signed	500	ASD_up	404	CD58	ENSG00000116815	ENSG00000116815.15_2	3.03088605706229	0.626076058971798	0.407710248424062	0.119372774980436	3.41543746881046	0.000931352196060812	0.0520969890571313	0.659098151845828	0.61103507828031	org.Hs.eg.db
NTM3_ASD_signed	500	ASD_up	405	HDAC1	ENSG00000116478	ENSG00000116478.11_1	3.02904174376277	0.625528244449416	0.240656878750997	0.0704882818041492	3.41414023141689	0.00093531576861651	0.0522011290547408	3.67932137873272	0.377193616538086	org.Hs.eg.db
NTM3_ASD_signed	500	ASD_down	406	TBC1D10B	ENSG00000169221	ENSG00000169221.13_1	-3.02669169046449	-1.17320016020583	-0.155418197132274	0.045543970229302	-3.41248679791823	0.000940390665396955	0.0522613923903661	5.61122741917032	0.232839237625061	org.Hs.eg.db
NTM3_ASD_signed	500	ASD_down	407	CBLN2	ENSG00000141668	ENSG00000141668.9_1	-3.02659315167104	-1.17317089132723	-0.364339601120488	0.106768766043074	-3.41241745711944	0.000940604058563926	0.0522613923903661	5.96172408734369	0.604510065456982	org.Hs.eg.db
NTM3_ASD_signed	500	ASD_down	408	LRRC8B	ENSG00000197147	ENSG00000197147.12_2	-3.02426055903806	-1.17247804368607	-0.278385967849128	0.0816195456127774	-3.4107757616032	0.000945669627792556	0.0524255599907498	7.61223122433211	0.482257615725433	org.Hs.eg.db
NTM3_ASD_signed	500	ASD_down	409	PRKCB	ENSG00000166501	ENSG00000166501.12_2	-3.02323653951301	-1.17217388019759	-0.378842103794034	0.111095603057852	-3.41005488396111	0.000947902045596678	0.0524322833061004	9.74502504833819	0.671008561154658	org.Hs.eg.db
NTM3_ASD_signed	500	ASD_up	410	SMO	ENSG00000128602	ENSG00000128602.9_2	3.02016763281827	0.622892376210616	0.339089287239163	0.0995011290456158	3.40789386504056	0.000954624040683742	0.0526040604172125	2.38553268338138	0.538682820004205	org.Hs.eg.db
NTM3_ASD_signed	500	ASD_down	411	CCDC184	ENSG00000177875	ENSG00000177875.4_1	-3.01988584140213	-1.17117862571142	-0.434265732470476	0.127436781330415	-3.40769539168228	0.000955243648259092	0.0526040604172125	4.74862300326677	0.7024811466965	org.Hs.eg.db
NTM3_ASD_signed	500	ASD_up	412	NEK6	ENSG00000119408	ENSG00000119408.16_2	3.01831731360963	0.622342777759097	0.261912737603425	0.0768841273978525	3.40659049491587	0.000958699909535108	0.0526775906044556	5.30559899375223	0.418843727666707	org.Hs.eg.db
NTM3_ASD_signed	500	ASD_up	413	CPNE3	ENSG00000085719	ENSG00000085719.12_2	3.01530216078288	0.621447189950823	0.266485397547572	0.078275243466036	3.40446590451298	0.000965378981971035	0.0527365357811218	5.45028660741628	0.400551813091563	org.Hs.eg.db
NTM3_ASD_signed	500	ASD_down	414	KIF17	ENSG00000117245	ENSG00000117245.12_2	-3.01500268030148	-1.16972818528638	-0.282310321174556	0.082928668728985	-3.40425483130762	0.000966044916907123	0.0527365357811218	4.10395631503165	0.441051776286555	org.Hs.eg.db
NTM3_ASD_signed	500	ASD_down	415	TRABD2A	ENSG00000186854	ENSG00000186854.10_2	-3.01481414553417	-1.16967218499428	-0.340669379261553	0.100075550896766	-3.40412194795685	0.0009664643848039	0.0527365357811218	3.26717575001633	0.556926237252517	org.Hs.eg.db
NTM3_ASD_signed	500	ASD_up	416	ARRDC3	ENSG00000113369	ENSG00000113369.8_1	3.01372110245785	0.620977569788452	0.462406276630781	0.135867917066325	3.4033514799896	0.000968899869791764	0.0527365357811218	5.54111852230613	0.700880111422178	org.Hs.eg.db
NTM3_ASD_signed	500	ASD_up	417	BAG3	ENSG00000151929	ENSG00000151929.9_1	3.01305385315059	0.620779377398548	0.946028604988153	0.278008128970172	3.40288109017724	0.000970389630052048	0.0527365357811218	4.02317727664206	1.44038605977888	org.Hs.eg.db
NTM3_ASD_signed	500	ASD_down	418	PCSK2	ENSG00000125851	ENSG00000125851.9_1	-3.01043711029012	-1.16837207862283	-0.353078125669389	0.103814875995136	-3.40103595255397	0.00097625414249164	0.0528912936230823	6.70416980505938	0.573156737184577	org.Hs.eg.db
NTM3_ASD_signed	500	ASD_up	419	SMIM30	ENSG00000214194	ENSG00000214194.8_2	3.00928975186564	0.619661330183825	0.242566298307948	0.0713382721371072	3.40022670918848	0.000978836708869635	0.0528912936230823	3.13014636400012	0.366801674033984	org.Hs.eg.db
NTM3_ASD_signed	500	ASD_up	420	ZNF438	ENSG00000183621	ENSG00000183621.15_2	3.00881224649207	0.619519497243499	0.138881474932518	0.0408488156212206	3.39988988225083	0.000979913528526087	0.0528912936230823	3.00310649077722	0.253804271162797	org.Hs.eg.db
NTM3_ASD_signed	500	ASD_up	421	MAP3K8	ENSG00000107968	ENSG00000107968.9_1	3.00799653659674	0.6192772077546	0.429309739783484	0.126293035715244	3.3993144384577	0.000981755772275766	0.0528912936230823	1.81915319521339	0.674561133119788	org.Hs.eg.db
NTM3_ASD_signed	500	ASD_down	422	NDRG4	ENSG00000103034	ENSG00000103034.14_2	-3.00562013646297	-1.166941297737	-0.276658202649758	0.0814266359050789	-3.39763763508866	0.000987142530236255	0.0530663893527005	9.5268645237505	0.441461751365588	org.Hs.eg.db
NTM3_ASD_signed	500	ASD_up	423	RPS15A	ENSG00000134419	ENSG00000134419.15_2	2.99744519865202	0.616143154468664	0.206020678644791	0.0607396431009974	3.39186514978729	0.00100589998424888	0.0537629803269413	5.98587994183266	0.31512013524439	org.Hs.eg.db
NTM3_ASD_signed	500	ASD_up	424	KLHL6	ENSG00000172578	ENSG00000172578.11_1	2.99635964808759	0.615820714477516	0.631067810422205	0.186095413946887	3.39109813099595	0.00100841744921732	0.0537629803269413	0.971076100515061	0.994000481602274	org.Hs.eg.db
NTM3_ASD_signed	500	ASD_up	425	ZFP36L1	ENSG00000185650	ENSG00000185650.9_2	2.99528143497299	0.615500453921703	0.40647570270297	0.119892447474184	3.39033618268985	0.00101092413483176	0.0537629803269413	5.25981681310151	0.662588726814962	org.Hs.eg.db
NTM3_ASD_signed	500	ASD_up	426	YBX1	ENSG00000065978	ENSG00000065978.18_2	2.99208107479796	0.614549854161249	0.276978296637443	0.0817509609926665	3.38807389263949	0.00101840125351031	0.053929666379919	5.87509400928118	0.440510682907075	org.Hs.eg.db
NTM3_ASD_signed	500	ASD_up	427	PPP1R42	ENSG00000178125	ENSG00000178125.14_2	2.98485169636208	0.612402519163457	0.378713435356901	0.111947363242518	3.38295985173383	0.0010354957091944	0.0545771164316581	-2.13296823360867	0.571865585541638	org.Hs.eg.db
NTM3_ASD_signed	500	ASD_up	428	PLOD2	ENSG00000152952	ENSG00000152952.11_1	2.98417964263718	0.612202899722216	0.350426477857941	0.10360033010583	3.38248418224124	0.00103709933876176	0.0545771164316581	4.52937249994441	0.536010704711829	org.Hs.eg.db
NTM3_ASD_signed	500	ASD_down	429	NCR3LG1	ENSG00000188211	ENSG00000188211.8_1	-2.98354554627299	-1.16038450443902	-0.256300855355788	0.0757830210999366	-3.38203533767542	0.00103861467285982	0.0545771164316581	5.49518063665296	0.39927275512321	org.Hs.eg.db
NTM3_ASD_signed	500	ASD_up	430	ZNF823	ENSG00000197933	ENSG00000197933.12_2	2.98176491873701	0.611485656713453	0.164694760624789	0.0487150948313663	3.38077471048555	0.00104288178292861	0.0545771164316581	2.27264699499563	0.264297280633228	org.Hs.eg.db
NTM3_ASD_signed	500	ASD_up	431	C19orf38	ENSG00000214212	ENSG00000214212.8_2	2.98139410195823	0.611375513379014	0.507519230309316	0.150130870284018	3.38051214483197	0.00104377261443499	0.0545771164316581	-0.770472088541666	0.795633313456086	org.Hs.eg.db
NTM3_ASD_signed	500	ASD_down	432	MARK2	ENSG00000072518	ENSG00000072518.20_1	-2.98046411235412	-1.1594692292247	-0.177329466590276	0.0524666119951609	-3.37985358396368	0.0010460101232674	0.0545771164316581	5.78231460421887	0.302223019401357	org.Hs.eg.db
NTM3_ASD_signed	500	ASD_down	433	STX1B	ENSG00000099365	ENSG00000099365.9_1	-2.97735135824163	-1.15854465100479	-0.297868451306363	0.088188108756648	-3.37764870463796	0.00105353420836122	0.0548544561820951	7.64998769168889	0.447361661232991	org.Hs.eg.db
NTM3_ASD_signed	500	ASD_up	434	RPL23A	ENSG00000198242	ENSG00000198242.13_1	2.97493034619002	0.609455590511321	0.215022741349682	0.0636928315057499	3.3759331508173	0.00105942362596518	0.0550457012018226	6.55562706863267	0.36858723559631	org.Hs.eg.db
NTM3_ASD_signed	500	ASD_up	435	STEAP3	ENSG00000115107	ENSG00000115107.19_1	2.96745684606191	0.607235744293084	0.428137498516	0.127019883283102	3.37063369489771	0.0010778123458597	0.0558842326133018	1.39555803074902	0.680224888662303	org.Hs.eg.db
NTM3_ASD_signed	500	ASD_up	436	RFX2	ENSG00000087903	ENSG00000087903.12_2	2.96404627344626	0.606222705343046	0.253992410842642	0.0754086452578138	3.36821341869053	0.0010863098727115	0.0561784667780621	2.82298631700869	0.441084683503282	org.Hs.eg.db
NTM3_ASD_signed	500	ASD_up	437	ELF4	ENSG00000102034	ENSG00000102034.16_1	2.96117253368904	0.605369121316431	0.485829809699018	0.144327038591954	3.36617320246257	0.00109352185271323	0.0561784667780621	0.357954243379503	0.793770268720931	org.Hs.eg.db
NTM3_ASD_signed	500	ASD_up	438	LTBP1	ENSG00000049323	ENSG00000049323.15_1	2.96104074845955	0.605329977282406	0.349524845151833	0.103837367038988	3.36607962161248	0.00109385372866695	0.0561784667780621	4.14679689730904	0.543066814428867	org.Hs.eg.db
NTM3_ASD_signed	500	ASD_up	439	NFAM1	ENSG00000235568	ENSG00000235568.6_1	2.96098044549895	0.605312065554736	0.494378189516149	0.146872485036706	3.36603679983078	0.00109400562375383	0.0561784667780621	0.706846550968222	0.784806199031877	org.Hs.eg.db
NTM3_ASD_signed	500	ASD_up	440	TCEAL9	ENSG00000185222	ENSG00000185222.7_2	2.95988010311943	0.604985231965644	0.328158126960331	0.0975135883486781	3.36525537125082	0.00109678094570446	0.0561784667780621	3.44764762404855	0.512212719778039	org.Hs.eg.db
NTM3_ASD_signed	500	ASD_down	441	PTGES3L	ENSG00000267060	ENSG00000267060.5_2	-2.95977003030337	-1.15332248686933	-0.334093661215422	0.0992796640175458	-3.36517719435853	0.00109705896228701	0.0561784667780621	0.853175417301617	0.530248751588237	org.Hs.eg.db
NTM3_ASD_signed	500	ASD_down	442	HCN2	ENSG00000099822	ENSG00000099822.2_1	-2.95641705796594	-1.15232655687194	-0.244575910347674	0.0727299443062648	-3.36279523765023	0.00110556159058109	0.0564973820240162	6.2486666007207	0.396813855823564	org.Hs.eg.db
NTM3_ASD_signed	500	ASD_down	443	CORO2A	ENSG00000106789	ENSG00000106789.12_1	-2.95495921625826	-1.15189353561736	-0.307341438780708	0.0914227989952334	-3.36175923466019	0.00110927898058152	0.0565098164773033	3.44482936621613	0.479846529647161	org.Hs.eg.db
NTM3_ASD_signed	500	ASD_down	444	KCNN1	ENSG00000105642	ENSG00000105642.15_1	-2.9544218524457	-1.15173392298517	-0.234984555351102	0.0699072236820571	-3.36137730801366	0.00111065236968906	0.0565098164773033	5.84577499337266	0.422277633390468	org.Hs.eg.db
NTM3_ASD_signed	500	ASD_up	445	TNFRSF10D	ENSG00000173530	ENSG00000173530.5_1	2.95227688928406	0.602726857015544	0.761391988289104	0.226614706095663	3.35985250651691	0.00111615140612284	0.0565098164773033	0.608890551747245	1.19949002257369	org.Hs.eg.db
NTM3_ASD_signed	500	ASD_up	446	PARD3	ENSG00000148498	ENSG00000148498.15_2	2.9519420323712	0.602627394803871	0.318734669597772	0.0948723958836546	3.35961442344776	0.00111701233149631	0.0565098164773033	4.71013262711937	0.50896621063041	org.Hs.eg.db
NTM3_ASD_signed	500	ASD_up	447	NANOS1	ENSG00000188613	ENSG00000188613.6_1	2.95187626217643	0.602607859149143	0.301167613293854	0.0896447530791421	3.35956765955918	0.00111718150629554	0.0565098164773033	1.68226913561827	0.454600047111533	org.Hs.eg.db
NTM3_ASD_signed	500	ASD_up	448	SQOR	ENSG00000137767	ENSG00000137767.13_2	2.94814463459199	0.601499457564985	0.474822043584052	0.141446008871378	3.35691369005559	0.00112682212421423	0.0568731879902159	1.71788356375896	0.728810214695647	org.Hs.eg.db
NTM3_ASD_signed	500	ASD_down	449	KCNJ4	ENSG00000168135	ENSG00000168135.4_2	-2.94732715886252	-1.14962659329356	-0.351036176260915	0.104589225698013	-3.35633210704211	0.00112894514733357	0.0568731879902159	5.8287754738724	0.579266658525778	org.Hs.eg.db
NTM3_ASD_signed	500	ASD_down	450	RNFT2	ENSG00000135119	ENSG00000135119.14_2	-2.94584030703743	-1.14918495519302	-0.198796331775689	0.0592489090042789	-3.35527413274956	0.00113281683092696	0.0569527101475746	5.40660437635463	0.303954277170264	org.Hs.eg.db
NTM3_ASD_signed	500	ASD_down	451	LRRTM1	ENSG00000162951	ENSG00000162951.10_2	-2.94332014093755	-1.14843639279384	-0.276671187070853	0.0825027000718575	-3.35348039312508	0.0011394095601599	0.057030843540952	4.66872816111909	0.509083725628042	org.Hs.eg.db
NTM3_ASD_signed	500	ASD_up	452	CFAP54	ENSG00000188596	ENSG00000188596.10_2	2.94261546717549	0.599857134534394	0.331057369677357	0.0987353028196008	3.35297872415738	0.00114125983410586	0.057030843540952	2.66547371760083	0.612120023309614	org.Hs.eg.db
NTM3_ASD_signed	500	ASD_down	453	GRID1	ENSG00000182771	ENSG00000182771.18_2	-2.9391565141941	-1.14719967493445	-0.127182279019997	0.0379590181030721	-3.35051551319511	0.00115038572988017	0.0572796015719663	5.79421058011279	0.197485517194537	org.Hs.eg.db
NTM3_ASD_signed	500	ASD_down	454	TTC23L	ENSG00000205838	ENSG00000205838.12_2	-2.93859556039601	-1.14703305539261	-0.214685368005885	0.0640829668314438	-3.35011592972229	0.00115187257856991	0.0572796015719663	1.10531364358602	0.391681009735671	org.Hs.eg.db
NTM3_ASD_signed	500	ASD_up	455	GALM	ENSG00000143891	ENSG00000143891.16_2	2.93811165841275	0.59851937275233	0.355351323193003	0.106082266888241	3.34977120697629	0.00115315673965144	0.0572796015719663	1.42645404071393	0.575519996680522	org.Hs.eg.db
NTM3_ASD_signed	500	ASD_up	456	ACAA2	ENSG00000167315	ENSG00000167315.17_2	2.93339408024326	0.597118115258616	0.308681911584384	0.0922427259086581	3.34640925388579	0.00116575133039049	0.0577896208414733	4.45898065347577	0.497181332895743	org.Hs.eg.db
NTM3_ASD_signed	500	ASD_up	457	CAPN10-DT	ENSG00000260942	ENSG00000260942.1_1	2.92995455860774	0.596096477610356	0.175252764431239	0.0524088022401392	3.34395668170824	0.00117502049404214	0.0579334832777427	1.72981585327341	0.284326434412167	org.Hs.eg.db
NTM3_ASD_signed	500	ASD_down	458	CCDC68	ENSG00000166510	ENSG00000166510.13_1	-2.92954869951242	-1.14434587541333	-0.272923503840902	0.081624003623545	-3.34366720235438	0.00117611909344447	0.0579334832777427	2.68650862256834	0.434978584427062	org.Hs.eg.db
NTM3_ASD_signed	500	ASD_down	459	CTXN3	ENSG00000205279	ENSG00000205279.8_1	-2.92913244778467	-1.14422223658175	-0.540626475433301	0.161701046560071	-3.34337029310729	0.00117724689108283	0.0579334832777427	2.45146363544726	0.901162767441359	org.Hs.eg.db
NTM3_ASD_signed	500	ASD_down	460	LOC105378231	ENSG00000260581	ENSG00000260581.1_1	-2.92886063161261	-1.14414149929784	-0.487171489751797	0.145721144080414	-3.34317639918444	0.00117798393683605	0.0579334832777427	-0.604823522252841	0.760251078393164	org.Hs.eg.db
NTM3_ASD_signed	500	ASD_down	461	PCDHA7	ENSG00000204963	ENSG00000204963.4	-2.92648543254012	-1.14343599630885	-0.263686908604556	0.0789131665254243	-3.34148178580061	0.00118444409592117	0.0580170705757952	2.71890573508629	0.431178472104957	org.Hs.eg.db
NTM3_ASD_signed	500	ASD_up	462	ZNF600	ENSG00000189190	ENSG00000189190.9_2	2.92609410281482	0.594949810313148	0.316624179158198	0.094763539807388	3.34120253213159	0.00118551184393872	0.0580170705757952	0.75481590908313	0.51894085802778	org.Hs.eg.db
NTM3_ASD_signed	500	ASD_up	463	ECHDC3	ENSG00000134463	ENSG00000134463.14_2	2.92302806509935	0.59403910821761	0.31619312965044	0.0946965552324375	3.33901406312328	0.00119391094872442	0.0580170705757952	-0.0780330119949003	0.532978319362909	org.Hs.eg.db
NTM3_ASD_signed	500	ASD_down	464	PLBD2	ENSG00000151176	ENSG00000151176.7_1	-2.91982573493689	-1.14145787303519	-0.243671725287435	0.0730271622611505	-3.33672729081334	0.00120274695220968	0.0580170705757952	5.47671409678573	0.381558809309521	org.Hs.eg.db
NTM3_ASD_signed	500	ASD_up	465	CYP19A1	ENSG00000137869	ENSG00000137869.14_2	2.91972842957164	0.593059020799108	0.907738177314111	0.272050127612888	3.33665778905927	0.00120301646252646	0.0580170705757952	-3.34742863439135	1.42058630889527	org.Hs.eg.db
NTM3_ASD_signed	500	ASD_up	466	ARAF	ENSG00000078061	ENSG00000078061.12_1	2.91968049310003	0.59304478227721	0.169786845622686	0.0508858260781765	3.33662354939153	0.00120314925617151	0.0580170705757952	3.25198777867544	0.308719158462334	org.Hs.eg.db
NTM3_ASD_signed	500	ASD_up	467	FERMT2	ENSG00000073712	ENSG00000073712.14_2	2.91923762862967	0.592913238689484	0.33759673680982	0.101188744106438	3.33630721273415	0.00120437677308902	0.0580170705757952	5.83570587281532	0.519952998935668	org.Hs.eg.db
NTM3_ASD_signed	500	ASD_up	468	PLIN2	ENSG00000147872	ENSG00000147872.9_2	2.91874787668558	0.592767768162645	0.602230418981301	0.180527013318678	3.33595736122995	0.00120573570947656	0.0580170705757952	2.76622924844149	0.931962202958914	org.Hs.eg.db
NTM3_ASD_signed	500	ASD_up	469	CYP4F3	ENSG00000186529	ENSG00000186529.14_1	2.91806919913421	0.5925661812529	0.553671269889837	0.165994853203487	3.33547251137426	0.00120762140113202	0.0580170705757952	0.359721193224503	0.890949519525223	org.Hs.eg.db
NTM3_ASD_signed	500	ASD_up	470	C6orf118	ENSG00000112539	ENSG00000112539.14_1	2.91743801889685	0.592378702422512	0.457060389927816	0.13704870653841	3.33502155162418	0.00120937776910929	0.0580170705757952	-0.492277419973667	0.721990265416271	org.Hs.eg.db
NTM3_ASD_signed	500	ASD_up	471	BCL2A1	ENSG00000140379	ENSG00000140379.7_1	2.91734738354822	0.592351781096164	1.23614758833402	0.370663749318281	3.33495679199145	0.00120963018727004	0.0580170705757952	-2.13458692304349	1.88963826398798	org.Hs.eg.db
NTM3_ASD_signed	500	ASD_up	472	ABHD5	ENSG00000011198	ENSG00000011198.7_1	2.91621607570477	0.592015749866502	0.202576569967783	0.0607581145334889	3.33414839356357	0.00121278529999347	0.0580170705757952	3.23471772879566	0.317563158804852	org.Hs.eg.db
NTM3_ASD_signed	500	ASD_down	473	TRAPPC10	ENSG00000160218	ENSG00000160218.12_1	-2.91598726336959	-1.14031773569038	-0.123668600057593	0.0370933296590589	-3.3339848752939	0.00121342443625434	0.0580170705757952	6.43259103057286	0.200600056615705	org.Hs.eg.db
NTM3_ASD_signed	500	ASD_up	474	CD7	ENSG00000173762	ENSG00000173762.7_1	2.91552251111259	0.591809741074012	0.519964771716892	0.155974486259175	3.33365272864494	0.00121472365515435	0.0580170705757952	-2.75155161693969	0.833867290712977	org.Hs.eg.db
NTM3_ASD_signed	500	ASD_up	475	BST2	ENSG00000130303	ENSG00000130303.12_2	2.91413279586565	0.59139695535347	0.561861479960728	0.168592529885166	3.33265940278274	0.00121861692084713	0.0580913048870619	2.59280139316656	0.897756933498913	org.Hs.eg.db
NTM3_ASD_signed	500	ASD_down	476	PCDHA2	ENSG00000204969	ENSG00000204969.6_2	-2.91284707697828	-1.13938500928832	-0.300890752881742	0.0903103878754935	-3.33174023454052	0.00122222995390041	0.0581519217146948	1.44848313710667	0.499440380296449	org.Hs.eg.db
NTM3_ASD_signed	500	ASD_up	477	CASP4	ENSG00000196954	ENSG00000196954.13_2	2.90939810169544	0.589990613911296	0.642890551200934	0.193102342442423	3.3292737056912	0.00123197500952982	0.0585035015997756	1.50179746717858	1.00441032928844	org.Hs.eg.db
NTM3_ASD_signed	500	ASD_up	478	ZBTB11-AS1	ENSG00000256628	ENSG00000256628.3_1	2.90679741387829	0.589218134227514	0.159666163187953	0.0479850749292126	3.32741302214265	0.00123937458498347	0.0586050545530271	1.35441779946835	0.260998363878755	org.Hs.eg.db
NTM3_ASD_signed	500	ASD_down	479	PACSIN1	ENSG00000124507	ENSG00000124507.10_1	-2.90642066173718	-1.13747617763979	-0.248866505805248	0.0747988513945027	-3.32714341417733	0.00124045021371331	0.0586050545530271	8.54047340147081	0.417347203932251	org.Hs.eg.db
NTM3_ASD_signed	500	ASD_down	480	PPP6R2	ENSG00000100239	ENSG00000100239.15_2	-2.90616083247274	-1.13739900081499	-0.127913055045693	0.0384474572449288	-3.32695746901609	0.00124119257106186	0.0586050545530271	6.61526915519228	0.203582674633615	org.Hs.eg.db
NTM3_ASD_signed	500	ASD_up	481	NTSR2	ENSG00000169006	ENSG00000169006.6_2	2.90348869379877	0.588235348433732	0.415543915897824	0.124973931162056	3.32504476760821	0.00124885295616866	0.0588548615168973	3.29025095068533	0.68598065047009	org.Hs.eg.db
NTM3_ASD_signed	500	ASD_down	482	SLC9A1	ENSG00000090020	ENSG00000090020.10_1	-2.90132601044653	-1.13596291849656	-0.227144146892889	0.0683449396787053	-3.3234961938764	0.00125508745750673	0.0589610106737199	4.53472213231178	0.35900059561261	org.Hs.eg.db
NTM3_ASD_signed	500	ASD_up	483	TPT1	ENSG00000133112	ENSG00000133112.16_1	2.90106105981257	0.587514270755113	0.19592013504755	0.0589533761937724	3.32330644480115	0.00125585338405532	0.0589610106737199	8.37691173782369	0.329520940594139	org.Hs.eg.db
NTM3_ASD_signed	500	ASD_up	484	HADH	ENSG00000138796	ENSG00000138796.15_1	2.89904513247416	0.586915481887555	0.130132552325018	0.0391745756047404	3.32186246605493	0.00126169641056781	0.0590396852604142	3.96234082905023	0.209391263620837	org.Hs.eg.db
NTM3_ASD_signed	500	ASD_down	485	CHRNA2	ENSG00000120903	ENSG00000120903.12_2	-2.89846216989233	-1.13511227482025	-0.413680760315953	0.124548436798817	-3.32144482057347	0.00126339114928031	0.0590396852604142	2.85288206409014	0.788650034037053	org.Hs.eg.db
NTM3_ASD_signed	500	ASD_down	486	KRBOX5	ENSG00000197302	ENSG00000197302.10_2	-2.89802598527444	-1.13498271534238	-0.151755714056177	0.0456939682138018	-3.32113230669993	0.00126466067637866	0.0590396852604142	4.63335333479845	0.242070262145716	org.Hs.eg.db
NTM3_ASD_signed	500	ASD_down	487	PPP2R2C	ENSG00000074211	ENSG00000074211.13_1	-2.89715836079709	-1.13472500571746	-0.180337496353203	0.0543101700267443	-3.3205106200993	0.0012671897145464	0.0590467612579258	8.42327075593886	0.297970902984261	org.Hs.eg.db
NTM3_ASD_signed	500	ASD_up	488	DCST2	ENSG00000163354	ENSG00000163354.14_1	2.89235042837235	0.584926960668867	0.529254931860517	0.159555229969963	3.31706414111373	0.00128129629879555	0.0594808876203484	-2.72934776041737	0.846876539419496	org.Hs.eg.db
NTM3_ASD_signed	500	ASD_down	489	FBXO41	ENSG00000163013	ENSG00000163013.11_1	-2.88974143482191	-1.1325219636629	-0.222430404030123	0.0670942562523473	-3.31519293087538	0.00128901676303443	0.0595710952137416	7.81845858390897	0.379290349378318	org.Hs.eg.db
NTM3_ASD_signed	500	ASD_down	490	RAPGEF4-AS1	ENSG00000228016	ENSG00000228016.1_1	-2.88735146976517	-1.13181207474847	-0.292797032207787	0.0883654622769662	-3.31347819230623	0.00129612990269294	0.0595710952137416	1.61717627251784	0.496791877720247	org.Hs.eg.db
NTM3_ASD_signed	500	ASD_down	491	FBXL20	ENSG00000108306	ENSG00000108306.11_2	-2.88698735994108	-1.13170392357403	-0.139120361791945	0.041989512294254	-3.31321690085415	0.00129721702569121	0.0595710952137416	6.39671201479584	0.21572122781487	org.Hs.eg.db
NTM3_ASD_signed	500	ASD_up	492	TRIM25	ENSG00000121060	ENSG00000121060.15_2	2.88684568711436	0.583291892915542	0.257017293799284	0.0775757182997285	3.313115230287	0.00129764026473675	0.0595710952137416	4.46714401772345	0.420821853224104	org.Hs.eg.db
NTM3_ASD_signed	500	ASD_down	493	WDR13	ENSG00000101940	ENSG00000101940.17_1	-2.88607992171151	-1.13143438811037	-0.139721856023805	0.0421793470323588	-3.31256564774732	0.00129993033433671	0.0595710952137416	6.74575072060322	0.254656667746185	org.Hs.eg.db
NTM3_ASD_signed	500	ASD_up	494	MCL1	ENSG00000143384	ENSG00000143384.12_1	2.88465505521667	0.582641211728645	0.386751647382456	0.116788959788583	3.31154287256751	0.00130420224900792	0.0595710952137416	6.36743252128628	0.610542014564391	org.Hs.eg.db
NTM3_ASD_signed	500	ASD_down	495	UBE3A	ENSG00000114062	ENSG00000114062.18_2	-2.88196799257543	-1.13021302593924	-0.163559670372533	0.0494195680874261	-3.30961351348087	0.00131229661147763	0.0595710952137416	7.40457659554985	0.304547716760625	org.Hs.eg.db
NTM3_ASD_signed	500	ASD_down	496	SPOCK2	ENSG00000107742	ENSG00000107742.12_1	-2.88038200346026	-1.12974194118924	-0.20009996097816	0.0604810366498483	-3.30847439233933	0.00131709771570718	0.0595710952137416	8.66542188120656	0.308974602593613	org.Hs.eg.db
NTM3_ASD_signed	500	ASD_down	497	SYT15	ENSG00000204176	ENSG00000204176.13_2	-2.87964126636584	-1.12952192079591	-0.477605602757005	0.144381480385527	-3.30794227543383	0.00131934608787238	0.0595710952137416	2.98070890842781	0.78010098616319	org.Hs.eg.db
NTM3_ASD_signed	500	ASD_down	498	OPA3	ENSG00000125741	ENSG00000125741.4_2	-2.87906062311374	-1.12934945291537	-0.151131804749237	0.0456933202600491	-3.30752512378436	0.00132111120756257	0.0595710952137416	4.43606168023015	0.249522027099758	org.Hs.eg.db
NTM3_ASD_signed	500	ASD_up	499	UCP2	ENSG00000175567	ENSG00000175567.8_2	2.87874707903044	0.58088637151059	0.517688306748766	0.156528990501473	3.30729984963325	0.00132206534394626	0.0595710952137416	1.2632782317606	0.84932666127148	org.Hs.eg.db
NTM3_ASD_signed	500	ASD_up	500	ZNF578	ENSG00000258405	ENSG00000258405.9_2	2.87744988275231	0.5805010666062	0.179555118264996	0.0543058524163325	3.30636773525711	0.00132602013063025	0.0595710952137416	1.56126584424615	0.296634506439512	org.Hs.eg.db
